"timestamp";"temperature";"humidity";"windstrength";"leafwtness";"rain"
"2023-01-05 00:00:00.000";"7.22";"99.00";"0.00";"1.00";"0.0"
"2023-01-05 01:00:00.000";"7.83";"99.00";"0.35";"1.00";"0.0"
"2023-01-05 02:00:00.000";"7.95";"99.67";"0.28";"1.00";"0.0"
"2023-01-05 03:00:00.000";"7.90";"99.33";"0.10";"1.00";"0.0"
"2023-01-05 04:00:00.000";"7.45";"99.67";"0.00";"1.00";"0.0"
"2023-01-05 05:00:00.000";"7.18";"100.00";"0.03";"1.00";"0.0"
"2023-01-05 06:00:00.000";"7.15";"100.00";"0.00";"1.00";"0.0"
"2023-01-05 07:00:00.000";"7.47";"100.00";"0.02";"1.00";"0.0"
"2023-01-05 08:00:00.000";"7.98";"100.00";"0.02";"1.00";"0.0"
"2023-01-05 09:00:00.000";"9.05";"99.33";"0.12";"1.00";"0.0"
"2023-01-05 10:00:00.000";"12.55";"81.33";"0.72";"0.33";"0.0"
"2023-01-05 11:00:00.000";"14.13";"62.83";"3.20";"0.00";"0.0"
"2023-01-05 12:00:00.000";"14.98";"59.17";"3.67";"0.00";"0.0"
"2023-01-05 13:00:00.000";"14.35";"64.67";"2.98";"0.00";"0.0"
"2023-01-05 14:00:00.000";"14.03";"67.50";"3.22";"0.00";"0.0"
"2023-01-05 15:00:00.000";"14.48";"67.17";"4.62";"0.00";"0.0"
"2023-01-05 16:00:00.000";"14.72";"68.00";"3.72";"0.00";"0.0"
"2023-01-05 17:00:00.000";"13.62";"73.67";"2.68";"0.00";"0.0"
"2023-01-05 18:00:00.000";"11.28";"83.67";"2.20";"0.00";"0.0"
"2023-01-05 19:00:00.000";"11.05";"86.00";"1.83";"0.00";"0.0"
"2023-01-05 20:00:00.000";"10.87";"87.67";"0.58";"0.00";"0.0"
"2023-01-05 21:00:00.000";"10.22";"89.50";"0.92";"0.00";"0.0"
"2023-01-05 22:00:00.000";"9.52";"91.00";"0.13";"0.00";"0.0"
"2023-01-05 23:00:00.000";"11.35";"89.50";"1.08";"0.00";"0.0"
"2023-01-06 00:00:00.000";"11.53";"86.17";"1.43";"0.00";"0.0"
"2023-01-06 01:00:00.000";"10.13";"88.50";"0.58";"0.00";"0.0"
"2023-01-06 02:00:00.000";"9.08";"88.67";"0.65";"0.00";"0.0"
"2023-01-06 03:00:00.000";"8.70";"85.50";"0.00";"0.00";"0.0"
"2023-01-06 04:00:00.000";"7.78";"90.33";"0.12";"0.00";"0.0"
"2023-01-06 05:00:00.000";"9.32";"88.33";"0.82";"0.00";"0.0"
"2023-01-06 06:00:00.000";"10.33";"85.50";"2.27";"0.00";"0.0"
"2023-01-06 07:00:00.000";"9.72";"81.17";"1.32";"0.00";"0.0"
"2023-01-06 08:00:00.000";"9.90";"87.17";"0.65";"0.00";"0.0"
"2023-01-06 09:00:00.000";"10.82";"80.67";"0.78";"0.00";"0.0"
"2023-01-06 10:00:00.000";"13.20";"73.83";"0.75";"0.00";"0.0"
"2023-01-06 11:00:00.000";"14.18";"68.33";"2.37";"0.00";"0.0"
"2023-01-06 12:00:00.000";"15.37";"57.00";"3.78";"0.00";"0.0"
"2023-01-06 13:00:00.000";"15.52";"52.67";"5.33";"0.00";"0.0"
"2023-01-06 14:00:00.000";"15.70";"53.17";"3.82";"0.00";"0.0"
"2023-01-06 15:00:00.000";"15.70";"59.17";"5.15";"0.00";"0.0"
"2023-01-06 16:00:00.000";"15.18";"63.17";"4.87";"0.00";"0.0"
"2023-01-06 17:00:00.000";"14.15";"70.83";"2.62";"0.00";"0.0"
"2023-01-06 18:00:00.000";"11.27";"81.67";"0.78";"0.00";"0.0"
"2023-01-06 19:00:00.000";"8.75";"91.50";"0.00";"0.00";"0.0"
"2023-01-06 20:00:00.000";"8.23";"89.83";"0.13";"0.00";"0.0"
"2023-01-06 21:00:00.000";"7.10";"93.17";"0.00";"0.00";"0.0"
"2023-01-06 22:00:00.000";"7.43";"93.00";"0.08";"0.00";"0.0"
"2023-01-06 23:00:00.000";"7.58";"95.17";"0.05";"0.00";"0.0"
"2023-01-07 00:00:00.000";"7.55";"97.00";"0.03";"0.00";"0.0"
"2023-01-07 01:00:00.000";"7.40";"97.83";"0.05";"0.00";"0.0"
"2023-01-07 02:00:00.000";"8.00";"96.17";"0.00";"0.00";"0.0"
"2023-01-07 03:00:00.000";"8.08";"95.50";"0.25";"0.00";"0.0"
"2023-01-07 04:00:00.000";"7.88";"94.83";"0.53";"0.00";"0.0"
"2023-01-07 05:00:00.000";"8.17";"96.33";"0.15";"0.00";"0.0"
"2023-01-07 06:00:00.000";"7.60";"97.50";"0.02";"0.00";"0.0"
"2023-01-07 07:00:00.000";"7.40";"98.50";"0.00";"1.00";"0.0"
"2023-01-07 08:00:00.000";"7.08";"99.00";"0.00";"1.00";"0.0"
"2023-01-07 09:00:00.000";"9.33";"98.83";"0.20";"1.00";"0.0"
"2023-01-07 10:00:00.000";"14.32";"81.17";"0.52";"0.00";"0.0"
"2023-01-07 11:00:00.000";"14.88";"61.33";"0.90";"0.00";"0.0"
"2023-01-07 12:00:00.000";"15.45";"52.83";"1.45";"0.00";"0.0"
"2023-01-07 13:00:00.000";"16.15";"45.50";"1.78";"0.00";"0.0"
"2023-01-07 14:00:00.000";"16.48";"45.50";"2.70";"0.00";"0.0"
"2023-01-07 15:00:00.000";"16.05";"54.17";"5.25";"0.00";"0.0"
"2023-01-07 16:00:00.000";"14.90";"61.67";"4.25";"0.00";"0.0"
"2023-01-07 17:00:00.000";"12.92";"71.83";"3.28";"0.00";"0.0"
"2023-01-07 18:00:00.000";"11.37";"80.83";"0.88";"0.00";"0.0"
"2023-01-07 19:00:00.000";"10.55";"83.67";"0.02";"0.00";"0.0"
"2023-01-07 20:00:00.000";"10.23";"84.17";"0.05";"0.00";"0.0"
"2023-01-07 21:00:00.000";"9.88";"85.67";"0.00";"0.00";"0.0"
"2023-01-07 22:00:00.000";"9.83";"86.00";"0.02";"0.00";"0.0"
"2023-01-07 23:00:00.000";"8.10";"93.50";"0.12";"0.00";"0.0"
"2023-01-08 00:00:00.000";"7.70";"95.00";"0.00";"0.00";"0.0"
"2023-01-08 01:00:00.000";"7.25";"97.33";"0.05";"0.67";"0.0"
"2023-01-08 02:00:00.000";"7.12";"98.00";"0.00";"1.00";"0.0"
"2023-01-08 03:00:00.000";"6.93";"97.67";"0.02";"1.00";"0.0"
"2023-01-08 04:00:00.000";"7.12";"96.50";"0.03";"1.00";"0.0"
"2023-01-08 05:00:00.000";"7.45";"95.00";"0.00";"0.00";"0.0"
"2023-01-08 06:00:00.000";"7.67";"96.33";"0.10";"0.00";"0.0"
"2023-01-08 07:00:00.000";"7.87";"95.33";"0.60";"0.00";"0.0"
"2023-01-08 08:00:00.000";"8.52";"91.50";"0.25";"0.00";"0.0"
"2023-01-08 09:00:00.000";"10.07";"88.00";"0.17";"0.00";"0.0"
"2023-01-08 10:00:00.000";"13.05";"77.50";"0.65";"0.00";"0.0"
"2023-01-08 11:00:00.000";"14.10";"67.00";"3.10";"0.00";"0.0"
"2023-01-08 12:00:00.000";"14.48";"64.17";"6.67";"0.00";"0.0"
"2023-01-08 13:00:00.000";"15.10";"60.50";"6.30";"0.00";"0.0"
"2023-01-08 14:00:00.000";"15.45";"59.83";"6.60";"0.00";"0.0"
"2023-01-08 15:00:00.000";"15.93";"62.33";"4.78";"0.00";"0.0"
"2023-01-08 16:00:00.000";"15.57";"68.50";"3.72";"0.00";"0.0"
"2023-01-08 17:00:00.000";"14.45";"74.17";"2.48";"0.00";"0.0"
"2023-01-08 18:00:00.000";"11.20";"83.67";"0.98";"0.00";"0.0"
"2023-01-08 19:00:00.000";"9.67";"87.83";"0.37";"0.00";"0.0"
"2023-01-08 20:00:00.000";"9.47";"85.00";"0.23";"0.00";"0.0"
"2023-01-08 21:00:00.000";"8.23";"86.67";"0.18";"0.00";"0.0"
"2023-01-08 22:00:00.000";"6.34";"89.40";"0.06";"0.00";"0.0"
"2023-01-08 23:00:00.000";"6.13";"88.83";"0.27";"0.00";"0.0"
"2023-01-09 00:00:00.000";"7.07";"82.83";"0.20";"0.00";"0.0"
"2023-01-09 01:00:00.000";"7.65";"78.67";"0.18";"0.00";"0.0"
"2023-01-09 02:00:00.000";"6.60";"82.00";"0.00";"0.00";"0.0"
"2023-01-09 03:00:00.000";"6.03";"85.00";"0.02";"0.00";"0.0"
"2023-01-09 04:00:00.000";"6.02";"88.83";"0.00";"0.00";"0.0"
"2023-01-09 05:00:00.000";"5.95";"94.00";"0.00";"0.00";"0.0"
"2023-01-09 06:00:00.000";"6.18";"93.50";"0.03";"0.00";"0.0"
"2023-01-09 07:00:00.000";"6.35";"94.83";"0.02";"0.00";"0.0"
"2023-01-09 08:00:00.000";"6.37";"97.67";"0.00";"0.67";"0.0"
"2023-01-09 09:00:00.000";"8.37";"97.83";"0.00";"1.00";"0.0"
"2023-01-09 10:00:00.000";"13.62";"76.67";"0.50";"0.00";"0.0"
"2023-01-09 11:00:00.000";"13.98";"61.17";"3.53";"0.00";"0.0"
"2023-01-09 12:00:00.000";"14.07";"63.00";"3.58";"0.00";"0.0"
"2023-01-09 13:00:00.000";"15.54";"54.20";"5.40";"0.00";"0.0"
"2023-01-09 14:00:00.000";"14.53";"57.17";"4.37";"0.00";"0.0"
"2023-01-09 15:00:00.000";"13.94";"64.80";"5.82";"0.00";"0.0"
"2023-01-09 16:00:00.000";"14.33";"61.67";"3.00";"0.00";"0.0"
"2023-01-09 17:00:00.000";"14.44";"60.60";"3.12";"0.00";"0.0"
"2023-01-09 18:00:00.000";"10.50";"79.17";"0.60";"0.00";"0.0"
"2023-01-09 19:00:00.000";"7.93";"94.67";"0.00";"0.00";"0.0"
"2023-01-09 20:00:00.000";"7.10";"97.50";"0.00";"0.83";"0.0"
"2023-01-09 21:00:00.000";"8.98";"96.50";"0.00";"1.00";"0.0"
"2023-01-09 22:00:00.000";"10.20";"90.00";"0.00";"0.00";"0.0"
"2023-01-09 23:00:00.000";"10.73";"89.83";"0.10";"0.00";"0.0"
"2023-01-10 00:00:00.000";"11.02";"89.17";"0.12";"0.00";"0.0"
"2023-01-10 01:00:00.000";"10.93";"90.83";"0.13";"0.00";"0.0"
"2023-01-10 02:00:00.000";"11.20";"92.00";"0.27";"0.33";"0.0"
"2023-01-10 03:00:00.000";"11.52";"95.83";"1.65";"1.00";"0.0"
"2023-01-10 04:00:00.000";"12.45";"95.33";"6.62";"0.83";"0.3"
"2023-01-10 05:00:00.000";"12.38";"95.40";"8.60";"1.00";"0.0"
"2023-01-10 06:00:00.000";"12.33";"97.67";"11.22";"1.00";"3.3"
"2023-01-10 07:00:00.000";"11.70";"99.00";"14.98";"1.00";"5.1"
"2023-01-10 08:00:00.000";"11.13";"99.00";"9.77";"1.00";"0.3"
"2023-01-10 09:00:00.000";"11.17";"99.00";"9.70";"1.00";"0.6"
"2023-01-10 10:00:00.000";"9.62";"98.50";"9.38";"1.00";"3.6"
"2023-01-10 11:00:00.000";"8.85";"98.17";"4.15";"0.83";"1.5"
"2023-01-10 12:00:00.000";"9.24";"98.60";"1.56";"1.00";"0.6"
"2023-01-10 13:00:00.000";"10.08";"94.50";"3.02";"1.00";"1.5"
"2023-01-10 14:00:00.000";"11.77";"85.50";"8.05";"0.00";"0.0"
"2023-01-10 15:00:00.000";"9.76";"86.00";"7.46";"0.60";"0.0"
"2023-01-10 16:00:00.000";"10.08";"87.33";"10.02";"0.50";"0.6"
"2023-01-10 17:00:00.000";"9.02";"78.17";"10.55";"0.00";"0.0"
"2023-01-10 18:00:00.000";"8.75";"84.83";"7.53";"0.67";"0.3"
"2023-01-10 19:00:00.000";"6.87";"95.83";"4.03";"1.00";"4.2"
"2023-01-10 20:00:00.000";"6.94";"96.60";"2.58";"1.00";"3.3"
"2023-01-10 21:00:00.000";"6.77";"98.00";"4.75";"1.00";"5.4"
"2023-01-10 22:00:00.000";"7.33";"98.00";"3.95";"0.67";"1.5"
"2023-01-10 23:00:00.000";"7.25";"95.33";"5.07";"1.00";"0.9"
"2023-01-11 00:00:00.000";"5.92";"97.50";"0.18";"1.00";"0.0"
"2023-01-11 01:00:00.000";"6.62";"98.67";"0.78";"1.00";"0.3"
"2023-01-11 02:00:00.000";"7.13";"98.00";"2.22";"1.00";"0.6"
"2023-01-11 03:00:00.000";"6.28";"98.60";"0.00";"1.00";"0.3"
"2023-01-11 04:00:00.000";"6.42";"99.00";"0.08";"1.00";"1.8"
"2023-01-11 05:00:00.000";"5.83";"97.00";"1.82";"1.00";"0.3"
"2023-01-11 06:00:00.000";"5.73";"95.83";"1.15";"0.00";"0.0"
"2023-01-11 07:00:00.000";"6.18";"94.00";"0.74";"1.00";"0.6"
"2023-01-11 08:00:00.000";"6.27";"92.67";"2.13";"0.00";"0.3"
"2023-01-11 09:00:00.000";"5.85";"95.17";"0.97";"0.00";"0.3"
"2023-01-11 10:00:00.000";"9.62";"82.00";"0.82";"0.00";"0.0"
"2023-01-11 11:00:00.000";"9.50";"74.17";"3.42";"0.00";"0.0"
"2023-01-11 12:00:00.000";"11.42";"61.83";"3.18";"0.00";"0.0"
"2023-01-11 13:00:00.000";"12.43";"55.50";"3.82";"0.00";"0.0"
"2023-01-11 14:00:00.000";"12.90";"57.50";"3.87";"0.00";"0.0"
"2023-01-11 15:00:00.000";"12.90";"60.25";"4.75";"0.00";"0.0"
"2023-01-11 16:00:00.000";"11.98";"67.67";"5.05";"0.00";"0.0"
"2023-01-11 17:00:00.000";"11.18";"70.00";"3.57";"0.00";"0.0"
"2023-01-11 18:00:00.000";"8.28";"75.83";"0.68";"0.00";"0.0"
"2023-01-11 19:00:00.000";"7.55";"78.00";"1.48";"0.00";"0.0"
"2023-01-11 20:00:00.000";"8.50";"73.40";"3.04";"0.00";"0.0"
"2023-01-11 21:00:00.000";"8.30";"77.50";"2.93";"0.00";"0.0"
"2023-01-11 22:00:00.000";"8.72";"68.50";"2.40";"0.00";"0.0"
"2023-01-11 23:00:00.000";"7.33";"82.67";"1.63";"0.67";"0.6"
"2023-01-12 00:00:00.000";"5.90";"94.67";"0.13";"1.00";"0.0"
"2023-01-12 01:00:00.000";"6.53";"94.83";"0.28";"1.00";"0.0"
"2023-01-12 02:00:00.000";"6.55";"94.50";"1.27";"1.00";"0.3"
"2023-01-12 03:00:00.000";"6.18";"92.80";"0.36";"0.00";"0.0"
"2023-01-12 04:00:00.000";"5.63";"93.67";"0.53";"0.00";"0.0"
"2023-01-12 05:00:00.000";"5.27";"94.17";"0.70";"0.00";"0.0"
"2023-01-12 06:00:00.000";"5.02";"94.17";"0.23";"0.00";"0.0"
"2023-01-12 07:00:00.000";"4.98";"93.33";"0.10";"0.00";"0.0"
"2023-01-12 08:00:00.000";"4.68";"94.50";"0.28";"0.00";"0.0"
"2023-01-12 09:00:00.000";"6.64";"89.80";"0.14";"0.00";"0.0"
"2023-01-12 10:00:00.000";"10.85";"72.17";"0.33";"0.00";"0.0"
"2023-01-12 11:00:00.000";"12.32";"58.60";"0.72";"0.00";"0.0"
"2023-01-12 12:00:00.000";"12.40";"58.67";"3.53";"0.00";"0.0"
"2023-01-12 13:00:00.000";"12.52";"55.33";"5.43";"0.00";"0.0"
"2023-01-12 14:00:00.000";"12.74";"57.60";"5.46";"0.00";"0.0"
"2023-01-12 15:00:00.000";"10.00";"74.33";"3.73";"0.00";"0.0"
"2023-01-12 16:00:00.000";"9.40";"80.00";"1.38";"0.00";"0.0"
"2023-01-12 17:00:00.000";"9.37";"80.67";"0.73";"0.00";"0.0"
"2023-01-12 18:00:00.000";"8.32";"85.17";"0.08";"0.00";"0.0"
"2023-01-12 19:00:00.000";"6.32";"93.50";"0.00";"0.00";"0.0"
"2023-01-12 20:00:00.000";"6.38";"93.83";"0.00";"0.00";"0.0"
"2023-01-12 21:00:00.000";"6.33";"91.67";"0.02";"0.00";"0.0"
"2023-01-12 22:00:00.000";"6.05";"91.33";"0.02";"0.00";"0.0"
"2023-01-12 23:00:00.000";"6.00";"87.83";"0.15";"0.00";"0.0"
"2023-01-13 00:00:00.000";"5.15";"89.17";"0.08";"0.00";"0.0"
"2023-01-13 01:00:00.000";"5.95";"86.00";"0.15";"0.00";"0.0"
"2023-01-13 02:00:00.000";"5.53";"86.33";"0.75";"0.00";"0.0"
"2023-01-13 03:00:00.000";"4.95";"89.17";"0.05";"0.00";"0.0"
"2023-01-13 04:00:00.000";"6.30";"84.00";"0.48";"0.00";"0.0"
"2023-01-13 05:00:00.000";"7.00";"80.00";"1.60";"0.00";"0.0"
"2023-01-13 06:00:00.000";"7.07";"77.67";"0.65";"0.00";"0.0"
"2023-01-13 07:00:00.000";"6.07";"81.00";"0.15";"0.00";"0.0"
"2023-01-13 08:00:00.000";"5.43";"81.83";"0.10";"0.00";"0.0"
"2023-01-13 09:00:00.000";"8.04";"72.80";"0.56";"0.00";"0.0"
"2023-01-13 10:00:00.000";"11.32";"60.00";"0.90";"0.00";"0.0"
"2023-01-13 11:00:00.000";"12.95";"48.33";"1.23";"0.00";"0.0"
"2023-01-13 12:00:00.000";"13.12";"49.67";"2.67";"0.00";"0.0"
"2023-01-13 13:00:00.000";"13.84";"45.60";"1.80";"0.00";"0.0"
"2023-01-13 14:00:00.000";"14.15";"51.50";"3.37";"0.00";"0.0"
"2023-01-13 15:00:00.000";"13.83";"56.83";"4.02";"0.00";"0.0"
"2023-01-13 16:00:00.000";"13.22";"61.83";"4.48";"0.00";"0.0"
"2023-01-13 17:00:00.000";"12.27";"65.67";"3.28";"0.00";"0.0"
"2023-01-13 18:00:00.000";"9.75";"67.17";"1.25";"0.00";"0.0"
"2023-01-13 19:00:00.000";"6.42";"79.83";"0.52";"0.00";"0.0"
"2023-01-13 20:00:00.000";"5.92";"75.83";"0.20";"0.00";"0.0"
"2023-01-13 21:00:00.000";"6.98";"67.80";"0.56";"0.00";"0.0"
"2023-01-13 22:00:00.000";"5.52";"74.33";"0.02";"0.00";"0.0"
"2023-01-13 23:00:00.000";"5.02";"81.20";"0.04";"0.00";"0.0"
"2023-01-14 00:00:00.000";"6.20";"81.50";"0.20";"0.00";"0.0"
"2023-01-14 01:00:00.000";"5.03";"89.83";"0.00";"0.00";"0.0"
"2023-01-14 02:00:00.000";"5.47";"90.50";"0.00";"0.00";"0.0"
"2023-01-14 03:00:00.000";"6.12";"90.50";"0.23";"0.00";"0.0"
"2023-01-14 04:00:00.000";"6.48";"88.80";"0.06";"0.00";"0.0"
"2023-01-14 05:00:00.000";"4.70";"93.17";"0.02";"0.00";"0.0"
"2023-01-14 06:00:00.000";"5.32";"94.00";"0.02";"0.00";"0.0"
"2023-01-14 07:00:00.000";"5.15";"93.50";"0.00";"0.00";"0.0"
"2023-01-14 08:00:00.000";"5.12";"92.83";"0.03";"0.00";"0.0"
"2023-01-14 09:00:00.000";"6.50";"89.33";"0.00";"0.00";"0.0"
"2023-01-14 10:00:00.000";"12.42";"69.00";"0.37";"0.00";"0.0"
"2023-01-14 11:00:00.000";"11.55";"68.33";"0.35";"0.00";"0.0"
"2023-01-14 12:00:00.000";"12.62";"63.67";"1.52";"0.00";"0.0"
"2023-01-14 13:00:00.000";"13.47";"56.33";"4.68";"0.00";"0.0"
"2023-01-14 14:00:00.000";"14.06";"54.00";"4.34";"0.00";"0.0"
"2023-01-14 15:00:00.000";"13.85";"55.67";"4.58";"0.00";"0.0"
"2023-01-14 16:00:00.000";"13.68";"62.17";"4.43";"0.00";"0.0"
"2023-01-14 17:00:00.000";"12.25";"66.17";"4.55";"0.00";"0.0"
"2023-01-14 18:00:00.000";"9.08";"78.67";"0.88";"0.00";"0.0"
"2023-01-14 19:00:00.000";"6.58";"93.00";"0.15";"0.00";"0.0"
"2023-01-14 20:00:00.000";"7.10";"87.33";"0.95";"0.00";"0.0"
"2023-01-14 21:00:00.000";"6.90";"83.83";"0.18";"0.00";"0.0"
"2023-01-14 22:00:00.000";"7.60";"81.00";"0.60";"0.00";"0.0"
"2023-01-14 23:00:00.000";"9.52";"70.33";"1.70";"0.00";"0.0"
"2023-01-15 00:00:00.000";"8.55";"75.83";"0.20";"0.00";"0.0"
"2023-01-15 01:00:00.000";"7.62";"81.40";"0.00";"0.00";"0.0"
"2023-01-15 02:00:00.000";"8.95";"80.17";"0.65";"0.00";"0.0"
"2023-01-15 03:00:00.000";"8.40";"85.33";"0.03";"0.00";"0.0"
"2023-01-15 04:00:00.000";"7.97";"89.67";"0.05";"0.00";"0.0"
"2023-01-15 05:00:00.000";"7.00";"94.17";"0.00";"0.00";"0.0"
"2023-01-15 06:00:00.000";"7.50";"93.67";"0.33";"0.00";"0.0"
"2023-01-15 07:00:00.000";"7.55";"87.00";"1.12";"0.00";"0.0"
"2023-01-15 08:00:00.000";"8.33";"71.83";"5.07";"0.00";"0.0"
"2023-01-15 09:00:00.000";"8.53";"68.17";"3.17";"0.00";"0.0"
"2023-01-15 10:00:00.000";"9.02";"66.67";"4.42";"0.00";"0.0"
"2023-01-15 11:00:00.000";"10.80";"59.40";"2.14";"0.00";"0.0"
"2023-01-15 12:00:00.000";"12.65";"49.83";"2.28";"0.00";"0.0"
"2023-01-15 13:00:00.000";"13.55";"52.33";"3.82";"0.00";"0.0"
"2023-01-15 14:00:00.000";"13.14";"61.00";"2.86";"0.00";"0.0"
"2023-01-15 15:00:00.000";"13.73";"64.33";"2.77";"0.00";"0.0"
"2023-01-15 16:00:00.000";"13.97";"69.67";"3.63";"0.00";"0.0"
"2023-01-15 17:00:00.000";"11.93";"71.50";"1.65";"0.00";"0.0"
"2023-01-15 18:00:00.000";"10.28";"72.33";"0.43";"0.00";"0.0"
"2023-01-15 19:00:00.000";"8.70";"74.17";"0.95";"0.00";"0.0"
"2023-01-15 20:00:00.000";"9.50";"69.83";"2.83";"0.00";"0.0"
"2023-01-15 21:00:00.000";"9.25";"71.83";"2.83";"0.00";"0.0"
"2023-01-15 22:00:00.000";"7.65";"81.17";"0.47";"0.00";"0.0"
"2023-01-15 23:00:00.000";"6.17";"87.33";"0.02";"0.00";"0.0"
"2023-01-16 00:00:00.000";"5.85";"89.50";"0.02";"0.00";"0.0"
"2023-01-16 01:00:00.000";"5.32";"94.17";"0.07";"0.00";"0.0"
"2023-01-16 02:00:00.000";"5.35";"97.00";"0.02";"0.00";"0.0"
"2023-01-16 03:00:00.000";"5.32";"98.00";"0.24";"0.00";"0.0"
"2023-01-16 04:00:00.000";"5.47";"97.00";"0.72";"0.00";"0.0"
"2023-01-16 05:00:00.000";"5.65";"91.17";"0.83";"0.00";"0.0"
"2023-01-16 06:00:00.000";"5.80";"94.83";"0.02";"0.00";"0.0"
"2023-01-16 07:00:00.000";"4.87";"97.50";"0.00";"0.00";"0.0"
"2023-01-16 08:00:00.000";"4.52";"98.00";"0.00";"0.00";"0.0"
"2023-01-16 09:00:00.000";"5.95";"97.67";"0.02";"0.00";"0.0"
"2023-01-16 10:00:00.000";"10.62";"80.00";"0.05";"0.00";"0.0"
"2023-01-16 11:00:00.000";"12.67";"65.17";"1.17";"0.00";"0.0"
"2023-01-16 12:00:00.000";"12.87";"62.67";"5.20";"0.00";"0.0"
"2023-01-16 13:00:00.000";"12.67";"66.50";"5.15";"0.00";"0.0"
"2023-01-16 14:00:00.000";"12.33";"70.50";"6.02";"0.00";"0.0"
"2023-01-16 15:00:00.000";"13.30";"63.00";"6.82";"0.00";"0.0"
"2023-01-16 16:00:00.000";"12.02";"70.50";"4.35";"0.00";"0.0"
"2023-01-16 17:00:00.000";"12.65";"74.67";"5.18";"0.00";"0.0"
"2023-01-16 18:00:00.000";"10.92";"86.17";"1.12";"0.00";"0.0"
"2023-01-16 19:00:00.000";"10.46";"90.40";"0.02";"0.00";"0.0"
"2023-01-16 20:00:00.000";"10.25";"96.83";"0.10";"1.00";"3.3"
"2023-01-16 21:00:00.000";"10.75";"97.83";"0.65";"1.00";"0.0"
"2023-01-16 22:00:00.000";"11.00";"96.80";"2.34";"0.60";"0.0"
"2023-01-16 23:00:00.000";"11.50";"95.17";"3.98";"0.00";"0.0"
"2023-01-17 00:00:00.000";"11.85";"92.67";"6.38";"0.00";"0.0"
"2023-01-17 01:00:00.000";"11.97";"91.67";"7.18";"0.00";"0.0"
"2023-01-17 02:00:00.000";"12.05";"89.83";"10.08";"0.17";"0.0"
"2023-01-17 03:00:00.000";"11.22";"97.83";"7.68";"1.00";"2.1"
"2023-01-17 04:00:00.000";"11.22";"97.50";"7.42";"1.00";"0.6"
"2023-01-17 05:00:00.000";"11.52";"97.67";"6.33";"0.00";"0.0"
"2023-01-17 06:00:00.000";"11.38";"96.50";"4.77";"0.00";"0.0"
"2023-01-17 07:00:00.000";"11.50";"96.00";"5.90";"0.00";"0.0"
"2023-01-17 08:00:00.000";"11.78";"95.60";"5.00";"0.00";"0.0"
"2023-01-17 09:00:00.000";"11.88";"94.50";"6.17";"0.00";"0.0"
"2023-01-17 10:00:00.000";"12.18";"93.67";"4.43";"0.00";"0.0"
"2023-01-17 11:00:00.000";"12.82";"88.60";"5.96";"0.00";"0.0"
"2023-01-17 12:00:00.000";"13.93";"81.00";"8.22";"0.00";"0.0"
"2023-01-17 13:00:00.000";"13.92";"82.00";"9.43";"0.00";"0.0"
"2023-01-17 14:00:00.000";"13.93";"82.50";"8.37";"0.00";"0.0"
"2023-01-17 15:00:00.000";"14.17";"79.67";"9.25";"0.00";"0.0"
"2023-01-17 16:00:00.000";"14.22";"77.83";"9.85";"0.00";"0.0"
"2023-01-17 17:00:00.000";"13.73";"82.33";"7.40";"0.00";"0.0"
"2023-01-17 18:00:00.000";"13.22";"86.00";"3.57";"0.00";"0.0"
"2023-01-17 19:00:00.000";"12.66";"90.60";"2.18";"0.00";"0.0"
"2023-01-17 20:00:00.000";"12.30";"92.00";"1.08";"0.00";"0.0"
"2023-01-17 21:00:00.000";"12.33";"92.50";"2.00";"0.00";"0.0"
"2023-01-17 22:00:00.000";"12.58";"91.67";"2.33";"0.00";"0.0"
"2023-01-17 23:00:00.000";"12.68";"91.40";"4.60";"0.00";"0.0"
"2023-01-18 00:00:00.000";"12.63";"89.83";"4.57";"0.00";"0.0"
"2023-01-18 01:00:00.000";"12.58";"89.33";"6.13";"0.00";"0.0"
"2023-01-18 02:00:00.000";"12.53";"87.50";"7.22";"0.00";"0.0"
"2023-01-18 03:00:00.000";"12.62";"87.67";"6.27";"0.00";"0.0"
"2023-01-18 04:00:00.000";"12.63";"88.33";"5.83";"0.00";"0.0"
"2023-01-18 05:00:00.000";"12.12";"90.83";"2.82";"0.00";"0.0"
"2023-01-18 06:00:00.000";"10.80";"96.50";"0.05";"0.00";"0.0"
"2023-01-18 07:00:00.000";"10.87";"96.67";"0.10";"0.00";"0.0"
"2023-01-18 08:00:00.000";"10.83";"95.83";"0.12";"0.00";"0.0"
"2023-01-18 09:00:00.000";"11.93";"93.67";"0.15";"0.00";"0.0"
"2023-01-18 10:00:00.000";"13.47";"93.00";"2.25";"0.00";"0.0"
"2023-01-18 11:00:00.000";"14.93";"87.50";"5.37";"0.00";"0.0"
"2023-01-18 12:00:00.000";"15.20";"83.83";"6.90";"0.00";"0.0"
"2023-01-18 13:00:00.000";"15.98";"78.50";"6.88";"0.00";"0.0"
"2023-01-18 14:00:00.000";"16.38";"75.67";"8.03";"0.00";"0.0"
"2023-01-18 15:00:00.000";"16.30";"77.50";"7.42";"0.00";"0.0"
"2023-01-18 16:00:00.000";"15.48";"82.67";"6.05";"0.00";"0.0"
"2023-01-18 17:00:00.000";"15.27";"84.83";"4.27";"0.00";"0.0"
"2023-01-18 18:00:00.000";"13.98";"92.67";"3.55";"0.00";"0.0"
"2023-01-18 19:00:00.000";"13.73";"96.33";"1.57";"0.00";"0.0"
"2023-01-18 20:00:00.000";"13.40";"96.67";"0.87";"0.00";"0.0"
"2023-01-18 21:00:00.000";"13.35";"97.00";"1.10";"0.00";"0.0"
"2023-01-18 22:00:00.000";"13.38";"96.33";"1.17";"0.00";"0.0"
"2023-01-18 23:00:00.000";"13.33";"95.83";"0.57";"0.00";"0.0"
"2023-01-19 00:00:00.000";"13.08";"94.50";"0.93";"0.00";"0.0"
"2023-01-19 01:00:00.000";"12.35";"97.00";"0.82";"0.00";"0.0"
"2023-01-19 02:00:00.000";"12.13";"97.00";"1.02";"0.00";"0.0"
"2023-01-19 03:00:00.000";"12.17";"95.33";"0.73";"0.00";"0.0"
"2023-01-19 04:00:00.000";"12.00";"95.17";"1.38";"0.00";"0.0"
"2023-01-19 05:00:00.000";"11.37";"95.50";"1.58";"0.00";"0.0"
"2023-01-19 06:00:00.000";"10.68";"95.50";"0.87";"0.00";"0.0"
"2023-01-19 07:00:00.000";"10.98";"93.83";"1.50";"0.00";"0.0"
"2023-01-19 08:00:00.000";"10.88";"94.67";"1.55";"0.00";"0.0"
"2023-01-19 09:00:00.000";"12.23";"91.50";"1.37";"0.00";"0.0"
"2023-01-19 10:00:00.000";"15.48";"78.17";"3.55";"0.00";"0.0"
"2023-01-19 11:00:00.000";"15.93";"72.83";"6.35";"0.00";"0.0"
"2023-01-19 12:00:00.000";"15.55";"75.83";"6.12";"0.00";"0.0"
"2023-01-19 13:00:00.000";"16.08";"73.33";"6.50";"0.00";"0.0"
"2023-01-19 14:00:00.000";"16.03";"72.33";"5.87";"0.00";"0.0"
"2023-01-19 15:00:00.000";"15.65";"74.17";"5.22";"0.00";"0.0"
"2023-01-19 16:00:00.000";"14.73";"77.67";"4.42";"0.00";"0.0"
"2023-01-19 17:00:00.000";"14.17";"80.50";"3.52";"0.00";"0.0"
"2023-01-19 18:00:00.000";"13.32";"83.67";"4.12";"0.00";"0.0"
"2023-01-19 19:00:00.000";"12.82";"87.00";"4.32";"0.00";"0.0"
"2023-01-19 20:00:00.000";"13.00";"85.33";"5.53";"0.00";"0.0"
"2023-01-19 21:00:00.000";"13.08";"83.83";"6.52";"0.00";"0.0"
"2023-01-19 22:00:00.000";"13.10";"84.00";"4.78";"0.33";"0.0"
"2023-01-19 23:00:00.000";"12.80";"87.50";"4.58";"0.83";"0.0"
"2023-01-20 00:00:00.000";"12.92";"86.67";"5.78";"0.17";"0.0"
"2023-01-20 01:00:00.000";"12.83";"89.50";"8.23";"1.00";"0.0"
"2023-01-20 02:00:00.000";"9.98";"97.17";"5.55";"1.00";"2.7"
"2023-01-20 03:00:00.000";"9.45";"98.00";"11.55";"1.00";"0.6"
"2023-01-20 04:00:00.000";"8.92";"97.83";"7.75";"1.00";"0.0"
"2023-01-20 05:00:00.000";"8.38";"91.33";"9.27";"0.33";"0.0"
"2023-01-20 06:00:00.000";"7.82";"94.33";"5.23";"1.00";"0.3"
"2023-01-20 07:00:00.000";"7.35";"95.33";"4.13";"1.00";"1.5"
"2023-01-20 08:00:00.000";"6.83";"94.33";"6.60";"1.00";"2.7"
"2023-01-20 09:00:00.000";"6.60";"90.00";"6.77";"1.00";"0.0"
"2023-01-20 10:00:00.000";"7.92";"87.00";"5.28";"0.33";"0.3"
"2023-01-20 11:00:00.000";"8.22";"89.33";"3.65";"0.83";"1.8"
"2023-01-20 12:00:00.000";"10.22";"76.17";"9.57";"0.50";"0.0"
"2023-01-20 13:00:00.000";"10.63";"66.50";"11.63";"0.00";"0.0"
"2023-01-20 14:00:00.000";"11.45";"66.50";"12.75";"0.00";"0.0"
"2023-01-20 15:00:00.000";"11.32";"63.33";"9.18";"0.00";"0.0"
"2023-01-20 16:00:00.000";"10.73";"68.50";"8.67";"0.00";"0.0"
"2023-01-20 17:00:00.000";"10.72";"72.17";"8.47";"0.33";"0.0"
"2023-01-20 18:00:00.000";"9.18";"75.00";"4.65";"0.17";"0.0"
"2023-01-20 19:00:00.000";"8.25";"80.00";"3.23";"0.17";"0.3"
"2023-01-20 20:00:00.000";"7.15";"88.67";"0.95";"1.00";"0.0"
"2023-01-20 21:00:00.000";"5.67";"93.50";"0.00";"1.00";"0.0"
"2023-01-20 22:00:00.000";"6.08";"96.33";"0.02";"1.00";"1.2"
"2023-01-20 23:00:00.000";"6.35";"97.83";"0.00";"1.00";"0.0"
"2023-01-21 00:00:00.000";"6.78";"97.83";"0.08";"1.00";"0.0"
"2023-01-21 01:00:00.000";"7.30";"97.17";"0.08";"0.83";"2.7"
"2023-01-21 02:00:00.000";"7.78";"98.00";"0.80";"0.50";"3.9"
"2023-01-21 03:00:00.000";"7.43";"98.17";"0.02";"0.83";"0.9"
"2023-01-21 04:00:00.000";"7.80";"99.00";"0.38";"1.00";"0.0"
"2023-01-21 05:00:00.000";"7.78";"99.00";"0.55";"1.00";"1.8"
"2023-01-21 06:00:00.000";"8.03";"98.17";"0.18";"1.00";"0.0"
"2023-01-21 07:00:00.000";"8.58";"97.33";"1.08";"0.83";"1.2"
"2023-01-21 08:00:00.000";"8.72";"97.50";"2.05";"1.00";"1.2"
"2023-01-21 09:00:00.000";"8.90";"98.33";"7.67";"1.00";"7.5"
"2023-01-21 10:00:00.000";"8.67";"99.00";"6.05";"1.00";"5.1"
"2023-01-21 11:00:00.000";"8.85";"99.00";"6.68";"1.00";"3.3"
"2023-01-21 12:00:00.000";"8.33";"98.50";"4.33";"1.00";"3.0"
"2023-01-21 13:00:00.000";"8.98";"97.17";"0.77";"1.00";"0.0"
"2023-01-21 14:00:00.000";"10.07";"93.17";"0.05";"0.00";"0.0"
"2023-01-21 15:00:00.000";"10.40";"93.50";"1.02";"0.17";"0.0"
"2023-01-21 16:00:00.000";"9.72";"96.17";"0.28";"1.00";"1.8"
"2023-01-21 17:00:00.000";"9.67";"96.83";"1.93";"1.00";"0.3"
"2023-01-21 18:00:00.000";"8.60";"97.33";"4.58";"1.00";"0.3"
"2023-01-21 19:00:00.000";"8.45";"97.00";"1.43";"1.00";"0.3"
"2023-01-21 20:00:00.000";"8.13";"97.00";"1.13";"1.00";"1.2"
"2023-01-21 21:00:00.000";"7.63";"97.83";"0.03";"1.00";"0.0"
"2023-01-21 22:00:00.000";"7.48";"98.50";"0.00";"1.00";"1.5"
"2023-01-21 23:00:00.000";"7.58";"99.00";"0.00";"1.00";"0.3"
"2023-01-22 00:00:00.000";"6.48";"99.17";"0.00";"1.00";"0.0"
"2023-01-22 01:00:00.000";"6.60";"100.00";"0.00";"1.00";"0.0"
"2023-01-22 02:00:00.000";"7.72";"100.00";"0.38";"1.00";"0.0"
"2023-01-22 03:00:00.000";"7.55";"100.00";"0.07";"1.00";"0.0"
"2023-01-22 04:00:00.000";"7.58";"100.00";"0.02";"1.00";"0.3"
"2023-01-22 05:00:00.000";"7.83";"100.00";"0.02";"0.50";"0.3"
"2023-01-22 06:00:00.000";"7.87";"100.00";"0.00";"0.67";"0.0"
"2023-01-22 07:00:00.000";"7.90";"100.00";"0.00";"1.00";"0.3"
"2023-01-22 08:00:00.000";"7.10";"100.00";"0.00";"0.00";"0.0"
"2023-01-22 09:00:00.000";"8.08";"100.00";"0.82";"0.33";"0.0"
"2023-01-22 10:00:00.000";"10.93";"98.50";"1.62";"0.00";"0.0"
"2023-01-22 11:00:00.000";"11.75";"88.83";"3.27";"0.00";"0.0"
"2023-01-22 12:00:00.000";"12.30";"77.00";"5.05";"0.00";"0.0"
"2023-01-22 13:00:00.000";"12.25";"76.67";"5.17";"0.00";"0.0"
"2023-01-22 14:00:00.000";"10.85";"87.67";"4.12";"0.50";"0.0"
"2023-01-22 15:00:00.000";"11.67";"86.33";"5.78";"0.00";"0.3"
"2023-01-22 16:00:00.000";"10.53";"94.17";"5.92";"0.67";"0.6"
"2023-01-22 17:00:00.000";"10.05";"97.83";"4.05";"1.00";"0.0"
"2023-01-22 18:00:00.000";"9.93";"98.33";"3.82";"1.00";"0.0"
"2023-01-22 19:00:00.000";"9.65";"99.00";"4.03";"1.00";"0.0"
"2023-01-22 20:00:00.000";"9.58";"99.00";"4.15";"1.00";"0.6"
"2023-01-22 21:00:00.000";"9.80";"99.00";"3.52";"1.00";"0.0"
"2023-01-22 22:00:00.000";"9.52";"97.33";"1.80";"1.00";"0.0"
"2023-01-22 23:00:00.000";"9.37";"92.50";"1.13";"1.00";"0.0"
"2023-01-23 00:00:00.000";"9.90";"86.33";"2.32";"0.00";"0.0"
"2023-01-23 01:00:00.000";"9.97";"83.17";"2.52";"0.00";"0.0"
"2023-01-23 02:00:00.000";"9.85";"82.83";"3.05";"0.00";"0.0"
"2023-01-23 03:00:00.000";"9.22";"84.33";"1.95";"0.00";"0.0"
"2023-01-23 04:00:00.000";"8.70";"87.33";"0.73";"0.00";"0.0"
"2023-01-23 05:00:00.000";"9.02";"86.00";"1.32";"0.00";"0.0"
"2023-01-23 06:00:00.000";"9.53";"84.83";"2.65";"0.00";"0.0"
"2023-01-23 07:00:00.000";"9.60";"87.50";"3.40";"0.00";"0.0"
"2023-01-23 08:00:00.000";"9.95";"90.17";"2.72";"0.33";"0.0"
"2023-01-23 09:00:00.000";"10.82";"88.50";"1.25";"0.50";"0.0"
"2023-01-23 10:00:00.000";"12.73";"75.33";"2.63";"0.00";"0.0"
"2023-01-23 11:00:00.000";"13.82";"68.17";"4.28";"0.00";"0.0"
"2023-01-23 12:00:00.000";"13.80";"66.50";"3.72";"0.00";"0.0"
"2023-01-23 13:00:00.000";"14.72";"63.50";"3.38";"0.00";"0.0"
"2023-01-23 14:00:00.000";"15.53";"59.67";"4.70";"0.00";"0.0"
"2023-01-23 15:00:00.000";"15.58";"61.67";"5.40";"0.00";"0.0"
"2023-01-23 16:00:00.000";"14.65";"71.50";"4.47";"0.00";"0.0"
"2023-01-23 17:00:00.000";"12.98";"79.83";"2.20";"0.00";"0.0"
"2023-01-23 18:00:00.000";"11.58";"86.33";"0.77";"0.00";"0.0"
"2023-01-23 19:00:00.000";"10.27";"89.33";"2.25";"0.17";"0.6"
"2023-01-23 20:00:00.000";"8.50";"96.33";"4.18";"1.00";"6.6"
"2023-01-23 21:00:00.000";"8.53";"97.17";"0.92";"0.00";"3.3"
"2023-01-23 22:00:00.000";"7.62";"97.83";"0.07";"0.00";"0.0"
"2023-01-23 23:00:00.000";"7.28";"98.00";"0.30";"0.00";"0.0"
"2023-01-24 00:00:00.000";"6.83";"98.50";"0.02";"0.00";"0.0"
"2023-01-24 01:00:00.000";"7.78";"98.33";"0.37";"0.00";"0.0"
"2023-01-24 02:00:00.000";"8.53";"95.67";"0.05";"0.00";"0.0"
"2023-01-24 03:00:00.000";"8.84";"96.80";"0.00";"1.00";"0.0"
"2023-01-24 04:00:00.000";"8.78";"97.17";"0.72";"1.00";"2.7"
"2023-01-24 05:00:00.000";"7.92";"98.17";"0.20";"0.00";"1.2"
"2023-01-24 06:00:00.000";"6.67";"98.67";"0.27";"0.00";"0.0"
"2023-01-24 07:00:00.000";"6.12";"99.00";"0.03";"0.00";"0.0"
"2023-01-24 08:00:00.000";"6.73";"99.00";"0.00";"0.00";"0.0"
"2023-01-24 09:00:00.000";"8.10";"98.33";"0.12";"0.00";"0.0"
"2023-01-24 10:00:00.000";"12.82";"85.83";"0.07";"0.00";"0.0"
"2023-01-24 11:00:00.000";"13.60";"73.00";"0.73";"0.00";"0.0"
"2023-01-24 12:00:00.000";"13.08";"76.67";"0.38";"0.00";"0.0"
"2023-01-24 13:00:00.000";"15.52";"62.17";"2.12";"0.00";"0.0"
"2023-01-24 14:00:00.000";"13.70";"71.33";"1.00";"0.00";"0.0"
"2023-01-24 15:00:00.000";"12.68";"71.83";"1.25";"0.00";"0.0"
"2023-01-24 16:00:00.000";"12.87";"74.83";"0.85";"0.00";"0.0"
"2023-01-24 17:00:00.000";"12.27";"82.83";"0.80";"0.00";"0.0"
"2023-01-24 18:00:00.000";"11.27";"88.50";"0.15";"0.00";"0.0"
"2023-01-24 19:00:00.000";"9.73";"95.50";"0.45";"0.00";"0.0"
"2023-01-24 20:00:00.000";"9.35";"98.00";"0.43";"0.00";"0.0"
"2023-01-24 21:00:00.000";"9.85";"99.00";"1.45";"0.00";"0.0"
"2023-01-24 22:00:00.000";"10.40";"97.00";"2.97";"0.00";"0.0"
"2023-01-24 23:00:00.000";"10.45";"94.83";"4.05";"0.00";"0.0"
"2023-01-25 00:00:00.000";"10.50";"91.67";"4.52";"0.00";"0.0"
"2023-01-25 01:00:00.000";"10.72";"86.00";"3.70";"0.00";"0.0"
"2023-01-25 02:00:00.000";"10.67";"86.33";"2.83";"0.00";"0.0"
"2023-01-25 03:00:00.000";"11.07";"83.83";"4.07";"0.00";"0.0"
"2023-01-25 04:00:00.000";"10.83";"82.33";"3.63";"0.00";"0.0"
"2023-01-25 05:00:00.000";"10.75";"81.67";"4.08";"0.00";"0.0"
"2023-01-25 06:00:00.000";"10.48";"84.00";"4.38";"0.00";"0.0"
"2023-01-25 07:00:00.000";"10.52";"85.67";"6.12";"0.00";"0.0"
"2023-01-25 08:00:00.000";"10.63";"82.33";"5.02";"0.00";"0.0"
"2023-01-25 09:00:00.000";"10.58";"82.50";"2.95";"0.00";"0.0"
"2023-01-25 10:00:00.000";"11.42";"79.83";"3.40";"0.00";"0.0"
"2023-01-25 11:00:00.000";"11.98";"78.17";"4.48";"0.00";"0.0"
"2023-01-25 12:00:00.000";"12.67";"74.83";"4.77";"0.00";"0.0"
"2023-01-25 13:00:00.000";"13.03";"70.67";"5.35";"0.00";"0.0"
"2023-01-25 14:00:00.000";"12.45";"75.00";"5.98";"0.00";"0.0"
"2023-01-25 15:00:00.000";"12.30";"74.33";"6.72";"0.00";"0.0"
"2023-01-25 16:00:00.000";"12.22";"74.33";"8.25";"0.00";"0.0"
"2023-01-25 17:00:00.000";"11.80";"76.67";"8.37";"0.00";"0.0"
"2023-01-25 18:00:00.000";"10.85";"81.00";"7.83";"0.00";"0.0"
"2023-01-25 19:00:00.000";"10.40";"83.67";"7.72";"0.00";"0.0"
"2023-01-25 20:00:00.000";"10.03";"84.17";"6.65";"0.00";"0.0"
"2023-01-25 21:00:00.000";"10.03";"82.00";"5.72";"0.00";"0.0"
"2023-01-25 22:00:00.000";"10.03";"82.00";"5.60";"0.00";"0.0"
"2023-01-25 23:00:00.000";"10.15";"81.83";"7.17";"0.00";"0.0"
"2023-01-26 00:00:00.000";"10.45";"80.67";"5.87";"0.00";"0.0"
"2023-01-26 01:00:00.000";"10.73";"81.33";"8.17";"0.00";"0.0"
"2023-01-26 02:00:00.000";"10.77";"82.67";"8.73";"0.00";"0.0"
"2023-01-26 03:00:00.000";"9.57";"92.67";"7.15";"0.33";"0.3"
"2023-01-26 04:00:00.000";"9.88";"94.17";"7.90";"1.00";"0.0"
"2023-01-26 05:00:00.000";"10.20";"94.50";"7.57";"0.67";"1.8"
"2023-01-26 06:00:00.000";"9.22";"97.17";"2.48";"1.00";"9.0"
"2023-01-26 07:00:00.000";"9.33";"98.00";"1.00";"0.00";"11.7"
"2023-01-26 08:00:00.000";"8.83";"98.83";"0.30";"1.00";"3.0"
"2023-01-26 09:00:00.000";"8.50";"99.00";"3.25";"0.83";"4.5"
"2023-01-26 10:00:00.000";"8.22";"99.00";"2.85";"0.83";"0.3"
"2023-01-26 11:00:00.000";"8.30";"99.00";"4.38";"0.33";"0.6"
"2023-01-26 12:00:00.000";"8.12";"99.00";"4.23";"0.83";"0.3"
"2023-01-26 13:00:00.000";"7.82";"99.00";"3.97";"1.00";"1.8"
"2023-01-26 14:00:00.000";"8.48";"99.00";"4.13";"0.00";"0.3"
"2023-01-26 15:00:00.000";"9.30";"96.83";"3.42";"0.00";"0.0"
"2023-01-26 16:00:00.000";"9.48";"94.17";"1.85";"0.00";"0.0"
"2023-01-26 17:00:00.000";"10.65";"89.00";"1.37";"0.00";"0.0"
"2023-01-26 18:00:00.000";"9.27";"94.50";"0.20";"0.00";"0.0"
"2023-01-26 19:00:00.000";"8.47";"97.67";"0.00";"0.00";"0.0"
"2023-01-26 20:00:00.000";"7.73";"99.00";"0.00";"0.00";"0.0"
"2023-01-26 21:00:00.000";"8.00";"99.00";"0.15";"0.00";"0.0"
"2023-01-26 22:00:00.000";"7.90";"99.00";"0.00";"0.00";"0.0"
"2023-01-26 23:00:00.000";"7.93";"99.00";"0.00";"0.00";"0.0"
"2023-01-27 00:00:00.000";"7.78";"99.17";"0.83";"0.33";"1.8"
"2023-01-27 01:00:00.000";"6.98";"99.00";"0.68";"0.00";"0.3"
"2023-01-27 02:00:00.000";"6.85";"99.00";"0.00";"0.50";"0.0"
"2023-01-27 03:00:00.000";"6.87";"99.00";"0.00";"1.00";"0.0"
"2023-01-27 04:00:00.000";"6.67";"98.00";"0.03";"1.00";"0.0"
"2023-01-27 05:00:00.000";"6.57";"98.00";"0.00";"0.83";"0.3"
"2023-01-27 06:00:00.000";"6.83";"97.83";"0.48";"1.00";"0.0"
"2023-01-27 07:00:00.000";"7.42";"94.50";"1.88";"0.00";"0.0"
"2023-01-27 08:00:00.000";"6.90";"95.50";"0.15";"0.00";"0.0"
"2023-01-27 09:00:00.000";"6.97";"95.83";"1.37";"0.67";"0.9"
"2023-01-27 10:00:00.000";"8.33";"90.33";"0.72";"0.17";"0.3"
"2023-01-27 11:00:00.000";"7.10";"95.33";"1.67";"1.00";"3.0"
"2023-01-27 12:00:00.000";"9.13";"81.67";"2.10";"0.00";"0.0"
"2023-01-27 13:00:00.000";"8.69";"85.57";"2.49";"0.57";"0.3"
"2023-01-27 14:00:00.000";"9.65";"78.50";"3.17";"0.00";"0.0"
"2023-01-27 15:00:00.000";"11.88";"61.83";"5.33";"0.00";"0.0"
"2023-01-27 16:00:00.000";"10.90";"67.67";"3.55";"0.00";"0.0"
"2023-01-27 17:00:00.000";"10.57";"72.17";"1.00";"0.00";"0.0"
"2023-01-27 18:00:00.000";"8.12";"88.33";"0.00";"0.00";"0.0"
"2023-01-27 19:00:00.000";"7.32";"90.50";"0.15";"0.17";"0.0"
"2023-01-27 20:00:00.000";"6.33";"92.83";"0.18";"1.00";"0.3"
"2023-01-27 21:00:00.000";"6.05";"94.33";"0.17";"1.00";"0.0"
"2023-01-27 22:00:00.000";"6.15";"91.50";"0.35";"1.00";"0.0"
"2023-01-27 23:00:00.000";"6.00";"91.50";"0.25";"0.00";"0.0"
"2023-01-28 00:00:00.000";"6.20";"95.17";"0.00";"0.67";"0.3"
"2023-01-28 01:00:00.000";"6.30";"97.33";"0.00";"1.00";"1.5"
"2023-01-28 02:00:00.000";"6.08";"98.00";"0.38";"0.00";"0.0"
"2023-01-28 03:00:00.000";"5.42";"97.67";"0.02";"0.00";"0.0"
"2023-01-28 04:00:00.000";"3.90";"98.67";"0.02";"0.00";"0.0"
"2023-01-28 05:00:00.000";"3.57";"99.00";"0.00";"0.00";"0.0"
"2023-01-28 06:00:00.000";"3.70";"99.00";"0.07";"0.00";"0.0"
"2023-01-28 07:00:00.000";"3.33";"99.00";"0.00";"0.00";"0.0"
"2023-01-28 08:00:00.000";"2.73";"99.00";"0.00";"0.00";"0.0"
"2023-01-28 09:00:00.000";"5.75";"99.83";"0.02";"0.00";"0.0"
"2023-01-28 10:00:00.000";"8.60";"95.00";"0.15";"0.00";"0.0"
"2023-01-28 11:00:00.000";"9.60";"80.67";"0.42";"0.00";"0.0"
"2023-01-28 12:00:00.000";"10.90";"66.83";"2.80";"0.00";"0.0"
"2023-01-28 13:00:00.000";"10.75";"69.50";"2.90";"0.00";"0.0"
"2023-01-28 14:00:00.000";"10.93";"64.83";"4.17";"0.00";"0.0"
"2023-01-28 15:00:00.000";"10.67";"68.50";"4.37";"0.00";"0.0"
"2023-01-28 16:00:00.000";"10.65";"70.33";"2.78";"0.00";"0.0"
"2023-01-28 17:00:00.000";"9.23";"76.83";"0.50";"0.00";"0.0"
"2023-01-28 18:00:00.000";"8.10";"80.50";"0.23";"0.00";"0.0"
"2023-01-28 19:00:00.000";"7.18";"84.83";"0.40";"0.00";"0.0"
"2023-01-28 20:00:00.000";"5.62";"88.00";"0.05";"0.00";"0.0"
"2023-01-28 21:00:00.000";"4.53";"90.50";"0.00";"0.00";"0.0"
"2023-01-28 22:00:00.000";"5.23";"89.83";"0.07";"0.00";"0.0"
"2023-01-28 23:00:00.000";"5.07";"91.83";"0.02";"0.00";"0.0"
"2023-01-29 00:00:00.000";"5.30";"89.67";"0.12";"0.00";"0.0"
"2023-01-29 01:00:00.000";"5.53";"88.50";"0.23";"0.00";"0.0"
"2023-01-29 02:00:00.000";"6.20";"91.17";"0.08";"0.00";"0.0"
"2023-01-29 03:00:00.000";"6.15";"93.33";"1.02";"0.83";"0.9"
"2023-01-29 04:00:00.000";"5.43";"96.50";"0.35";"1.00";"0.0"
"2023-01-29 05:00:00.000";"4.32";"97.67";"0.03";"1.00";"0.0"
"2023-01-29 06:00:00.000";"4.90";"97.50";"0.65";"1.00";"0.0"
"2023-01-29 07:00:00.000";"5.87";"94.83";"0.67";"1.00";"0.3"
"2023-01-29 08:00:00.000";"4.37";"97.33";"0.03";"1.00";"0.0"
"2023-01-29 09:00:00.000";"4.55";"98.00";"0.07";"1.00";"0.0"
"2023-01-29 10:00:00.000";"9.20";"87.67";"1.17";"1.00";"0.0"
"2023-01-29 11:00:00.000";"10.08";"73.67";"1.87";"0.00";"0.0"
"2023-01-29 12:00:00.000";"11.33";"64.50";"2.42";"0.00";"0.0"
"2023-01-29 13:00:00.000";"10.93";"67.50";"3.00";"0.00";"0.0"
"2023-01-29 14:00:00.000";"10.20";"74.33";"2.68";"0.00";"0.0"
"2023-01-29 15:00:00.000";"10.48";"73.00";"0.47";"0.00";"0.0"
"2023-01-29 16:00:00.000";"9.83";"77.67";"1.10";"0.00";"0.0"
"2023-01-29 17:00:00.000";"10.48";"75.50";"0.42";"0.00";"0.0"
"2023-01-29 18:00:00.000";"10.90";"66.50";"0.08";"0.00";"0.0"
"2023-01-29 19:00:00.000";"5.70";"92.00";"0.00";"0.00";"0.0"
"2023-01-29 20:00:00.000";"6.32";"91.17";"0.75";"0.00";"0.0"
"2023-01-29 21:00:00.000";"6.07";"89.17";"0.17";"0.00";"0.0"
"2023-01-29 22:00:00.000";"5.70";"90.17";"0.57";"0.00";"0.0"
"2023-01-29 23:00:00.000";"5.90";"91.17";"2.27";"0.00";"0.0"
"2023-01-30 00:00:00.000";"6.23";"90.83";"1.73";"0.00";"0.0"
"2023-01-30 01:00:00.000";"5.53";"93.83";"0.10";"0.00";"0.0"
"2023-01-30 02:00:00.000";"4.78";"94.00";"0.00";"0.00";"0.0"
"2023-01-30 03:00:00.000";"4.02";"95.17";"0.03";"0.00";"0.0"
"2023-01-30 04:00:00.000";"3.57";"96.00";"0.00";"0.00";"0.0"
"2023-01-30 05:00:00.000";"3.90";"97.00";"0.03";"0.00";"0.0"
"2023-01-30 06:00:00.000";"3.80";"97.50";"0.00";"0.00";"0.0"
"2023-01-30 07:00:00.000";"3.97";"97.83";"0.00";"0.00";"0.0"
"2023-01-30 08:00:00.000";"4.52";"96.00";"0.13";"0.00";"0.0"
"2023-01-30 09:00:00.000";"5.15";"94.67";"0.72";"0.00";"0.0"
"2023-01-30 10:00:00.000";"8.60";"87.67";"0.97";"0.00";"0.0"
"2023-01-30 11:00:00.000";"10.78";"68.67";"2.18";"0.00";"0.0"
"2023-01-30 12:00:00.000";"11.83";"58.17";"5.15";"0.00";"0.0"
"2023-01-30 13:00:00.000";"12.37";"52.17";"5.82";"0.00";"0.0"
"2023-01-30 14:00:00.000";"12.38";"52.50";"5.42";"0.00";"0.0"
"2023-01-30 15:00:00.000";"11.80";"52.67";"6.17";"0.00";"0.0"
"2023-01-30 16:00:00.000";"10.42";"61.83";"3.00";"0.00";"0.0"
"2023-01-30 17:00:00.000";"9.23";"68.00";"2.87";"0.00";"0.0"
"2023-01-30 18:00:00.000";"8.10";"75.33";"1.83";"0.00";"0.0"
"2023-01-30 19:00:00.000";"7.35";"82.00";"1.22";"0.00";"0.0"
"2023-01-30 20:00:00.000";"7.28";"81.00";"0.57";"0.00";"0.0"
"2023-01-30 21:00:00.000";"7.48";"79.83";"0.18";"0.00";"0.0"
"2023-01-30 22:00:00.000";"6.78";"80.17";"0.27";"0.00";"0.0"
"2023-01-30 23:00:00.000";"6.17";"89.50";"2.13";"0.83";"0.0"
"2023-01-31 00:00:00.000";"6.73";"90.50";"2.45";"0.00";"0.0"
"2023-01-31 01:00:00.000";"7.23";"84.50";"3.53";"0.00";"0.0"
"2023-01-31 02:00:00.000";"6.98";"82.67";"3.92";"0.33";"0.6"
"2023-01-31 03:00:00.000";"6.25";"91.17";"3.40";"0.83";"0.6"
"2023-01-31 04:00:00.000";"6.28";"91.50";"4.58";"0.33";"0.6"
"2023-01-31 05:00:00.000";"6.33";"86.67";"3.93";"0.00";"0.0"
"2023-01-31 06:00:00.000";"6.80";"85.83";"6.55";"0.50";"0.3"
"2023-01-31 07:00:00.000";"6.02";"91.17";"1.80";"0.00";"0.3"
"2023-01-31 08:00:00.000";"5.95";"93.33";"1.20";"0.83";"0.9"
"2023-01-31 09:00:00.000";"6.48";"89.83";"1.68";"1.00";"0.0"
"2023-01-31 10:00:00.000";"7.58";"79.00";"2.02";"0.00";"0.0"
"2023-01-31 11:00:00.000";"8.35";"74.00";"2.85";"0.00";"0.0"
"2023-01-31 12:00:00.000";"9.00";"73.00";"3.02";"0.00";"0.0"
"2023-01-31 13:00:00.000";"9.73";"67.83";"3.80";"0.00";"0.0"
"2023-01-31 14:00:00.000";"8.28";"78.00";"3.30";"0.00";"0.0"
"2023-01-31 15:00:00.000";"8.35";"79.50";"4.30";"0.00";"0.0"
"2023-01-31 16:00:00.000";"8.35";"83.83";"4.60";"0.33";"0.3"
"2023-01-31 17:00:00.000";"7.45";"82.17";"2.92";"0.00";"0.3"
"2023-01-31 18:00:00.000";"6.30";"87.00";"0.28";"0.00";"0.0"
"2023-01-31 19:00:00.000";"4.75";"90.00";"0.50";"0.00";"0.0"
"2023-01-31 20:00:00.000";"3.38";"93.50";"0.00";"0.00";"0.0"
"2023-01-31 21:00:00.000";"4.53";"89.17";"2.03";"0.00";"0.0"
"2023-01-31 22:00:00.000";"4.50";"81.83";"2.15";"0.00";"0.0"
"2023-01-31 23:00:00.000";"4.60";"76.17";"5.98";"0.00";"0.0"
"2023-02-01 00:00:00.000";"4.00";"76.83";"3.23";"0.00";"0.0"
"2023-02-01 01:00:00.000";"4.17";"72.83";"3.13";"0.00";"0.0"
"2023-02-01 02:00:00.000";"4.22";"68.33";"3.05";"0.00";"0.0"
"2023-02-01 03:00:00.000";"3.90";"64.50";"3.98";"0.00";"0.0"
"2023-02-01 04:00:00.000";"3.73";"58.50";"4.23";"0.00";"0.0"
"2023-02-01 05:00:00.000";"3.05";"58.50";"2.45";"0.00";"0.0"
"2023-02-01 06:00:00.000";"3.55";"52.67";"2.32";"0.00";"0.0"
"2023-02-01 07:00:00.000";"3.32";"51.50";"1.97";"0.00";"0.0"
"2023-02-01 08:00:00.000";"1.22";"62.00";"0.33";"0.00";"0.0"
"2023-02-01 09:00:00.000";"2.77";"58.67";"0.92";"0.00";"0.0"
"2023-02-01 10:00:00.000";"7.82";"42.50";"0.97";"0.00";"0.0"
"2023-02-01 11:00:00.000";"8.78";"28.67";"3.20";"0.00";"0.0"
"2023-02-01 12:00:00.000";"9.68";"27.33";"3.17";"0.00";"0.0"
"2023-02-01 13:00:00.000";"10.28";"31.50";"2.77";"0.00";"0.0"
"2023-02-01 14:00:00.000";"10.52";"37.50";"3.28";"0.00";"0.0"
"2023-02-01 15:00:00.000";"10.92";"35.50";"3.17";"0.00";"0.0"
"2023-02-01 16:00:00.000";"10.08";"41.17";"4.62";"0.00";"0.0"
"2023-02-01 17:00:00.000";"8.80";"42.00";"5.18";"0.00";"0.0"
"2023-02-01 18:00:00.000";"7.07";"48.33";"2.15";"0.00";"0.0"
"2023-02-01 19:00:00.000";"4.10";"64.00";"0.57";"0.00";"0.0"
"2023-02-01 20:00:00.000";"3.62";"62.67";"0.47";"0.00";"0.0"
"2023-02-01 21:00:00.000";"2.07";"70.17";"0.07";"0.00";"0.0"
"2023-02-01 22:00:00.000";"1.82";"68.33";"0.07";"0.00";"0.0"
"2023-02-01 23:00:00.000";"1.95";"72.00";"0.17";"0.00";"0.0"
"2023-02-02 00:00:00.000";"3.33";"77.17";"0.05";"0.00";"0.0"
"2023-02-02 01:00:00.000";"3.67";"77.67";"0.12";"0.00";"0.0"
"2023-02-02 02:00:00.000";"4.23";"76.17";"0.43";"0.00";"0.0"
"2023-02-02 03:00:00.000";"3.20";"77.17";"0.22";"0.00";"0.0"
"2023-02-02 04:00:00.000";"2.15";"78.33";"0.00";"0.00";"0.0"
"2023-02-02 05:00:00.000";"2.63";"80.17";"0.12";"0.00";"0.0"
"2023-02-02 06:00:00.000";"4.27";"76.33";"0.60";"0.00";"0.0"
"2023-02-02 07:00:00.000";"3.90";"76.50";"0.90";"0.00";"0.0"
"2023-02-02 08:00:00.000";"4.10";"73.33";"0.78";"0.00";"0.0"
"2023-02-02 09:00:00.000";"6.73";"72.00";"0.85";"0.00";"0.0"
"2023-02-02 10:00:00.000";"9.63";"60.67";"4.02";"0.00";"0.0"
"2023-02-02 11:00:00.000";"11.33";"51.00";"3.45";"0.00";"0.0"
"2023-02-02 12:00:00.000";"11.17";"57.67";"4.48";"0.00";"0.0"
"2023-02-02 13:00:00.000";"10.83";"62.17";"3.72";"0.00";"0.0"
"2023-02-02 14:00:00.000";"12.12";"55.33";"4.92";"0.00";"0.0"
"2023-02-02 15:00:00.000";"10.33";"64.67";"4.47";"0.00";"0.0"
"2023-02-02 16:00:00.000";"9.27";"76.33";"1.75";"0.33";"0.0"
"2023-02-02 17:00:00.000";"7.92";"92.17";"2.33";"1.00";"0.6"
"2023-02-02 18:00:00.000";"7.88";"94.67";"2.28";"1.00";"0.0"
"2023-02-02 19:00:00.000";"7.73";"93.83";"1.85";"1.00";"0.9"
"2023-02-02 20:00:00.000";"6.17";"95.50";"0.23";"1.00";"0.0"
"2023-02-02 21:00:00.000";"6.00";"97.17";"0.03";"1.00";"0.6"
"2023-02-02 22:00:00.000";"5.73";"98.00";"0.05";"1.00";"0.0"
"2023-02-02 23:00:00.000";"6.28";"97.67";"0.08";"1.00";"0.0"
"2023-02-03 00:00:00.000";"4.95";"96.33";"0.33";"1.00";"0.0"
"2023-02-03 01:00:00.000";"5.88";"86.83";"0.65";"0.67";"0.0"
"2023-02-03 02:00:00.000";"6.22";"81.50";"0.68";"0.00";"0.0"
"2023-02-03 03:00:00.000";"5.08";"86.83";"0.05";"0.00";"0.0"
"2023-02-03 04:00:00.000";"3.53";"90.00";"0.02";"0.00";"0.0"
"2023-02-03 05:00:00.000";"4.03";"89.33";"0.27";"0.00";"0.0"
"2023-02-03 06:00:00.000";"5.20";"84.50";"0.25";"0.00";"0.0"
"2023-02-03 07:00:00.000";"5.08";"86.67";"0.22";"0.00";"0.0"
"2023-02-03 08:00:00.000";"4.30";"88.83";"0.10";"0.00";"0.0"
"2023-02-03 09:00:00.000";"7.57";"78.33";"0.33";"0.00";"0.0"
"2023-02-03 10:00:00.000";"10.10";"71.33";"2.72";"0.00";"0.0"
"2023-02-03 11:00:00.000";"10.60";"69.17";"7.02";"0.00";"0.0"
"2023-02-03 12:00:00.000";"10.55";"68.00";"8.10";"0.00";"0.0"
"2023-02-03 13:00:00.000";"8.90";"74.83";"7.52";"0.33";"1.5"
"2023-02-03 14:00:00.000";"7.12";"84.50";"2.18";"0.67";"0.3"
"2023-02-03 15:00:00.000";"10.85";"64.83";"4.73";"0.00";"0.0"
"2023-02-03 16:00:00.000";"11.27";"62.67";"5.57";"0.00";"0.0"
"2023-02-03 17:00:00.000";"11.05";"61.50";"4.32";"0.00";"0.0"
"2023-02-03 18:00:00.000";"9.28";"65.33";"1.70";"0.00";"0.0"
"2023-02-03 19:00:00.000";"5.67";"84.83";"0.00";"0.00";"0.0"
"2023-02-03 20:00:00.000";"6.43";"75.17";"1.82";"0.00";"0.0"
"2023-02-03 21:00:00.000";"6.78";"66.00";"3.43";"0.00";"0.0"
"2023-02-03 22:00:00.000";"6.93";"59.50";"3.57";"0.00";"0.0"
"2023-02-03 23:00:00.000";"6.15";"61.83";"2.52";"0.00";"0.0"
"2023-02-04 00:00:00.000";"3.82";"75.83";"0.57";"0.00";"0.0"
"2023-02-04 01:00:00.000";"4.57";"72.17";"0.48";"0.00";"0.0"
"2023-02-04 02:00:00.000";"5.12";"68.83";"0.47";"0.00";"0.0"
"2023-02-04 03:00:00.000";"4.03";"72.83";"0.00";"0.00";"0.0"
"2023-02-04 04:00:00.000";"4.22";"73.00";"0.10";"0.00";"0.0"
"2023-02-04 05:00:00.000";"4.73";"77.00";"0.12";"0.00";"0.0"
"2023-02-04 06:00:00.000";"4.92";"82.67";"0.27";"0.00";"0.0"
"2023-02-04 07:00:00.000";"4.70";"86.33";"0.12";"0.00";"0.0"
"2023-02-04 08:00:00.000";"5.13";"87.50";"0.07";"0.00";"0.0"
"2023-02-04 09:00:00.000";"8.20";"78.83";"1.05";"0.00";"0.0"
"2023-02-04 10:00:00.000";"9.58";"76.83";"4.70";"0.00";"0.0"
"2023-02-04 11:00:00.000";"8.88";"86.67";"4.40";"0.67";"7.8"
"2023-02-04 12:00:00.000";"8.67";"96.83";"5.65";"1.00";"2.7"
"2023-02-04 13:00:00.000";"9.80";"90.17";"9.47";"0.00";"0.0"
"2023-02-04 14:00:00.000";"9.78";"90.33";"5.80";"0.67";"1.5"
"2023-02-04 15:00:00.000";"8.60";"90.00";"3.87";"0.67";"0.6"
"2023-02-04 16:00:00.000";"8.87";"81.67";"6.22";"0.00";"0.0"
"2023-02-04 17:00:00.000";"9.07";"83.17";"6.33";"0.00";"0.0"
"2023-02-04 18:00:00.000";"8.27";"86.33";"3.97";"0.00";"0.0"
"2023-02-04 19:00:00.000";"7.82";"89.67";"1.92";"0.00";"0.0"
"2023-02-04 20:00:00.000";"7.90";"86.83";"1.92";"0.00";"0.0"
"2023-02-04 21:00:00.000";"7.58";"91.00";"6.68";"0.67";"1.2"
"2023-02-04 22:00:00.000";"7.25";"84.83";"4.83";"0.67";"0.0"
"2023-02-04 23:00:00.000";"7.47";"87.17";"3.65";"0.00";"0.0"
"2023-02-05 00:00:00.000";"7.22";"81.83";"4.35";"0.00";"0.0"
"2023-02-05 01:00:00.000";"7.33";"79.50";"5.45";"0.00";"0.0"
"2023-02-05 02:00:00.000";"6.50";"73.50";"6.37";"0.00";"0.0"
"2023-02-05 03:00:00.000";"6.00";"76.33";"5.83";"0.17";"0.0"
"2023-02-05 04:00:00.000";"5.85";"75.00";"4.20";"0.00";"0.0"
"2023-02-05 05:00:00.000";"4.00";"88.50";"2.68";"0.83";"1.5"
"2023-02-05 06:00:00.000";"3.38";"91.50";"3.23";"1.00";"1.2"
"2023-02-05 07:00:00.000";"3.05";"92.33";"3.85";"0.83";"0.9"
"2023-02-05 08:00:00.000";"3.05";"87.83";"2.60";"1.00";"0.0"
"2023-02-05 09:00:00.000";"4.27";"78.17";"4.58";"0.00";"0.0"
"2023-02-05 10:00:00.000";"5.70";"66.67";"6.28";"0.00";"0.0"
"2023-02-05 11:00:00.000";"6.78";"53.00";"6.60";"0.00";"0.0"
"2023-02-05 12:00:00.000";"7.57";"48.33";"6.98";"0.00";"0.0"
"2023-02-05 13:00:00.000";"7.78";"49.17";"6.65";"0.00";"0.0"
"2023-02-05 14:00:00.000";"8.22";"46.00";"5.72";"0.00";"0.0"
"2023-02-05 15:00:00.000";"7.50";"55.17";"5.30";"0.00";"0.0"
"2023-02-05 16:00:00.000";"4.07";"77.83";"5.30";"0.67";"0.6"
"2023-02-05 17:00:00.000";"3.65";"73.00";"4.03";"0.33";"0.0"
"2023-02-05 18:00:00.000";"3.53";"68.33";"7.83";"0.00";"0.0"
"2023-02-05 19:00:00.000";"3.15";"62.17";"7.48";"0.00";"0.0"
"2023-02-05 20:00:00.000";"2.82";"62.83";"4.13";"0.00";"0.0"
"2023-02-05 21:00:00.000";"2.45";"64.17";"3.52";"0.00";"0.0"
"2023-02-05 22:00:00.000";"2.30";"63.67";"2.97";"0.00";"0.0"
"2023-02-05 23:00:00.000";"2.13";"65.50";"4.13";"0.00";"0.0"
"2023-02-06 00:00:00.000";"2.20";"64.33";"6.28";"0.00";"0.0"
"2023-02-06 01:00:00.000";"2.33";"62.50";"6.60";"0.00";"0.0"
"2023-02-06 02:00:00.000";"1.97";"63.33";"6.33";"0.00";"0.0"
"2023-02-06 03:00:00.000";"2.02";"60.83";"7.30";"0.00";"0.0"
"2023-02-06 04:00:00.000";"1.72";"61.17";"4.52";"0.00";"0.0"
"2023-02-06 05:00:00.000";"1.65";"60.33";"6.22";"0.00";"0.0"
"2023-02-06 06:00:00.000";"1.38";"62.00";"6.15";"0.00";"0.0"
"2023-02-06 07:00:00.000";"1.42";"61.17";"6.50";"0.00";"0.0"
"2023-02-06 08:00:00.000";"1.85";"58.17";"4.43";"0.00";"0.0"
"2023-02-06 09:00:00.000";"2.13";"55.83";"4.65";"0.00";"0.0"
"2023-02-06 10:00:00.000";"2.92";"54.17";"5.23";"0.00";"0.0"
"2023-02-06 11:00:00.000";"4.23";"50.50";"4.00";"0.00";"0.0"
"2023-02-06 12:00:00.000";"5.28";"47.60";"3.46";"0.00";"0.0"
"2023-02-06 13:00:00.000";"6.45";"45.33";"4.18";"0.00";"0.0"
"2023-02-06 14:00:00.000";"7.03";"42.33";"2.95";"0.00";"0.0"
"2023-02-06 15:00:00.000";"7.25";"41.50";"2.88";"0.00";"0.0"
"2023-02-06 16:00:00.000";"5.45";"50.17";"1.80";"0.00";"0.0"
"2023-02-06 17:00:00.000";"4.57";"55.17";"1.08";"0.00";"0.0"
"2023-02-06 18:00:00.000";"3.85";"54.67";"1.50";"0.00";"0.0"
"2023-02-06 19:00:00.000";"3.13";"55.33";"3.43";"0.00";"0.0"
"2023-02-06 20:00:00.000";"2.35";"63.17";"3.70";"0.00";"0.0"
"2023-02-06 21:00:00.000";"2.73";"56.17";"5.40";"0.00";"0.0"
"2023-02-06 22:00:00.000";"2.48";"57.67";"1.45";"0.00";"0.0"
"2023-02-06 23:00:00.000";"2.37";"59.33";"1.90";"0.00";"0.0"
"2023-02-07 00:00:00.000";"2.25";"57.00";"2.87";"0.00";"0.0"
"2023-02-07 01:00:00.000";"2.28";"55.33";"3.72";"0.00";"0.0"
"2023-02-07 02:00:00.000";"2.45";"54.83";"5.82";"0.00";"0.0"
"2023-02-07 03:00:00.000";"2.28";"57.00";"3.02";"0.00";"0.0"
"2023-02-07 04:00:00.000";"2.23";"58.67";"2.95";"0.00";"0.0"
"2023-02-07 05:00:00.000";"2.10";"61.83";"3.57";"0.00";"0.0"
"2023-02-07 06:00:00.000";"1.43";"72.67";"3.23";"0.00";"0.0"
"2023-02-07 07:00:00.000";"1.28";"74.00";"5.20";"0.00";"0.0"
"2023-02-07 08:00:00.000";"1.20";"73.50";"4.37";"0.00";"0.0"
"2023-02-07 09:00:00.000";"0.92";"76.67";"3.87";"0.00";"0.0"
"2023-02-07 10:00:00.000";"0.40";"82.50";"3.88";"0.00";"0.0"
"2023-02-07 11:00:00.000";"0.65";"82.67";"3.17";"0.33";"0.0"
"2023-02-07 12:00:00.000";"1.57";"74.33";"3.37";"0.00";"0.0"
"2023-02-07 13:00:00.000";"1.62";"75.00";"3.12";"0.17";"0.0"
"2023-02-07 14:00:00.000";"1.53";"76.83";"4.15";"0.50";"0.3"
"2023-02-07 15:00:00.000";"2.35";"68.00";"4.48";"0.00";"0.6"
"2023-02-07 16:00:00.000";"2.87";"63.67";"5.05";"0.00";"0.3"
"2023-02-07 17:00:00.000";"2.98";"61.50";"4.53";"0.00";"0.3"
"2023-02-07 18:00:00.000";"2.52";"61.33";"3.22";"0.00";"0.0"
"2023-02-07 19:00:00.000";"1.70";"63.33";"4.58";"0.00";"0.0"
"2023-02-07 20:00:00.000";"1.35";"64.17";"7.45";"0.00";"0.0"
"2023-02-07 21:00:00.000";"1.22";"64.17";"7.45";"0.00";"0.0"
"2023-02-07 22:00:00.000";"1.05";"63.17";"8.40";"0.00";"0.0"
"2023-02-07 23:00:00.000";"1.25";"61.33";"7.10";"0.00";"0.0"
"2023-02-08 00:00:00.000";"1.12";"59.83";"7.33";"0.00";"0.0"
"2023-02-08 01:00:00.000";"1.00";"59.50";"6.87";"0.00";"0.0"
"2023-02-08 02:00:00.000";"1.02";"59.00";"6.85";"0.00";"0.0"
"2023-02-08 03:00:00.000";"1.13";"56.83";"6.15";"0.00";"0.0"
"2023-02-08 04:00:00.000";"1.00";"57.67";"5.43";"0.00";"0.0"
"2023-02-08 05:00:00.000";"1.23";"55.50";"6.08";"0.00";"0.0"
"2023-02-08 06:00:00.000";"1.23";"55.50";"6.30";"0.00";"0.0"
"2023-02-08 07:00:00.000";"1.12";"56.00";"6.38";"0.00";"0.0"
"2023-02-08 08:00:00.000";"1.12";"56.83";"5.13";"0.00";"0.0"
"2023-02-08 09:00:00.000";"1.20";"58.33";"4.63";"0.00";"0.0"
"2023-02-08 10:00:00.000";"1.80";"57.67";"3.40";"0.00";"0.0"
"2023-02-08 11:00:00.000";"2.62";"54.33";"3.75";"0.00";"0.0"
"2023-02-08 12:00:00.000";"3.58";"52.67";"3.68";"0.00";"0.0"
"2023-02-08 13:00:00.000";"4.27";"50.17";"6.67";"0.00";"0.0"
"2023-02-08 14:00:00.000";"4.23";"48.83";"7.10";"0.00";"0.0"
"2023-02-08 15:00:00.000";"4.30";"48.17";"6.90";"0.00";"0.0"
"2023-02-08 16:00:00.000";"4.12";"50.80";"7.06";"0.00";"0.0"
"2023-02-08 17:00:00.000";"3.47";"56.00";"5.17";"0.00";"0.0"
"2023-02-08 18:00:00.000";"3.00";"55.17";"5.45";"0.00";"0.0"
"2023-02-08 19:00:00.000";"2.58";"54.83";"5.27";"0.00";"0.0"
"2023-02-08 20:00:00.000";"2.30";"55.67";"4.75";"0.00";"0.0"
"2023-02-08 21:00:00.000";"1.97";"57.17";"8.00";"0.00";"0.0"
"2023-02-08 22:00:00.000";"1.47";"64.17";"6.62";"0.00";"0.0"
"2023-02-08 23:00:00.000";"1.35";"63.33";"6.30";"0.00";"0.0"
"2023-02-09 00:00:00.000";"1.15";"62.33";"5.73";"0.00";"0.0"
"2023-02-09 01:00:00.000";"1.10";"62.17";"7.20";"0.00";"0.0"
"2023-02-09 02:00:00.000";"1.05";"63.17";"6.13";"0.00";"0.0"
"2023-02-09 03:00:00.000";"1.03";"62.00";"6.58";"0.00";"0.0"
"2023-02-09 04:00:00.000";"1.30";"59.83";"11.27";"0.00";"0.0"
"2023-02-09 05:00:00.000";"1.68";"54.67";"10.65";"0.00";"0.0"
"2023-02-09 06:00:00.000";"2.13";"46.67";"9.52";"0.00";"0.0"
"2023-02-09 07:00:00.000";"2.33";"48.00";"9.15";"0.00";"0.0"
"2023-02-09 08:00:00.000";"2.50";"49.67";"9.17";"0.00";"0.0"
"2023-02-09 09:00:00.000";"2.87";"53.50";"12.57";"0.00";"0.0"
"2023-02-09 10:00:00.000";"3.50";"54.00";"10.53";"0.00";"0.0"
"2023-02-09 11:00:00.000";"3.98";"55.17";"10.00";"0.00";"0.0"
"2023-02-09 12:00:00.000";"4.78";"55.00";"7.85";"0.00";"0.0"
"2023-02-09 13:00:00.000";"5.00";"55.83";"9.20";"0.00";"0.0"
"2023-02-09 14:00:00.000";"5.63";"55.00";"8.98";"0.00";"0.0"
"2023-02-09 15:00:00.000";"6.13";"53.83";"5.72";"0.00";"0.0"
"2023-02-09 16:00:00.000";"6.17";"53.33";"5.65";"0.00";"0.0"
"2023-02-09 17:00:00.000";"6.33";"53.50";"5.07";"0.00";"0.0"
"2023-02-09 18:00:00.000";"5.35";"55.33";"5.93";"0.00";"0.0"
"2023-02-09 19:00:00.000";"4.30";"61.50";"7.13";"0.00";"0.0"
"2023-02-09 20:00:00.000";"3.75";"64.00";"6.83";"0.00";"0.0"
"2023-02-09 21:00:00.000";"3.65";"65.17";"5.67";"0.00";"0.0"
"2023-02-09 22:00:00.000";"3.50";"65.33";"6.32";"0.00";"0.0"
"2023-02-09 23:00:00.000";"3.42";"65.50";"8.43";"0.00";"0.0"
"2023-02-10 00:00:00.000";"3.52";"64.83";"7.78";"0.00";"0.0"
"2023-02-10 01:00:00.000";"3.47";"64.67";"5.92";"0.00";"0.0"
"2023-02-10 02:00:00.000";"3.67";"64.83";"5.35";"0.00";"0.0"
"2023-02-10 03:00:00.000";"3.52";"67.00";"5.53";"0.00";"0.0"
"2023-02-10 04:00:00.000";"3.48";"67.33";"6.93";"0.00";"0.0"
"2023-02-10 05:00:00.000";"3.42";"69.00";"7.43";"0.00";"0.0"
"2023-02-10 06:00:00.000";"3.37";"68.83";"6.68";"0.00";"0.0"
"2023-02-10 07:00:00.000";"3.27";"69.83";"6.45";"0.00";"0.0"
"2023-02-10 08:00:00.000";"3.30";"70.50";"4.53";"0.00";"0.0"
"2023-02-10 09:00:00.000";"4.33";"64.17";"4.78";"0.00";"0.0"
"2023-02-10 10:00:00.000";"6.40";"55.17";"4.83";"0.00";"0.0"
"2023-02-10 11:00:00.000";"7.93";"47.83";"6.03";"0.00";"0.0"
"2023-02-10 12:00:00.000";"8.50";"44.67";"7.52";"0.00";"0.0"
"2023-02-10 13:00:00.000";"9.43";"43.83";"6.10";"0.00";"0.0"
"2023-02-10 14:00:00.000";"10.10";"42.50";"4.73";"0.00";"0.0"
"2023-02-10 15:00:00.000";"9.85";"42.17";"4.70";"0.00";"0.0"
"2023-02-10 16:00:00.000";"9.10";"48.17";"6.02";"0.00";"0.0"
"2023-02-10 17:00:00.000";"7.90";"51.50";"5.77";"0.00";"0.0"
"2023-02-10 18:00:00.000";"6.18";"57.83";"6.85";"0.00";"0.0"
"2023-02-10 19:00:00.000";"4.57";"66.17";"3.57";"0.00";"0.0"
"2023-02-10 20:00:00.000";"4.22";"66.33";"5.42";"0.00";"0.0"
"2023-02-10 21:00:00.000";"4.18";"65.67";"8.30";"0.00";"0.0"
"2023-02-10 22:00:00.000";"4.02";"65.33";"9.18";"0.00";"0.0"
"2023-02-10 23:00:00.000";"3.90";"65.00";"8.28";"0.00";"0.0"
"2023-02-11 00:00:00.000";"3.73";"64.50";"8.58";"0.00";"0.0"
"2023-02-11 01:00:00.000";"3.60";"64.17";"5.92";"0.00";"0.0"
"2023-02-11 02:00:00.000";"3.65";"63.67";"6.08";"0.00";"0.0"
"2023-02-11 03:00:00.000";"3.50";"65.00";"6.23";"0.00";"0.0"
"2023-02-11 04:00:00.000";"3.32";"66.17";"7.62";"0.00";"0.0"
"2023-02-11 05:00:00.000";"3.07";"65.00";"7.15";"0.00";"0.0"
"2023-02-11 06:00:00.000";"3.07";"64.50";"3.90";"0.00";"0.0"
"2023-02-11 07:00:00.000";"1.25";"76.83";"0.22";"0.00";"0.0"
"2023-02-11 08:00:00.000";"1.12";"80.17";"0.43";"0.00";"0.0"
"2023-02-11 09:00:00.000";"4.72";"56.33";"1.30";"0.00";"0.0"
"2023-02-11 10:00:00.000";"7.73";"50.17";"2.58";"0.00";"0.0"
"2023-02-11 11:00:00.000";"9.35";"45.17";"2.38";"0.00";"0.0"
"2023-02-11 12:00:00.000";"10.47";"45.00";"1.70";"0.00";"0.0"
"2023-02-11 13:00:00.000";"10.20";"48.00";"4.58";"0.00";"0.0"
"2023-02-11 14:00:00.000";"9.67";"55.17";"5.33";"0.00";"0.0"
"2023-02-11 15:00:00.000";"10.22";"56.67";"7.07";"0.00";"0.0"
"2023-02-11 16:00:00.000";"8.40";"65.83";"5.95";"0.00";"0.0"
"2023-02-11 17:00:00.000";"9.10";"62.67";"5.30";"0.00";"0.0"
"2023-02-11 18:00:00.000";"8.55";"59.83";"2.93";"0.00";"0.0"
"2023-02-11 19:00:00.000";"4.88";"80.50";"0.37";"0.00";"0.0"
"2023-02-11 20:00:00.000";"3.62";"85.50";"0.77";"0.00";"0.0"
"2023-02-11 21:00:00.000";"3.08";"85.00";"0.62";"0.00";"0.0"
"2023-02-11 22:00:00.000";"2.28";"87.17";"0.32";"0.00";"0.0"
"2023-02-11 23:00:00.000";"1.05";"87.67";"0.02";"0.00";"0.0"
"2023-02-12 00:00:00.000";"1.05";"88.00";"0.00";"0.00";"0.0"
"2023-02-12 01:00:00.000";"1.12";"85.83";"0.00";"0.00";"0.0"
"2023-02-12 02:00:00.000";"1.85";"79.83";"0.37";"0.00";"0.0"
"2023-02-12 03:00:00.000";"1.57";"76.17";"0.00";"0.00";"0.0"
"2023-02-12 04:00:00.000";"0.78";"78.83";"0.00";"0.00";"0.0"
"2023-02-12 05:00:00.000";"0.40";"80.50";"0.00";"0.00";"0.0"
"2023-02-12 06:00:00.000";"2.08";"78.33";"0.18";"0.00";"0.0"
"2023-02-12 07:00:00.000";"1.87";"84.33";"0.03";"0.00";"0.0"
"2023-02-12 08:00:00.000";"2.95";"86.17";"0.63";"0.00";"0.0"
"2023-02-12 09:00:00.000";"6.28";"74.17";"2.03";"0.00";"0.0"
"2023-02-12 10:00:00.000";"9.20";"67.33";"3.62";"0.00";"0.0"
"2023-02-12 11:00:00.000";"9.93";"59.33";"4.97";"0.00";"0.0"
"2023-02-12 12:00:00.000";"11.05";"51.83";"4.38";"0.00";"0.0"
"2023-02-12 13:00:00.000";"11.43";"47.67";"5.75";"0.00";"0.0"
"2023-02-12 14:00:00.000";"11.62";"49.17";"5.87";"0.00";"0.0"
"2023-02-12 15:00:00.000";"12.02";"48.50";"6.02";"0.00";"0.0"
"2023-02-12 16:00:00.000";"12.17";"49.50";"5.63";"0.00";"0.0"
"2023-02-12 17:00:00.000";"10.53";"53.17";"3.87";"0.00";"0.0"
"2023-02-12 18:00:00.000";"8.25";"59.33";"1.10";"0.00";"0.0"
"2023-02-12 19:00:00.000";"8.22";"58.50";"3.63";"0.00";"0.0"
"2023-02-12 20:00:00.000";"7.65";"68.83";"4.12";"0.00";"0.0"
"2023-02-12 21:00:00.000";"7.28";"74.33";"3.72";"0.00";"0.0"
"2023-02-12 22:00:00.000";"7.15";"76.00";"2.57";"0.00";"0.0"
"2023-02-12 23:00:00.000";"6.35";"80.50";"0.88";"0.00";"0.0"
"2023-02-13 00:00:00.000";"6.37";"78.33";"1.03";"0.00";"0.0"
"2023-02-13 01:00:00.000";"6.15";"70.00";"7.08";"0.00";"0.0"
"2023-02-13 02:00:00.000";"6.32";"61.00";"5.58";"0.00";"0.0"
"2023-02-13 03:00:00.000";"6.02";"58.67";"5.87";"0.00";"0.0"
"2023-02-13 04:00:00.000";"5.82";"61.33";"5.92";"0.00";"0.0"
"2023-02-13 05:00:00.000";"5.80";"63.00";"5.60";"0.00";"0.0"
"2023-02-13 06:00:00.000";"5.80";"61.83";"4.42";"0.00";"0.0"
"2023-02-13 07:00:00.000";"5.73";"62.33";"3.87";"0.00";"0.0"
"2023-02-13 08:00:00.000";"5.77";"62.33";"5.18";"0.00";"0.0"
"2023-02-13 09:00:00.000";"6.38";"58.67";"3.88";"0.00";"0.0"
"2023-02-13 10:00:00.000";"8.65";"54.33";"3.57";"0.00";"0.0"
"2023-02-13 11:00:00.000";"9.88";"49.00";"4.60";"0.00";"0.0"
"2023-02-13 12:00:00.000";"10.83";"47.17";"3.97";"0.00";"0.0"
"2023-02-13 13:00:00.000";"10.65";"46.17";"2.78";"0.00";"0.0"
"2023-02-13 14:00:00.000";"11.08";"44.17";"1.87";"0.00";"0.0"
"2023-02-13 15:00:00.000";"11.58";"41.50";"1.17";"0.00";"0.0"
"2023-02-13 16:00:00.000";"11.40";"48.33";"0.87";"0.00";"0.0"
"2023-02-13 17:00:00.000";"11.18";"53.83";"3.83";"0.00";"0.0"
"2023-02-13 18:00:00.000";"10.23";"56.00";"2.70";"0.00";"0.0"
"2023-02-13 19:00:00.000";"6.72";"72.33";"0.13";"0.00";"0.0"
"2023-02-13 20:00:00.000";"5.22";"72.17";"0.30";"0.00";"0.0"
"2023-02-13 21:00:00.000";"4.93";"73.50";"0.28";"0.00";"0.0"
"2023-02-13 22:00:00.000";"4.02";"77.50";"0.27";"0.00";"0.0"
"2023-02-13 23:00:00.000";"2.58";"84.00";"0.03";"0.00";"0.0"
"2023-02-14 00:00:00.000";"2.92";"82.33";"0.15";"0.00";"0.0"
"2023-02-14 01:00:00.000";"2.55";"82.67";"0.10";"0.00";"0.0"
"2023-02-14 02:00:00.000";"2.08";"84.17";"0.00";"0.00";"0.0"
"2023-02-14 03:00:00.000";"3.88";"74.17";"0.72";"0.00";"0.0"
"2023-02-14 04:00:00.000";"4.92";"64.83";"1.10";"0.00";"0.0"
"2023-02-14 05:00:00.000";"3.62";"69.33";"0.23";"0.00";"0.0"
"2023-02-14 06:00:00.000";"2.17";"77.00";"0.42";"0.00";"0.0"
"2023-02-14 07:00:00.000";"1.95";"77.67";"0.22";"0.00";"0.0"
"2023-02-14 08:00:00.000";"2.87";"78.67";"0.43";"0.00";"0.0"
"2023-02-14 09:00:00.000";"5.55";"61.83";"0.43";"0.00";"0.0"
"2023-02-14 10:00:00.000";"10.52";"51.50";"1.92";"0.00";"0.0"
"2023-02-14 11:00:00.000";"11.75";"47.33";"1.58";"0.00";"0.0"
"2023-02-14 12:00:00.000";"12.47";"41.00";"1.90";"0.00";"0.0"
"2023-02-14 13:00:00.000";"12.25";"44.50";"4.35";"0.00";"0.0"
"2023-02-14 14:00:00.000";"11.57";"50.33";"5.78";"0.00";"0.0"
"2023-02-14 15:00:00.000";"11.72";"45.83";"6.23";"0.00";"0.0"
"2023-02-14 16:00:00.000";"11.98";"47.17";"6.25";"0.00";"0.0"
"2023-02-14 17:00:00.000";"11.13";"43.17";"5.93";"0.00";"0.0"
"2023-02-14 18:00:00.000";"9.42";"44.20";"3.16";"0.00";"0.0"
"2023-02-14 19:00:00.000";"6.33";"54.50";"0.95";"0.00";"0.0"
"2023-02-14 20:00:00.000";"5.08";"49.67";"0.95";"0.00";"0.0"
"2023-02-14 21:00:00.000";"3.17";"57.33";"0.00";"0.00";"0.0"
"2023-02-14 22:00:00.000";"2.70";"67.50";"0.00";"0.00";"0.0"
"2023-02-14 23:00:00.000";"3.30";"65.00";"0.18";"0.00";"0.0"
"2023-02-15 00:00:00.000";"3.47";"61.00";"0.27";"0.00";"0.0"
"2023-02-15 01:00:00.000";"2.28";"64.50";"0.00";"0.00";"0.0"
"2023-02-15 02:00:00.000";"2.13";"66.50";"0.23";"0.00";"0.0"
"2023-02-15 03:00:00.000";"2.33";"66.00";"0.00";"0.00";"0.0"
"2023-02-15 04:00:00.000";"2.08";"63.17";"0.05";"0.00";"0.0"
"2023-02-15 05:00:00.000";"2.32";"63.33";"0.35";"0.00";"0.0"
"2023-02-15 06:00:00.000";"2.17";"72.50";"0.00";"0.00";"0.0"
"2023-02-15 07:00:00.000";"3.18";"65.67";"0.10";"0.00";"0.0"
"2023-02-15 08:00:00.000";"3.55";"63.83";"0.13";"0.00";"0.0"
"2023-02-15 09:00:00.000";"7.12";"56.00";"1.12";"0.00";"0.0"
"2023-02-15 10:00:00.000";"10.00";"54.50";"3.68";"0.00";"0.0"
"2023-02-15 11:00:00.000";"11.20";"50.50";"3.78";"0.00";"0.0"
"2023-02-15 12:00:00.000";"12.17";"47.83";"3.75";"0.00";"0.0"
"2023-02-15 13:00:00.000";"12.80";"37.20";"2.96";"0.00";"0.0"
"2023-02-15 14:00:00.000";"13.87";"35.67";"2.27";"0.00";"0.0"
"2023-02-15 15:00:00.000";"12.80";"52.00";"5.52";"0.00";"0.0"
"2023-02-15 16:00:00.000";"10.73";"65.50";"3.63";"0.00";"0.0"
"2023-02-15 17:00:00.000";"9.70";"72.17";"4.05";"0.00";"0.0"
"2023-02-15 18:00:00.000";"9.00";"76.17";"2.02";"0.00";"0.0"
"2023-02-15 19:00:00.000";"7.10";"85.33";"0.03";"0.00";"0.0"
"2023-02-15 20:00:00.000";"7.35";"85.00";"0.02";"0.00";"0.0"
"2023-02-15 21:00:00.000";"7.82";"84.17";"0.02";"0.00";"0.0"
"2023-02-15 22:00:00.000";"7.70";"84.67";"0.02";"0.00";"0.0"
"2023-02-15 23:00:00.000";"7.08";"88.17";"0.00";"0.00";"0.0"
"2023-02-16 00:00:00.000";"5.40";"93.67";"0.00";"0.00";"0.0"
"2023-02-16 01:00:00.000";"5.12";"95.83";"0.00";"0.00";"0.0"
"2023-02-16 02:00:00.000";"4.58";"96.67";"0.00";"0.00";"0.0"
"2023-02-16 03:00:00.000";"5.03";"94.50";"0.07";"0.00";"0.0"
"2023-02-16 04:00:00.000";"3.90";"96.83";"0.00";"0.00";"0.0"
"2023-02-16 05:00:00.000";"5.03";"93.33";"0.12";"0.00";"0.0"
"2023-02-16 06:00:00.000";"4.40";"96.17";"0.02";"0.00";"0.0"
"2023-02-16 07:00:00.000";"6.13";"94.50";"0.20";"0.00";"0.0"
"2023-02-16 08:00:00.000";"6.38";"94.83";"0.12";"0.00";"0.0"
"2023-02-16 09:00:00.000";"8.12";"80.67";"0.02";"0.00";"0.0"
"2023-02-16 10:00:00.000";"12.35";"70.33";"0.53";"0.00";"0.0"
"2023-02-16 11:00:00.000";"12.95";"57.50";"1.92";"0.00";"0.0"
"2023-02-16 12:00:00.000";"13.93";"53.00";"4.12";"0.00";"0.0"
"2023-02-16 13:00:00.000";"14.35";"49.50";"6.78";"0.00";"0.0"
"2023-02-16 14:00:00.000";"14.43";"46.33";"7.25";"0.00";"0.0"
"2023-02-16 15:00:00.000";"14.38";"46.00";"6.70";"0.00";"0.0"
"2023-02-16 16:00:00.000";"13.93";"49.00";"6.50";"0.00";"0.0"
"2023-02-16 17:00:00.000";"13.08";"50.67";"6.48";"0.00";"0.0"
"2023-02-16 18:00:00.000";"11.28";"60.33";"4.63";"0.00";"0.0"
"2023-02-16 19:00:00.000";"8.62";"80.67";"3.13";"0.00";"0.0"
"2023-02-16 20:00:00.000";"8.07";"83.17";"1.27";"0.00";"0.0"
"2023-02-16 21:00:00.000";"7.33";"83.50";"1.13";"0.00";"0.0"
"2023-02-16 22:00:00.000";"5.20";"94.17";"0.22";"0.00";"0.0"
"2023-02-16 23:00:00.000";"5.92";"95.50";"0.98";"0.00";"0.0"
"2023-02-17 00:00:00.000";"5.47";"93.83";"0.77";"0.00";"0.0"
"2023-02-17 01:00:00.000";"4.77";"93.00";"0.02";"0.00";"0.0"
"2023-02-17 02:00:00.000";"5.22";"90.67";"0.00";"0.00";"0.0"
"2023-02-17 03:00:00.000";"4.82";"95.00";"0.08";"0.00";"0.0"
"2023-02-17 04:00:00.000";"4.53";"97.00";"0.00";"0.00";"0.0"
"2023-02-17 05:00:00.000";"4.07";"98.00";"0.00";"0.00";"0.0"
"2023-02-17 06:00:00.000";"3.60";"98.00";"0.00";"0.00";"0.0"
"2023-02-17 07:00:00.000";"4.05";"98.83";"0.03";"0.00";"0.0"
"2023-02-17 08:00:00.000";"6.15";"96.67";"1.07";"0.50";"0.0"
"2023-02-17 09:00:00.000";"8.40";"79.50";"2.98";"0.00";"0.0"
"2023-02-17 10:00:00.000";"10.40";"72.00";"5.57";"0.00";"0.0"
"2023-02-17 11:00:00.000";"11.83";"62.00";"6.32";"0.00";"0.0"
"2023-02-17 12:00:00.000";"12.38";"59.50";"7.75";"0.00";"0.0"
"2023-02-17 13:00:00.000";"12.67";"59.17";"7.40";"0.00";"0.0"
"2023-02-17 14:00:00.000";"12.43";"59.17";"8.72";"0.00";"0.0"
"2023-02-17 15:00:00.000";"12.07";"62.00";"7.30";"0.00";"0.0"
"2023-02-17 16:00:00.000";"11.25";"69.00";"8.10";"0.00";"0.0"
"2023-02-17 17:00:00.000";"10.58";"73.33";"5.80";"0.00";"0.0"
"2023-02-17 18:00:00.000";"10.28";"76.17";"4.95";"0.00";"0.0"
"2023-02-17 19:00:00.000";"9.52";"80.50";"6.60";"0.00";"0.0"
"2023-02-17 20:00:00.000";"9.17";"81.50";"3.93";"0.00";"0.0"
"2023-02-17 21:00:00.000";"8.67";"84.50";"1.02";"0.00";"0.0"
"2023-02-17 22:00:00.000";"9.18";"81.17";"2.53";"0.00";"0.0"
"2023-02-17 23:00:00.000";"9.32";"82.33";"1.45";"0.00";"0.0"
"2023-02-18 00:00:00.000";"8.57";"85.33";"0.88";"0.00";"0.0"
"2023-02-18 01:00:00.000";"8.60";"87.33";"0.57";"0.00";"0.0"
"2023-02-18 02:00:00.000";"8.75";"83.33";"1.45";"0.00";"0.0"
"2023-02-18 03:00:00.000";"8.60";"82.00";"2.45";"0.00";"0.0"
"2023-02-18 04:00:00.000";"8.13";"80.00";"1.15";"0.00";"0.0"
"2023-02-18 05:00:00.000";"7.22";"84.83";"0.93";"0.00";"0.0"
"2023-02-18 06:00:00.000";"8.18";"82.83";"2.68";"0.00";"0.0"
"2023-02-18 07:00:00.000";"8.43";"82.00";"3.42";"0.00";"0.0"
"2023-02-18 08:00:00.000";"8.92";"78.00";"3.67";"0.00";"0.0"
"2023-02-18 09:00:00.000";"10.33";"69.00";"3.95";"0.00";"0.0"
"2023-02-18 10:00:00.000";"11.75";"67.83";"4.85";"0.00";"0.0"
"2023-02-18 11:00:00.000";"12.25";"64.17";"7.27";"0.00";"0.0"
"2023-02-18 12:00:00.000";"13.20";"59.50";"5.80";"0.00";"0.0"
"2023-02-18 13:00:00.000";"14.20";"52.33";"5.67";"0.00";"0.0"
"2023-02-18 14:00:00.000";"15.00";"50.17";"5.92";"0.00";"0.0"
"2023-02-18 15:00:00.000";"14.82";"53.33";"6.20";"0.00";"0.0"
"2023-02-18 16:00:00.000";"14.42";"61.67";"6.40";"0.00";"0.0"
"2023-02-18 17:00:00.000";"13.30";"65.67";"5.50";"0.00";"0.0"
"2023-02-18 18:00:00.000";"10.97";"76.17";"5.30";"0.00";"0.0"
"2023-02-18 19:00:00.000";"9.10";"90.67";"3.32";"0.00";"0.0"
"2023-02-18 20:00:00.000";"8.07";"94.17";"0.83";"0.00";"0.0"
"2023-02-18 21:00:00.000";"6.13";"93.50";"0.10";"0.00";"0.0"
"2023-02-18 22:00:00.000";"6.17";"95.17";"0.58";"0.00";"0.0"
"2023-02-18 23:00:00.000";"7.82";"92.33";"1.70";"0.00";"0.0"
"2023-02-19 00:00:00.000";"7.97";"90.00";"3.65";"0.00";"0.0"
"2023-02-19 01:00:00.000";"7.33";"90.17";"1.87";"0.00";"0.0"
"2023-02-19 02:00:00.000";"6.87";"89.17";"0.67";"0.00";"0.0"
"2023-02-19 03:00:00.000";"6.52";"92.00";"0.33";"0.00";"0.0"
"2023-02-19 04:00:00.000";"6.68";"90.17";"0.27";"0.00";"0.0"
"2023-02-19 05:00:00.000";"7.38";"88.67";"1.53";"0.00";"0.0"
"2023-02-19 06:00:00.000";"7.45";"87.00";"1.03";"0.00";"0.0"
"2023-02-19 07:00:00.000";"7.90";"85.67";"2.30";"0.00";"0.0"
"2023-02-19 08:00:00.000";"6.50";"89.17";"0.03";"0.00";"0.0"
"2023-02-19 09:00:00.000";"9.90";"72.17";"0.87";"0.00";"0.0"
"2023-02-19 10:00:00.000";"11.83";"72.00";"4.15";"0.00";"0.0"
"2023-02-19 11:00:00.000";"12.58";"67.83";"5.83";"0.00";"0.0"
"2023-02-19 12:00:00.000";"12.98";"65.83";"4.70";"0.00";"0.0"
"2023-02-19 13:00:00.000";"13.35";"61.50";"5.88";"0.00";"0.0"
"2023-02-19 14:00:00.000";"13.05";"62.17";"6.27";"0.00";"0.0"
"2023-02-19 15:00:00.000";"12.33";"68.67";"5.32";"0.00";"0.0"
"2023-02-19 16:00:00.000";"12.10";"70.67";"4.15";"0.00";"0.0"
"2023-02-19 17:00:00.000";"11.55";"71.83";"2.82";"0.00";"0.0"
"2023-02-19 18:00:00.000";"10.32";"79.83";"2.20";"0.00";"0.0"
"2023-02-19 19:00:00.000";"9.77";"81.83";"1.52";"0.00";"0.0"
"2023-02-19 20:00:00.000";"9.35";"81.50";"2.37";"0.00";"0.0"
"2023-02-19 21:00:00.000";"9.22";"82.33";"1.03";"0.00";"0.0"
"2023-02-19 22:00:00.000";"9.30";"83.83";"0.93";"0.00";"0.0"
"2023-02-19 23:00:00.000";"9.25";"82.67";"1.22";"0.00";"0.0"
"2023-02-20 00:00:00.000";"9.23";"79.67";"0.37";"0.00";"0.0"
"2023-02-20 01:00:00.000";"9.55";"79.67";"1.12";"0.00";"0.0"
"2023-02-20 02:00:00.000";"9.68";"82.17";"1.75";"0.00";"0.0"
"2023-02-20 03:00:00.000";"9.92";"81.00";"1.45";"0.00";"0.0"
"2023-02-20 04:00:00.000";"10.05";"79.17";"1.83";"0.00";"0.0"
"2023-02-20 05:00:00.000";"9.65";"82.17";"0.53";"0.00";"0.0"
"2023-02-20 06:00:00.000";"9.77";"84.00";"1.12";"0.00";"0.0"
"2023-02-20 07:00:00.000";"9.73";"84.00";"0.62";"0.00";"0.0"
"2023-02-20 08:00:00.000";"8.67";"85.17";"0.23";"0.00";"0.0"
"2023-02-20 09:00:00.000";"10.13";"76.17";"0.80";"0.00";"0.0"
"2023-02-20 10:00:00.000";"12.45";"66.67";"3.00";"0.00";"0.0"
"2023-02-20 11:00:00.000";"14.07";"57.33";"2.33";"0.00";"0.0"
"2023-02-20 12:00:00.000";"15.45";"52.33";"2.78";"0.00";"0.0"
"2023-02-20 13:00:00.000";"16.37";"44.83";"2.42";"0.00";"0.0"
"2023-02-20 14:00:00.000";"16.77";"45.83";"2.47";"0.00";"0.0"
"2023-02-20 15:00:00.000";"16.37";"56.83";"4.77";"0.00";"0.0"
"2023-02-20 16:00:00.000";"16.30";"62.33";"3.83";"0.00";"0.0"
"2023-02-20 17:00:00.000";"16.28";"61.00";"3.77";"0.00";"0.0"
"2023-02-20 18:00:00.000";"14.37";"67.33";"2.08";"0.00";"0.0"
"2023-02-20 19:00:00.000";"10.40";"86.67";"0.03";"0.00";"0.0"
"2023-02-20 20:00:00.000";"10.03";"87.50";"0.18";"0.00";"0.0"
"2023-02-20 21:00:00.000";"8.55";"92.17";"0.05";"0.00";"0.0"
"2023-02-20 22:00:00.000";"7.62";"95.67";"0.00";"0.00";"0.0"
"2023-02-20 23:00:00.000";"6.95";"92.00";"0.00";"0.00";"0.0"
"2023-02-21 00:00:00.000";"7.10";"88.67";"0.00";"0.00";"0.0"
"2023-02-21 01:00:00.000";"6.92";"91.00";"0.00";"0.00";"0.0"
"2023-02-21 02:00:00.000";"6.87";"88.83";"0.00";"0.00";"0.0"
"2023-02-21 03:00:00.000";"7.37";"81.67";"0.13";"0.00";"0.0"
"2023-02-21 04:00:00.000";"7.82";"79.33";"0.13";"0.00";"0.0"
"2023-02-21 05:00:00.000";"8.05";"78.67";"0.47";"0.00";"0.0"
"2023-02-21 06:00:00.000";"7.90";"78.17";"1.13";"0.00";"0.0"
"2023-02-21 07:00:00.000";"7.08";"79.67";"0.40";"0.00";"0.0"
"2023-02-21 08:00:00.000";"7.72";"75.00";"0.30";"0.00";"0.0"
"2023-02-21 09:00:00.000";"11.00";"60.67";"0.78";"0.00";"0.0"
"2023-02-21 10:00:00.000";"14.62";"59.00";"2.13";"0.00";"0.0"
"2023-02-21 11:00:00.000";"15.83";"51.33";"3.60";"0.00";"0.0"
"2023-02-21 12:00:00.000";"15.83";"58.00";"7.00";"0.00";"0.0"
"2023-02-21 13:00:00.000";"16.28";"58.33";"7.92";"0.00";"0.0"
"2023-02-21 14:00:00.000";"16.53";"54.67";"9.07";"0.00";"0.0"
"2023-02-21 15:00:00.000";"16.80";"50.33";"7.92";"0.00";"0.0"
"2023-02-21 16:00:00.000";"16.70";"51.50";"7.23";"0.00";"0.0"
"2023-02-21 17:00:00.000";"15.67";"51.00";"6.05";"0.00";"0.0"
"2023-02-21 18:00:00.000";"14.13";"55.17";"4.73";"0.00";"0.0"
"2023-02-21 19:00:00.000";"10.33";"87.33";"1.92";"0.00";"0.0"
"2023-02-21 20:00:00.000";"7.45";"97.17";"0.22";"0.00";"0.0"
"2023-02-21 21:00:00.000";"5.62";"98.00";"0.00";"0.17";"0.0"
"2023-02-21 22:00:00.000";"4.73";"96.17";"0.00";"0.67";"0.0"
"2023-02-21 23:00:00.000";"5.10";"87.00";"0.00";"0.00";"0.0"
"2023-02-22 00:00:00.000";"5.12";"84.83";"0.97";"0.00";"0.0"
"2023-02-22 01:00:00.000";"5.73";"88.50";"2.02";"0.00";"0.0"
"2023-02-22 02:00:00.000";"6.40";"91.17";"2.02";"0.00";"0.0"
"2023-02-22 03:00:00.000";"7.42";"90.67";"0.87";"0.00";"0.0"
"2023-02-22 04:00:00.000";"7.97";"93.83";"1.02";"0.00";"0.0"
"2023-02-22 05:00:00.000";"7.15";"97.17";"0.02";"0.00";"0.0"
"2023-02-22 06:00:00.000";"6.47";"98.00";"0.12";"0.50";"0.0"
"2023-02-22 07:00:00.000";"7.92";"96.83";"1.43";"0.67";"0.0"
"2023-02-22 08:00:00.000";"8.70";"88.00";"1.05";"0.00";"0.0"
"2023-02-22 09:00:00.000";"10.92";"74.83";"2.75";"0.00";"0.0"
"2023-02-22 10:00:00.000";"12.70";"74.50";"4.55";"0.00";"0.0"
"2023-02-22 11:00:00.000";"13.43";"67.00";"5.55";"0.00";"0.0"
"2023-02-22 12:00:00.000";"14.02";"64.83";"5.65";"0.00";"0.0"
"2023-02-22 13:00:00.000";"14.07";"61.50";"5.30";"0.00";"0.0"
"2023-02-22 14:00:00.000";"13.92";"62.83";"5.63";"0.00";"0.0"
"2023-02-22 15:00:00.000";"14.73";"59.83";"6.05";"0.00";"0.0"
"2023-02-22 16:00:00.000";"14.20";"67.83";"5.47";"0.00";"0.0"
"2023-02-22 17:00:00.000";"13.55";"69.67";"3.75";"0.00";"0.0"
"2023-02-22 18:00:00.000";"12.60";"75.67";"3.03";"0.00";"0.0"
"2023-02-22 19:00:00.000";"10.05";"90.33";"2.45";"0.00";"0.0"
"2023-02-22 20:00:00.000";"9.32";"94.00";"1.98";"0.00";"0.0"
"2023-02-22 21:00:00.000";"8.38";"96.00";"0.53";"0.00";"0.0"
"2023-02-22 22:00:00.000";"7.57";"98.00";"0.02";"0.00";"0.0"
"2023-02-22 23:00:00.000";"7.45";"98.00";"0.00";"0.00";"0.0"
"2023-02-23 00:00:00.000";"8.48";"98.83";"0.00";"0.83";"0.0"
"2023-02-23 01:00:00.000";"7.47";"99.00";"0.00";"1.00";"0.0"
"2023-02-23 02:00:00.000";"6.82";"99.00";"0.02";"1.00";"0.0"
"2023-02-23 03:00:00.000";"6.27";"99.00";"0.00";"1.00";"0.0"
"2023-02-23 04:00:00.000";"6.32";"99.00";"0.00";"1.00";"0.0"
"2023-02-23 05:00:00.000";"6.50";"99.67";"0.05";"1.00";"0.0"
"2023-02-23 06:00:00.000";"7.13";"100.00";"0.03";"1.00";"0.0"
"2023-02-23 07:00:00.000";"6.65";"100.00";"0.00";"1.00";"0.0"
"2023-02-23 08:00:00.000";"6.58";"100.00";"0.00";"1.00";"0.0"
"2023-02-23 09:00:00.000";"10.23";"85.50";"0.03";"0.50";"0.0"
"2023-02-23 10:00:00.000";"14.85";"70.17";"0.40";"0.00";"0.0"
"2023-02-23 11:00:00.000";"14.67";"65.50";"4.02";"0.00";"0.0"
"2023-02-23 12:00:00.000";"14.80";"62.50";"6.75";"0.00";"0.0"
"2023-02-23 13:00:00.000";"15.40";"56.33";"7.12";"0.00";"0.0"
"2023-02-23 14:00:00.000";"15.48";"55.50";"6.40";"0.00";"0.0"
"2023-02-23 15:00:00.000";"16.00";"59.00";"6.57";"0.00";"0.0"
"2023-02-23 16:00:00.000";"15.57";"64.83";"7.32";"0.00";"0.0"
"2023-02-23 17:00:00.000";"14.28";"69.00";"6.18";"0.00";"0.0"
"2023-02-23 18:00:00.000";"12.28";"79.67";"3.57";"0.00";"0.0"
"2023-02-23 19:00:00.000";"9.73";"92.33";"0.82";"0.00";"0.0"
"2023-02-23 20:00:00.000";"8.83";"96.17";"0.08";"0.00";"0.0"
"2023-02-23 21:00:00.000";"7.60";"97.50";"0.00";"0.00";"0.0"
"2023-02-23 22:00:00.000";"6.88";"98.00";"0.00";"0.50";"0.0"
"2023-02-23 23:00:00.000";"6.87";"99.00";"0.00";"1.00";"0.0"
"2023-02-24 00:00:00.000";"6.93";"99.00";"0.00";"1.00";"0.0"
"2023-02-24 01:00:00.000";"6.82";"99.00";"0.00";"1.00";"0.0"
"2023-02-24 02:00:00.000";"6.35";"99.00";"0.07";"1.00";"0.0"
"2023-02-24 03:00:00.000";"6.13";"99.00";"0.00";"1.00";"0.0"
"2023-02-24 04:00:00.000";"6.02";"99.50";"0.00";"1.00";"0.0"
"2023-02-24 05:00:00.000";"6.02";"100.00";"0.05";"1.00";"0.0"
"2023-02-24 06:00:00.000";"6.03";"100.00";"0.25";"1.00";"0.0"
"2023-02-24 07:00:00.000";"6.57";"100.00";"0.07";"1.00";"0.0"
"2023-02-24 08:00:00.000";"6.23";"100.00";"0.00";"1.00";"0.0"
"2023-02-24 09:00:00.000";"9.68";"99.00";"0.00";"1.00";"0.0"
"2023-02-24 10:00:00.000";"13.98";"78.50";"0.33";"0.00";"0.0"
"2023-02-24 11:00:00.000";"13.88";"71.50";"4.15";"0.00";"0.0"
"2023-02-24 12:00:00.000";"14.30";"64.33";"5.68";"0.00";"0.0"
"2023-02-24 13:00:00.000";"15.13";"58.00";"6.72";"0.00";"0.0"
"2023-02-24 14:00:00.000";"14.40";"64.67";"5.87";"0.00";"0.0"
"2023-02-24 15:00:00.000";"13.72";"70.33";"6.55";"0.00";"0.0"
"2023-02-24 16:00:00.000";"13.42";"73.67";"5.72";"0.00";"0.0"
"2023-02-24 17:00:00.000";"13.23";"73.00";"4.50";"0.00";"0.0"
"2023-02-24 18:00:00.000";"12.00";"80.17";"3.85";"0.00";"0.0"
"2023-02-24 19:00:00.000";"10.73";"84.83";"2.40";"0.00";"0.0"
"2023-02-24 20:00:00.000";"9.13";"91.83";"0.93";"0.00";"0.0"
"2023-02-24 21:00:00.000";"8.45";"94.83";"0.42";"0.00";"0.0"
"2023-02-24 22:00:00.000";"7.43";"96.67";"0.00";"0.00";"0.0"
"2023-02-24 23:00:00.000";"6.77";"98.00";"0.00";"0.00";"0.0"
"2023-02-25 00:00:00.000";"6.23";"98.50";"0.00";"0.00";"0.0"
"2023-02-25 01:00:00.000";"6.27";"99.00";"0.02";"0.33";"0.0"
"2023-02-25 02:00:00.000";"5.60";"99.00";"0.00";"1.00";"0.0"
"2023-02-25 03:00:00.000";"5.58";"99.00";"0.00";"1.00";"0.0"
"2023-02-25 04:00:00.000";"5.43";"99.00";"0.00";"1.00";"0.0"
"2023-02-25 05:00:00.000";"5.45";"99.00";"0.00";"1.00";"0.0"
"2023-02-25 06:00:00.000";"5.45";"99.50";"0.00";"1.00";"0.3"
"2023-02-25 07:00:00.000";"5.48";"100.00";"0.00";"1.00";"0.0"
"2023-02-25 08:00:00.000";"5.97";"100.00";"0.03";"1.00";"0.0"
"2023-02-25 09:00:00.000";"9.87";"99.17";"0.15";"1.00";"0.0"
"2023-02-25 10:00:00.000";"13.45";"85.17";"0.50";"0.00";"0.0"
"2023-02-25 11:00:00.000";"14.85";"72.33";"1.23";"0.00";"0.0"
"2023-02-25 12:00:00.000";"15.97";"64.33";"1.65";"0.00";"0.0"
"2023-02-25 13:00:00.000";"16.42";"57.83";"2.55";"0.00";"0.0"
"2023-02-25 14:00:00.000";"16.48";"63.33";"1.80";"0.00";"0.0"
"2023-02-25 15:00:00.000";"17.03";"60.83";"2.65";"0.00";"0.0"
"2023-02-25 16:00:00.000";"14.72";"71.83";"4.08";"0.00";"0.0"
"2023-02-25 17:00:00.000";"13.17";"79.00";"4.20";"0.00";"0.0"
"2023-02-25 18:00:00.000";"11.78";"86.50";"4.57";"0.00";"0.0"
"2023-02-25 19:00:00.000";"10.23";"94.33";"3.93";"0.00";"0.0"
"2023-02-25 20:00:00.000";"10.05";"96.00";"4.72";"0.00";"0.0"
"2023-02-25 21:00:00.000";"9.93";"95.67";"4.13";"0.00";"0.0"
"2023-02-25 22:00:00.000";"10.27";"96.00";"6.63";"0.00";"0.0"
"2023-02-25 23:00:00.000";"10.35";"95.17";"5.80";"0.00";"0.0"
"2023-02-26 00:00:00.000";"10.62";"95.17";"7.58";"0.00";"0.0"
"2023-02-26 01:00:00.000";"10.68";"97.17";"8.68";"0.00";"0.0"
"2023-02-26 02:00:00.000";"10.70";"98.00";"9.28";"0.00";"0.0"
"2023-02-26 03:00:00.000";"10.77";"98.17";"9.18";"0.00";"0.0"
"2023-02-26 04:00:00.000";"10.85";"98.50";"9.32";"0.00";"0.0"
"2023-02-26 05:00:00.000";"10.93";"97.83";"9.58";"0.00";"0.0"
"2023-02-26 06:00:00.000";"11.02";"96.67";"11.07";"0.00";"0.0"
"2023-02-26 07:00:00.000";"11.20";"95.83";"10.10";"0.00";"0.0"
"2023-02-26 08:00:00.000";"11.37";"95.83";"8.90";"0.00";"0.0"
"2023-02-26 09:00:00.000";"12.10";"92.67";"10.82";"0.00";"0.0"
"2023-02-26 10:00:00.000";"12.93";"88.17";"11.52";"0.00";"0.0"
"2023-02-26 11:00:00.000";"14.12";"82.67";"12.53";"0.00";"0.0"
"2023-02-26 12:00:00.000";"15.65";"71.00";"10.77";"0.00";"0.0"
"2023-02-26 13:00:00.000";"17.22";"57.00";"9.55";"0.00";"0.0"
"2023-02-26 14:00:00.000";"16.65";"56.83";"8.12";"0.00";"0.0"
"2023-02-26 15:00:00.000";"15.83";"61.67";"7.32";"0.00";"0.0"
"2023-02-26 16:00:00.000";"15.12";"71.67";"7.28";"0.00";"0.0"
"2023-02-26 17:00:00.000";"14.37";"76.67";"6.55";"0.00";"0.0"
"2023-02-26 18:00:00.000";"13.02";"88.17";"7.70";"0.00";"0.0"
"2023-02-26 19:00:00.000";"12.62";"89.83";"6.33";"0.00";"0.0"
"2023-02-26 20:00:00.000";"12.42";"92.00";"5.38";"0.00";"0.0"
"2023-02-26 21:00:00.000";"12.27";"93.33";"4.58";"0.00";"0.0"
"2023-02-26 22:00:00.000";"12.22";"94.17";"2.50";"0.00";"0.0"
"2023-02-26 23:00:00.000";"12.22";"95.67";"2.35";"0.00";"0.0"
"2023-02-27 00:00:00.000";"12.37";"95.33";"2.35";"0.00";"0.0"
"2023-02-27 01:00:00.000";"11.80";"97.67";"1.88";"0.00";"0.0"
"2023-02-27 02:00:00.000";"11.53";"98.83";"2.40";"0.00";"0.0"
"2023-02-27 03:00:00.000";"11.77";"99.00";"3.38";"0.00";"0.0"
"2023-02-27 04:00:00.000";"11.75";"99.00";"2.33";"0.00";"0.0"
"2023-02-27 05:00:00.000";"11.38";"99.67";"0.90";"0.00";"0.0"
"2023-02-27 06:00:00.000";"11.40";"100.00";"0.95";"0.83";"0.0"
"2023-02-27 07:00:00.000";"11.43";"100.00";"0.77";"1.00";"0.0"
"2023-02-27 08:00:00.000";"11.25";"100.00";"0.03";"1.00";"0.0"
"2023-02-27 09:00:00.000";"12.42";"99.83";"0.77";"1.00";"0.0"
"2023-02-27 10:00:00.000";"13.23";"95.67";"3.15";"0.00";"0.0"
"2023-02-27 11:00:00.000";"15.60";"79.67";"4.78";"0.00";"0.0"
"2023-02-27 12:00:00.000";"16.83";"68.00";"4.97";"0.00";"0.0"
"2023-02-27 13:00:00.000";"16.95";"62.00";"5.57";"0.00";"0.0"
"2023-02-27 14:00:00.000";"17.20";"62.17";"6.95";"0.00";"0.0"
"2023-02-27 15:00:00.000";"16.30";"68.50";"7.18";"0.00";"0.0"
"2023-02-27 16:00:00.000";"15.43";"78.50";"5.73";"0.00";"0.0"
"2023-02-27 17:00:00.000";"14.68";"83.83";"4.58";"0.00";"0.0"
"2023-02-27 18:00:00.000";"13.67";"89.67";"4.63";"0.00";"0.0"
"2023-02-27 19:00:00.000";"12.93";"94.00";"5.72";"0.00";"0.0"
"2023-02-27 20:00:00.000";"12.63";"96.33";"6.90";"0.00";"0.0"
"2023-02-27 21:00:00.000";"12.70";"95.83";"6.37";"0.00";"0.0"
"2023-02-27 22:00:00.000";"12.68";"95.83";"6.17";"0.00";"0.0"
"2023-02-27 23:00:00.000";"12.78";"93.67";"6.10";"0.00";"0.0"
"2023-02-28 00:00:00.000";"12.73";"94.67";"6.43";"0.67";"0.0"
"2023-02-28 01:00:00.000";"13.37";"86.00";"7.20";"0.00";"0.0"
"2023-02-28 02:00:00.000";"13.67";"78.00";"2.10";"0.00";"0.0"
"2023-02-28 03:00:00.000";"14.23";"67.17";"2.02";"0.00";"0.0"
"2023-02-28 04:00:00.000";"14.88";"58.00";"2.17";"0.00";"0.0"
"2023-02-28 05:00:00.000";"16.08";"50.83";"4.27";"0.00";"0.0"
"2023-02-28 06:00:00.000";"15.98";"50.33";"1.62";"0.00";"0.0"
"2023-02-28 07:00:00.000";"15.57";"50.67";"0.23";"0.00";"0.0"
"2023-02-28 08:00:00.000";"15.83";"49.00";"0.13";"0.00";"0.0"
"2023-02-28 09:00:00.000";"17.78";"42.17";"2.10";"0.00";"0.0"
"2023-02-28 10:00:00.000";"17.78";"45.50";"2.23";"0.00";"0.0"
"2023-02-28 11:00:00.000";"18.45";"46.00";"1.78";"0.00";"0.0"
"2023-02-28 12:00:00.000";"18.62";"47.83";"2.77";"0.00";"0.0"
"2023-02-28 13:00:00.000";"18.92";"48.17";"3.28";"0.00";"0.0"
"2023-02-28 14:00:00.000";"20.15";"44.33";"3.05";"0.00";"0.0"
"2023-02-28 15:00:00.000";"20.63";"39.17";"6.67";"0.00";"0.0"
"2023-02-28 16:00:00.000";"19.50";"44.33";"7.15";"0.00";"0.0"
"2023-02-28 17:00:00.000";"18.25";"47.67";"6.23";"0.00";"0.0"
"2023-02-28 18:00:00.000";"16.23";"56.67";"4.88";"0.00";"0.0"
"2023-02-28 19:00:00.000";"14.13";"67.00";"2.68";"0.00";"0.0"
"2023-02-28 20:00:00.000";"12.97";"73.17";"1.63";"0.00";"0.0"
"2023-02-28 21:00:00.000";"12.87";"72.83";"2.77";"0.00";"0.0"
"2023-02-28 22:00:00.000";"12.97";"75.83";"4.50";"0.00";"0.0"
"2023-02-28 23:00:00.000";"12.83";"77.17";"4.13";"0.00";"0.0"
"2023-03-01 00:00:00.000";"12.58";"81.67";"4.13";"0.00";"0.0"
"2023-03-01 01:00:00.000";"12.58";"81.33";"3.40";"0.00";"0.0"
"2023-03-01 02:00:00.000";"12.58";"81.83";"4.37";"0.00";"0.0"
"2023-03-01 03:00:00.000";"12.25";"85.67";"5.67";"0.00";"0.0"
"2023-03-01 04:00:00.000";"11.93";"89.00";"4.60";"0.00";"0.0"
"2023-03-01 05:00:00.000";"11.83";"90.50";"4.33";"0.00";"0.0"
"2023-03-01 06:00:00.000";"11.98";"89.17";"4.08";"0.00";"0.0"
"2023-03-01 07:00:00.000";"11.92";"88.50";"4.87";"0.00";"0.0"
"2023-03-01 08:00:00.000";"12.17";"87.67";"5.02";"0.00";"0.0"
"2023-03-01 09:00:00.000";"12.83";"85.67";"4.85";"0.00";"0.0"
"2023-03-01 10:00:00.000";"14.85";"77.67";"2.50";"0.00";"0.0"
"2023-03-01 11:00:00.000";"17.15";"66.50";"1.85";"0.00";"0.0"
"2023-03-01 12:00:00.000";"17.38";"63.50";"1.97";"0.00";"0.0"
"2023-03-01 13:00:00.000";"18.53";"61.67";"2.22";"0.00";"0.0"
"2023-03-01 14:00:00.000";"19.28";"58.33";"2.88";"0.00";"0.0"
"2023-03-01 15:00:00.000";"17.70";"68.83";"6.60";"0.00";"0.0"
"2023-03-01 16:00:00.000";"16.63";"74.33";"5.80";"0.00";"0.0"
"2023-03-01 17:00:00.000";"16.78";"69.83";"1.95";"0.00";"0.0"
"2023-03-01 18:00:00.000";"15.55";"80.33";"1.37";"0.00";"0.0"
"2023-03-01 19:00:00.000";"12.32";"96.00";"0.78";"0.17";"0.0"
"2023-03-01 20:00:00.000";"11.55";"98.00";"1.58";"1.00";"0.0"
"2023-03-01 21:00:00.000";"11.60";"97.33";"2.03";"1.00";"0.0"
"2023-03-01 22:00:00.000";"12.73";"85.17";"1.50";"0.00";"0.0"
"2023-03-01 23:00:00.000";"11.75";"88.50";"0.27";"0.00";"0.0"
"2023-03-02 00:00:00.000";"11.18";"90.67";"0.55";"0.00";"0.0"
"2023-03-02 01:00:00.000";"11.43";"87.33";"0.13";"0.00";"0.0"
"2023-03-02 02:00:00.000";"11.68";"84.83";"0.53";"0.00";"0.0"
"2023-03-02 03:00:00.000";"11.22";"87.50";"0.45";"0.00";"0.0"
"2023-03-02 04:00:00.000";"10.95";"86.67";"0.60";"0.00";"0.0"
"2023-03-02 05:00:00.000";"9.45";"91.83";"0.05";"0.00";"0.0"
"2023-03-02 06:00:00.000";"9.57";"91.67";"0.18";"0.00";"0.0"
"2023-03-02 07:00:00.000";"9.12";"95.00";"0.03";"0.50";"0.0"
"2023-03-02 08:00:00.000";"9.37";"96.50";"0.02";"0.00";"0.0"
"2023-03-02 09:00:00.000";"11.27";"93.50";"0.08";"0.00";"0.0"
"2023-03-02 10:00:00.000";"13.92";"81.50";"1.68";"0.00";"0.0"
"2023-03-02 11:00:00.000";"14.58";"79.00";"5.63";"0.00";"0.0"
"2023-03-02 12:00:00.000";"13.75";"82.83";"4.68";"0.00";"0.0"
"2023-03-02 13:00:00.000";"12.60";"88.00";"3.67";"0.17";"0.0"
"2023-03-02 14:00:00.000";"11.75";"93.17";"1.93";"0.83";"2.1"
"2023-03-02 15:00:00.000";"11.10";"97.17";"1.28";"1.00";"2.1"
"2023-03-02 16:00:00.000";"10.42";"96.50";"2.55";"0.50";"2.1"
"2023-03-02 17:00:00.000";"9.17";"97.00";"0.52";"0.83";"2.7"
"2023-03-02 18:00:00.000";"10.98";"90.33";"0.03";"0.00";"0.0"
"2023-03-02 19:00:00.000";"8.70";"96.00";"0.00";"0.00";"0.0"
"2023-03-02 20:00:00.000";"6.65";"98.17";"0.00";"0.00";"0.0"
"2023-03-02 21:00:00.000";"6.77";"99.00";"0.40";"0.00";"0.0"
"2023-03-02 22:00:00.000";"6.72";"99.00";"0.38";"0.00";"0.0"
"2023-03-02 23:00:00.000";"6.80";"99.00";"0.50";"0.00";"0.0"
"2023-03-03 00:00:00.000";"6.45";"99.00";"0.00";"0.00";"0.0"
"2023-03-03 01:00:00.000";"6.57";"99.00";"0.12";"0.00";"0.0"
"2023-03-03 02:00:00.000";"5.83";"99.33";"0.00";"0.33";"0.0"
"2023-03-03 03:00:00.000";"5.98";"100.00";"0.03";"1.00";"0.0"
"2023-03-03 04:00:00.000";"5.22";"100.00";"0.03";"1.00";"0.3"
"2023-03-03 05:00:00.000";"6.28";"100.00";"0.05";"1.00";"0.0"
"2023-03-03 06:00:00.000";"6.08";"100.00";"0.05";"1.00";"0.0"
"2023-03-03 07:00:00.000";"5.35";"100.00";"0.00";"1.00";"0.0"
"2023-03-03 08:00:00.000";"6.32";"100.00";"0.00";"1.00";"0.0"
"2023-03-03 09:00:00.000";"10.12";"93.17";"0.65";"0.50";"0.0"
"2023-03-03 10:00:00.000";"12.62";"69.67";"1.92";"0.00";"0.0"
"2023-03-03 11:00:00.000";"13.58";"66.00";"4.97";"0.00";"0.0"
"2023-03-03 12:00:00.000";"12.50";"67.00";"3.42";"0.00";"0.0"
"2023-03-03 13:00:00.000";"11.95";"74.00";"3.55";"0.00";"0.0"
"2023-03-03 14:00:00.000";"12.72";"69.83";"4.13";"0.00";"0.0"
"2023-03-03 15:00:00.000";"14.43";"61.00";"7.13";"0.00";"0.0"
"2023-03-03 16:00:00.000";"14.10";"63.67";"6.27";"0.00";"0.0"
"2023-03-03 17:00:00.000";"14.00";"65.67";"5.50";"0.00";"0.0"
"2023-03-03 18:00:00.000";"12.10";"77.17";"2.12";"0.00";"0.0"
"2023-03-03 19:00:00.000";"9.90";"88.50";"0.02";"0.00";"0.0"
"2023-03-03 20:00:00.000";"9.28";"92.00";"0.00";"0.00";"0.0"
"2023-03-03 21:00:00.000";"9.93";"87.00";"0.75";"0.00";"0.0"
"2023-03-03 22:00:00.000";"9.63";"90.17";"0.90";"0.83";"0.0"
"2023-03-03 23:00:00.000";"10.28";"84.67";"1.62";"0.00";"0.0"
"2023-03-04 00:00:00.000";"9.78";"86.50";"0.27";"0.00";"0.0"
"2023-03-04 01:00:00.000";"9.28";"90.67";"0.08";"0.83";"0.0"
"2023-03-04 02:00:00.000";"8.62";"95.17";"0.08";"1.00";"0.3"
"2023-03-04 03:00:00.000";"8.03";"96.17";"1.25";"1.00";"0.3"
"2023-03-04 04:00:00.000";"8.20";"94.00";"1.00";"0.00";"0.0"
"2023-03-04 05:00:00.000";"8.37";"92.00";"2.53";"0.00";"0.0"
"2023-03-04 06:00:00.000";"8.35";"94.17";"4.62";"0.00";"0.0"
"2023-03-04 07:00:00.000";"8.50";"96.00";"4.10";"0.00";"0.0"
"2023-03-04 08:00:00.000";"8.67";"95.33";"2.58";"0.00";"0.0"
"2023-03-04 09:00:00.000";"9.38";"92.67";"3.20";"0.00";"0.0"
"2023-03-04 10:00:00.000";"10.83";"87.00";"5.15";"0.00";"0.0"
"2023-03-04 11:00:00.000";"12.45";"81.67";"4.58";"0.00";"0.0"
"2023-03-04 12:00:00.000";"13.37";"76.67";"5.08";"0.00";"0.0"
"2023-03-04 13:00:00.000";"13.88";"77.50";"4.73";"0.00";"0.0"
"2023-03-04 14:00:00.000";"15.65";"65.33";"4.37";"0.00";"0.0"
"2023-03-04 15:00:00.000";"15.27";"70.17";"3.63";"0.00";"0.0"
"2023-03-04 16:00:00.000";"15.37";"70.67";"3.08";"0.00";"0.0"
"2023-03-04 17:00:00.000";"13.27";"84.33";"2.63";"0.00";"0.0"
"2023-03-04 18:00:00.000";"12.57";"86.00";"3.83";"0.00";"0.0"
"2023-03-04 19:00:00.000";"10.62";"92.83";"2.85";"0.00";"0.0"
"2023-03-04 20:00:00.000";"9.73";"94.33";"2.00";"0.00";"0.0"
"2023-03-04 21:00:00.000";"8.17";"97.17";"0.22";"0.00";"0.0"
"2023-03-04 22:00:00.000";"7.58";"98.00";"0.83";"0.00";"0.0"
"2023-03-04 23:00:00.000";"6.22";"96.33";"0.05";"0.00";"0.0"
"2023-03-05 00:00:00.000";"7.22";"90.00";"0.13";"0.00";"0.0"
"2023-03-05 01:00:00.000";"7.15";"93.33";"0.05";"0.00";"0.0"
"2023-03-05 02:00:00.000";"7.55";"96.00";"0.17";"0.83";"3.9"
"2023-03-05 03:00:00.000";"7.25";"97.67";"0.12";"0.17";"0.0"
"2023-03-05 04:00:00.000";"7.07";"98.00";"0.00";"0.00";"0.3"
"2023-03-05 05:00:00.000";"6.60";"98.17";"0.03";"0.00";"0.0"
"2023-03-05 06:00:00.000";"6.55";"99.00";"0.13";"0.00";"0.0"
"2023-03-05 07:00:00.000";"6.83";"99.00";"0.40";"0.83";"0.3"
"2023-03-05 08:00:00.000";"7.57";"98.50";"1.37";"0.00";"0.0"
"2023-03-05 09:00:00.000";"8.25";"93.33";"4.52";"0.17";"0.3"
"2023-03-05 10:00:00.000";"6.88";"92.17";"5.12";"1.00";"1.8"
"2023-03-05 11:00:00.000";"10.30";"74.33";"3.13";"0.00";"0.0"
"2023-03-05 12:00:00.000";"10.52";"71.00";"5.00";"0.00";"0.0"
"2023-03-05 13:00:00.000";"10.28";"76.33";"5.33";"0.17";"0.0"
"2023-03-05 14:00:00.000";"9.93";"82.00";"7.10";"0.33";"0.6"
"2023-03-05 15:00:00.000";"10.00";"81.83";"8.97";"0.33";"0.3"
"2023-03-05 16:00:00.000";"9.82";"82.67";"7.63";"0.33";"0.3"
"2023-03-05 17:00:00.000";"9.33";"85.50";"10.78";"0.33";"0.9"
"2023-03-05 18:00:00.000";"8.83";"88.17";"10.50";"0.17";"0.9"
"2023-03-05 19:00:00.000";"8.10";"91.50";"9.83";"0.67";"0.0"
"2023-03-05 20:00:00.000";"7.25";"93.83";"4.58";"1.00";"2.4"
"2023-03-05 21:00:00.000";"7.47";"96.17";"4.77";"1.00";"1.5"
"2023-03-05 22:00:00.000";"7.22";"97.50";"3.88";"1.00";"6.6"
"2023-03-05 23:00:00.000";"7.25";"96.50";"4.70";"0.50";"0.9"
"2023-03-06 00:00:00.000";"7.60";"95.00";"3.08";"0.83";"1.2"
"2023-03-06 01:00:00.000";"7.42";"93.67";"1.85";"0.50";"0.3"
"2023-03-06 02:00:00.000";"7.75";"95.83";"1.40";"0.83";"0.0"
"2023-03-06 03:00:00.000";"7.77";"96.00";"1.20";"1.00";"0.0"
"2023-03-06 04:00:00.000";"8.02";"95.33";"1.30";"0.00";"0.0"
"2023-03-06 05:00:00.000";"7.88";"93.67";"1.47";"0.00";"0.0"
"2023-03-06 06:00:00.000";"8.00";"93.00";"1.00";"0.50";"0.0"
"2023-03-06 07:00:00.000";"7.58";"94.67";"0.47";"0.83";"0.3"
"2023-03-06 08:00:00.000";"8.53";"88.17";"1.77";"0.00";"0.0"
"2023-03-06 09:00:00.000";"10.65";"75.83";"2.17";"0.00";"0.0"
"2023-03-06 10:00:00.000";"12.08";"71.83";"1.62";"0.00";"0.0"
"2023-03-06 11:00:00.000";"12.47";"73.50";"3.42";"0.00";"0.0"
"2023-03-06 12:00:00.000";"12.17";"69.33";"4.02";"0.00";"0.0"
"2023-03-06 13:00:00.000";"13.17";"63.33";"5.65";"0.00";"0.0"
"2023-03-06 14:00:00.000";"13.80";"58.83";"7.97";"0.00";"0.0"
"2023-03-06 15:00:00.000";"13.48";"58.00";"7.23";"0.00";"0.0"
"2023-03-06 16:00:00.000";"12.87";"61.83";"7.23";"0.00";"0.0"
"2023-03-06 17:00:00.000";"13.50";"58.17";"6.12";"0.00";"0.0"
"2023-03-06 18:00:00.000";"11.27";"72.83";"6.02";"0.00";"0.0"
"2023-03-06 19:00:00.000";"9.68";"82.17";"2.43";"0.00";"0.0"
"2023-03-06 20:00:00.000";"8.35";"90.00";"0.13";"0.00";"0.0"
"2023-03-06 21:00:00.000";"8.87";"91.00";"0.22";"0.50";"1.2"
"2023-03-06 22:00:00.000";"8.33";"96.17";"0.65";"1.00";"0.0"
"2023-03-06 23:00:00.000";"8.30";"96.50";"0.68";"0.00";"0.0"
"2023-03-07 00:00:00.000";"8.12";"95.83";"0.43";"0.00";"0.0"
"2023-03-07 01:00:00.000";"7.52";"96.33";"0.12";"0.00";"0.0"
"2023-03-07 02:00:00.000";"7.55";"97.50";"0.08";"0.00";"0.0"
"2023-03-07 03:00:00.000";"8.00";"96.50";"0.20";"0.00";"0.0"
"2023-03-07 04:00:00.000";"8.65";"94.00";"0.23";"0.00";"0.0"
"2023-03-07 05:00:00.000";"8.08";"95.67";"0.02";"0.00";"0.0"
"2023-03-07 06:00:00.000";"8.22";"95.33";"0.00";"0.00";"0.0"
"2023-03-07 07:00:00.000";"8.62";"94.17";"0.00";"0.00";"0.0"
"2023-03-07 08:00:00.000";"9.05";"93.83";"0.00";"0.00";"0.0"
"2023-03-07 09:00:00.000";"10.30";"92.50";"0.37";"0.00";"0.0"
"2023-03-07 10:00:00.000";"11.07";"91.83";"0.72";"0.67";"0.0"
"2023-03-07 11:00:00.000";"10.85";"96.00";"2.27";"1.00";"1.8"
"2023-03-07 12:00:00.000";"11.32";"96.33";"4.58";"1.00";"0.0"
"2023-03-07 13:00:00.000";"12.02";"93.67";"4.38";"0.50";"0.0"
"2023-03-07 14:00:00.000";"13.05";"84.33";"7.30";"0.00";"0.0"
"2023-03-07 15:00:00.000";"12.42";"88.67";"6.67";"0.00";"0.0"
"2023-03-07 16:00:00.000";"12.18";"92.83";"6.72";"0.33";"0.0"
"2023-03-07 17:00:00.000";"12.42";"91.67";"5.67";"0.00";"0.0"
"2023-03-07 18:00:00.000";"12.30";"93.83";"7.07";"0.00";"0.0"
"2023-03-07 19:00:00.000";"12.22";"97.83";"8.92";"0.83";"0.6"
"2023-03-07 20:00:00.000";"12.07";"99.00";"8.92";"1.00";"1.8"
"2023-03-07 21:00:00.000";"12.22";"99.00";"9.50";"1.00";"0.0"
"2023-03-07 22:00:00.000";"12.05";"99.00";"8.10";"1.00";"0.0"
"2023-03-07 23:00:00.000";"11.62";"99.00";"3.83";"1.00";"0.0"
"2023-03-08 00:00:00.000";"11.12";"99.00";"0.83";"1.00";"0.0"
"2023-03-08 01:00:00.000";"10.33";"99.00";"1.02";"1.00";"0.0"
"2023-03-08 02:00:00.000";"8.58";"99.83";"0.27";"1.00";"0.0"
"2023-03-08 03:00:00.000";"7.77";"100.00";"0.17";"1.00";"0.0"
"2023-03-08 04:00:00.000";"7.42";"100.00";"0.08";"1.00";"0.3"
"2023-03-08 05:00:00.000";"7.83";"100.00";"0.05";"1.00";"0.0"
"2023-03-08 06:00:00.000";"8.48";"100.00";"0.20";"1.00";"0.0"
"2023-03-08 07:00:00.000";"7.63";"100.00";"0.42";"1.00";"0.0"
"2023-03-08 08:00:00.000";"8.48";"97.50";"0.58";"0.50";"0.0"
"2023-03-08 09:00:00.000";"10.37";"88.00";"1.03";"0.00";"0.0"
"2023-03-08 10:00:00.000";"12.62";"76.50";"2.30";"0.00";"0.0"
"2023-03-08 11:00:00.000";"12.32";"76.83";"2.13";"0.00";"0.0"
"2023-03-08 12:00:00.000";"13.18";"73.50";"2.53";"0.00";"0.0"
"2023-03-08 13:00:00.000";"12.77";"73.67";"2.93";"0.00";"0.0"
"2023-03-08 14:00:00.000";"13.70";"67.17";"2.13";"0.00";"0.0"
"2023-03-08 15:00:00.000";"13.60";"69.33";"3.17";"0.00";"0.0"
"2023-03-08 16:00:00.000";"13.60";"68.33";"3.52";"0.00";"0.0"
"2023-03-08 17:00:00.000";"13.30";"69.83";"2.53";"0.00";"0.0"
"2023-03-08 18:00:00.000";"12.27";"76.67";"3.47";"0.00";"0.0"
"2023-03-08 19:00:00.000";"10.87";"83.17";"1.65";"0.00";"0.0"
"2023-03-08 20:00:00.000";"9.80";"87.67";"0.75";"0.00";"0.0"
"2023-03-08 21:00:00.000";"9.68";"89.17";"0.75";"0.00";"0.0"
"2023-03-08 22:00:00.000";"9.37";"91.50";"0.25";"0.00";"0.0"
"2023-03-08 23:00:00.000";"9.02";"90.00";"0.37";"0.00";"0.0"
"2023-03-09 00:00:00.000";"9.02";"92.67";"0.15";"0.00";"0.0"
"2023-03-09 01:00:00.000";"9.55";"91.67";"0.52";"0.00";"0.0"
"2023-03-09 02:00:00.000";"10.03";"92.00";"1.25";"0.00";"0.0"
"2023-03-09 03:00:00.000";"10.10";"92.00";"1.58";"0.00";"0.0"
"2023-03-09 04:00:00.000";"9.38";"93.33";"0.08";"0.00";"0.0"
"2023-03-09 05:00:00.000";"7.63";"97.33";"0.03";"0.00";"0.0"
"2023-03-09 06:00:00.000";"7.33";"98.00";"0.20";"0.00";"0.0"
"2023-03-09 07:00:00.000";"6.12";"98.67";"0.40";"0.00";"0.0"
"2023-03-09 08:00:00.000";"8.32";"91.17";"0.77";"0.00";"0.0"
"2023-03-09 09:00:00.000";"11.75";"71.67";"0.38";"0.00";"0.0"
"2023-03-09 10:00:00.000";"14.22";"59.67";"3.72";"0.00";"0.0"
"2023-03-09 11:00:00.000";"14.33";"61.67";"7.77";"0.00";"0.0"
"2023-03-09 12:00:00.000";"15.23";"61.17";"7.27";"0.00";"0.0"
"2023-03-09 13:00:00.000";"16.37";"56.17";"7.22";"0.00";"0.0"
"2023-03-09 14:00:00.000";"16.67";"52.33";"8.53";"0.00";"0.0"
"2023-03-09 15:00:00.000";"16.70";"52.00";"8.22";"0.00";"0.0"
"2023-03-09 16:00:00.000";"15.97";"61.33";"8.12";"0.00";"0.0"
"2023-03-09 17:00:00.000";"13.90";"71.00";"5.20";"0.00";"0.0"
"2023-03-09 18:00:00.000";"12.87";"81.50";"3.67";"0.00";"0.0"
"2023-03-09 19:00:00.000";"11.77";"91.83";"3.75";"0.00";"0.0"
"2023-03-09 20:00:00.000";"11.45";"96.00";"3.45";"0.00";"0.0"
"2023-03-09 21:00:00.000";"11.37";"95.17";"1.57";"0.00";"0.0"
"2023-03-09 22:00:00.000";"11.28";"92.50";"1.08";"0.00";"0.0"
"2023-03-09 23:00:00.000";"9.73";"95.33";"0.00";"0.00";"0.0"
"2023-03-10 00:00:00.000";"9.48";"96.83";"0.08";"0.00";"0.0"
"2023-03-10 01:00:00.000";"10.55";"94.50";"0.05";"0.00";"0.0"
"2023-03-10 02:00:00.000";"10.87";"92.83";"0.00";"0.00";"0.0"
"2023-03-10 03:00:00.000";"9.78";"96.67";"0.00";"0.00";"0.0"
"2023-03-10 04:00:00.000";"10.05";"97.67";"0.17";"0.00";"0.0"
"2023-03-10 05:00:00.000";"10.23";"96.00";"0.55";"0.00";"0.0"
"2023-03-10 06:00:00.000";"8.97";"97.50";"0.15";"0.00";"0.0"
"2023-03-10 07:00:00.000";"8.43";"99.00";"0.17";"0.00";"0.0"
"2023-03-10 08:00:00.000";"9.57";"99.00";"0.23";"0.67";"0.0"
"2023-03-10 09:00:00.000";"11.72";"94.50";"0.22";"0.00";"0.0"
"2023-03-10 10:00:00.000";"15.82";"74.50";"0.27";"0.00";"0.0"
"2023-03-10 11:00:00.000";"16.80";"71.67";"2.73";"0.00";"0.0"
"2023-03-10 12:00:00.000";"14.70";"80.00";"4.23";"0.00";"0.0"
"2023-03-10 13:00:00.000";"15.73";"74.83";"4.72";"0.00";"0.0"
"2023-03-10 14:00:00.000";"16.25";"69.50";"4.35";"0.00";"0.0"
"2023-03-10 15:00:00.000";"17.10";"63.67";"5.67";"0.00";"0.0"
"2023-03-10 16:00:00.000";"15.98";"70.50";"5.28";"0.00";"0.0"
"2023-03-10 17:00:00.000";"14.65";"80.67";"4.15";"0.00";"0.0"
"2023-03-10 18:00:00.000";"13.60";"88.33";"2.60";"0.00";"0.0"
"2023-03-10 19:00:00.000";"12.55";"95.17";"0.05";"1.00";"0.6"
"2023-03-10 20:00:00.000";"11.90";"97.83";"0.05";"1.00";"0.0"
"2023-03-10 21:00:00.000";"11.70";"98.17";"0.02";"1.00";"0.0"
"2023-03-10 22:00:00.000";"11.57";"99.00";"0.38";"1.00";"0.0"
"2023-03-10 23:00:00.000";"12.05";"99.00";"0.45";"1.00";"0.3"
"2023-03-11 00:00:00.000";"12.03";"99.00";"0.05";"1.00";"0.0"
"2023-03-11 01:00:00.000";"12.02";"99.00";"0.05";"1.00";"0.0"
"2023-03-11 02:00:00.000";"11.75";"99.33";"0.42";"1.00";"0.0"
"2023-03-11 03:00:00.000";"11.97";"100.00";"1.97";"1.00";"0.0"
"2023-03-11 04:00:00.000";"12.18";"100.00";"7.00";"1.00";"0.0"
"2023-03-11 05:00:00.000";"12.02";"100.00";"9.63";"1.00";"0.0"
"2023-03-11 06:00:00.000";"12.08";"100.00";"9.58";"1.00";"0.6"
"2023-03-11 07:00:00.000";"11.42";"99.33";"5.93";"0.67";"0.0"
"2023-03-11 08:00:00.000";"12.12";"94.83";"2.02";"0.00";"0.0"
"2023-03-11 09:00:00.000";"12.88";"86.17";"3.88";"0.00";"0.0"
"2023-03-11 10:00:00.000";"13.52";"82.83";"6.05";"0.00";"0.0"
"2023-03-11 11:00:00.000";"13.83";"80.67";"5.85";"0.00";"0.0"
"2023-03-11 12:00:00.000";"14.35";"77.17";"6.92";"0.00";"0.0"
"2023-03-11 13:00:00.000";"14.70";"72.50";"7.58";"0.00";"0.0"
"2023-03-11 14:00:00.000";"14.03";"76.83";"8.55";"0.00";"0.0"
"2023-03-11 15:00:00.000";"13.65";"75.17";"6.87";"0.00";"0.0"
"2023-03-11 16:00:00.000";"13.67";"76.50";"6.68";"0.00";"0.0"
"2023-03-11 17:00:00.000";"14.32";"70.67";"4.33";"0.00";"0.0"
"2023-03-11 18:00:00.000";"12.63";"80.00";"3.75";"0.00";"0.0"
"2023-03-11 19:00:00.000";"11.58";"90.33";"3.25";"0.00";"0.0"
"2023-03-11 20:00:00.000";"11.23";"93.50";"1.25";"0.33";"0.0"
"2023-03-11 21:00:00.000";"10.75";"94.17";"0.02";"0.83";"0.6"
"2023-03-11 22:00:00.000";"10.75";"97.50";"0.08";"1.00";"0.0"
"2023-03-11 23:00:00.000";"10.55";"98.00";"0.02";"1.00";"0.0"
"2023-03-12 00:00:00.000";"10.53";"98.83";"0.00";"1.00";"0.0"
"2023-03-12 01:00:00.000";"10.57";"99.00";"0.10";"1.00";"0.0"
"2023-03-12 02:00:00.000";"10.83";"99.00";"0.00";"1.00";"0.3"
"2023-03-12 03:00:00.000";"10.85";"99.00";"0.00";"1.00";"0.0"
"2023-03-12 04:00:00.000";"11.15";"99.00";"0.00";"1.00";"0.3"
"2023-03-12 05:00:00.000";"11.25";"99.00";"0.12";"1.00";"0.0"
"2023-03-12 06:00:00.000";"11.33";"100.00";"0.22";"1.00";"0.0"
"2023-03-12 07:00:00.000";"10.65";"100.00";"0.03";"1.00";"0.0"
"2023-03-12 08:00:00.000";"10.25";"100.00";"0.22";"1.00";"0.0"
"2023-03-12 09:00:00.000";"12.23";"98.40";"0.37";"0.50";"0.0"
"2023-03-12 10:00:00.000";"16.05";"76.33";"2.08";"0.00";"0.0"
"2023-03-12 11:00:00.000";"16.75";"69.83";"2.33";"0.00";"0.0"
"2023-03-12 12:00:00.000";"17.67";"67.83";"2.65";"0.00";"0.0"
"2023-03-12 13:00:00.000";"17.20";"69.33";"5.95";"0.00";"0.0"
"2023-03-12 14:00:00.000";"16.95";"64.50";"9.57";"0.00";"0.0"
"2023-03-12 15:00:00.000";"17.92";"61.33";"8.32";"0.00";"0.0"
"2023-03-12 16:00:00.000";"18.17";"63.33";"6.82";"0.00";"0.0"
"2023-03-12 17:00:00.000";"16.92";"63.67";"6.08";"0.00";"0.0"
"2023-03-12 18:00:00.000";"16.20";"70.33";"2.42";"0.00";"0.0"
"2023-03-12 19:00:00.000";"13.52";"80.17";"1.50";"0.00";"0.0"
"2023-03-12 20:00:00.000";"11.77";"85.00";"0.92";"0.00";"0.0"
"2023-03-12 21:00:00.000";"9.57";"93.50";"0.00";"0.00";"0.0"
"2023-03-12 22:00:00.000";"8.72";"96.50";"0.02";"0.00";"0.0"
"2023-03-12 23:00:00.000";"8.17";"97.50";"0.00";"0.00";"0.0"
"2023-03-13 00:00:00.000";"9.43";"97.33";"0.00";"0.00";"0.0"
"2023-03-13 01:00:00.000";"9.27";"94.83";"0.20";"0.00";"0.0"
"2023-03-13 02:00:00.000";"9.28";"95.33";"0.23";"0.00";"0.0"
"2023-03-13 03:00:00.000";"10.12";"87.50";"2.13";"0.00";"0.0"
"2023-03-13 04:00:00.000";"10.00";"78.33";"5.27";"0.00";"0.0"
"2023-03-13 05:00:00.000";"9.85";"74.17";"4.53";"0.00";"0.0"
"2023-03-13 06:00:00.000";"9.63";"69.17";"6.47";"0.00";"0.0"
"2023-03-13 07:00:00.000";"9.07";"68.83";"7.23";"0.00";"0.0"
"2023-03-13 08:00:00.000";"9.55";"64.67";"8.13";"0.00";"0.0"
"2023-03-13 09:00:00.000";"11.23";"55.83";"6.08";"0.00";"0.0"
"2023-03-13 10:00:00.000";"13.00";"53.67";"5.30";"0.00";"0.0"
"2023-03-13 11:00:00.000";"13.78";"53.17";"6.40";"0.00";"0.0"
"2023-03-13 12:00:00.000";"12.57";"63.17";"2.33";"0.00";"0.0"
"2023-03-13 13:00:00.000";"13.72";"57.50";"3.40";"0.00";"0.0"
"2023-03-13 14:00:00.000";"14.85";"49.50";"3.12";"0.00";"0.0"
"2023-03-13 15:00:00.000";"14.28";"55.50";"1.60";"0.00";"0.0"
"2023-03-13 16:00:00.000";"15.00";"55.00";"1.82";"0.00";"0.0"
"2023-03-13 17:00:00.000";"14.65";"55.33";"2.00";"0.00";"0.0"
"2023-03-13 18:00:00.000";"13.82";"56.17";"1.32";"0.00";"0.0"
"2023-03-13 19:00:00.000";"10.75";"72.17";"1.10";"0.00";"0.0"
"2023-03-13 20:00:00.000";"8.22";"80.00";"0.05";"0.00";"0.0"
"2023-03-13 21:00:00.000";"6.77";"86.67";"0.00";"0.00";"0.0"
"2023-03-13 22:00:00.000";"6.42";"85.17";"0.02";"0.00";"0.0"
"2023-03-13 23:00:00.000";"8.00";"78.00";"2.32";"0.00";"0.0"
"2023-03-14 00:00:00.000";"8.82";"62.50";"4.57";"0.00";"0.0"
"2023-03-14 01:00:00.000";"8.65";"52.33";"2.73";"0.00";"0.0"
"2023-03-14 02:00:00.000";"8.85";"39.67";"2.93";"0.00";"0.0"
"2023-03-14 03:00:00.000";"8.77";"32.50";"2.87";"0.00";"0.0"
"2023-03-14 04:00:00.000";"8.92";"28.67";"3.77";"0.00";"0.0"
"2023-03-14 05:00:00.000";"8.97";"27.67";"3.58";"0.00";"0.0"
"2023-03-14 06:00:00.000";"8.45";"30.50";"2.92";"0.00";"0.0"
"2023-03-14 07:00:00.000";"5.82";"41.67";"0.95";"0.00";"0.0"
"2023-03-14 08:00:00.000";"6.70";"45.67";"0.30";"0.00";"0.0"
"2023-03-14 09:00:00.000";"11.65";"54.17";"1.22";"0.00";"0.0"
"2023-03-14 10:00:00.000";"13.17";"63.83";"3.40";"0.00";"0.0"
"2023-03-14 11:00:00.000";"13.90";"62.33";"4.13";"0.00";"0.0"
"2023-03-14 12:00:00.000";"14.63";"52.17";"3.67";"0.00";"0.0"
"2023-03-14 13:00:00.000";"15.18";"44.67";"4.38";"0.00";"0.0"
"2023-03-14 14:00:00.000";"15.13";"40.50";"6.50";"0.00";"0.0"
"2023-03-14 15:00:00.000";"15.30";"44.83";"6.38";"0.00";"0.0"
"2023-03-14 16:00:00.000";"15.38";"49.17";"7.43";"0.00";"0.0"
"2023-03-14 17:00:00.000";"14.83";"49.67";"6.63";"0.00";"0.0"
"2023-03-14 18:00:00.000";"12.32";"56.17";"5.57";"0.00";"0.0"
"2023-03-14 19:00:00.000";"9.72";"68.67";"2.32";"0.00";"0.0"
"2023-03-14 20:00:00.000";"6.37";"89.17";"0.03";"0.00";"0.0"
"2023-03-14 21:00:00.000";"5.13";"95.83";"0.03";"0.00";"0.0"
"2023-03-14 22:00:00.000";"5.35";"91.67";"0.08";"0.00";"0.0"
"2023-03-14 23:00:00.000";"6.15";"84.00";"0.45";"0.00";"0.0"
"2023-03-15 00:00:00.000";"7.08";"86.00";"0.50";"0.00";"0.0"
"2023-03-15 01:00:00.000";"7.42";"94.17";"0.32";"0.00";"0.0"
"2023-03-15 02:00:00.000";"7.08";"97.17";"0.18";"0.00";"0.0"
"2023-03-15 03:00:00.000";"7.65";"97.33";"0.35";"0.00";"0.0"
"2023-03-15 04:00:00.000";"6.13";"98.00";"0.00";"0.00";"0.0"
"2023-03-15 05:00:00.000";"5.57";"98.83";"0.00";"0.33";"0.0"
"2023-03-15 06:00:00.000";"6.58";"99.00";"0.00";"1.00";"0.0"
"2023-03-15 07:00:00.000";"7.98";"99.00";"0.02";"1.00";"0.0"
"2023-03-15 08:00:00.000";"8.58";"99.00";"0.30";"1.00";"0.0"
"2023-03-15 09:00:00.000";"8.53";"97.00";"1.12";"0.83";"0.0"
"2023-03-15 10:00:00.000";"9.33";"96.00";"0.15";"0.83";"0.3"
"2023-03-15 11:00:00.000";"10.32";"96.67";"0.17";"1.00";"0.0"
"2023-03-15 12:00:00.000";"11.97";"97.33";"3.90";"1.00";"0.3"
"2023-03-15 13:00:00.000";"12.52";"96.33";"10.13";"0.83";"0.0"
"2023-03-15 14:00:00.000";"12.33";"92.33";"9.63";"0.83";"0.0"
"2023-03-15 15:00:00.000";"12.85";"77.33";"4.68";"0.00";"0.0"
"2023-03-15 16:00:00.000";"13.28";"73.50";"5.10";"0.00";"0.0"
"2023-03-15 17:00:00.000";"13.05";"75.17";"4.72";"0.00";"0.0"
"2023-03-15 18:00:00.000";"10.73";"85.17";"4.70";"0.50";"1.2"
"2023-03-15 19:00:00.000";"10.07";"89.83";"0.68";"0.00";"0.0"
"2023-03-15 20:00:00.000";"9.32";"90.83";"1.02";"0.00";"0.0"
"2023-03-15 21:00:00.000";"8.92";"93.50";"0.45";"0.33";"0.3"
"2023-03-15 22:00:00.000";"9.27";"93.50";"2.13";"1.00";"0.0"
"2023-03-15 23:00:00.000";"8.80";"93.83";"0.72";"1.00";"0.0"
"2023-03-16 00:00:00.000";"8.90";"95.00";"1.58";"0.67";"0.3"
"2023-03-16 01:00:00.000";"8.27";"96.83";"1.08";"1.00";"0.3"
"2023-03-16 02:00:00.000";"7.23";"98.17";"0.05";"1.00";"0.0"
"2023-03-16 03:00:00.000";"7.52";"99.00";"0.02";"1.00";"0.9"
"2023-03-16 04:00:00.000";"7.87";"99.00";"0.03";"0.00";"1.5"
"2023-03-16 05:00:00.000";"7.65";"99.00";"0.00";"0.00";"0.9"
"2023-03-16 06:00:00.000";"7.53";"99.00";"0.18";"0.00";"0.0"
"2023-03-16 07:00:00.000";"7.60";"99.00";"0.47";"0.00";"1.2"
"2023-03-16 08:00:00.000";"7.40";"98.83";"0.78";"0.00";"3.9"
"2023-03-16 09:00:00.000";"7.57";"98.83";"0.05";"0.00";"1.2"
"2023-03-16 10:00:00.000";"8.50";"98.50";"0.05";"0.00";"0.3"
"2023-03-16 11:00:00.000";"11.57";"87.00";"1.22";"0.00";"0.0"
"2023-03-16 12:00:00.000";"12.58";"71.83";"3.65";"0.00";"0.0"
"2023-03-16 13:00:00.000";"13.77";"62.50";"5.10";"0.00";"0.0"
"2023-03-16 14:00:00.000";"13.93";"62.50";"4.78";"0.00";"0.0"
"2023-03-16 15:00:00.000";"14.00";"60.67";"7.52";"0.00";"0.0"
"2023-03-16 16:00:00.000";"13.02";"68.83";"5.60";"0.00";"0.0"
"2023-03-16 17:00:00.000";"10.40";"89.17";"3.10";"1.00";"0.0"
"2023-03-16 18:00:00.000";"9.90";"91.83";"2.38";"0.50";"0.3"
"2023-03-16 19:00:00.000";"9.02";"94.33";"0.57";"0.00";"0.0"
"2023-03-16 20:00:00.000";"7.70";"97.50";"0.03";"0.00";"0.0"
"2023-03-16 21:00:00.000";"7.53";"98.00";"0.13";"0.00";"0.0"
"2023-03-16 22:00:00.000";"7.52";"98.00";"0.02";"0.00";"0.0"
"2023-03-16 23:00:00.000";"7.42";"98.00";"0.00";"0.00";"0.0"
"2023-03-17 00:00:00.000";"8.18";"97.50";"0.02";"0.00";"0.0"
"2023-03-17 01:00:00.000";"8.35";"96.00";"0.07";"0.00";"0.0"
"2023-03-17 02:00:00.000";"7.75";"97.00";"0.08";"0.00";"0.0"
"2023-03-17 03:00:00.000";"8.03";"96.83";"0.02";"0.00";"0.0"
"2023-03-17 04:00:00.000";"8.05";"97.67";"0.07";"0.67";"0.3"
"2023-03-17 05:00:00.000";"7.90";"98.50";"0.12";"1.00";"0.0"
"2023-03-17 06:00:00.000";"7.82";"99.00";"0.00";"1.00";"1.2"
"2023-03-17 07:00:00.000";"8.02";"99.00";"0.02";"0.00";"2.4"
"2023-03-17 08:00:00.000";"8.02";"99.00";"0.07";"0.00";"2.1"
"2023-03-17 09:00:00.000";"7.93";"99.00";"0.78";"0.00";"3.6"
"2023-03-17 10:00:00.000";"7.58";"99.00";"1.13";"0.00";"4.8"
"2023-03-17 11:00:00.000";"6.85";"99.83";"3.92";"0.00";"11.4"
"2023-03-17 12:00:00.000";"6.15";"98.83";"5.40";"0.00";"3.9"
"2023-03-17 13:00:00.000";"8.00";"89.83";"7.70";"0.00";"0.3"
"2023-03-17 14:00:00.000";"9.52";"73.83";"8.28";"0.00";"0.0"
"2023-03-17 15:00:00.000";"10.03";"67.83";"8.63";"0.00";"0.0"
"2023-03-17 16:00:00.000";"12.05";"56.83";"8.07";"0.00";"0.0"
"2023-03-17 17:00:00.000";"12.08";"56.33";"5.63";"0.00";"0.0"
"2023-03-17 18:00:00.000";"10.63";"62.83";"3.95";"0.00";"0.0"
"2023-03-17 19:00:00.000";"8.90";"70.17";"3.07";"0.00";"0.0"
"2023-03-17 20:00:00.000";"8.22";"70.50";"4.48";"0.00";"0.0"
"2023-03-17 21:00:00.000";"8.15";"68.17";"4.43";"0.00";"0.0"
"2023-03-17 22:00:00.000";"7.93";"68.50";"5.00";"0.00";"0.0"
"2023-03-17 23:00:00.000";"7.68";"69.17";"3.75";"0.00";"0.0"
"2023-03-18 00:00:00.000";"7.47";"68.67";"5.88";"0.00";"0.0"
"2023-03-18 01:00:00.000";"7.32";"67.67";"5.32";"0.00";"0.0"
"2023-03-18 02:00:00.000";"7.20";"67.67";"6.73";"0.00";"0.0"
"2023-03-18 03:00:00.000";"6.88";"68.83";"5.68";"0.00";"0.0"
"2023-03-18 04:00:00.000";"6.73";"68.50";"4.27";"0.00";"0.0"
"2023-03-18 05:00:00.000";"6.00";"72.00";"1.93";"0.00";"0.0"
"2023-03-18 06:00:00.000";"6.33";"70.83";"1.98";"0.00";"0.0"
"2023-03-18 07:00:00.000";"6.18";"71.00";"1.75";"0.00";"0.0"
"2023-03-18 08:00:00.000";"8.35";"63.17";"2.25";"0.00";"0.0"
"2023-03-18 09:00:00.000";"11.58";"50.67";"1.70";"0.00";"0.0"
"2023-03-18 10:00:00.000";"13.27";"48.17";"1.68";"0.00";"0.0"
"2023-03-18 11:00:00.000";"13.63";"52.17";"3.95";"0.00";"0.0"
"2023-03-18 12:00:00.000";"13.20";"53.33";"4.32";"0.00";"0.0"
"2023-03-18 13:00:00.000";"13.68";"47.83";"4.88";"0.00";"0.0"
"2023-03-18 14:00:00.000";"13.58";"47.67";"8.00";"0.00";"0.0"
"2023-03-18 15:00:00.000";"14.30";"47.17";"6.42";"0.00";"0.0"
"2023-03-18 16:00:00.000";"14.10";"51.17";"6.55";"0.00";"0.0"
"2023-03-18 17:00:00.000";"13.00";"56.67";"7.38";"0.00";"0.0"
"2023-03-18 18:00:00.000";"11.27";"66.17";"6.42";"0.00";"0.0"
"2023-03-18 19:00:00.000";"9.58";"75.67";"4.02";"0.00";"0.0"
"2023-03-18 20:00:00.000";"8.53";"79.33";"2.13";"0.00";"0.0"
"2023-03-18 21:00:00.000";"8.00";"81.50";"1.20";"0.00";"0.0"
"2023-03-18 22:00:00.000";"8.73";"77.33";"2.88";"0.00";"0.0"
"2023-03-18 23:00:00.000";"9.15";"79.50";"5.58";"0.00";"0.0"
"2023-03-19 00:00:00.000";"7.35";"86.00";"1.12";"0.00";"0.0"
"2023-03-19 01:00:00.000";"5.25";"92.33";"0.07";"0.00";"0.0"
"2023-03-19 02:00:00.000";"7.72";"83.17";"1.70";"0.00";"0.0"
"2023-03-19 03:00:00.000";"8.18";"78.17";"3.43";"0.00";"0.0"
"2023-03-19 04:00:00.000";"7.82";"83.33";"4.15";"0.00";"0.0"
"2023-03-19 05:00:00.000";"7.68";"84.67";"3.37";"0.00";"0.0"
"2023-03-19 06:00:00.000";"7.47";"82.00";"2.35";"0.00";"0.0"
"2023-03-19 07:00:00.000";"6.62";"76.17";"1.92";"0.00";"0.0"
"2023-03-19 08:00:00.000";"9.08";"70.17";"0.33";"0.00";"0.0"
"2023-03-19 09:00:00.000";"12.27";"55.83";"1.35";"0.00";"0.0"
"2023-03-19 10:00:00.000";"13.03";"59.50";"3.67";"0.00";"0.0"
"2023-03-19 11:00:00.000";"13.50";"61.67";"6.32";"0.00";"0.0"
"2023-03-19 12:00:00.000";"13.83";"60.67";"4.92";"0.00";"0.0"
"2023-03-19 13:00:00.000";"14.93";"52.33";"5.88";"0.00";"0.0"
"2023-03-19 14:00:00.000";"14.93";"47.00";"7.25";"0.00";"0.0"
"2023-03-19 15:00:00.000";"15.20";"46.67";"6.93";"0.00";"0.0"
"2023-03-19 16:00:00.000";"15.00";"53.67";"7.52";"0.00";"0.0"
"2023-03-19 17:00:00.000";"14.57";"53.00";"7.63";"0.00";"0.0"
"2023-03-19 18:00:00.000";"13.20";"59.33";"5.02";"0.00";"0.0"
"2023-03-19 19:00:00.000";"10.58";"72.00";"0.97";"0.00";"0.0"
"2023-03-19 20:00:00.000";"7.62";"83.67";"0.00";"0.00";"0.0"
"2023-03-19 21:00:00.000";"9.38";"68.50";"1.78";"0.00";"0.0"
"2023-03-19 22:00:00.000";"8.53";"72.17";"0.73";"0.00";"0.0"
"2023-03-19 23:00:00.000";"6.00";"83.83";"0.13";"0.00";"0.0"
"2023-03-20 00:00:00.000";"6.20";"83.00";"0.20";"0.00";"0.0"
"2023-03-20 01:00:00.000";"6.15";"84.00";"0.27";"0.00";"0.0"
"2023-03-20 02:00:00.000";"6.15";"84.17";"0.00";"0.00";"0.0"
"2023-03-20 03:00:00.000";"5.90";"84.83";"0.12";"0.00";"0.0"
"2023-03-20 04:00:00.000";"6.25";"84.00";"0.25";"0.00";"0.0"
"2023-03-20 05:00:00.000";"7.00";"77.00";"0.98";"0.00";"0.0"
"2023-03-20 06:00:00.000";"6.27";"77.00";"0.13";"0.00";"0.0"
"2023-03-20 07:00:00.000";"5.58";"81.33";"0.02";"0.00";"0.0"
"2023-03-20 08:00:00.000";"10.88";"64.33";"0.15";"0.00";"0.0"
"2023-03-20 09:00:00.000";"14.72";"53.33";"0.28";"0.00";"0.0"
"2023-03-20 10:00:00.000";"14.53";"56.33";"1.88";"0.00";"0.0"
"2023-03-20 11:00:00.000";"15.58";"56.83";"3.40";"0.00";"0.0"
"2023-03-20 12:00:00.000";"16.22";"55.00";"4.28";"0.00";"0.0"
"2023-03-20 13:00:00.000";"16.85";"53.50";"1.77";"0.00";"0.0"
"2023-03-20 14:00:00.000";"17.33";"55.00";"4.22";"0.00";"0.0"
"2023-03-20 15:00:00.000";"17.37";"58.50";"3.47";"0.00";"0.0"
"2023-03-20 16:00:00.000";"17.37";"57.33";"6.10";"0.00";"0.0"
"2023-03-20 17:00:00.000";"15.93";"56.00";"5.95";"0.00";"0.0"
"2023-03-20 18:00:00.000";"15.37";"60.00";"2.70";"0.00";"0.0"
"2023-03-20 19:00:00.000";"12.68";"75.17";"1.12";"0.00";"0.0"
"2023-03-20 20:00:00.000";"10.20";"86.00";"0.03";"0.00";"0.0"
"2023-03-20 21:00:00.000";"9.32";"87.17";"0.00";"0.00";"0.0"
"2023-03-20 22:00:00.000";"9.33";"82.67";"0.02";"0.00";"0.0"
"2023-03-20 23:00:00.000";"8.18";"84.50";"0.17";"0.00";"0.0"
"2023-03-21 00:00:00.000";"8.73";"73.83";"0.07";"0.00";"0.0"
"2023-03-21 01:00:00.000";"10.00";"67.50";"1.17";"0.00";"0.0"
"2023-03-21 02:00:00.000";"8.43";"73.00";"0.52";"0.00";"0.0"
"2023-03-21 03:00:00.000";"9.45";"69.67";"0.88";"0.00";"0.0"
"2023-03-21 04:00:00.000";"9.00";"69.50";"0.55";"0.00";"0.0"
"2023-03-21 05:00:00.000";"8.27";"71.67";"0.00";"0.00";"0.0"
"2023-03-21 06:00:00.000";"8.65";"72.17";"0.02";"0.00";"0.0"
"2023-03-21 07:00:00.000";"9.23";"68.17";"0.12";"0.00";"0.0"
"2023-03-21 08:00:00.000";"10.58";"62.33";"0.37";"0.00";"0.0"
"2023-03-21 09:00:00.000";"11.68";"60.33";"0.10";"0.00";"0.0"
"2023-03-21 10:00:00.000";"13.18";"56.83";"1.67";"0.00";"0.0"
"2023-03-21 11:00:00.000";"15.28";"47.17";"2.62";"0.00";"0.0"
"2023-03-21 12:00:00.000";"15.90";"52.83";"2.85";"0.00";"0.0"
"2023-03-21 13:00:00.000";"13.87";"66.67";"5.28";"0.00";"0.0"
"2023-03-21 14:00:00.000";"14.18";"63.67";"3.47";"0.00";"0.0"
"2023-03-21 15:00:00.000";"13.85";"68.50";"3.37";"0.00";"0.0"
"2023-03-21 16:00:00.000";"13.53";"75.83";"0.48";"0.00";"0.0"
"2023-03-21 17:00:00.000";"13.38";"70.67";"4.18";"0.00";"0.0"
"2023-03-21 18:00:00.000";"12.97";"72.00";"2.65";"0.00";"0.0"
"2023-03-21 19:00:00.000";"12.22";"67.50";"0.13";"0.00";"0.0"
"2023-03-21 20:00:00.000";"12.08";"56.83";"0.18";"0.00";"0.0"
"2023-03-21 21:00:00.000";"12.58";"51.17";"1.43";"0.00";"0.0"
"2023-03-21 22:00:00.000";"11.30";"61.00";"0.65";"0.00";"0.0"
"2023-03-21 23:00:00.000";"10.88";"60.17";"0.85";"0.00";"0.0"
"2023-03-22 00:00:00.000";"8.48";"71.00";"0.02";"0.00";"0.0"
"2023-03-22 01:00:00.000";"6.83";"75.33";"0.00";"0.00";"0.0"
"2023-03-22 02:00:00.000";"6.95";"74.00";"0.17";"0.00";"0.0"
"2023-03-22 03:00:00.000";"6.37";"74.50";"0.02";"0.00";"0.0"
"2023-03-22 04:00:00.000";"6.07";"75.33";"0.03";"0.00";"0.0"
"2023-03-22 05:00:00.000";"6.70";"72.50";"0.00";"0.00";"0.0"
"2023-03-22 06:00:00.000";"7.83";"68.83";"0.17";"0.00";"0.0"
"2023-03-22 07:00:00.000";"7.47";"74.67";"0.12";"0.00";"0.0"
"2023-03-22 08:00:00.000";"11.17";"64.50";"0.05";"0.00";"0.0"
"2023-03-22 09:00:00.000";"15.93";"50.50";"0.43";"0.00";"0.0"
"2023-03-22 10:00:00.000";"16.50";"54.17";"2.33";"0.00";"0.0"
"2023-03-22 11:00:00.000";"17.62";"54.50";"2.28";"0.00";"0.0"
"2023-03-22 12:00:00.000";"17.98";"52.67";"3.43";"0.00";"0.0"
"2023-03-22 13:00:00.000";"18.30";"46.83";"3.70";"0.00";"0.0"
"2023-03-22 14:00:00.000";"18.58";"48.33";"3.48";"0.00";"0.0"
"2023-03-22 15:00:00.000";"18.80";"51.00";"5.57";"0.00";"0.0"
"2023-03-22 16:00:00.000";"18.45";"51.00";"2.55";"0.00";"0.0"
"2023-03-22 17:00:00.000";"18.22";"59.67";"2.87";"0.00";"0.0"
"2023-03-22 18:00:00.000";"15.17";"74.33";"2.95";"0.00";"0.0"
"2023-03-22 19:00:00.000";"13.62";"82.33";"0.03";"0.00";"0.0"
"2023-03-22 20:00:00.000";"10.45";"90.33";"0.03";"0.00";"0.0"
"2023-03-22 21:00:00.000";"9.50";"93.67";"0.03";"0.00";"0.0"
"2023-03-22 22:00:00.000";"9.23";"93.83";"0.73";"0.00";"0.0"
"2023-03-22 23:00:00.000";"9.20";"92.83";"0.03";"0.00";"0.0"
"2023-03-23 00:00:00.000";"9.10";"87.00";"0.03";"0.00";"0.0"
"2023-03-23 01:00:00.000";"10.48";"78.67";"1.38";"0.00";"0.0"
"2023-03-23 02:00:00.000";"11.63";"68.67";"4.32";"0.00";"0.0"
"2023-03-23 03:00:00.000";"11.70";"64.33";"5.72";"0.00";"0.0"
"2023-03-23 04:00:00.000";"11.63";"63.83";"5.47";"0.00";"0.0"
"2023-03-23 05:00:00.000";"11.55";"63.33";"4.95";"0.00";"0.0"
"2023-03-23 06:00:00.000";"11.37";"64.17";"3.60";"0.00";"0.0"
"2023-03-23 07:00:00.000";"11.75";"60.83";"3.37";"0.00";"0.0"
"2023-03-23 08:00:00.000";"13.50";"55.00";"1.93";"0.00";"0.0"
"2023-03-23 09:00:00.000";"15.33";"52.83";"0.92";"0.00";"0.0"
"2023-03-23 10:00:00.000";"16.97";"48.00";"2.98";"0.00";"0.0"
"2023-03-23 11:00:00.000";"17.82";"51.00";"3.83";"0.00";"0.0"
"2023-03-23 12:00:00.000";"16.58";"50.83";"3.33";"0.00";"0.0"
"2023-03-23 13:00:00.000";"15.62";"63.50";"4.02";"0.00";"0.0"
"2023-03-23 14:00:00.000";"16.02";"57.33";"3.52";"0.00";"0.0"
"2023-03-23 15:00:00.000";"15.52";"57.33";"4.22";"0.00";"0.0"
"2023-03-23 16:00:00.000";"15.25";"58.00";"2.85";"0.00";"0.0"
"2023-03-23 17:00:00.000";"14.75";"64.83";"3.15";"0.00";"0.0"
"2023-03-23 18:00:00.000";"14.10";"69.17";"2.20";"0.00";"0.0"
"2023-03-23 19:00:00.000";"12.70";"78.00";"0.02";"0.00";"0.0"
"2023-03-23 20:00:00.000";"11.83";"82.67";"0.03";"0.00";"0.0"
"2023-03-23 21:00:00.000";"11.73";"82.17";"0.17";"0.00";"0.0"
"2023-03-23 22:00:00.000";"12.75";"67.33";"2.62";"0.00";"0.0"
"2023-03-23 23:00:00.000";"12.52";"64.50";"2.82";"0.00";"0.0"
"2023-03-24 00:00:00.000";"11.87";"65.33";"1.87";"0.00";"0.0"
"2023-03-24 01:00:00.000";"11.33";"67.33";"1.43";"0.00";"0.0"
"2023-03-24 02:00:00.000";"8.92";"77.50";"0.03";"0.00";"0.0"
"2023-03-24 03:00:00.000";"10.70";"68.67";"0.65";"0.00";"0.0"
"2023-03-24 04:00:00.000";"10.52";"66.67";"0.57";"0.00";"0.0"
"2023-03-24 05:00:00.000";"9.18";"71.17";"0.22";"0.00";"0.0"
"2023-03-24 06:00:00.000";"10.00";"67.33";"0.43";"0.00";"0.0"
"2023-03-24 07:00:00.000";"10.75";"61.50";"2.52";"0.00";"0.0"
"2023-03-24 08:00:00.000";"13.25";"55.17";"1.38";"0.00";"0.0"
"2023-03-24 09:00:00.000";"17.15";"41.67";"1.05";"0.00";"0.0"
"2023-03-24 10:00:00.000";"18.13";"44.50";"1.92";"0.00";"0.0"
"2023-03-24 11:00:00.000";"19.27";"45.33";"1.87";"0.00";"0.0"
"2023-03-24 12:00:00.000";"17.95";"54.17";"5.08";"0.00";"0.0"
"2023-03-24 13:00:00.000";"17.28";"55.50";"6.33";"0.00";"0.0"
"2023-03-24 14:00:00.000";"17.58";"50.83";"7.43";"0.00";"0.0"
"2023-03-24 15:00:00.000";"17.97";"51.17";"8.75";"0.00";"0.0"
"2023-03-24 16:00:00.000";"18.63";"47.00";"6.72";"0.00";"0.0"
"2023-03-24 17:00:00.000";"17.80";"51.17";"4.93";"0.00";"0.0"
"2023-03-24 18:00:00.000";"16.75";"59.50";"3.55";"0.00";"0.0"
"2023-03-24 19:00:00.000";"14.27";"72.50";"1.72";"0.00";"0.0"
"2023-03-24 20:00:00.000";"11.58";"82.17";"0.48";"0.00";"0.0"
"2023-03-24 21:00:00.000";"9.78";"91.00";"0.00";"0.00";"0.0"
"2023-03-24 22:00:00.000";"9.22";"95.33";"0.02";"0.00";"0.0"
"2023-03-24 23:00:00.000";"9.00";"86.50";"0.08";"0.00";"0.0"
"2023-03-25 00:00:00.000";"8.68";"85.50";"0.05";"0.00";"0.0"
"2023-03-25 01:00:00.000";"8.50";"82.50";"0.02";"0.00";"0.0"
"2023-03-25 02:00:00.000";"9.45";"72.50";"0.12";"0.00";"0.0"
"2023-03-25 03:00:00.000";"8.47";"77.50";"0.05";"0.00";"0.0"
"2023-03-25 04:00:00.000";"8.28";"77.00";"0.12";"0.00";"0.0"
"2023-03-25 05:00:00.000";"7.92";"79.00";"0.00";"0.00";"0.0"
"2023-03-25 06:00:00.000";"6.93";"83.17";"0.00";"0.00";"0.0"
"2023-03-25 07:00:00.000";"7.23";"81.67";"0.13";"0.00";"0.0"
"2023-03-25 08:00:00.000";"11.95";"67.67";"0.05";"0.00";"0.0"
"2023-03-25 09:00:00.000";"16.00";"55.50";"0.28";"0.00";"0.0"
"2023-03-25 10:00:00.000";"17.88";"53.00";"1.72";"0.00";"0.0"
"2023-03-25 11:00:00.000";"19.45";"54.50";"2.55";"0.00";"0.0"
"2023-03-25 12:00:00.000";"19.53";"42.67";"6.42";"0.00";"0.0"
"2023-03-25 13:00:00.000";"18.73";"43.17";"8.65";"0.00";"0.0"
"2023-03-25 14:00:00.000";"19.27";"41.33";"6.80";"0.00";"0.0"
"2023-03-25 15:00:00.000";"19.42";"41.17";"6.10";"0.00";"0.0"
"2023-03-25 16:00:00.000";"18.57";"46.17";"7.65";"0.00";"0.0"
"2023-03-25 17:00:00.000";"17.37";"49.00";"6.58";"0.00";"0.0"
"2023-03-25 18:00:00.000";"14.57";"63.50";"4.08";"0.00";"0.0"
"2023-03-25 19:00:00.000";"12.17";"77.50";"2.27";"0.00";"0.0"
"2023-03-25 20:00:00.000";"9.57";"88.67";"0.42";"0.00";"0.0"
"2023-03-25 21:00:00.000";"10.23";"75.50";"0.83";"0.00";"0.0"
"2023-03-25 22:00:00.000";"11.20";"68.17";"0.90";"0.00";"0.0"
"2023-03-25 23:00:00.000";"11.33";"67.67";"1.98";"0.00";"0.0"
"2023-03-26 00:00:00.000";"11.50";"62.33";"2.05";"0.00";"0.0"
"2023-03-26 01:00:00.000";"11.03";"61.67";"1.93";"0.00";"0.0"
"2023-03-26 02:00:00.000";"7.78";"74.00";"0.00";"0.00";"0.0"
"2023-03-26 04:00:00.000";"8.57";"76.00";"0.65";"0.00";"0.0"
"2023-03-26 05:00:00.000";"10.18";"73.67";"1.53";"0.00";"0.0"
"2023-03-26 06:00:00.000";"7.37";"94.17";"0.05";"0.00";"0.0"
"2023-03-26 07:00:00.000";"6.85";"93.67";"0.02";"0.00";"0.0"
"2023-03-26 08:00:00.000";"9.07";"86.33";"0.62";"0.00";"0.0"
"2023-03-26 09:00:00.000";"14.75";"57.33";"3.38";"0.00";"0.0"
"2023-03-26 10:00:00.000";"17.42";"47.50";"5.20";"0.00";"0.0"
"2023-03-26 11:00:00.000";"18.75";"43.00";"7.68";"0.00";"0.0"
"2023-03-26 12:00:00.000";"19.98";"44.17";"5.72";"0.00";"0.0"
"2023-03-26 13:00:00.000";"20.40";"39.33";"6.03";"0.00";"0.0"
"2023-03-26 14:00:00.000";"20.08";"45.17";"6.55";"0.00";"0.0"
"2023-03-26 15:00:00.000";"19.30";"49.67";"7.60";"0.00";"0.0"
"2023-03-26 16:00:00.000";"19.47";"44.33";"5.52";"0.00";"0.0"
"2023-03-26 17:00:00.000";"19.78";"47.83";"4.05";"0.00";"0.0"
"2023-03-26 18:00:00.000";"18.38";"51.50";"6.33";"0.00";"0.0"
"2023-03-26 19:00:00.000";"17.05";"57.50";"7.13";"0.00";"0.0"
"2023-03-26 20:00:00.000";"14.38";"71.50";"4.13";"0.00";"0.0"
"2023-03-26 21:00:00.000";"11.22";"92.50";"0.95";"0.17";"0.0"
"2023-03-26 22:00:00.000";"11.48";"90.50";"4.35";"0.00";"0.0"
"2023-03-26 23:00:00.000";"10.78";"89.50";"2.18";"0.00";"0.0"
"2023-03-27 00:00:00.000";"8.40";"95.83";"0.07";"0.50";"0.0"
"2023-03-27 01:00:00.000";"8.87";"97.17";"0.83";"0.33";"0.0"
"2023-03-27 02:00:00.000";"8.78";"91.67";"0.15";"0.17";"0.0"
"2023-03-27 03:00:00.000";"8.22";"94.83";"1.18";"0.00";"0.0"
"2023-03-27 04:00:00.000";"6.82";"95.50";"0.42";"0.50";"0.0"
"2023-03-27 05:00:00.000";"6.58";"97.83";"0.00";"1.00";"0.0"
"2023-03-27 06:00:00.000";"7.12";"98.83";"0.13";"1.00";"0.0"
"2023-03-27 07:00:00.000";"8.47";"99.00";"0.20";"1.00";"0.0"
"2023-03-27 08:00:00.000";"6.70";"99.00";"0.00";"1.00";"0.0"
"2023-03-27 09:00:00.000";"10.88";"97.33";"0.28";"0.67";"0.0"
"2023-03-27 10:00:00.000";"14.55";"72.67";"1.20";"0.00";"0.0"
"2023-03-27 11:00:00.000";"14.58";"73.33";"3.43";"0.00";"0.0"
"2023-03-27 12:00:00.000";"16.67";"68.83";"3.98";"0.00";"0.0"
"2023-03-27 13:00:00.000";"17.02";"65.00";"7.60";"0.00";"0.0"
"2023-03-27 14:00:00.000";"17.30";"60.50";"8.20";"0.00";"0.0"
"2023-03-27 15:00:00.000";"16.02";"72.33";"9.75";"0.00";"0.0"
"2023-03-27 16:00:00.000";"14.30";"83.50";"7.93";"0.00";"0.0"
"2023-03-27 17:00:00.000";"14.08";"86.83";"8.20";"0.00";"0.0"
"2023-03-27 18:00:00.000";"13.83";"88.67";"8.72";"0.00";"0.0"
"2023-03-27 19:00:00.000";"13.82";"85.33";"8.38";"0.00";"0.0"
"2023-03-27 20:00:00.000";"12.98";"83.50";"4.82";"0.00";"0.0"
"2023-03-27 21:00:00.000";"11.85";"86.17";"1.63";"0.00";"0.0"
"2023-03-27 22:00:00.000";"11.12";"88.83";"1.03";"0.00";"0.0"
"2023-03-27 23:00:00.000";"11.32";"91.00";"3.65";"0.00";"0.0"
"2023-03-28 00:00:00.000";"11.58";"92.17";"4.85";"0.00";"0.0"
"2023-03-28 01:00:00.000";"11.53";"94.17";"5.50";"0.00";"0.0"
"2023-03-28 02:00:00.000";"10.62";"90.83";"7.52";"0.50";"0.6"
"2023-03-28 03:00:00.000";"10.18";"94.00";"5.75";"1.00";"0.0"
"2023-03-28 04:00:00.000";"9.75";"87.50";"5.83";"0.83";"0.0"
"2023-03-28 05:00:00.000";"9.07";"83.33";"5.92";"0.00";"0.0"
"2023-03-28 06:00:00.000";"9.17";"83.67";"6.08";"0.00";"0.0"
"2023-03-28 07:00:00.000";"9.03";"82.33";"5.20";"0.00";"0.0"
"2023-03-28 08:00:00.000";"8.93";"87.33";"2.03";"0.50";"0.6"
"2023-03-28 09:00:00.000";"9.38";"85.17";"3.57";"1.00";"1.8"
"2023-03-28 10:00:00.000";"7.82";"93.00";"2.97";"1.00";"2.4"
"2023-03-28 11:00:00.000";"11.55";"81.33";"2.22";"0.00";"0.0"
"2023-03-28 12:00:00.000";"10.37";"84.67";"4.97";"0.67";"1.2"
"2023-03-28 13:00:00.000";"11.93";"76.67";"8.37";"0.17";"0.0"
"2023-03-28 14:00:00.000";"11.33";"76.50";"8.97";"0.00";"0.0"
"2023-03-28 15:00:00.000";"11.92";"70.83";"10.62";"0.00";"0.0"
"2023-03-28 16:00:00.000";"11.55";"65.33";"12.63";"0.00";"0.0"
"2023-03-28 17:00:00.000";"10.83";"63.67";"14.08";"0.00";"0.0"
"2023-03-28 18:00:00.000";"11.22";"54.17";"14.93";"0.00";"0.0"
"2023-03-28 19:00:00.000";"10.20";"59.33";"15.07";"0.00";"0.0"
"2023-03-28 20:00:00.000";"8.58";"60.33";"13.87";"0.00";"0.0"
"2023-03-28 21:00:00.000";"7.80";"63.33";"15.78";"0.00";"0.0"
"2023-03-28 22:00:00.000";"7.45";"57.33";"12.03";"0.00";"0.0"
"2023-03-28 23:00:00.000";"7.38";"60.17";"10.43";"0.00";"0.0"
"2023-03-29 00:00:00.000";"7.20";"58.33";"8.35";"0.00";"0.0"
"2023-03-29 01:00:00.000";"6.90";"55.67";"7.00";"0.00";"0.0"
"2023-03-29 02:00:00.000";"6.12";"55.83";"2.93";"0.00";"0.0"
"2023-03-29 03:00:00.000";"4.80";"54.83";"2.03";"0.00";"0.0"
"2023-03-29 04:00:00.000";"4.25";"60.50";"1.08";"0.00";"0.0"
"2023-03-29 05:00:00.000";"3.87";"63.17";"1.33";"0.00";"0.0"
"2023-03-29 06:00:00.000";"3.00";"68.50";"0.72";"0.00";"0.0"
"2023-03-29 07:00:00.000";"2.28";"68.67";"0.18";"0.00";"0.0"
"2023-03-29 08:00:00.000";"1.95";"63.00";"0.37";"0.00";"0.0"
"2023-03-29 09:00:00.000";"6.45";"37.33";"1.23";"0.00";"0.0"
"2023-03-29 10:00:00.000";"8.10";"34.67";"5.95";"0.00";"0.0"
"2023-03-29 11:00:00.000";"9.27";"30.67";"7.15";"0.00";"0.0"
"2023-03-29 12:00:00.000";"10.08";"32.17";"7.92";"0.00";"0.0"
"2023-03-29 13:00:00.000";"10.65";"34.33";"8.68";"0.00";"0.0"
"2023-03-29 14:00:00.000";"10.72";"32.50";"11.02";"0.00";"0.0"
"2023-03-29 15:00:00.000";"11.48";"32.50";"10.88";"0.00";"0.0"
"2023-03-29 16:00:00.000";"11.47";"27.67";"12.00";"0.00";"0.0"
"2023-03-29 17:00:00.000";"11.53";"28.17";"12.28";"0.00";"0.0"
"2023-03-29 18:00:00.000";"11.25";"33.50";"10.20";"0.00";"0.0"
"2023-03-29 19:00:00.000";"10.50";"39.83";"9.47";"0.00";"0.0"
"2023-03-29 20:00:00.000";"8.98";"49.17";"8.85";"0.00";"0.0"
"2023-03-29 21:00:00.000";"7.63";"60.17";"5.83";"0.00";"0.0"
"2023-03-29 22:00:00.000";"6.95";"59.50";"3.42";"0.00";"0.0"
"2023-03-29 23:00:00.000";"6.42";"59.33";"1.15";"0.00";"0.0"
"2023-03-30 00:00:00.000";"5.43";"59.67";"0.22";"0.00";"0.0"
"2023-03-30 01:00:00.000";"5.05";"72.00";"0.12";"0.00";"0.0"
"2023-03-30 02:00:00.000";"6.17";"67.83";"1.45";"0.00";"0.0"
"2023-03-30 03:00:00.000";"5.60";"73.33";"0.32";"0.00";"0.0"
"2023-03-30 04:00:00.000";"5.12";"75.67";"0.37";"0.00";"0.0"
"2023-03-30 05:00:00.000";"5.87";"77.50";"0.82";"0.00";"0.0"
"2023-03-30 06:00:00.000";"5.15";"82.50";"0.25";"0.83";"0.0"
"2023-03-30 07:00:00.000";"5.70";"81.83";"1.02";"1.00";"0.0"
"2023-03-30 08:00:00.000";"5.70";"80.67";"0.35";"1.00";"0.0"
"2023-03-30 09:00:00.000";"8.87";"68.67";"2.27";"0.00";"0.0"
"2023-03-30 10:00:00.000";"11.17";"53.83";"3.53";"0.00";"0.0"
"2023-03-30 11:00:00.000";"12.03";"54.83";"7.07";"0.00";"0.0"
"2023-03-30 12:00:00.000";"12.63";"56.17";"10.57";"0.00";"0.0"
"2023-03-30 13:00:00.000";"13.47";"54.00";"12.32";"0.00";"0.0"
"2023-03-30 14:00:00.000";"14.02";"50.17";"11.93";"0.00";"0.0"
"2023-03-30 15:00:00.000";"14.30";"49.83";"10.80";"0.00";"0.0"
"2023-03-30 16:00:00.000";"14.67";"52.50";"10.83";"0.00";"0.0"
"2023-03-30 17:00:00.000";"14.30";"54.67";"11.55";"0.00";"0.0"
"2023-03-30 18:00:00.000";"13.93";"56.83";"6.50";"0.00";"0.0"
"2023-03-30 19:00:00.000";"12.75";"67.67";"4.35";"0.00";"0.0"
"2023-03-30 20:00:00.000";"11.30";"77.50";"5.88";"0.00";"0.0"
"2023-03-30 21:00:00.000";"10.32";"84.17";"4.05";"0.00";"0.0"
"2023-03-30 22:00:00.000";"10.18";"88.00";"2.52";"0.83";"0.0"
"2023-03-30 23:00:00.000";"10.13";"89.50";"2.32";"1.00";"0.0"
"2023-03-31 00:00:00.000";"9.43";"92.50";"0.93";"1.00";"0.0"
"2023-03-31 01:00:00.000";"9.28";"90.00";"1.17";"1.00";"0.0"
"2023-03-31 02:00:00.000";"7.97";"94.83";"0.08";"1.00";"0.0"
"2023-03-31 03:00:00.000";"6.92";"95.83";"0.03";"1.00";"0.0"
"2023-03-31 04:00:00.000";"6.20";"96.00";"0.00";"1.00";"0.0"
"2023-03-31 05:00:00.000";"6.55";"97.67";"0.07";"1.00";"0.0"
"2023-03-31 06:00:00.000";"8.18";"97.00";"1.28";"1.00";"0.0"
"2023-03-31 07:00:00.000";"8.48";"92.33";"1.82";"1.00";"0.0"
"2023-03-31 08:00:00.000";"8.43";"93.17";"0.50";"1.00";"0.0"
"2023-03-31 09:00:00.000";"10.98";"81.17";"0.85";"0.00";"0.0"
"2023-03-31 10:00:00.000";"12.47";"67.67";"3.98";"0.00";"0.0"
"2023-03-31 11:00:00.000";"13.88";"59.00";"4.90";"0.00";"0.0"
"2023-03-31 12:00:00.000";"14.77";"57.83";"6.78";"0.00";"0.0"
"2023-03-31 13:00:00.000";"15.55";"57.83";"6.67";"0.00";"0.0"
"2023-03-31 14:00:00.000";"16.18";"53.17";"7.63";"0.00";"0.0"
"2023-03-31 15:00:00.000";"15.72";"55.50";"7.08";"0.00";"0.0"
"2023-03-31 16:00:00.000";"14.87";"61.67";"8.40";"0.00";"0.0"
"2023-03-31 17:00:00.000";"13.70";"73.83";"6.83";"0.00";"0.0"
"2023-03-31 18:00:00.000";"12.70";"83.67";"7.00";"0.00";"0.0"
"2023-03-31 19:00:00.000";"12.40";"83.67";"7.62";"0.00";"0.0"
"2023-03-31 20:00:00.000";"11.70";"88.17";"4.90";"0.17";"0.0"
"2023-03-31 21:00:00.000";"11.17";"89.50";"4.23";"1.00";"0.0"
"2023-03-31 22:00:00.000";"10.70";"89.17";"2.25";"1.00";"0.0"
"2023-03-31 23:00:00.000";"10.18";"93.17";"0.48";"1.00";"0.0"
"2023-04-01 00:00:00.000";"10.23";"94.67";"0.22";"1.00";"0.0"
"2023-04-01 01:00:00.000";"10.60";"94.50";"2.68";"1.00";"0.0"
"2023-04-01 02:00:00.000";"9.70";"96.00";"0.73";"1.00";"0.0"
"2023-04-01 03:00:00.000";"9.02";"97.50";"0.07";"1.00";"0.0"
"2023-04-01 04:00:00.000";"9.83";"95.67";"0.95";"1.00";"0.0"
"2023-04-01 05:00:00.000";"10.32";"95.33";"1.10";"1.00";"0.0"
"2023-04-01 06:00:00.000";"10.33";"96.67";"0.30";"1.00";"0.0"
"2023-04-01 07:00:00.000";"10.25";"97.67";"0.00";"1.00";"0.0"
"2023-04-01 08:00:00.000";"9.80";"98.00";"0.25";"1.00";"0.0"
"2023-04-01 09:00:00.000";"11.48";"94.50";"0.00";"0.50";"0.0"
"2023-04-01 10:00:00.000";"12.63";"87.33";"1.48";"0.00";"0.0"
"2023-04-01 11:00:00.000";"13.82";"82.67";"3.55";"0.00";"0.0"
"2023-04-01 12:00:00.000";"14.28";"78.50";"7.32";"0.00";"0.0"
"2023-04-01 13:00:00.000";"14.77";"77.33";"8.22";"0.00";"0.0"
"2023-04-01 14:00:00.000";"15.37";"74.67";"10.50";"0.00";"0.0"
"2023-04-01 15:00:00.000";"15.32";"77.00";"11.62";"0.00";"0.0"
"2023-04-01 16:00:00.000";"15.62";"75.83";"10.45";"0.00";"0.0"
"2023-04-01 17:00:00.000";"16.23";"73.17";"6.55";"0.00";"0.0"
"2023-04-01 18:00:00.000";"17.03";"68.33";"6.33";"0.00";"0.0"
"2023-04-01 19:00:00.000";"14.12";"85.50";"9.75";"0.00";"0.0"
"2023-04-01 20:00:00.000";"13.12";"90.67";"4.62";"0.00";"0.0"
"2023-04-01 21:00:00.000";"12.12";"96.00";"2.97";"1.00";"0.0"
"2023-04-01 22:00:00.000";"12.17";"96.00";"2.92";"1.00";"0.0"
"2023-04-01 23:00:00.000";"11.30";"97.00";"0.78";"1.00";"0.0"
"2023-04-02 00:00:00.000";"9.77";"98.17";"0.10";"1.00";"0.0"
"2023-04-02 01:00:00.000";"9.27";"99.00";"0.00";"1.00";"0.0"
"2023-04-02 02:00:00.000";"9.25";"99.00";"0.00";"1.00";"0.0"
"2023-04-02 03:00:00.000";"8.50";"99.00";"0.12";"1.00";"0.0"
"2023-04-02 04:00:00.000";"9.25";"99.00";"0.05";"1.00";"0.0"
"2023-04-02 05:00:00.000";"9.42";"98.67";"0.08";"1.00";"0.0"
"2023-04-02 06:00:00.000";"9.25";"99.00";"0.05";"1.00";"0.0"
"2023-04-02 07:00:00.000";"9.43";"99.00";"0.28";"1.00";"0.0"
"2023-04-02 08:00:00.000";"9.73";"99.50";"0.32";"1.00";"0.0"
"2023-04-02 09:00:00.000";"11.12";"100.00";"0.07";"1.00";"0.0"
"2023-04-02 10:00:00.000";"12.82";"92.50";"1.98";"1.00";"0.0"
"2023-04-02 11:00:00.000";"12.32";"95.50";"1.20";"1.00";"0.9"
"2023-04-02 12:00:00.000";"12.17";"97.50";"3.53";"1.00";"0.3"
"2023-04-02 13:00:00.000";"12.97";"94.33";"3.43";"0.00";"0.0"
"2023-04-02 14:00:00.000";"12.97";"94.50";"3.48";"0.33";"0.3"
"2023-04-02 15:00:00.000";"13.07";"93.83";"2.48";"0.50";"0.3"
"2023-04-02 16:00:00.000";"12.67";"96.67";"1.68";"1.00";"0.6"
"2023-04-02 17:00:00.000";"12.63";"96.83";"4.48";"0.00";"0.0"
"2023-04-02 18:00:00.000";"12.40";"96.83";"1.80";"0.83";"0.3"
"2023-04-02 19:00:00.000";"12.17";"94.17";"2.63";"1.00";"0.0"
"2023-04-02 20:00:00.000";"12.32";"92.83";"0.37";"1.00";"0.0"
"2023-04-02 21:00:00.000";"12.42";"89.17";"1.05";"0.00";"0.0"
"2023-04-02 22:00:00.000";"13.68";"76.83";"2.38";"0.00";"0.0"
"2023-04-02 23:00:00.000";"12.73";"80.83";"0.65";"0.00";"0.0"
"2023-04-03 00:00:00.000";"12.50";"81.67";"1.15";"0.00";"0.0"
"2023-04-03 01:00:00.000";"14.00";"72.33";"4.57";"0.00";"0.0"
"2023-04-03 02:00:00.000";"14.48";"70.83";"5.67";"0.00";"0.0"
"2023-04-03 03:00:00.000";"14.93";"63.00";"4.93";"0.00";"0.0"
"2023-04-03 04:00:00.000";"14.35";"64.33";"1.98";"0.00";"0.0"
"2023-04-03 05:00:00.000";"14.07";"64.33";"2.23";"0.00";"0.0"
"2023-04-03 06:00:00.000";"15.10";"58.33";"9.02";"0.00";"0.0"
"2023-04-03 07:00:00.000";"15.75";"52.00";"4.77";"0.00";"0.0"
"2023-04-03 08:00:00.000";"15.95";"50.50";"5.67";"0.00";"0.0"
"2023-04-03 09:00:00.000";"14.15";"61.83";"1.02";"0.00";"0.0"
"2023-04-03 10:00:00.000";"14.40";"66.00";"1.53";"0.00";"0.0"
"2023-04-03 11:00:00.000";"13.88";"80.67";"4.78";"0.50";"3.6"
"2023-04-03 12:00:00.000";"12.98";"88.00";"4.18";"0.83";"0.0"
"2023-04-03 13:00:00.000";"13.00";"82.17";"6.02";"0.00";"0.0"
"2023-04-03 14:00:00.000";"12.03";"90.83";"8.68";"0.00";"0.0"
"2023-04-03 15:00:00.000";"12.67";"83.50";"7.80";"0.00";"0.0"
"2023-04-03 16:00:00.000";"13.07";"77.17";"8.30";"0.50";"0.0"
"2023-04-03 17:00:00.000";"12.72";"77.17";"7.57";"0.00";"0.0"
"2023-04-03 18:00:00.000";"12.72";"76.00";"8.17";"0.00";"0.0"
"2023-04-03 19:00:00.000";"12.32";"79.00";"4.97";"0.00";"0.0"
"2023-04-03 20:00:00.000";"11.25";"86.33";"2.60";"0.67";"0.0"
"2023-04-03 21:00:00.000";"9.82";"92.83";"0.07";"0.17";"0.0"
"2023-04-03 22:00:00.000";"9.33";"96.17";"0.35";"1.00";"1.5"
"2023-04-03 23:00:00.000";"9.15";"97.83";"1.70";"0.83";"5.7"
"2023-04-04 00:00:00.000";"8.90";"98.00";"5.43";"0.33";"0.0"
"2023-04-04 01:00:00.000";"8.67";"98.33";"4.15";"1.00";"10.2"
"2023-04-04 02:00:00.000";"7.97";"99.00";"0.53";"0.00";"4.8"
"2023-04-04 03:00:00.000";"6.93";"99.00";"0.00";"0.00";"0.0"
"2023-04-04 04:00:00.000";"7.18";"99.00";"0.00";"0.67";"0.0"
"2023-04-04 05:00:00.000";"7.93";"99.00";"0.00";"0.83";"0.6"
"2023-04-04 06:00:00.000";"8.10";"99.33";"0.12";"0.67";"0.6"
"2023-04-04 07:00:00.000";"7.88";"100.00";"0.45";"0.00";"2.4"
"2023-04-04 08:00:00.000";"7.48";"99.50";"0.85";"0.83";"4.8"
"2023-04-04 09:00:00.000";"7.90";"100.00";"0.08";"0.00";"0.0"
"2023-04-04 10:00:00.000";"11.17";"91.17";"0.53";"0.00";"0.0"
"2023-04-04 11:00:00.000";"11.98";"82.50";"3.33";"0.00";"0.0"
"2023-04-04 12:00:00.000";"12.63";"77.50";"4.37";"0.00";"0.0"
"2023-04-04 13:00:00.000";"13.17";"72.67";"5.43";"0.00";"0.0"
"2023-04-04 14:00:00.000";"13.75";"70.83";"6.78";"0.00";"0.0"
"2023-04-04 15:00:00.000";"13.72";"66.83";"7.83";"0.00";"0.0"
"2023-04-04 16:00:00.000";"14.12";"66.33";"8.43";"0.00";"0.0"
"2023-04-04 17:00:00.000";"13.32";"68.83";"8.92";"0.00";"0.0"
"2023-04-04 18:00:00.000";"12.80";"74.33";"10.15";"0.00";"0.0"
"2023-04-04 19:00:00.000";"11.42";"85.00";"8.97";"0.00";"0.0"
"2023-04-04 20:00:00.000";"10.65";"89.17";"5.17";"0.00";"0.0"
"2023-04-04 21:00:00.000";"10.23";"92.50";"8.33";"0.50";"0.3"
"2023-04-04 22:00:00.000";"10.02";"91.00";"5.93";"0.00";"0.0"
"2023-04-04 23:00:00.000";"9.73";"85.33";"8.67";"0.00";"0.0"
"2023-04-05 00:00:00.000";"9.42";"83.67";"7.87";"0.00";"0.0"
"2023-04-05 01:00:00.000";"9.13";"83.33";"7.12";"0.00";"0.0"
"2023-04-05 02:00:00.000";"9.12";"82.67";"4.63";"0.00";"0.0"
"2023-04-05 03:00:00.000";"9.10";"82.83";"5.75";"0.00";"0.0"
"2023-04-05 04:00:00.000";"8.58";"84.33";"4.82";"0.00";"0.0"
"2023-04-05 05:00:00.000";"8.67";"84.50";"5.45";"0.00";"0.0"
"2023-04-05 06:00:00.000";"8.63";"85.50";"4.67";"0.00";"0.0"
"2023-04-05 07:00:00.000";"8.60";"85.17";"4.80";"0.00";"0.0"
"2023-04-05 08:00:00.000";"8.52";"84.67";"3.90";"0.00";"0.0"
"2023-04-05 09:00:00.000";"10.17";"75.17";"3.17";"0.00";"0.0"
"2023-04-05 10:00:00.000";"11.70";"64.17";"4.43";"0.00";"0.0"
"2023-04-05 11:00:00.000";"12.65";"55.67";"6.55";"0.00";"0.0"
"2023-04-05 12:00:00.000";"13.40";"57.67";"5.55";"0.00";"0.0"
"2023-04-05 13:00:00.000";"14.08";"53.83";"5.47";"0.00";"0.0"
"2023-04-05 14:00:00.000";"14.48";"48.33";"5.33";"0.00";"0.0"
"2023-04-05 15:00:00.000";"14.23";"49.83";"6.95";"0.00";"0.0"
"2023-04-05 16:00:00.000";"14.63";"50.67";"8.45";"0.00";"0.0"
"2023-04-05 17:00:00.000";"14.68";"48.83";"6.27";"0.00";"0.0"
"2023-04-05 18:00:00.000";"13.95";"55.17";"4.90";"0.00";"0.0"
"2023-04-05 19:00:00.000";"13.65";"58.83";"3.42";"0.00";"0.0"
"2023-04-05 20:00:00.000";"10.98";"72.17";"1.52";"0.00";"0.0"
"2023-04-05 21:00:00.000";"7.93";"89.50";"0.00";"0.00";"0.0"
"2023-04-05 22:00:00.000";"8.30";"89.50";"0.15";"0.50";"0.9"
"2023-04-05 23:00:00.000";"7.07";"95.83";"0.78";"1.00";"5.4"
"2023-04-06 00:00:00.000";"5.53";"98.00";"0.00";"0.00";"0.0"
"2023-04-06 01:00:00.000";"5.90";"98.83";"0.27";"0.50";"0.0"
"2023-04-06 02:00:00.000";"5.75";"99.00";"0.00";"1.00";"0.0"
"2023-04-06 03:00:00.000";"6.00";"99.00";"0.03";"1.00";"0.0"
"2023-04-06 04:00:00.000";"7.02";"99.00";"0.05";"1.00";"0.0"
"2023-04-06 05:00:00.000";"7.60";"99.00";"0.50";"1.00";"0.0"
"2023-04-06 06:00:00.000";"8.38";"99.00";"1.38";"1.00";"1.8"
"2023-04-06 07:00:00.000";"6.88";"99.00";"5.33";"1.00";"6.0"
"2023-04-06 08:00:00.000";"7.43";"99.00";"0.53";"0.67";"0.0"
"2023-04-06 09:00:00.000";"8.00";"97.50";"3.72";"1.00";"0.9"
"2023-04-06 10:00:00.000";"8.48";"92.33";"3.70";"0.67";"2.7"
"2023-04-06 11:00:00.000";"9.70";"79.67";"5.82";"0.00";"0.0"
"2023-04-06 12:00:00.000";"9.87";"87.17";"5.63";"0.67";"1.8"
"2023-04-06 13:00:00.000";"11.92";"72.83";"3.75";"0.00";"0.0"
"2023-04-06 14:00:00.000";"12.53";"59.00";"6.68";"0.00";"0.0"
"2023-04-06 15:00:00.000";"12.63";"62.17";"8.58";"0.00";"0.0"
"2023-04-06 16:00:00.000";"10.82";"72.33";"9.30";"0.17";"0.0"
"2023-04-06 17:00:00.000";"10.23";"76.00";"10.12";"0.17";"0.3"
"2023-04-06 18:00:00.000";"10.12";"71.33";"12.23";"0.00";"0.0"
"2023-04-06 19:00:00.000";"9.62";"77.17";"10.65";"0.17";"0.0"
"2023-04-06 20:00:00.000";"8.03";"90.00";"6.98";"0.83";"0.6"
"2023-04-06 21:00:00.000";"8.05";"92.00";"7.98";"1.00";"0.3"
"2023-04-06 22:00:00.000";"8.37";"86.50";"10.05";"0.00";"0.0"
"2023-04-06 23:00:00.000";"8.12";"86.33";"8.02";"0.67";"0.0"
"2023-04-07 00:00:00.000";"8.12";"81.17";"11.18";"0.00";"0.0"
"2023-04-07 01:00:00.000";"7.55";"77.83";"3.73";"0.00";"0.0"
"2023-04-07 02:00:00.000";"7.47";"76.67";"6.53";"0.00";"0.0"
"2023-04-07 03:00:00.000";"5.22";"88.67";"0.07";"0.00";"0.0"
"2023-04-07 04:00:00.000";"5.68";"86.33";"0.63";"0.00";"0.0"
"2023-04-07 05:00:00.000";"6.07";"83.17";"0.95";"0.00";"0.0"
"2023-04-07 06:00:00.000";"6.23";"82.00";"1.98";"0.00";"0.0"
"2023-04-07 07:00:00.000";"5.98";"81.33";"1.68";"0.00";"0.0"
"2023-04-07 08:00:00.000";"5.43";"87.33";"0.15";"0.00";"0.0"
"2023-04-07 09:00:00.000";"8.63";"72.33";"3.08";"0.00";"0.0"
"2023-04-07 10:00:00.000";"10.12";"65.33";"4.13";"0.00";"0.0"
"2023-04-07 11:00:00.000";"11.70";"57.33";"4.32";"0.00";"0.0"
"2023-04-07 12:00:00.000";"12.97";"55.00";"3.77";"0.00";"0.0"
"2023-04-07 13:00:00.000";"13.57";"51.50";"3.18";"0.00";"0.0"
"2023-04-07 14:00:00.000";"13.55";"49.33";"3.02";"0.00";"0.0"
"2023-04-07 15:00:00.000";"14.15";"48.33";"7.45";"0.00";"0.0"
"2023-04-07 16:00:00.000";"14.00";"47.50";"8.50";"0.00";"0.0"
"2023-04-07 17:00:00.000";"13.80";"50.83";"7.42";"0.00";"0.0"
"2023-04-07 18:00:00.000";"13.30";"54.17";"6.40";"0.00";"0.0"
"2023-04-07 19:00:00.000";"13.05";"62.00";"4.85";"0.00";"0.0"
"2023-04-07 20:00:00.000";"10.42";"76.83";"3.82";"0.00";"0.0"
"2023-04-07 21:00:00.000";"8.07";"85.83";"0.58";"0.00";"0.0"
"2023-04-07 22:00:00.000";"7.33";"84.50";"1.08";"0.00";"0.0"
"2023-04-07 23:00:00.000";"6.97";"86.50";"0.40";"0.00";"0.0"
"2023-04-08 00:00:00.000";"6.67";"87.83";"0.33";"0.00";"0.0"
"2023-04-08 01:00:00.000";"6.60";"87.33";"0.22";"0.00";"0.0"
"2023-04-08 02:00:00.000";"6.32";"87.00";"0.30";"0.00";"0.0"
"2023-04-08 03:00:00.000";"6.03";"87.33";"0.10";"0.00";"0.0"
"2023-04-08 04:00:00.000";"7.28";"82.83";"0.12";"0.00";"0.0"
"2023-04-08 05:00:00.000";"7.22";"85.67";"0.42";"0.00";"0.0"
"2023-04-08 06:00:00.000";"6.55";"92.17";"0.03";"0.00";"0.0"
"2023-04-08 07:00:00.000";"6.20";"94.17";"0.12";"0.00";"0.0"
"2023-04-08 08:00:00.000";"6.20";"95.17";"0.00";"0.00";"0.0"
"2023-04-08 09:00:00.000";"9.53";"85.50";"0.05";"0.00";"0.0"
"2023-04-08 10:00:00.000";"12.87";"71.50";"0.95";"0.00";"0.0"
"2023-04-08 11:00:00.000";"13.98";"60.67";"2.17";"0.00";"0.0"
"2023-04-08 12:00:00.000";"14.60";"56.83";"4.75";"0.00";"0.0"
"2023-04-08 13:00:00.000";"14.95";"52.33";"2.48";"0.00";"0.0"
"2023-04-08 14:00:00.000";"14.67";"51.67";"3.73";"0.00";"0.0"
"2023-04-08 15:00:00.000";"13.93";"59.83";"2.52";"0.00";"0.0"
"2023-04-08 16:00:00.000";"14.17";"58.17";"3.27";"0.00";"0.0"
"2023-04-08 17:00:00.000";"14.35";"61.33";"4.07";"0.00";"0.0"
"2023-04-08 18:00:00.000";"13.78";"64.67";"4.78";"0.00";"0.0"
"2023-04-08 19:00:00.000";"12.70";"73.00";"2.70";"0.00";"0.0"
"2023-04-08 20:00:00.000";"11.65";"77.83";"1.40";"0.00";"0.0"
"2023-04-08 21:00:00.000";"8.78";"90.17";"0.00";"0.00";"0.0"
"2023-04-08 22:00:00.000";"7.07";"94.83";"0.00";"0.00";"0.0"
"2023-04-08 23:00:00.000";"6.67";"96.33";"0.05";"0.00";"0.0"
"2023-04-09 00:00:00.000";"6.58";"97.33";"0.00";"0.00";"0.0"
"2023-04-09 01:00:00.000";"6.67";"98.00";"0.02";"0.00";"0.0"
"2023-04-09 02:00:00.000";"7.78";"97.67";"0.18";"0.33";"0.0"
"2023-04-09 03:00:00.000";"7.17";"98.33";"0.12";"0.00";"0.0"
"2023-04-09 04:00:00.000";"6.52";"99.00";"0.10";"0.17";"0.0"
"2023-04-09 05:00:00.000";"6.63";"99.00";"0.17";"1.00";"0.0"
"2023-04-09 06:00:00.000";"6.43";"99.00";"0.38";"1.00";"0.0"
"2023-04-09 07:00:00.000";"6.30";"99.00";"0.17";"1.00";"0.0"
"2023-04-09 08:00:00.000";"7.27";"98.83";"0.00";"1.00";"0.0"
"2023-04-09 09:00:00.000";"12.88";"81.33";"0.03";"0.00";"0.0"
"2023-04-09 10:00:00.000";"15.32";"59.00";"0.52";"0.00";"0.0"
"2023-04-09 11:00:00.000";"15.18";"53.83";"3.12";"0.00";"0.0"
"2023-04-09 12:00:00.000";"15.97";"52.83";"4.17";"0.00";"0.0"
"2023-04-09 13:00:00.000";"15.08";"57.83";"6.43";"0.00";"0.0"
"2023-04-09 14:00:00.000";"15.37";"55.17";"5.13";"0.00";"0.0"
"2023-04-09 15:00:00.000";"14.20";"64.17";"5.05";"0.00";"0.0"
"2023-04-09 16:00:00.000";"15.68";"51.83";"5.62";"0.00";"0.0"
"2023-04-09 17:00:00.000";"14.62";"60.50";"5.18";"0.00";"0.0"
"2023-04-09 18:00:00.000";"15.60";"55.00";"5.93";"0.00";"0.0"
"2023-04-09 19:00:00.000";"14.70";"62.33";"6.82";"0.00";"0.0"
"2023-04-09 20:00:00.000";"12.13";"77.83";"3.98";"0.00";"0.0"
"2023-04-09 21:00:00.000";"9.08";"92.17";"0.02";"0.00";"0.0"
"2023-04-09 22:00:00.000";"7.70";"97.00";"0.00";"0.83";"0.0"
"2023-04-09 23:00:00.000";"7.92";"98.00";"0.00";"0.33";"0.0"
"2023-04-10 00:00:00.000";"8.97";"98.00";"0.05";"1.00";"0.0"
"2023-04-10 01:00:00.000";"7.48";"98.17";"0.08";"1.00";"0.0"
"2023-04-10 02:00:00.000";"7.30";"99.00";"0.07";"0.17";"0.0"
"2023-04-10 03:00:00.000";"6.83";"99.00";"0.02";"1.00";"0.0"
"2023-04-10 04:00:00.000";"7.43";"98.67";"0.33";"1.00";"0.0"
"2023-04-10 05:00:00.000";"7.65";"91.00";"0.03";"0.00";"0.0"
"2023-04-10 06:00:00.000";"7.45";"93.17";"3.47";"0.83";"3.0"
"2023-04-10 07:00:00.000";"6.43";"98.00";"1.00";"0.00";"9.0"
"2023-04-10 08:00:00.000";"6.42";"95.33";"3.45";"0.00";"0.6"
"2023-04-10 09:00:00.000";"7.92";"88.83";"3.35";"0.00";"0.0"
"2023-04-10 10:00:00.000";"11.00";"71.67";"1.63";"0.00";"0.0"
"2023-04-10 11:00:00.000";"12.12";"67.50";"3.37";"0.00";"0.0"
"2023-04-10 12:00:00.000";"11.10";"72.00";"3.23";"0.00";"0.0"
"2023-04-10 13:00:00.000";"12.00";"70.00";"1.25";"0.00";"0.0"
"2023-04-10 14:00:00.000";"14.58";"57.17";"5.73";"0.00";"0.0"
"2023-04-10 15:00:00.000";"14.50";"56.33";"7.28";"0.00";"0.0"
"2023-04-10 16:00:00.000";"14.47";"56.17";"7.13";"0.00";"0.0"
"2023-04-10 17:00:00.000";"13.03";"63.33";"5.85";"0.00";"0.0"
"2023-04-10 18:00:00.000";"12.23";"68.50";"5.28";"0.00";"0.0"
"2023-04-10 19:00:00.000";"11.98";"72.50";"5.13";"0.00";"0.0"
"2023-04-10 20:00:00.000";"10.78";"78.50";"1.48";"0.00";"0.0"
"2023-04-10 21:00:00.000";"8.92";"91.50";"0.32";"0.00";"0.0"
"2023-04-10 22:00:00.000";"8.17";"96.17";"0.20";"0.00";"0.0"
"2023-04-10 23:00:00.000";"8.35";"91.83";"2.27";"0.50";"0.0"
"2023-04-11 00:00:00.000";"7.47";"91.83";"1.05";"0.50";"0.3"
"2023-04-11 01:00:00.000";"6.93";"91.83";"0.33";"0.00";"0.0"
"2023-04-11 02:00:00.000";"8.10";"83.17";"1.70";"0.00";"0.0"
"2023-04-11 03:00:00.000";"8.32";"81.50";"1.85";"0.00";"0.0"
"2023-04-11 04:00:00.000";"8.45";"78.83";"4.12";"0.00";"0.0"
"2023-04-11 05:00:00.000";"8.52";"77.33";"3.45";"0.00";"0.0"
"2023-04-11 06:00:00.000";"8.32";"80.17";"3.03";"0.00";"0.0"
"2023-04-11 07:00:00.000";"7.95";"76.00";"3.28";"0.00";"0.0"
"2023-04-11 08:00:00.000";"8.28";"73.50";"3.97";"0.00";"0.0"
"2023-04-11 09:00:00.000";"10.28";"64.83";"3.98";"0.00";"0.0"
"2023-04-11 10:00:00.000";"12.48";"56.17";"3.27";"0.00";"0.0"
"2023-04-11 11:00:00.000";"13.83";"49.50";"6.00";"0.00";"0.0"
"2023-04-11 12:00:00.000";"14.50";"54.67";"5.17";"0.00";"0.0"
"2023-04-11 13:00:00.000";"13.27";"58.83";"5.50";"0.00";"0.0"
"2023-04-11 14:00:00.000";"13.83";"55.33";"6.87";"0.00";"0.0"
"2023-04-11 15:00:00.000";"15.32";"46.67";"8.08";"0.00";"0.0"
"2023-04-11 16:00:00.000";"14.48";"52.33";"9.35";"0.00";"0.0"
"2023-04-11 17:00:00.000";"14.35";"48.83";"9.57";"0.00";"0.0"
"2023-04-11 18:00:00.000";"13.23";"57.50";"12.70";"0.00";"0.0"
"2023-04-11 19:00:00.000";"13.20";"60.67";"6.53";"0.00";"0.0"
"2023-04-11 20:00:00.000";"11.77";"72.00";"7.25";"0.00";"0.0"
"2023-04-11 21:00:00.000";"10.18";"79.00";"2.60";"0.00";"0.0"
"2023-04-11 22:00:00.000";"9.42";"78.33";"1.47";"0.00";"0.0"
"2023-04-11 23:00:00.000";"10.62";"80.33";"5.83";"0.00";"0.0"
"2023-04-12 00:00:00.000";"10.07";"81.00";"7.22";"0.00";"0.0"
"2023-04-12 01:00:00.000";"9.65";"84.33";"4.72";"0.00";"0.0"
"2023-04-12 02:00:00.000";"9.58";"87.00";"5.40";"0.00";"0.0"
"2023-04-12 03:00:00.000";"9.75";"85.67";"5.00";"0.00";"0.0"
"2023-04-12 04:00:00.000";"9.62";"87.17";"2.28";"0.00";"0.0"
"2023-04-12 05:00:00.000";"9.67";"89.83";"1.35";"0.00";"0.0"
"2023-04-12 06:00:00.000";"9.75";"85.50";"2.02";"0.00";"0.0"
"2023-04-12 07:00:00.000";"9.68";"86.50";"3.48";"0.00";"0.0"
"2023-04-12 08:00:00.000";"10.07";"86.00";"2.70";"0.00";"0.0"
"2023-04-12 09:00:00.000";"11.65";"78.33";"5.72";"0.00";"0.0"
"2023-04-12 10:00:00.000";"12.42";"73.67";"4.70";"0.00";"0.0"
"2023-04-12 11:00:00.000";"13.50";"64.83";"3.83";"0.00";"0.0"
"2023-04-12 12:00:00.000";"14.25";"61.83";"6.08";"0.00";"0.0"
"2023-04-12 13:00:00.000";"14.92";"60.00";"4.90";"0.00";"0.0"
"2023-04-12 14:00:00.000";"15.38";"53.67";"6.38";"0.00";"0.0"
"2023-04-12 15:00:00.000";"15.72";"53.17";"8.37";"0.00";"0.0"
"2023-04-12 16:00:00.000";"14.53";"63.17";"9.35";"0.00";"0.0"
"2023-04-12 17:00:00.000";"15.10";"63.00";"10.87";"0.00";"0.0"
"2023-04-12 18:00:00.000";"13.78";"69.67";"8.70";"0.00";"0.0"
"2023-04-12 19:00:00.000";"13.18";"72.00";"6.55";"0.00";"0.0"
"2023-04-12 20:00:00.000";"11.80";"79.33";"5.33";"0.00";"0.0"
"2023-04-12 21:00:00.000";"10.90";"86.67";"5.47";"0.00";"0.0"
"2023-04-12 22:00:00.000";"10.78";"88.67";"4.53";"0.00";"0.0"
"2023-04-12 23:00:00.000";"10.53";"90.33";"4.25";"0.00";"0.0"
"2023-04-13 00:00:00.000";"10.83";"89.17";"2.60";"0.00";"0.0"
"2023-04-13 01:00:00.000";"10.82";"90.67";"4.95";"0.00";"0.0"
"2023-04-13 02:00:00.000";"10.62";"88.83";"4.63";"0.00";"0.0"
"2023-04-13 03:00:00.000";"9.17";"90.33";"0.45";"0.00";"0.0"
"2023-04-13 04:00:00.000";"7.50";"94.50";"0.00";"0.00";"0.0"
"2023-04-13 05:00:00.000";"7.75";"90.00";"0.00";"0.00";"0.0"
"2023-04-13 06:00:00.000";"6.98";"90.83";"0.02";"0.00";"0.0"
"2023-04-13 07:00:00.000";"7.27";"89.33";"0.02";"0.00";"0.0"
"2023-04-13 08:00:00.000";"8.38";"85.83";"0.02";"0.00";"0.0"
"2023-04-13 09:00:00.000";"13.35";"70.17";"0.60";"0.00";"0.0"
"2023-04-13 10:00:00.000";"15.28";"62.17";"1.63";"0.00";"0.0"
"2023-04-13 11:00:00.000";"16.07";"62.83";"4.17";"0.00";"0.0"
"2023-04-13 12:00:00.000";"17.02";"64.67";"6.47";"0.00";"0.0"
"2023-04-13 13:00:00.000";"17.63";"59.67";"6.38";"0.00";"0.0"
"2023-04-13 14:00:00.000";"18.57";"49.00";"6.43";"0.00";"0.0"
"2023-04-13 15:00:00.000";"18.05";"49.50";"8.42";"0.00";"0.0"
"2023-04-13 16:00:00.000";"17.73";"51.50";"7.07";"0.00";"0.0"
"2023-04-13 17:00:00.000";"18.42";"50.67";"4.87";"0.00";"0.0"
"2023-04-13 18:00:00.000";"17.98";"58.33";"4.18";"0.00";"0.0"
"2023-04-13 19:00:00.000";"17.90";"66.33";"1.58";"0.00";"0.0"
"2023-04-13 20:00:00.000";"15.02";"78.83";"0.68";"0.00";"0.0"
"2023-04-13 21:00:00.000";"11.83";"95.67";"0.20";"0.17";"0.0"
"2023-04-13 22:00:00.000";"11.67";"96.50";"0.38";"0.33";"0.0"
"2023-04-13 23:00:00.000";"12.20";"89.67";"1.13";"0.00";"0.0"
"2023-04-14 00:00:00.000";"11.38";"88.83";"0.32";"0.00";"0.0"
"2023-04-14 01:00:00.000";"10.60";"91.33";"0.68";"0.00";"0.0"
"2023-04-14 02:00:00.000";"8.78";"97.17";"0.02";"1.00";"0.0"
"2023-04-14 03:00:00.000";"10.72";"83.83";"0.20";"0.17";"0.0"
"2023-04-14 04:00:00.000";"10.22";"75.33";"0.00";"0.00";"0.0"
"2023-04-14 05:00:00.000";"12.17";"61.17";"0.38";"0.00";"0.0"
"2023-04-14 06:00:00.000";"11.47";"59.00";"0.13";"0.00";"0.0"
"2023-04-14 07:00:00.000";"12.43";"54.33";"0.62";"0.00";"0.0"
"2023-04-14 08:00:00.000";"12.93";"53.33";"1.00";"0.00";"0.0"
"2023-04-14 09:00:00.000";"15.32";"48.67";"2.85";"0.00";"0.0"
"2023-04-14 10:00:00.000";"16.72";"54.83";"3.93";"0.00";"0.0"
"2023-04-14 11:00:00.000";"16.75";"66.50";"5.72";"0.00";"0.0"
"2023-04-14 12:00:00.000";"17.93";"67.83";"5.12";"0.00";"0.0"
"2023-04-14 13:00:00.000";"17.73";"67.83";"7.40";"0.00";"0.0"
"2023-04-14 14:00:00.000";"18.27";"62.50";"7.50";"0.00";"0.0"
"2023-04-14 15:00:00.000";"18.18";"62.83";"7.28";"0.00";"0.0"
"2023-04-14 16:00:00.000";"17.35";"68.67";"6.45";"0.00";"0.0"
"2023-04-14 17:00:00.000";"18.22";"65.33";"5.23";"0.00";"0.0"
"2023-04-14 18:00:00.000";"18.88";"57.50";"4.72";"0.00";"0.0"
"2023-04-14 19:00:00.000";"16.77";"70.33";"3.93";"0.00";"0.0"
"2023-04-14 20:00:00.000";"13.98";"91.00";"2.50";"0.00";"0.0"
"2023-04-14 21:00:00.000";"13.18";"95.83";"1.73";"0.00";"0.0"
"2023-04-14 22:00:00.000";"12.80";"97.33";"0.17";"0.33";"0.0"
"2023-04-14 23:00:00.000";"11.80";"98.33";"0.00";"0.00";"0.0"
"2023-04-15 00:00:00.000";"11.22";"99.00";"0.00";"0.50";"0.0"
"2023-04-15 01:00:00.000";"11.32";"99.00";"0.08";"1.00";"0.0"
"2023-04-15 02:00:00.000";"11.85";"99.00";"1.15";"1.00";"0.0"
"2023-04-15 03:00:00.000";"11.38";"72.67";"4.52";"0.17";"0.0"
"2023-04-15 04:00:00.000";"10.92";"58.50";"2.78";"0.00";"0.0"
"2023-04-15 05:00:00.000";"10.68";"60.67";"2.65";"0.00";"0.0"
"2023-04-15 06:00:00.000";"8.35";"69.33";"0.05";"0.00";"0.0"
"2023-04-15 07:00:00.000";"7.88";"71.00";"0.22";"0.00";"0.0"
"2023-04-15 08:00:00.000";"9.77";"64.50";"1.25";"0.00";"0.0"
"2023-04-15 09:00:00.000";"11.00";"65.33";"0.25";"0.00";"0.0"
"2023-04-15 10:00:00.000";"15.32";"51.17";"1.47";"0.00";"0.0"
"2023-04-15 11:00:00.000";"17.82";"42.00";"1.82";"0.00";"0.0"
"2023-04-15 12:00:00.000";"17.67";"40.17";"4.60";"0.00";"0.0"
"2023-04-15 13:00:00.000";"18.08";"41.00";"6.77";"0.00";"0.0"
"2023-04-15 14:00:00.000";"18.05";"36.00";"7.63";"0.00";"0.0"
"2023-04-15 15:00:00.000";"18.25";"36.83";"8.10";"0.00";"0.0"
"2023-04-15 16:00:00.000";"16.67";"43.83";"8.82";"0.00";"0.0"
"2023-04-15 17:00:00.000";"15.12";"54.50";"8.93";"0.00";"0.0"
"2023-04-15 18:00:00.000";"14.77";"55.67";"9.18";"0.00";"0.0"
"2023-04-15 19:00:00.000";"13.18";"71.00";"8.25";"0.00";"0.0"
"2023-04-15 20:00:00.000";"11.83";"80.67";"5.07";"0.00";"0.0"
"2023-04-15 21:00:00.000";"10.75";"88.83";"1.88";"0.00";"0.0"
"2023-04-15 22:00:00.000";"10.40";"86.67";"0.35";"0.00";"0.0"
"2023-04-15 23:00:00.000";"10.65";"79.50";"0.38";"0.00";"0.0"
"2023-04-16 00:00:00.000";"9.05";"90.00";"0.32";"0.00";"0.0"
"2023-04-16 01:00:00.000";"8.98";"93.33";"0.03";"0.00";"0.0"
"2023-04-16 02:00:00.000";"10.43";"92.50";"0.02";"0.00";"0.0"
"2023-04-16 03:00:00.000";"10.62";"95.83";"0.48";"1.00";"0.0"
"2023-04-16 04:00:00.000";"10.32";"97.00";"0.13";"0.00";"0.0"
"2023-04-16 05:00:00.000";"9.00";"97.33";"0.00";"0.67";"0.0"
"2023-04-16 06:00:00.000";"7.55";"98.00";"0.00";"0.00";"0.0"
"2023-04-16 07:00:00.000";"7.07";"98.67";"0.00";"0.67";"0.0"
"2023-04-16 08:00:00.000";"7.88";"97.17";"0.00";"0.67";"0.0"
"2023-04-16 09:00:00.000";"12.82";"85.00";"0.28";"0.00";"0.0"
"2023-04-16 10:00:00.000";"13.92";"72.33";"1.78";"0.00";"0.0"
"2023-04-16 11:00:00.000";"15.00";"65.00";"1.17";"0.00";"0.0"
"2023-04-16 12:00:00.000";"15.75";"58.33";"4.22";"0.00";"0.0"
"2023-04-16 13:00:00.000";"15.67";"56.00";"5.80";"0.00";"0.0"
"2023-04-16 14:00:00.000";"15.73";"55.50";"4.08";"0.00";"0.0"
"2023-04-16 15:00:00.000";"16.83";"47.33";"3.88";"0.00";"0.0"
"2023-04-16 16:00:00.000";"16.20";"52.00";"6.90";"0.00";"0.0"
"2023-04-16 17:00:00.000";"15.52";"55.50";"4.65";"0.00";"0.0"
"2023-04-16 18:00:00.000";"13.65";"70.33";"4.93";"0.17";"0.0"
"2023-04-16 19:00:00.000";"12.78";"71.00";"1.05";"0.00";"0.0"
"2023-04-16 20:00:00.000";"12.05";"76.00";"0.17";"0.00";"0.0"
"2023-04-16 21:00:00.000";"11.15";"79.83";"0.28";"0.00";"0.0"
"2023-04-16 22:00:00.000";"10.23";"82.83";"0.08";"0.00";"0.0"
"2023-04-16 23:00:00.000";"10.40";"83.17";"0.20";"0.00";"0.0"
"2023-04-17 00:00:00.000";"10.88";"78.33";"0.38";"0.00";"0.0"
"2023-04-17 01:00:00.000";"11.33";"78.67";"2.67";"0.00";"0.0"
"2023-04-17 02:00:00.000";"11.15";"84.00";"4.32";"0.00";"0.0"
"2023-04-17 03:00:00.000";"11.03";"89.83";"2.68";"0.33";"0.0"
"2023-04-17 04:00:00.000";"10.70";"93.00";"1.88";"1.00";"0.0"
"2023-04-17 05:00:00.000";"10.22";"88.67";"2.47";"0.00";"0.0"
"2023-04-17 06:00:00.000";"10.50";"84.50";"0.57";"0.00";"0.0"
"2023-04-17 07:00:00.000";"10.85";"82.33";"0.07";"0.00";"0.0"
"2023-04-17 08:00:00.000";"9.82";"91.83";"1.88";"0.83";"2.7"
"2023-04-17 09:00:00.000";"9.42";"94.67";"0.15";"0.83";"0.3"
"2023-04-17 10:00:00.000";"11.22";"92.67";"0.28";"0.83";"0.3"
"2023-04-17 11:00:00.000";"11.42";"91.33";"1.82";"0.83";"0.9"
"2023-04-17 12:00:00.000";"12.08";"86.50";"3.67";"0.00";"0.0"
"2023-04-17 13:00:00.000";"13.20";"81.33";"4.43";"0.00";"0.0"
"2023-04-17 14:00:00.000";"14.35";"77.83";"5.63";"0.00";"0.0"
"2023-04-17 15:00:00.000";"15.88";"69.17";"3.40";"0.00";"0.0"
"2023-04-17 16:00:00.000";"17.18";"56.67";"5.65";"0.00";"0.0"
"2023-04-17 17:00:00.000";"16.30";"59.67";"4.85";"0.00";"0.0"
"2023-04-17 18:00:00.000";"15.40";"65.17";"5.32";"0.00";"0.0"
"2023-04-17 19:00:00.000";"13.70";"75.00";"4.72";"0.00";"0.0"
"2023-04-17 20:00:00.000";"12.92";"81.33";"3.15";"0.00";"0.0"
"2023-04-17 21:00:00.000";"10.87";"95.83";"0.57";"0.00";"0.0"
"2023-04-17 22:00:00.000";"10.23";"98.00";"0.10";"0.00";"0.0"
"2023-04-17 23:00:00.000";"9.35";"98.83";"0.52";"1.00";"0.0"
"2023-04-18 00:00:00.000";"9.40";"99.00";"0.27";"1.00";"0.0"
"2023-04-18 01:00:00.000";"9.42";"99.00";"1.05";"1.00";"0.0"
"2023-04-18 02:00:00.000";"8.60";"99.00";"0.07";"1.00";"0.0"
"2023-04-18 03:00:00.000";"8.15";"99.00";"0.52";"1.00";"0.0"
"2023-04-18 04:00:00.000";"8.07";"99.00";"0.15";"1.00";"0.0"
"2023-04-18 05:00:00.000";"8.23";"100.00";"0.00";"1.00";"0.0"
"2023-04-18 06:00:00.000";"8.13";"100.00";"0.08";"1.00";"0.3"
"2023-04-18 07:00:00.000";"9.32";"100.00";"0.40";"1.00";"0.0"
"2023-04-18 08:00:00.000";"10.15";"100.00";"0.33";"1.00";"0.0"
"2023-04-18 09:00:00.000";"11.73";"96.67";"1.30";"1.00";"0.0"
"2023-04-18 10:00:00.000";"11.67";"92.00";"1.68";"0.83";"0.0"
"2023-04-18 11:00:00.000";"12.43";"79.17";"4.85";"0.00";"0.0"
"2023-04-18 12:00:00.000";"13.53";"70.67";"5.00";"0.00";"0.0"
"2023-04-18 13:00:00.000";"14.88";"67.33";"7.22";"0.00";"0.0"
"2023-04-18 14:00:00.000";"16.08";"55.00";"5.92";"0.00";"0.0"
"2023-04-18 15:00:00.000";"16.75";"49.00";"5.53";"0.00";"0.0"
"2023-04-18 16:00:00.000";"16.68";"48.67";"6.18";"0.00";"0.0"
"2023-04-18 17:00:00.000";"17.00";"46.50";"7.42";"0.00";"0.0"
"2023-04-18 18:00:00.000";"15.97";"52.00";"6.27";"0.00";"0.0"
"2023-04-18 19:00:00.000";"15.25";"58.33";"4.75";"0.00";"0.0"
"2023-04-18 20:00:00.000";"12.77";"69.00";"3.75";"0.00";"0.0"
"2023-04-18 21:00:00.000";"10.50";"87.00";"4.18";"0.00";"0.0"
"2023-04-18 22:00:00.000";"9.83";"82.50";"2.83";"0.00";"0.0"
"2023-04-18 23:00:00.000";"9.65";"82.33";"5.35";"0.00";"0.0"
"2023-04-19 00:00:00.000";"9.27";"87.83";"2.35";"0.00";"0.0"
"2023-04-19 01:00:00.000";"9.75";"88.00";"2.60";"0.00";"0.0"
"2023-04-19 02:00:00.000";"9.33";"89.83";"1.48";"0.00";"0.0"
"2023-04-19 03:00:00.000";"8.25";"94.17";"0.68";"0.00";"0.0"
"2023-04-19 04:00:00.000";"8.98";"96.17";"0.20";"1.00";"0.0"
"2023-04-19 05:00:00.000";"9.08";"95.33";"1.62";"1.00";"0.0"
"2023-04-19 06:00:00.000";"8.47";"95.33";"0.32";"0.00";"0.0"
"2023-04-19 07:00:00.000";"8.15";"97.83";"0.17";"0.00";"0.0"
"2023-04-19 08:00:00.000";"9.18";"95.83";"0.02";"0.00";"0.0"
"2023-04-19 09:00:00.000";"12.38";"80.33";"1.88";"0.00";"0.0"
"2023-04-19 10:00:00.000";"12.82";"74.67";"4.92";"0.00";"0.0"
"2023-04-19 11:00:00.000";"13.60";"69.67";"4.08";"0.00";"0.0"
"2023-04-19 12:00:00.000";"12.58";"77.33";"4.78";"0.00";"0.0"
"2023-04-19 13:00:00.000";"14.10";"69.33";"5.25";"0.00";"0.0"
"2023-04-19 14:00:00.000";"12.65";"79.33";"6.17";"0.17";"0.3"
"2023-04-19 15:00:00.000";"13.17";"75.33";"8.88";"0.00";"0.0"
"2023-04-19 16:00:00.000";"14.63";"61.17";"5.43";"0.00";"0.0"
"2023-04-19 17:00:00.000";"15.65";"50.67";"8.17";"0.00";"0.0"
"2023-04-19 18:00:00.000";"15.02";"55.33";"8.17";"0.00";"0.0"
"2023-04-19 19:00:00.000";"12.67";"72.67";"5.08";"0.00";"0.0"
"2023-04-19 20:00:00.000";"12.02";"80.00";"2.80";"0.00";"0.0"
"2023-04-19 21:00:00.000";"11.40";"86.17";"2.27";"0.00";"0.0"
"2023-04-19 22:00:00.000";"11.30";"91.00";"2.47";"0.00";"0.0"
"2023-04-19 23:00:00.000";"11.45";"90.83";"4.18";"0.00";"0.0"
"2023-04-20 00:00:00.000";"10.95";"88.33";"4.03";"0.00";"0.0"
"2023-04-20 01:00:00.000";"10.42";"90.17";"1.22";"0.00";"0.0"
"2023-04-20 02:00:00.000";"9.13";"92.50";"0.03";"0.00";"0.0"
"2023-04-20 03:00:00.000";"8.42";"95.33";"0.00";"0.00";"0.0"
"2023-04-20 04:00:00.000";"9.33";"94.33";"0.75";"0.00";"0.0"
"2023-04-20 05:00:00.000";"8.22";"97.00";"0.05";"0.00";"0.0"
"2023-04-20 06:00:00.000";"7.38";"98.00";"0.02";"0.00";"0.0"
"2023-04-20 07:00:00.000";"7.10";"98.00";"0.03";"0.00";"0.0"
"2023-04-20 08:00:00.000";"8.88";"98.83";"0.12";"0.33";"0.0"
"2023-04-20 09:00:00.000";"14.60";"83.83";"0.08";"0.00";"0.0"
"2023-04-20 10:00:00.000";"16.35";"67.00";"0.80";"0.00";"0.0"
"2023-04-20 11:00:00.000";"16.70";"60.83";"3.27";"0.00";"0.0"
"2023-04-20 12:00:00.000";"17.00";"63.00";"4.77";"0.00";"0.0"
"2023-04-20 13:00:00.000";"16.97";"61.67";"7.12";"0.00";"0.0"
"2023-04-20 14:00:00.000";"16.97";"58.50";"8.95";"0.00";"0.0"
"2023-04-20 15:00:00.000";"17.45";"55.00";"8.00";"0.00";"0.0"
"2023-04-20 16:00:00.000";"17.77";"52.83";"8.17";"0.00";"0.0"
"2023-04-20 17:00:00.000";"18.98";"51.50";"6.85";"0.00";"0.0"
"2023-04-20 18:00:00.000";"18.85";"49.33";"5.82";"0.00";"0.0"
"2023-04-20 19:00:00.000";"15.67";"67.50";"5.30";"0.00";"0.0"
"2023-04-20 20:00:00.000";"12.92";"84.83";"2.82";"0.00";"0.0"
"2023-04-20 21:00:00.000";"11.08";"95.17";"0.97";"0.00";"0.0"
"2023-04-20 22:00:00.000";"9.72";"97.67";"0.00";"0.00";"0.0"
"2023-04-20 23:00:00.000";"9.28";"98.67";"0.00";"1.00";"0.0"
"2023-04-21 00:00:00.000";"8.85";"99.00";"0.00";"1.00";"0.0"
"2023-04-21 01:00:00.000";"8.48";"99.00";"0.00";"1.00";"0.0"
"2023-04-21 02:00:00.000";"8.08";"99.17";"0.00";"1.00";"0.0"
"2023-04-21 03:00:00.000";"8.10";"100.00";"0.00";"1.00";"0.0"
"2023-04-21 04:00:00.000";"8.07";"100.00";"0.13";"1.00";"0.0"
"2023-04-21 05:00:00.000";"8.15";"100.00";"0.73";"1.00";"0.0"
"2023-04-21 06:00:00.000";"8.50";"99.33";"0.90";"1.00";"0.0"
"2023-04-21 07:00:00.000";"7.40";"97.83";"0.50";"0.17";"0.0"
"2023-04-21 08:00:00.000";"9.38";"92.67";"0.12";"0.00";"0.0"
"2023-04-21 09:00:00.000";"14.08";"74.83";"3.82";"0.00";"0.0"
"2023-04-21 10:00:00.000";"17.10";"59.67";"4.52";"0.00";"0.0"
"2023-04-21 11:00:00.000";"19.17";"47.83";"4.27";"0.00";"0.0"
"2023-04-21 12:00:00.000";"19.83";"50.00";"4.43";"0.00";"0.0"
"2023-04-21 13:00:00.000";"18.78";"63.00";"4.63";"0.00";"0.0"
"2023-04-21 14:00:00.000";"18.72";"60.50";"6.30";"0.00";"0.0"
"2023-04-21 15:00:00.000";"19.08";"55.00";"4.40";"0.00";"0.0"
"2023-04-21 16:00:00.000";"19.30";"55.83";"5.37";"0.00";"0.0"
"2023-04-21 17:00:00.000";"17.27";"66.17";"5.18";"0.00";"0.0"
"2023-04-21 18:00:00.000";"17.33";"69.17";"1.47";"0.00";"0.0"
"2023-04-21 19:00:00.000";"15.20";"82.00";"5.52";"0.00";"0.0"
"2023-04-21 20:00:00.000";"13.80";"79.17";"1.22";"0.00";"0.0"
"2023-04-21 21:00:00.000";"11.83";"92.33";"0.67";"0.00";"0.0"
"2023-04-21 22:00:00.000";"11.98";"87.00";"2.83";"0.00";"0.0"
"2023-04-21 23:00:00.000";"11.67";"82.33";"0.60";"0.00";"0.0"
"2023-04-22 00:00:00.000";"10.18";"89.00";"0.23";"0.00";"0.0"
"2023-04-22 01:00:00.000";"9.95";"88.17";"0.20";"0.00";"0.0"
"2023-04-22 02:00:00.000";"9.43";"85.83";"0.95";"0.00";"0.0"
"2023-04-22 03:00:00.000";"9.20";"84.50";"0.02";"0.00";"0.0"
"2023-04-22 04:00:00.000";"9.30";"80.50";"0.00";"0.00";"0.0"
"2023-04-22 05:00:00.000";"9.82";"78.50";"0.05";"0.00";"0.0"
"2023-04-22 06:00:00.000";"9.38";"85.17";"0.00";"0.00";"0.0"
"2023-04-22 07:00:00.000";"9.40";"87.83";"0.07";"0.00";"0.0"
"2023-04-22 08:00:00.000";"10.42";"85.83";"0.00";"0.00";"0.0"
"2023-04-22 09:00:00.000";"14.23";"76.83";"0.65";"0.00";"0.0"
"2023-04-22 10:00:00.000";"17.92";"64.33";"1.05";"0.00";"0.0"
"2023-04-22 11:00:00.000";"18.13";"63.00";"3.98";"0.00";"0.0"
"2023-04-22 12:00:00.000";"17.88";"69.00";"5.97";"0.00";"0.0"
"2023-04-22 13:00:00.000";"17.12";"70.83";"6.35";"0.00";"0.0"
"2023-04-22 14:00:00.000";"18.03";"62.33";"6.27";"0.00";"0.0"
"2023-04-22 15:00:00.000";"18.68";"59.67";"4.98";"0.00";"0.0"
"2023-04-22 16:00:00.000";"18.53";"61.67";"5.92";"0.00";"0.0"
"2023-04-22 17:00:00.000";"17.65";"66.33";"7.07";"0.00";"0.0"
"2023-04-22 18:00:00.000";"18.35";"56.17";"5.22";"0.00";"0.0"
"2023-04-22 19:00:00.000";"18.33";"56.00";"3.47";"0.00";"0.0"
"2023-04-22 20:00:00.000";"15.70";"72.17";"2.35";"0.00";"0.0"
"2023-04-22 21:00:00.000";"13.45";"84.33";"2.10";"0.00";"0.0"
"2023-04-22 22:00:00.000";"11.57";"86.17";"0.80";"0.00";"0.0"
"2023-04-22 23:00:00.000";"10.03";"91.50";"0.00";"0.00";"0.0"
"2023-04-23 00:00:00.000";"10.33";"97.50";"0.23";"0.33";"0.0"
"2023-04-23 01:00:00.000";"8.88";"98.00";"0.02";"0.83";"0.0"
"2023-04-23 02:00:00.000";"9.85";"98.33";"0.08";"1.00";"0.0"
"2023-04-23 03:00:00.000";"7.98";"99.00";"0.05";"1.00";"0.0"
"2023-04-23 04:00:00.000";"7.93";"99.00";"0.00";"1.00";"0.0"
"2023-04-23 05:00:00.000";"8.80";"98.17";"0.00";"1.00";"0.0"
"2023-04-23 06:00:00.000";"8.35";"98.50";"0.00";"1.00";"0.0"
"2023-04-23 07:00:00.000";"8.45";"99.00";"0.00";"1.00";"0.0"
"2023-04-23 08:00:00.000";"10.13";"94.50";"0.20";"0.50";"0.0"
"2023-04-23 09:00:00.000";"14.08";"79.00";"1.23";"0.00";"0.0"
"2023-04-23 10:00:00.000";"15.98";"75.50";"2.50";"0.00";"0.0"
"2023-04-23 11:00:00.000";"16.78";"69.00";"3.83";"0.00";"0.0"
"2023-04-23 12:00:00.000";"16.48";"73.17";"4.68";"0.00";"0.0"
"2023-04-23 13:00:00.000";"16.65";"73.17";"5.98";"0.00";"0.0"
"2023-04-23 14:00:00.000";"17.85";"66.67";"8.37";"0.00";"0.0"
"2023-04-23 15:00:00.000";"16.45";"71.83";"8.47";"0.00";"0.0"
"2023-04-23 16:00:00.000";"16.57";"70.83";"6.92";"0.00";"0.0"
"2023-04-23 17:00:00.000";"15.87";"73.50";"7.15";"0.00";"0.0"
"2023-04-23 18:00:00.000";"15.55";"76.83";"6.43";"0.00";"0.0"
"2023-04-23 19:00:00.000";"15.15";"79.67";"5.92";"0.00";"0.0"
"2023-04-23 20:00:00.000";"13.88";"87.67";"3.50";"0.00";"0.0"
"2023-04-23 21:00:00.000";"12.63";"95.83";"0.38";"0.00";"0.0"
"2023-04-23 22:00:00.000";"11.95";"97.67";"0.00";"0.67";"0.0"
"2023-04-23 23:00:00.000";"10.33";"98.67";"0.40";"0.50";"0.0"
"2023-04-24 00:00:00.000";"10.38";"99.00";"0.18";"1.00";"0.0"
"2023-04-24 01:00:00.000";"10.83";"99.00";"0.02";"1.00";"0.0"
"2023-04-24 02:00:00.000";"10.37";"99.00";"0.00";"1.00";"0.0"
"2023-04-24 03:00:00.000";"9.33";"99.83";"0.02";"1.00";"0.0"
"2023-04-24 04:00:00.000";"9.05";"100.00";"0.00";"1.00";"0.0"
"2023-04-24 05:00:00.000";"8.57";"100.00";"0.00";"1.00";"0.0"
"2023-04-24 06:00:00.000";"7.43";"100.00";"0.02";"1.00";"0.0"
"2023-04-24 07:00:00.000";"7.20";"100.00";"0.03";"1.00";"0.0"
"2023-04-24 08:00:00.000";"9.10";"100.00";"0.00";"0.50";"0.0"
"2023-04-24 09:00:00.000";"15.80";"82.00";"0.00";"0.00";"0.0"
"2023-04-24 10:00:00.000";"18.25";"56.83";"0.83";"0.00";"0.0"
"2023-04-24 11:00:00.000";"18.55";"48.67";"3.58";"0.00";"0.0"
"2023-04-24 12:00:00.000";"19.17";"54.00";"5.37";"0.00";"0.0"
"2023-04-24 13:00:00.000";"20.10";"51.17";"6.18";"0.00";"0.0"
"2023-04-24 14:00:00.000";"19.58";"47.50";"8.20";"0.00";"0.0"
"2023-04-24 15:00:00.000";"19.47";"47.67";"8.33";"0.00";"0.0"
"2023-04-24 16:00:00.000";"19.12";"46.17";"9.38";"0.00";"0.0"
"2023-04-24 17:00:00.000";"19.27";"45.00";"8.95";"0.00";"0.0"
"2023-04-24 18:00:00.000";"18.97";"47.33";"7.27";"0.00";"0.0"
"2023-04-24 19:00:00.000";"18.47";"48.17";"5.82";"0.00";"0.0"
"2023-04-24 20:00:00.000";"15.80";"55.17";"5.38";"0.00";"0.0"
"2023-04-24 21:00:00.000";"11.83";"76.67";"0.47";"0.00";"0.0"
"2023-04-24 22:00:00.000";"10.53";"72.00";"0.27";"0.00";"0.0"
"2023-04-24 23:00:00.000";"10.77";"66.17";"1.02";"0.00";"0.0"
"2023-04-25 00:00:00.000";"10.32";"67.33";"0.22";"0.00";"0.0"
"2023-04-25 01:00:00.000";"8.78";"76.33";"0.08";"0.00";"0.0"
"2023-04-25 02:00:00.000";"9.07";"76.33";"0.32";"0.00";"0.0"
"2023-04-25 03:00:00.000";"10.75";"66.33";"0.80";"0.00";"0.0"
"2023-04-25 04:00:00.000";"10.07";"68.50";"0.20";"0.00";"0.0"
"2023-04-25 05:00:00.000";"8.32";"77.67";"0.02";"0.00";"0.0"
"2023-04-25 06:00:00.000";"8.22";"81.67";"0.00";"0.00";"0.0"
"2023-04-25 07:00:00.000";"9.35";"88.00";"0.07";"0.00";"0.0"
"2023-04-25 08:00:00.000";"12.35";"87.67";"0.47";"0.00";"0.0"
"2023-04-25 09:00:00.000";"14.37";"83.17";"2.73";"0.00";"0.0"
"2023-04-25 10:00:00.000";"15.37";"79.00";"2.87";"0.00";"0.0"
"2023-04-25 11:00:00.000";"16.32";"75.17";"5.87";"0.00";"0.0"
"2023-04-25 12:00:00.000";"16.88";"75.00";"7.18";"0.00";"0.0"
"2023-04-25 13:00:00.000";"16.58";"72.00";"6.62";"0.00";"0.0"
"2023-04-25 14:00:00.000";"16.95";"69.00";"7.83";"0.00";"0.0"
"2023-04-25 15:00:00.000";"17.55";"64.67";"7.73";"0.00";"0.0"
"2023-04-25 16:00:00.000";"18.60";"56.17";"9.05";"0.00";"0.0"
"2023-04-25 17:00:00.000";"18.75";"47.67";"8.47";"0.00";"0.0"
"2023-04-25 18:00:00.000";"18.48";"49.67";"8.03";"0.00";"0.0"
"2023-04-25 19:00:00.000";"17.43";"53.83";"7.30";"0.00";"0.0"
"2023-04-25 20:00:00.000";"15.05";"69.00";"4.98";"0.00";"0.0"
"2023-04-25 21:00:00.000";"12.92";"95.83";"2.82";"0.00";"0.0"
"2023-04-25 22:00:00.000";"11.90";"97.67";"0.28";"0.83";"0.0"
"2023-04-25 23:00:00.000";"10.77";"98.33";"0.00";"0.00";"0.0"
"2023-04-26 00:00:00.000";"10.63";"99.00";"0.32";"1.00";"0.0"
"2023-04-26 01:00:00.000";"11.00";"99.00";"0.23";"1.00";"0.0"
"2023-04-26 02:00:00.000";"12.03";"98.83";"0.22";"0.50";"0.0"
"2023-04-26 03:00:00.000";"12.40";"98.00";"0.50";"0.00";"0.0"
"2023-04-26 04:00:00.000";"12.35";"98.17";"0.30";"0.00";"0.0"
"2023-04-26 05:00:00.000";"12.58";"99.00";"3.37";"0.00";"0.0"
"2023-04-26 06:00:00.000";"12.62";"98.00";"3.57";"0.00";"0.0"
"2023-04-26 07:00:00.000";"12.72";"96.00";"4.08";"0.00";"0.0"
"2023-04-26 08:00:00.000";"13.20";"92.33";"3.18";"0.00";"0.0"
"2023-04-26 09:00:00.000";"13.80";"90.33";"3.13";"0.67";"0.0"
"2023-04-26 10:00:00.000";"14.53";"86.67";"4.13";"0.67";"0.0"
"2023-04-26 11:00:00.000";"15.42";"82.67";"5.90";"0.33";"0.0"
"2023-04-26 12:00:00.000";"14.78";"85.50";"8.03";"0.50";"0.0"
"2023-04-26 13:00:00.000";"14.40";"90.17";"7.17";"0.83";"0.3"
"2023-04-26 14:00:00.000";"14.00";"91.00";"6.98";"0.67";"0.3"
"2023-04-26 15:00:00.000";"15.87";"76.83";"8.43";"0.00";"0.0"
"2023-04-26 16:00:00.000";"16.50";"72.17";"8.97";"0.00";"0.0"
"2023-04-26 17:00:00.000";"15.85";"76.67";"5.98";"0.00";"0.0"
"2023-04-26 18:00:00.000";"15.65";"76.50";"5.05";"0.00";"0.0"
"2023-04-26 19:00:00.000";"15.48";"73.67";"4.82";"0.00";"0.0"
"2023-04-26 20:00:00.000";"14.12";"74.67";"6.45";"0.00";"0.0"
"2023-04-26 21:00:00.000";"12.88";"84.50";"3.07";"0.00";"0.0"
"2023-04-26 22:00:00.000";"12.15";"82.00";"6.20";"0.00";"0.0"
"2023-04-26 23:00:00.000";"11.98";"83.17";"6.22";"0.00";"0.0"
"2023-04-27 00:00:00.000";"11.75";"84.50";"4.37";"0.00";"0.0"
"2023-04-27 01:00:00.000";"11.00";"88.33";"2.57";"0.00";"0.0"
"2023-04-27 02:00:00.000";"8.70";"90.67";"0.05";"0.00";"0.0"
"2023-04-27 03:00:00.000";"7.95";"95.17";"0.00";"0.00";"0.0"
"2023-04-27 04:00:00.000";"8.32";"95.83";"0.22";"0.00";"0.0"
"2023-04-27 05:00:00.000";"9.32";"87.00";"0.83";"0.00";"0.0"
"2023-04-27 06:00:00.000";"9.20";"86.00";"0.53";"0.00";"0.0"
"2023-04-27 07:00:00.000";"9.28";"82.17";"1.30";"0.00";"0.0"
"2023-04-27 08:00:00.000";"9.80";"77.83";"0.13";"0.00";"0.0"
"2023-04-27 09:00:00.000";"14.15";"67.33";"0.63";"0.00";"0.0"
"2023-04-27 10:00:00.000";"16.10";"56.33";"1.63";"0.00";"0.0"
"2023-04-27 11:00:00.000";"16.12";"59.67";"5.35";"0.00";"0.0"
"2023-04-27 12:00:00.000";"16.58";"59.50";"8.60";"0.00";"0.0"
"2023-04-27 13:00:00.000";"16.98";"52.33";"7.77";"0.00";"0.0"
"2023-04-27 14:00:00.000";"17.28";"47.33";"9.18";"0.00";"0.0"
"2023-04-27 15:00:00.000";"17.58";"45.50";"8.38";"0.00";"0.0"
"2023-04-27 16:00:00.000";"17.37";"45.67";"9.43";"0.00";"0.0"
"2023-04-27 17:00:00.000";"17.17";"44.67";"9.83";"0.00";"0.0"
"2023-04-27 18:00:00.000";"16.47";"52.50";"9.80";"0.00";"0.0"
"2023-04-27 19:00:00.000";"15.52";"60.17";"8.50";"0.00";"0.0"
"2023-04-27 20:00:00.000";"13.45";"66.50";"6.78";"0.00";"0.0"
"2023-04-27 21:00:00.000";"11.90";"75.50";"7.65";"0.00";"0.0"
"2023-04-27 22:00:00.000";"11.53";"74.00";"7.70";"0.00";"0.0"
"2023-04-27 23:00:00.000";"10.27";"77.83";"1.52";"0.00";"0.0"
"2023-04-28 00:00:00.000";"9.80";"80.67";"0.72";"0.00";"0.0"
"2023-04-28 01:00:00.000";"10.70";"72.67";"1.45";"0.00";"0.0"
"2023-04-28 02:00:00.000";"11.97";"63.67";"4.65";"0.00";"0.0"
"2023-04-28 03:00:00.000";"11.27";"77.83";"3.37";"0.00";"0.0"
"2023-04-28 04:00:00.000";"9.47";"89.00";"0.32";"0.00";"0.0"
"2023-04-28 05:00:00.000";"8.37";"94.67";"0.00";"0.00";"0.0"
"2023-04-28 06:00:00.000";"8.92";"94.50";"0.20";"0.00";"0.0"
"2023-04-28 07:00:00.000";"8.35";"97.50";"0.27";"0.00";"0.0"
"2023-04-28 08:00:00.000";"10.20";"97.33";"0.50";"0.00";"0.0"
"2023-04-28 09:00:00.000";"13.93";"82.50";"0.93";"0.00";"0.0"
"2023-04-28 10:00:00.000";"14.88";"72.00";"2.72";"0.00";"0.0"
"2023-04-28 11:00:00.000";"15.75";"65.50";"4.70";"0.00";"0.0"
"2023-04-28 12:00:00.000";"14.98";"70.83";"5.12";"0.00";"0.0"
"2023-04-28 13:00:00.000";"15.37";"69.17";"7.05";"0.00";"0.0"
"2023-04-28 14:00:00.000";"14.67";"72.00";"6.73";"0.00";"0.0"
"2023-04-28 15:00:00.000";"14.38";"71.00";"7.78";"0.00";"0.0"
"2023-04-28 16:00:00.000";"16.25";"59.33";"8.73";"0.00";"0.0"
"2023-04-28 17:00:00.000";"16.78";"56.00";"9.80";"0.00";"0.0"
"2023-04-28 18:00:00.000";"16.60";"59.00";"9.68";"0.00";"0.0"
"2023-04-28 19:00:00.000";"16.20";"60.83";"6.50";"0.00";"0.0"
"2023-04-28 20:00:00.000";"14.27";"71.00";"3.63";"0.00";"0.0"
"2023-04-28 21:00:00.000";"11.72";"84.67";"3.03";"0.00";"0.0"
"2023-04-28 22:00:00.000";"9.42";"96.17";"1.05";"0.00";"0.0"
"2023-04-28 23:00:00.000";"7.78";"96.00";"0.07";"0.67";"0.0"
"2023-04-29 00:00:00.000";"7.27";"93.50";"0.00";"0.33";"0.0"
"2023-04-29 01:00:00.000";"8.32";"84.67";"0.55";"0.00";"0.0"
"2023-04-29 02:00:00.000";"8.65";"83.67";"0.32";"0.00";"0.0"
"2023-04-29 03:00:00.000";"8.83";"83.33";"0.05";"0.00";"0.0"
"2023-04-29 04:00:00.000";"8.03";"83.67";"0.02";"0.00";"0.0"
"2023-04-29 05:00:00.000";"6.93";"86.17";"0.33";"0.00";"0.0"
"2023-04-29 06:00:00.000";"6.83";"88.00";"0.18";"0.00";"0.0"
"2023-04-29 07:00:00.000";"7.02";"85.17";"0.32";"0.00";"0.0"
"2023-04-29 08:00:00.000";"10.43";"77.50";"0.02";"0.00";"0.0"
"2023-04-29 09:00:00.000";"14.57";"71.00";"0.73";"0.00";"0.0"
"2023-04-29 10:00:00.000";"16.42";"53.67";"1.67";"0.00";"0.0"
"2023-04-29 11:00:00.000";"17.45";"52.17";"3.53";"0.00";"0.0"
"2023-04-29 12:00:00.000";"18.35";"55.17";"4.70";"0.00";"0.0"
"2023-04-29 13:00:00.000";"19.25";"41.50";"5.20";"0.00";"0.0"
"2023-04-29 14:00:00.000";"19.70";"33.50";"8.03";"0.00";"0.0"
"2023-04-29 15:00:00.000";"19.02";"44.83";"10.78";"0.00";"0.0"
"2023-04-29 16:00:00.000";"19.00";"41.67";"9.08";"0.00";"0.0"
"2023-04-29 17:00:00.000";"19.02";"39.83";"8.03";"0.00";"0.0"
"2023-04-29 18:00:00.000";"18.02";"41.17";"7.97";"0.00";"0.0"
"2023-04-29 19:00:00.000";"16.77";"52.17";"6.70";"0.00";"0.0"
"2023-04-29 20:00:00.000";"14.85";"60.83";"4.13";"0.00";"0.0"
"2023-04-29 21:00:00.000";"11.87";"84.83";"1.02";"0.00";"0.0"
"2023-04-29 22:00:00.000";"9.72";"91.67";"0.28";"0.00";"0.0"
"2023-04-29 23:00:00.000";"8.43";"95.00";"0.00";"0.00";"0.0"
"2023-04-30 00:00:00.000";"8.93";"93.33";"0.18";"0.00";"0.0"
"2023-04-30 01:00:00.000";"9.13";"90.50";"0.48";"0.00";"0.0"
"2023-04-30 02:00:00.000";"8.62";"81.33";"0.12";"0.00";"0.0"
"2023-04-30 03:00:00.000";"8.75";"74.83";"0.57";"0.00";"0.0"
"2023-04-30 04:00:00.000";"9.47";"80.67";"2.17";"0.00";"0.0"
"2023-04-30 05:00:00.000";"9.90";"82.50";"0.15";"0.00";"0.0"
"2023-04-30 06:00:00.000";"9.95";"84.50";"0.00";"0.17";"0.0"
"2023-04-30 07:00:00.000";"10.53";"84.00";"0.00";"1.00";"0.0"
"2023-04-30 08:00:00.000";"11.42";"75.33";"0.02";"0.00";"0.0"
"2023-04-30 09:00:00.000";"12.98";"75.33";"0.03";"0.00";"0.0"
"2023-04-30 10:00:00.000";"14.03";"72.17";"0.07";"0.00";"0.0"
"2023-04-30 11:00:00.000";"15.15";"69.67";"1.17";"0.00";"0.0"
"2023-04-30 12:00:00.000";"17.08";"68.83";"3.30";"0.33";"0.0"
"2023-04-30 13:00:00.000";"16.60";"73.83";"5.37";"0.00";"0.0"
"2023-04-30 14:00:00.000";"17.15";"73.83";"5.80";"0.00";"0.0"
"2023-04-30 15:00:00.000";"17.33";"72.50";"5.87";"0.00";"0.0"
"2023-04-30 16:00:00.000";"16.35";"76.83";"4.83";"0.00";"0.0"
"2023-04-30 17:00:00.000";"15.30";"79.50";"5.27";"0.00";"0.0"
"2023-04-30 18:00:00.000";"15.35";"78.67";"3.27";"0.00";"0.0"
"2023-04-30 19:00:00.000";"15.23";"85.67";"1.17";"0.00";"0.0"
"2023-04-30 20:00:00.000";"14.62";"89.83";"0.65";"0.00";"0.0"
"2023-04-30 21:00:00.000";"13.38";"95.83";"0.43";"0.00";"0.0"
"2023-04-30 22:00:00.000";"13.02";"97.67";"0.00";"1.00";"0.0"
"2023-04-30 23:00:00.000";"12.75";"98.00";"0.00";"1.00";"0.0"
"2023-05-01 00:00:00.000";"12.40";"99.00";"0.03";"1.00";"0.0"
"2023-05-01 01:00:00.000";"11.80";"98.33";"0.27";"1.00";"0.9"
"2023-05-01 02:00:00.000";"11.22";"98.17";"0.12";"1.00";"0.6"
"2023-05-01 03:00:00.000";"10.75";"95.67";"1.08";"0.33";"0.6"
"2023-05-01 04:00:00.000";"11.48";"96.83";"1.17";"0.83";"1.2"
"2023-05-01 05:00:00.000";"11.52";"97.00";"0.43";"0.50";"0.3"
"2023-05-01 06:00:00.000";"11.28";"98.00";"0.00";"0.33";"0.6"
"2023-05-01 07:00:00.000";"11.42";"99.00";"0.10";"1.00";"2.4"
"2023-05-01 08:00:00.000";"11.20";"99.00";"0.22";"0.00";"3.6"
"2023-05-01 09:00:00.000";"11.68";"99.50";"0.02";"0.00";"1.8"
"2023-05-01 10:00:00.000";"11.33";"99.00";"1.93";"0.33";"0.6"
"2023-05-01 11:00:00.000";"11.92";"98.00";"2.42";"0.00";"0.0"
"2023-05-01 12:00:00.000";"12.07";"95.67";"1.18";"0.83";"0.9"
"2023-05-01 13:00:00.000";"11.97";"94.17";"2.73";"0.00";"0.3"
"2023-05-01 14:00:00.000";"11.90";"91.00";"4.40";"0.00";"0.0"
"2023-05-01 15:00:00.000";"12.02";"83.33";"3.10";"0.00";"0.0"
"2023-05-01 16:00:00.000";"13.30";"78.83";"3.53";"0.00";"0.0"
"2023-05-01 17:00:00.000";"12.88";"81.67";"3.83";"0.00";"0.0"
"2023-05-01 18:00:00.000";"12.70";"85.50";"3.98";"0.00";"0.0"
"2023-05-01 19:00:00.000";"13.77";"79.67";"4.82";"0.00";"0.0"
"2023-05-01 20:00:00.000";"14.08";"75.17";"3.10";"0.00";"0.0"
"2023-05-01 21:00:00.000";"12.53";"88.17";"1.28";"0.00";"0.0"
"2023-05-01 22:00:00.000";"11.92";"90.67";"1.00";"0.00";"0.0"
"2023-05-01 23:00:00.000";"13.03";"83.83";"1.50";"0.00";"0.0"
"2023-05-02 00:00:00.000";"12.83";"84.00";"2.85";"0.00";"0.0"
"2023-05-02 01:00:00.000";"13.03";"83.83";"3.12";"0.00";"0.0"
"2023-05-02 02:00:00.000";"12.53";"86.17";"2.43";"0.00";"0.0"
"2023-05-02 03:00:00.000";"12.82";"84.50";"2.50";"0.00";"0.0"
"2023-05-02 04:00:00.000";"12.53";"88.00";"1.32";"0.50";"0.0"
"2023-05-02 05:00:00.000";"12.82";"86.17";"0.82";"0.00";"0.0"
"2023-05-02 06:00:00.000";"14.35";"74.17";"6.92";"0.00";"0.0"
"2023-05-02 07:00:00.000";"14.27";"73.17";"10.13";"0.00";"0.0"
"2023-05-02 08:00:00.000";"15.60";"67.50";"10.22";"0.00";"0.0"
"2023-05-02 09:00:00.000";"17.23";"61.83";"6.65";"0.00";"0.0"
"2023-05-02 10:00:00.000";"17.97";"60.00";"4.17";"0.00";"0.0"
"2023-05-02 11:00:00.000";"17.80";"60.83";"6.77";"0.00";"0.0"
"2023-05-02 12:00:00.000";"17.57";"61.50";"11.10";"0.00";"0.0"
"2023-05-02 13:00:00.000";"17.47";"65.00";"9.98";"0.00";"0.0"
"2023-05-02 14:00:00.000";"15.93";"75.50";"6.05";"0.00";"0.3"
"2023-05-02 15:00:00.000";"13.83";"87.00";"5.78";"0.50";"0.9"
"2023-05-02 16:00:00.000";"13.53";"88.17";"14.63";"1.00";"0.6"
"2023-05-02 17:00:00.000";"16.05";"69.50";"14.73";"0.00";"0.0"
"2023-05-02 18:00:00.000";"17.20";"62.83";"12.65";"0.00";"0.0"
"2023-05-02 19:00:00.000";"16.57";"62.50";"12.65";"0.00";"0.0"
"2023-05-02 20:00:00.000";"15.43";"68.17";"10.33";"0.00";"0.0"
"2023-05-02 21:00:00.000";"14.53";"77.00";"9.53";"0.00";"0.0"
"2023-05-02 22:00:00.000";"14.33";"77.00";"6.52";"0.00";"0.0"
"2023-05-02 23:00:00.000";"14.52";"73.67";"5.03";"0.00";"0.0"
"2023-05-03 00:00:00.000";"14.87";"71.50";"4.23";"0.00";"0.0"
"2023-05-03 01:00:00.000";"14.72";"71.33";"4.85";"0.00";"0.0"
"2023-05-03 02:00:00.000";"14.38";"73.17";"5.48";"0.00";"0.0"
"2023-05-03 03:00:00.000";"13.83";"76.83";"5.10";"0.00";"0.0"
"2023-05-03 04:00:00.000";"14.05";"75.83";"4.42";"0.00";"0.0"
"2023-05-03 05:00:00.000";"14.00";"74.83";"6.60";"0.00";"0.0"
"2023-05-03 06:00:00.000";"13.32";"84.83";"6.43";"0.00";"0.0"
"2023-05-03 07:00:00.000";"13.02";"92.17";"5.78";"0.00";"0.0"
"2023-05-03 08:00:00.000";"13.55";"95.33";"3.80";"1.00";"0.0"
"2023-05-03 09:00:00.000";"14.38";"89.17";"4.10";"0.67";"0.0"
"2023-05-03 10:00:00.000";"15.88";"78.83";"6.43";"0.00";"0.0"
"2023-05-03 11:00:00.000";"16.28";"76.33";"6.72";"0.00";"0.0"
"2023-05-03 12:00:00.000";"16.40";"77.33";"7.05";"0.00";"0.0"
"2023-05-03 13:00:00.000";"16.68";"84.17";"5.65";"0.50";"1.8"
"2023-05-03 14:00:00.000";"18.53";"64.83";"5.98";"0.00";"0.0"
"2023-05-03 15:00:00.000";"18.67";"62.83";"6.67";"0.00";"0.0"
"2023-05-03 16:00:00.000";"17.52";"67.67";"6.52";"0.00";"0.0"
"2023-05-03 17:00:00.000";"17.45";"69.00";"6.27";"0.00";"0.0"
"2023-05-03 18:00:00.000";"16.25";"73.67";"6.98";"0.00";"0.0"
"2023-05-03 19:00:00.000";"16.42";"73.33";"7.10";"0.00";"0.0"
"2023-05-03 20:00:00.000";"14.85";"77.00";"2.78";"0.00";"0.0"
"2023-05-03 21:00:00.000";"12.87";"93.83";"0.12";"0.00";"0.0"
"2023-05-03 22:00:00.000";"12.43";"95.67";"0.02";"0.33";"0.0"
"2023-05-03 23:00:00.000";"11.73";"97.67";"0.03";"0.17";"0.0"
"2023-05-04 00:00:00.000";"11.45";"98.33";"0.00";"1.00";"0.0"
"2023-05-04 01:00:00.000";"11.62";"99.00";"0.10";"1.00";"0.0"
"2023-05-04 02:00:00.000";"11.82";"99.00";"0.02";"1.00";"0.0"
"2023-05-04 03:00:00.000";"11.95";"99.00";"0.10";"1.00";"0.0"
"2023-05-04 04:00:00.000";"12.20";"98.50";"0.00";"1.00";"0.0"
"2023-05-04 05:00:00.000";"12.37";"96.50";"0.07";"0.33";"0.0"
"2023-05-04 06:00:00.000";"12.27";"97.00";"0.47";"1.00";"0.0"
"2023-05-04 07:00:00.000";"12.28";"98.33";"0.40";"1.00";"0.0"
"2023-05-04 08:00:00.000";"12.52";"99.00";"1.25";"1.00";"0.0"
"2023-05-04 09:00:00.000";"13.20";"95.67";"3.47";"1.00";"0.0"
"2023-05-04 10:00:00.000";"15.55";"78.83";"3.55";"0.00";"0.0"
"2023-05-04 11:00:00.000";"17.12";"67.83";"3.22";"0.00";"0.0"
"2023-05-04 12:00:00.000";"18.83";"59.67";"2.65";"0.00";"0.0"
"2023-05-04 13:00:00.000";"18.53";"63.67";"2.88";"0.00";"0.0"
"2023-05-04 14:00:00.000";"19.30";"57.33";"3.22";"0.00";"0.0"
"2023-05-04 15:00:00.000";"18.00";"64.50";"5.18";"0.00";"0.0"
"2023-05-04 16:00:00.000";"16.62";"73.83";"0.92";"0.33";"0.0"
"2023-05-04 17:00:00.000";"17.70";"65.50";"0.33";"0.00";"0.0"
"2023-05-04 18:00:00.000";"18.95";"56.50";"3.57";"0.00";"0.0"
"2023-05-04 19:00:00.000";"18.92";"58.33";"2.85";"0.00";"0.0"
"2023-05-04 20:00:00.000";"16.53";"63.00";"1.72";"0.00";"0.0"
"2023-05-04 21:00:00.000";"14.28";"77.00";"0.35";"0.00";"0.0"
"2023-05-04 22:00:00.000";"13.08";"90.33";"0.67";"0.83";"0.6"
"2023-05-04 23:00:00.000";"12.62";"96.83";"0.33";"1.00";"0.0"
"2023-05-05 00:00:00.000";"12.42";"97.33";"0.22";"1.00";"0.0"
"2023-05-05 01:00:00.000";"11.35";"98.17";"0.28";"1.00";"0.0"
"2023-05-05 02:00:00.000";"10.78";"99.00";"0.02";"1.00";"0.0"
"2023-05-05 03:00:00.000";"11.48";"99.00";"0.17";"1.00";"0.0"
"2023-05-05 04:00:00.000";"12.72";"93.17";"1.70";"0.67";"0.0"
"2023-05-05 05:00:00.000";"13.87";"82.33";"1.87";"0.00";"0.0"
"2023-05-05 06:00:00.000";"13.83";"81.00";"1.90";"0.00";"0.0"
"2023-05-05 07:00:00.000";"13.52";"82.67";"1.50";"0.00";"0.0"
"2023-05-05 08:00:00.000";"14.18";"78.50";"3.68";"0.00";"0.0"
"2023-05-05 09:00:00.000";"16.52";"70.83";"1.13";"0.00";"0.0"
"2023-05-05 10:00:00.000";"16.00";"70.83";"2.22";"0.00";"0.0"
"2023-05-05 11:00:00.000";"17.68";"59.50";"2.95";"0.00";"0.0"
"2023-05-05 12:00:00.000";"18.57";"57.83";"4.93";"0.00";"0.0"
"2023-05-05 13:00:00.000";"18.38";"58.17";"4.13";"0.00";"0.0"
"2023-05-05 14:00:00.000";"19.72";"52.83";"5.78";"0.00";"0.0"
"2023-05-05 15:00:00.000";"18.80";"54.33";"6.82";"0.00";"0.0"
"2023-05-05 16:00:00.000";"19.28";"54.83";"5.22";"0.00";"0.0"
"2023-05-05 17:00:00.000";"16.93";"78.67";"1.12";"0.83";"0.6"
"2023-05-05 18:00:00.000";"17.27";"75.00";"1.78";"0.00";"0.0"
"2023-05-05 19:00:00.000";"16.85";"80.33";"1.47";"0.00";"0.0"
"2023-05-05 20:00:00.000";"16.73";"85.17";"0.28";"0.00";"0.0"
"2023-05-05 21:00:00.000";"15.10";"89.33";"0.32";"0.00";"0.0"
"2023-05-05 22:00:00.000";"15.85";"70.00";"2.33";"0.00";"0.0"
"2023-05-05 23:00:00.000";"15.03";"73.50";"0.43";"0.00";"0.0"
"2023-05-06 00:00:00.000";"14.05";"79.33";"0.27";"0.00";"0.0"
"2023-05-06 01:00:00.000";"14.15";"77.33";"0.27";"0.00";"0.0"
"2023-05-06 02:00:00.000";"14.57";"71.67";"0.72";"0.00";"0.0"
"2023-05-06 03:00:00.000";"14.37";"70.00";"1.65";"0.00";"0.0"
"2023-05-06 04:00:00.000";"15.02";"66.00";"3.82";"0.00";"0.0"
"2023-05-06 05:00:00.000";"15.60";"64.33";"6.17";"0.00";"0.0"
"2023-05-06 06:00:00.000";"15.22";"65.50";"4.92";"0.00";"0.0"
"2023-05-06 07:00:00.000";"15.20";"66.17";"3.35";"0.00";"0.0"
"2023-05-06 08:00:00.000";"16.12";"63.67";"5.98";"0.00";"0.0"
"2023-05-06 09:00:00.000";"18.40";"57.67";"4.23";"0.00";"0.0"
"2023-05-06 10:00:00.000";"20.42";"50.83";"2.17";"0.00";"0.0"
"2023-05-06 11:00:00.000";"21.40";"50.67";"4.43";"0.00";"0.0"
"2023-05-06 12:00:00.000";"22.12";"46.33";"4.07";"0.00";"0.0"
"2023-05-06 13:00:00.000";"22.72";"40.67";"3.68";"0.00";"0.0"
"2023-05-06 14:00:00.000";"23.58";"39.33";"4.55";"0.00";"0.0"
"2023-05-06 15:00:00.000";"21.73";"47.17";"5.03";"0.00";"0.0"
"2023-05-06 16:00:00.000";"21.67";"50.17";"4.38";"0.00";"0.0"
"2023-05-06 17:00:00.000";"20.58";"56.83";"5.00";"0.00";"0.0"
"2023-05-06 18:00:00.000";"18.77";"66.00";"4.43";"0.00";"0.0"
"2023-05-06 19:00:00.000";"18.42";"68.00";"1.62";"0.00";"0.0"
"2023-05-06 20:00:00.000";"19.48";"57.50";"1.18";"0.00";"0.0"
"2023-05-06 21:00:00.000";"17.13";"68.00";"0.42";"0.00";"0.0"
"2023-05-06 22:00:00.000";"15.80";"77.83";"0.07";"0.00";"0.0"
"2023-05-06 23:00:00.000";"17.42";"59.50";"4.75";"0.00";"0.0"
"2023-05-07 00:00:00.000";"17.05";"54.17";"4.35";"0.00";"0.0"
"2023-05-07 01:00:00.000";"17.08";"49.17";"4.53";"0.00";"0.0"
"2023-05-07 02:00:00.000";"17.22";"48.83";"4.45";"0.00";"0.0"
"2023-05-07 03:00:00.000";"16.88";"50.33";"3.13";"0.00";"0.0"
"2023-05-07 04:00:00.000";"15.50";"57.00";"1.05";"0.00";"0.0"
"2023-05-07 05:00:00.000";"15.27";"57.83";"1.60";"0.00";"0.0"
"2023-05-07 06:00:00.000";"12.93";"68.67";"0.15";"0.00";"0.0"
"2023-05-07 07:00:00.000";"15.53";"58.67";"1.03";"0.00";"0.0"
"2023-05-07 08:00:00.000";"16.88";"52.83";"1.38";"0.00";"0.0"
"2023-05-07 09:00:00.000";"20.22";"49.83";"1.35";"0.00";"0.0"
"2023-05-07 10:00:00.000";"21.13";"43.50";"3.20";"0.00";"0.0"
"2023-05-07 11:00:00.000";"22.23";"40.17";"2.78";"0.00";"0.0"
"2023-05-07 12:00:00.000";"22.93";"39.17";"3.48";"0.00";"0.0"
"2023-05-07 13:00:00.000";"23.78";"39.33";"3.83";"0.00";"0.0"
"2023-05-07 14:00:00.000";"21.25";"45.33";"5.63";"0.00";"0.0"
"2023-05-07 15:00:00.000";"21.33";"44.00";"5.38";"0.00";"0.0"
"2023-05-07 16:00:00.000";"21.82";"40.67";"5.40";"0.00";"0.0"
"2023-05-07 17:00:00.000";"21.65";"39.67";"5.77";"0.00";"0.0"
"2023-05-07 18:00:00.000";"22.48";"39.17";"5.52";"0.00";"0.0"
"2023-05-07 19:00:00.000";"22.03";"42.00";"5.05";"0.00";"0.0"
"2023-05-07 20:00:00.000";"20.58";"49.33";"2.63";"0.00";"0.0"
"2023-05-07 21:00:00.000";"17.20";"68.67";"0.27";"0.00";"0.0"
"2023-05-07 22:00:00.000";"14.95";"74.17";"0.30";"0.00";"0.0"
"2023-05-07 23:00:00.000";"13.70";"75.50";"0.20";"0.00";"0.0"
"2023-05-08 00:00:00.000";"12.80";"79.00";"0.23";"0.00";"0.0"
"2023-05-08 01:00:00.000";"12.03";"81.67";"0.55";"0.00";"0.0"
"2023-05-08 02:00:00.000";"11.92";"81.17";"0.13";"0.00";"0.0"
"2023-05-08 03:00:00.000";"12.38";"76.33";"0.00";"0.00";"0.0"
"2023-05-08 04:00:00.000";"12.38";"75.83";"0.20";"0.00";"0.0"
"2023-05-08 05:00:00.000";"12.33";"77.00";"0.07";"0.00";"0.0"
"2023-05-08 06:00:00.000";"12.53";"74.17";"0.03";"0.00";"0.0"
"2023-05-08 07:00:00.000";"12.63";"73.00";"0.00";"0.00";"0.0"
"2023-05-08 08:00:00.000";"15.57";"67.00";"0.00";"0.00";"0.0"
"2023-05-08 09:00:00.000";"21.23";"53.50";"0.27";"0.00";"0.0"
"2023-05-08 10:00:00.000";"23.73";"41.33";"0.58";"0.00";"0.0"
"2023-05-08 11:00:00.000";"24.58";"42.17";"2.20";"0.00";"0.0"
"2023-05-08 12:00:00.000";"23.48";"50.50";"5.07";"0.00";"0.0"
"2023-05-08 13:00:00.000";"24.12";"45.33";"5.50";"0.00";"0.0"
"2023-05-08 14:00:00.000";"23.73";"43.00";"5.62";"0.00";"0.0"
"2023-05-08 15:00:00.000";"23.65";"37.67";"4.75";"0.00";"0.0"
"2023-05-08 16:00:00.000";"22.82";"39.00";"4.82";"0.00";"0.0"
"2023-05-08 17:00:00.000";"22.70";"42.33";"3.33";"0.00";"0.0"
"2023-05-08 18:00:00.000";"22.43";"41.17";"4.30";"0.00";"0.0"
"2023-05-08 19:00:00.000";"20.58";"54.50";"2.35";"0.00";"0.0"
"2023-05-08 20:00:00.000";"18.37";"68.33";"0.47";"0.00";"0.0"
"2023-05-08 21:00:00.000";"15.45";"83.67";"0.05";"0.00";"0.0"
"2023-05-08 22:00:00.000";"14.37";"88.33";"0.02";"0.00";"0.0"
"2023-05-08 23:00:00.000";"14.55";"86.33";"0.00";"0.00";"0.0"
"2023-05-09 00:00:00.000";"14.17";"82.33";"0.00";"0.00";"0.0"
"2023-05-09 01:00:00.000";"16.50";"59.67";"1.98";"0.00";"0.0"
"2023-05-09 02:00:00.000";"18.35";"46.50";"3.75";"0.00";"0.0"
"2023-05-09 03:00:00.000";"18.67";"45.50";"2.82";"0.00";"0.0"
"2023-05-09 04:00:00.000";"16.82";"54.50";"0.97";"0.00";"0.0"
"2023-05-09 05:00:00.000";"15.62";"60.83";"0.78";"0.00";"0.0"
"2023-05-09 06:00:00.000";"15.08";"63.50";"0.13";"0.00";"0.0"
"2023-05-09 07:00:00.000";"14.77";"67.67";"0.00";"0.00";"0.0"
"2023-05-09 08:00:00.000";"15.20";"70.00";"0.23";"0.00";"0.0"
"2023-05-09 09:00:00.000";"17.43";"63.00";"0.00";"0.00";"0.0"
"2023-05-09 10:00:00.000";"19.22";"59.33";"0.17";"0.00";"0.0"
"2023-05-09 11:00:00.000";"20.85";"50.33";"0.00";"0.00";"0.0"
"2023-05-09 12:00:00.000";"22.37";"43.00";"0.62";"0.00";"0.0"
"2023-05-09 13:00:00.000";"22.65";"46.00";"1.67";"0.00";"0.0"
"2023-05-09 14:00:00.000";"21.93";"50.83";"2.30";"0.00";"0.0"
"2023-05-09 15:00:00.000";"21.75";"53.17";"4.05";"0.00";"0.0"
"2023-05-09 16:00:00.000";"20.23";"55.67";"1.93";"0.00";"0.0"
"2023-05-09 17:00:00.000";"19.85";"59.67";"1.38";"0.00";"0.0"
"2023-05-09 18:00:00.000";"18.85";"68.83";"1.20";"0.00";"0.0"
"2023-05-09 19:00:00.000";"18.77";"73.83";"0.02";"0.00";"0.0"
"2023-05-09 20:00:00.000";"17.95";"82.00";"0.00";"0.00";"0.0"
"2023-05-09 21:00:00.000";"16.53";"84.67";"0.20";"0.00";"0.0"
"2023-05-09 22:00:00.000";"15.02";"92.67";"0.02";"0.00";"0.0"
"2023-05-09 23:00:00.000";"13.50";"97.00";"0.00";"0.50";"0.0"
"2023-05-10 00:00:00.000";"13.08";"98.00";"0.00";"1.00";"0.0"
"2023-05-10 01:00:00.000";"15.28";"83.00";"0.58";"0.00";"0.0"
"2023-05-10 02:00:00.000";"14.90";"80.17";"0.15";"0.00";"0.0"
"2023-05-10 03:00:00.000";"13.77";"85.33";"0.00";"0.00";"0.0"
"2023-05-10 04:00:00.000";"14.03";"83.83";"0.30";"0.00";"0.0"
"2023-05-10 05:00:00.000";"13.50";"86.50";"0.73";"0.00";"0.0"
"2023-05-10 06:00:00.000";"13.77";"87.67";"0.75";"0.17";"0.0"
"2023-05-10 07:00:00.000";"13.67";"93.00";"0.42";"1.00";"0.0"
"2023-05-10 08:00:00.000";"14.50";"90.17";"0.58";"0.00";"0.0"
"2023-05-10 09:00:00.000";"16.72";"82.00";"0.12";"0.00";"0.0"
"2023-05-10 10:00:00.000";"18.68";"72.33";"0.65";"0.00";"0.0"
"2023-05-10 11:00:00.000";"20.10";"67.83";"4.07";"0.00";"0.0"
"2023-05-10 12:00:00.000";"20.65";"68.33";"6.53";"0.00";"0.0"
"2023-05-10 13:00:00.000";"19.45";"72.67";"8.77";"0.00";"0.0"
"2023-05-10 14:00:00.000";"17.80";"76.00";"7.52";"0.00";"0.0"
"2023-05-10 15:00:00.000";"19.73";"64.50";"7.30";"0.00";"0.0"
"2023-05-10 16:00:00.000";"21.10";"57.50";"3.22";"0.00";"0.0"
"2023-05-10 17:00:00.000";"17.97";"77.00";"2.88";"0.00";"0.0"
"2023-05-10 18:00:00.000";"20.18";"67.17";"1.75";"0.00";"0.0"
"2023-05-10 19:00:00.000";"20.45";"63.17";"2.00";"0.00";"0.0"
"2023-05-10 20:00:00.000";"18.73";"70.50";"3.72";"0.00";"0.0"
"2023-05-10 21:00:00.000";"17.07";"81.50";"0.30";"0.00";"0.0"
"2023-05-10 22:00:00.000";"15.75";"91.50";"0.62";"0.00";"0.0"
"2023-05-10 23:00:00.000";"15.37";"94.17";"1.73";"0.00";"0.0"
"2023-05-11 00:00:00.000";"15.07";"96.17";"1.20";"0.00";"0.0"
"2023-05-11 01:00:00.000";"14.78";"97.17";"1.68";"0.83";"0.0"
"2023-05-11 02:00:00.000";"14.38";"98.00";"0.45";"1.00";"0.0"
"2023-05-11 03:00:00.000";"14.12";"98.17";"0.75";"1.00";"0.0"
"2023-05-11 04:00:00.000";"13.20";"99.00";"0.12";"1.00";"0.0"
"2023-05-11 05:00:00.000";"13.02";"99.00";"0.00";"1.00";"0.0"
"2023-05-11 06:00:00.000";"13.42";"99.00";"0.88";"1.00";"0.0"
"2023-05-11 07:00:00.000";"13.90";"99.17";"2.23";"1.00";"0.0"
"2023-05-11 08:00:00.000";"14.17";"99.17";"0.57";"1.00";"0.3"
"2023-05-11 09:00:00.000";"14.25";"99.00";"1.48";"1.00";"0.0"
"2023-05-11 10:00:00.000";"14.53";"98.50";"1.80";"1.00";"0.0"
"2023-05-11 11:00:00.000";"14.83";"96.17";"1.97";"1.00";"0.0"
"2023-05-11 12:00:00.000";"14.83";"96.50";"1.48";"1.00";"0.0"
"2023-05-11 13:00:00.000";"16.13";"89.00";"1.98";"0.00";"0.0"
"2023-05-11 14:00:00.000";"16.58";"84.83";"5.33";"0.00";"0.0"
"2023-05-11 15:00:00.000";"16.43";"86.17";"5.82";"0.00";"0.0"
"2023-05-11 16:00:00.000";"16.12";"89.67";"3.92";"0.17";"0.0"
"2023-05-11 17:00:00.000";"16.62";"85.67";"1.92";"0.00";"0.0"
"2023-05-11 18:00:00.000";"16.62";"87.83";"3.92";"0.00";"0.0"
"2023-05-11 19:00:00.000";"15.42";"90.00";"3.97";"0.00";"0.0"
"2023-05-11 20:00:00.000";"15.42";"85.50";"2.75";"0.00";"0.0"
"2023-05-11 21:00:00.000";"14.38";"90.00";"1.38";"0.00";"0.0"
"2023-05-11 22:00:00.000";"13.52";"90.00";"1.25";"0.00";"0.0"
"2023-05-11 23:00:00.000";"12.40";"91.83";"1.32";"0.00";"0.0"
"2023-05-12 00:00:00.000";"11.63";"94.00";"2.60";"0.00";"0.0"
"2023-05-12 01:00:00.000";"10.67";"94.67";"0.63";"0.17";"0.0"
"2023-05-12 02:00:00.000";"10.18";"97.67";"0.07";"0.83";"0.0"
"2023-05-12 03:00:00.000";"9.68";"98.50";"0.02";"1.00";"0.0"
"2023-05-12 04:00:00.000";"10.07";"98.83";"0.15";"1.00";"0.0"
"2023-05-12 05:00:00.000";"9.48";"99.00";"0.00";"1.00";"0.0"
"2023-05-12 06:00:00.000";"9.77";"99.00";"0.00";"1.00";"0.0"
"2023-05-12 07:00:00.000";"9.68";"99.00";"0.13";"1.00";"0.0"
"2023-05-12 08:00:00.000";"11.72";"97.17";"0.05";"0.50";"0.0"
"2023-05-12 09:00:00.000";"17.17";"79.00";"0.30";"0.00";"0.0"
"2023-05-12 10:00:00.000";"17.05";"71.17";"2.45";"0.00";"0.0"
"2023-05-12 11:00:00.000";"17.62";"70.50";"5.63";"0.00";"0.0"
"2023-05-12 12:00:00.000";"17.40";"72.83";"5.75";"0.00";"0.0"
"2023-05-12 13:00:00.000";"19.33";"62.33";"6.28";"0.00";"0.0"
"2023-05-12 14:00:00.000";"19.23";"62.33";"6.98";"0.00";"0.0"
"2023-05-12 15:00:00.000";"18.23";"67.00";"7.40";"0.00";"0.0"
"2023-05-12 16:00:00.000";"18.17";"68.17";"9.12";"0.00";"0.0"
"2023-05-12 17:00:00.000";"17.58";"69.83";"8.28";"0.00";"0.0"
"2023-05-12 18:00:00.000";"17.77";"66.83";"8.62";"0.00";"0.0"
"2023-05-12 19:00:00.000";"16.80";"74.17";"8.20";"0.00";"0.0"
"2023-05-12 20:00:00.000";"15.47";"81.33";"5.60";"0.00";"0.0"
"2023-05-12 21:00:00.000";"13.67";"91.17";"3.93";"0.17";"0.0"
"2023-05-12 22:00:00.000";"11.25";"96.50";"0.17";"0.83";"0.0"
"2023-05-12 23:00:00.000";"11.07";"89.17";"0.57";"0.00";"0.0"
"2023-05-13 00:00:00.000";"10.50";"92.00";"0.68";"0.00";"0.0"
"2023-05-13 01:00:00.000";"10.77";"93.83";"0.52";"0.00";"0.0"
"2023-05-13 02:00:00.000";"10.53";"96.00";"0.10";"0.67";"0.0"
"2023-05-13 03:00:00.000";"10.13";"97.67";"0.20";"0.83";"0.0"
"2023-05-13 04:00:00.000";"10.30";"98.67";"0.05";"1.00";"0.0"
"2023-05-13 05:00:00.000";"10.45";"99.00";"0.08";"1.00";"0.0"
"2023-05-13 06:00:00.000";"10.30";"97.17";"0.10";"0.50";"0.0"
"2023-05-13 07:00:00.000";"9.70";"92.50";"0.33";"0.00";"0.0"
"2023-05-13 08:00:00.000";"12.68";"87.83";"0.08";"0.00";"0.0"
"2023-05-13 09:00:00.000";"17.33";"74.00";"1.07";"0.00";"0.0"
"2023-05-13 10:00:00.000";"18.45";"62.17";"1.52";"0.00";"0.0"
"2023-05-13 11:00:00.000";"18.25";"61.33";"1.57";"0.00";"0.0"
"2023-05-13 12:00:00.000";"19.80";"60.50";"4.08";"0.00";"0.0"
"2023-05-13 13:00:00.000";"21.45";"53.67";"2.97";"0.00";"0.0"
"2023-05-13 14:00:00.000";"17.67";"75.67";"8.77";"0.00";"0.0"
"2023-05-13 15:00:00.000";"14.90";"92.17";"7.98";"0.83";"0.0"
"2023-05-13 16:00:00.000";"16.15";"86.17";"2.78";"0.17";"0.0"
"2023-05-13 17:00:00.000";"17.60";"79.00";"6.87";"0.00";"0.0"
"2023-05-13 18:00:00.000";"18.07";"76.33";"3.55";"0.00";"0.0"
"2023-05-13 19:00:00.000";"18.33";"76.50";"2.95";"0.00";"0.0"
"2023-05-13 20:00:00.000";"17.52";"81.67";"1.10";"0.00";"0.0"
"2023-05-13 21:00:00.000";"15.83";"91.50";"3.58";"0.00";"0.0"
"2023-05-13 22:00:00.000";"14.42";"92.67";"5.65";"0.00";"0.0"
"2023-05-13 23:00:00.000";"15.43";"82.83";"5.28";"0.00";"0.0"
"2023-05-14 00:00:00.000";"15.92";"80.00";"5.95";"0.00";"0.0"
"2023-05-14 01:00:00.000";"16.43";"78.17";"5.25";"0.00";"0.0"
"2023-05-14 02:00:00.000";"18.10";"68.00";"4.52";"0.00";"0.0"
"2023-05-14 03:00:00.000";"18.38";"63.50";"3.08";"0.00";"0.0"
"2023-05-14 04:00:00.000";"18.58";"60.33";"1.90";"0.00";"0.0"
"2023-05-14 05:00:00.000";"19.28";"57.17";"4.82";"0.00";"0.0"
"2023-05-14 06:00:00.000";"19.33";"56.67";"5.98";"0.00";"0.0"
"2023-05-14 07:00:00.000";"18.95";"59.33";"5.28";"0.00";"0.0"
"2023-05-14 08:00:00.000";"19.05";"59.33";"5.72";"0.00";"0.0"
"2023-05-14 09:00:00.000";"20.23";"55.33";"5.70";"0.00";"0.0"
"2023-05-14 10:00:00.000";"22.22";"49.83";"5.93";"0.00";"0.0"
"2023-05-14 11:00:00.000";"24.10";"47.00";"5.45";"0.00";"0.0"
"2023-05-14 12:00:00.000";"24.33";"46.17";"6.72";"0.00";"0.0"
"2023-05-14 13:00:00.000";"24.33";"44.17";"8.18";"0.00";"0.0"
"2023-05-14 14:00:00.000";"25.43";"39.17";"6.13";"0.00";"0.0"
"2023-05-14 15:00:00.000";"25.30";"39.67";"6.60";"0.00";"0.0"
"2023-05-14 16:00:00.000";"26.45";"34.50";"5.42";"0.00";"0.0"
"2023-05-14 17:00:00.000";"26.02";"35.17";"6.22";"0.00";"0.0"
"2023-05-14 18:00:00.000";"25.40";"35.00";"6.18";"0.00";"0.0"
"2023-05-14 19:00:00.000";"23.98";"39.00";"4.90";"0.00";"0.0"
"2023-05-14 20:00:00.000";"21.70";"43.83";"4.43";"0.00";"0.0"
"2023-05-14 21:00:00.000";"20.08";"47.00";"4.97";"0.00";"0.0"
"2023-05-14 22:00:00.000";"20.07";"47.50";"4.88";"0.00";"0.0"
"2023-05-14 23:00:00.000";"20.40";"46.33";"5.00";"0.00";"0.0"
"2023-05-15 00:00:00.000";"20.85";"44.83";"4.63";"0.00";"0.0"
"2023-05-15 01:00:00.000";"21.25";"44.17";"3.90";"0.00";"0.0"
"2023-05-15 02:00:00.000";"21.37";"43.83";"6.27";"0.00";"0.0"
"2023-05-15 03:00:00.000";"21.02";"45.17";"7.02";"0.00";"0.0"
"2023-05-15 04:00:00.000";"21.10";"44.83";"6.87";"0.00";"0.0"
"2023-05-15 05:00:00.000";"21.47";"43.50";"6.10";"0.00";"0.0"
"2023-05-15 06:00:00.000";"21.70";"42.83";"6.40";"0.00";"0.0"
"2023-05-15 07:00:00.000";"21.65";"43.00";"5.20";"0.00";"0.0"
"2023-05-15 08:00:00.000";"21.93";"43.17";"5.15";"0.00";"0.0"
"2023-05-15 09:00:00.000";"23.32";"40.33";"7.63";"0.00";"0.0"
"2023-05-15 10:00:00.000";"24.35";"39.83";"7.67";"0.00";"0.0"
"2023-05-15 11:00:00.000";"26.82";"36.33";"8.88";"0.00";"0.0"
"2023-05-15 12:00:00.000";"27.32";"35.33";"8.50";"0.00";"0.0"
"2023-05-15 13:00:00.000";"28.00";"33.00";"9.16";"0.00";"0.0"
"2023-05-15 14:00:00.000";"28.15";"30.83";"9.93";"0.00";"0.0"
"2023-05-15 15:00:00.000";"26.87";"33.50";"9.52";"0.00";"0.0"
"2023-05-15 16:00:00.000";"25.33";"37.00";"11.43";"0.00";"0.0"
"2023-05-15 17:00:00.000";"23.75";"39.33";"10.00";"0.00";"0.0"
"2023-05-15 18:00:00.000";"24.75";"37.50";"10.27";"0.00";"0.0"
"2023-05-15 19:00:00.000";"23.28";"40.17";"10.50";"0.00";"0.0"
"2023-05-15 20:00:00.000";"22.28";"43.33";"9.98";"0.00";"0.0"
"2023-05-15 21:00:00.000";"21.53";"45.83";"10.37";"0.00";"0.0"
"2023-05-15 22:00:00.000";"21.10";"48.67";"9.80";"0.00";"0.0"
"2023-05-15 23:00:00.000";"21.22";"48.33";"9.47";"0.00";"0.0"
"2023-05-16 00:00:00.000";"21.58";"46.67";"10.55";"0.00";"0.0"
"2023-05-16 01:00:00.000";"21.98";"45.33";"9.70";"0.00";"0.0"
"2023-05-16 02:00:00.000";"22.32";"44.00";"10.77";"0.00";"0.0"
"2023-05-16 03:00:00.000";"22.67";"40.00";"11.42";"0.00";"0.0"
"2023-05-16 04:00:00.000";"22.67";"36.83";"7.77";"0.00";"0.0"
"2023-05-16 05:00:00.000";"18.80";"62.17";"3.13";"0.00";"0.0"
"2023-05-16 06:00:00.000";"16.95";"77.33";"3.38";"0.17";"0.0"
"2023-05-16 07:00:00.000";"18.17";"69.33";"3.67";"0.67";"0.0"
"2023-05-16 08:00:00.000";"17.02";"77.83";"0.80";"0.50";"0.0"
"2023-05-16 09:00:00.000";"16.60";"81.83";"5.22";"0.17";"0.0"
"2023-05-16 10:00:00.000";"17.42";"80.33";"2.25";"0.17";"0.0"
"2023-05-16 11:00:00.000";"16.15";"92.17";"2.20";"0.83";"1.8"
"2023-05-16 12:00:00.000";"16.38";"92.67";"3.20";"0.83";"0.6"
"2023-05-16 13:00:00.000";"17.15";"89.67";"3.48";"0.67";"0.3"
"2023-05-16 14:00:00.000";"16.50";"81.00";"5.87";"0.00";"0.0"
"2023-05-16 15:00:00.000";"18.88";"66.00";"8.52";"0.00";"0.0"
"2023-05-16 16:00:00.000";"19.22";"62.67";"6.97";"0.00";"0.0"
"2023-05-16 17:00:00.000";"19.78";"57.50";"6.78";"0.00";"0.0"
"2023-05-16 18:00:00.000";"19.07";"61.17";"8.03";"0.00";"0.0"
"2023-05-16 19:00:00.000";"17.68";"68.00";"6.95";"0.00";"0.0"
"2023-05-16 20:00:00.000";"16.17";"75.17";"6.50";"0.00";"0.0"
"2023-05-16 21:00:00.000";"13.93";"89.33";"4.28";"0.00";"0.0"
"2023-05-16 22:00:00.000";"12.72";"87.33";"2.57";"0.00";"0.0"
"2023-05-16 23:00:00.000";"12.05";"85.50";"1.30";"0.00";"0.0"
"2023-05-17 00:00:00.000";"11.73";"87.50";"2.00";"0.00";"0.0"
"2023-05-17 01:00:00.000";"11.03";"94.83";"0.07";"0.33";"0.0"
"2023-05-17 02:00:00.000";"10.47";"97.67";"0.00";"1.00";"0.0"
"2023-05-17 03:00:00.000";"10.68";"98.33";"0.00";"1.00";"0.0"
"2023-05-17 04:00:00.000";"11.30";"99.00";"0.00";"1.00";"0.0"
"2023-05-17 05:00:00.000";"11.03";"99.00";"0.00";"1.00";"0.0"
"2023-05-17 06:00:00.000";"10.82";"99.00";"0.00";"1.00";"0.0"
"2023-05-17 07:00:00.000";"11.00";"99.50";"0.00";"1.00";"0.0"
"2023-05-17 08:00:00.000";"13.22";"99.50";"0.25";"1.00";"0.0"
"2023-05-17 09:00:00.000";"15.93";"84.50";"1.95";"0.00";"0.0"
"2023-05-17 10:00:00.000";"16.80";"73.83";"4.62";"0.00";"0.0"
"2023-05-17 11:00:00.000";"17.58";"68.33";"5.62";"0.00";"0.0"
"2023-05-17 12:00:00.000";"16.85";"73.17";"7.20";"0.00";"0.0"
"2023-05-17 13:00:00.000";"17.17";"70.00";"7.78";"0.00";"0.0"
"2023-05-17 14:00:00.000";"17.45";"68.50";"7.03";"0.00";"0.0"
"2023-05-17 15:00:00.000";"16.00";"76.00";"7.68";"0.33";"1.2"
"2023-05-17 16:00:00.000";"13.37";"95.50";"4.87";"1.00";"2.1"
"2023-05-17 17:00:00.000";"15.32";"78.67";"6.03";"0.00";"0.0"
"2023-05-17 18:00:00.000";"15.42";"82.33";"6.05";"0.00";"0.0"
"2023-05-17 19:00:00.000";"14.97";"83.33";"3.23";"0.00";"0.0"
"2023-05-17 20:00:00.000";"14.48";"88.50";"2.37";"0.33";"0.0"
"2023-05-17 21:00:00.000";"13.80";"91.67";"2.90";"0.00";"0.0"
"2023-05-17 22:00:00.000";"13.58";"92.50";"3.33";"0.00";"0.0"
"2023-05-17 23:00:00.000";"13.15";"93.83";"2.88";"0.17";"0.0"
"2023-05-18 00:00:00.000";"12.77";"97.17";"1.25";"1.00";"0.0"
"2023-05-18 01:00:00.000";"13.18";"96.00";"0.57";"0.67";"0.0"
"2023-05-18 02:00:00.000";"12.85";"95.17";"0.60";"0.00";"0.0"
"2023-05-18 03:00:00.000";"12.50";"97.00";"1.23";"0.00";"0.0"
"2023-05-18 04:00:00.000";"12.87";"97.50";"1.13";"0.00";"0.0"
"2023-05-18 05:00:00.000";"12.12";"97.33";"0.47";"0.17";"0.0"
"2023-05-18 06:00:00.000";"12.37";"98.50";"0.90";"1.00";"0.0"
"2023-05-18 07:00:00.000";"11.60";"98.33";"0.13";"1.00";"0.0"
"2023-05-18 08:00:00.000";"13.22";"97.00";"0.08";"0.33";"0.0"
"2023-05-18 09:00:00.000";"17.33";"82.67";"0.42";"0.00";"0.0"
"2023-05-18 10:00:00.000";"18.75";"60.50";"3.15";"0.00";"0.0"
"2023-05-18 11:00:00.000";"19.08";"61.17";"6.27";"0.00";"0.0"
"2023-05-18 12:00:00.000";"19.23";"62.33";"6.92";"0.00";"0.0"
"2023-05-18 13:00:00.000";"19.80";"56.00";"7.52";"0.00";"0.0"
"2023-05-18 14:00:00.000";"20.00";"53.83";"6.07";"0.00";"0.0"
"2023-05-18 15:00:00.000";"20.53";"50.17";"6.63";"0.00";"0.0"
"2023-05-18 16:00:00.000";"20.35";"47.00";"5.83";"0.00";"0.0"
"2023-05-18 17:00:00.000";"19.87";"53.00";"4.77";"0.00";"0.0"
"2023-05-18 18:00:00.000";"19.07";"63.33";"4.07";"0.00";"0.0"
"2023-05-18 19:00:00.000";"18.47";"68.83";"6.03";"0.00";"0.0"
"2023-05-18 20:00:00.000";"16.95";"73.83";"4.40";"0.00";"0.0"
"2023-05-18 21:00:00.000";"15.13";"83.67";"2.12";"0.00";"0.0"
"2023-05-18 22:00:00.000";"14.23";"84.17";"1.28";"0.00";"0.0"
"2023-05-18 23:00:00.000";"13.47";"89.50";"0.63";"0.00";"0.0"
"2023-05-19 00:00:00.000";"12.22";"92.00";"0.02";"0.00";"0.0"
"2023-05-19 01:00:00.000";"11.08";"95.67";"0.00";"0.00";"0.0"
"2023-05-19 02:00:00.000";"11.47";"93.33";"0.17";"0.00";"0.0"
"2023-05-19 03:00:00.000";"11.15";"93.83";"0.00";"0.00";"0.0"
"2023-05-19 04:00:00.000";"10.37";"95.50";"0.07";"0.17";"0.0"
"2023-05-19 05:00:00.000";"9.93";"96.33";"0.10";"0.00";"0.0"
"2023-05-19 06:00:00.000";"10.22";"95.33";"0.53";"0.00";"0.0"
"2023-05-19 07:00:00.000";"10.97";"94.00";"0.80";"0.00";"0.0"
"2023-05-19 08:00:00.000";"12.68";"92.83";"0.05";"0.00";"0.0"
"2023-05-19 09:00:00.000";"18.12";"78.67";"0.38";"0.00";"0.0"
"2023-05-19 10:00:00.000";"20.67";"62.17";"1.92";"0.00";"0.0"
"2023-05-19 11:00:00.000";"22.15";"54.83";"2.53";"0.00";"0.0"
"2023-05-19 12:00:00.000";"22.62";"53.00";"3.67";"0.00";"0.0"
"2023-05-19 13:00:00.000";"23.55";"45.17";"2.53";"0.00";"0.0"
"2023-05-19 14:00:00.000";"23.37";"47.83";"3.48";"0.00";"0.0"
"2023-05-19 15:00:00.000";"22.00";"56.17";"7.02";"0.00";"0.0"
"2023-05-19 16:00:00.000";"21.67";"53.67";"6.80";"0.00";"0.0"
"2023-05-19 17:00:00.000";"22.97";"48.00";"2.87";"0.00";"0.0"
"2023-05-19 18:00:00.000";"21.65";"57.00";"5.82";"0.00";"0.0"
"2023-05-19 19:00:00.000";"21.17";"61.50";"2.58";"0.00";"0.0"
"2023-05-19 20:00:00.000";"18.15";"68.33";"4.55";"0.00";"0.0"
"2023-05-19 21:00:00.000";"16.03";"77.00";"1.62";"0.00";"0.0"
"2023-05-19 22:00:00.000";"15.15";"80.67";"0.23";"0.00";"0.0"
"2023-05-19 23:00:00.000";"15.73";"76.83";"2.95";"0.00";"0.0"
"2023-05-20 00:00:00.000";"17.10";"74.67";"4.48";"0.00";"0.0"
"2023-05-20 01:00:00.000";"18.48";"65.33";"4.37";"0.00";"0.0"
"2023-05-20 02:00:00.000";"18.65";"61.00";"4.77";"0.00";"0.0"
"2023-05-20 03:00:00.000";"18.73";"56.83";"3.57";"0.00";"0.0"
"2023-05-20 04:00:00.000";"18.72";"46.83";"4.40";"0.00";"0.0"
"2023-05-20 05:00:00.000";"17.83";"49.50";"2.95";"0.00";"0.0"
"2023-05-20 06:00:00.000";"16.90";"54.00";"2.85";"0.00";"0.0"
"2023-05-20 07:00:00.000";"18.42";"45.50";"9.18";"0.00";"0.0"
"2023-05-20 08:00:00.000";"19.25";"43.17";"9.27";"0.00";"0.0"
"2023-05-20 09:00:00.000";"20.08";"45.00";"5.67";"0.00";"0.0"
"2023-05-20 10:00:00.000";"20.35";"45.83";"8.98";"0.00";"0.0"
"2023-05-20 11:00:00.000";"20.30";"46.33";"11.20";"0.00";"0.0"
"2023-05-20 12:00:00.000";"20.83";"46.50";"13.35";"0.00";"0.0"
"2023-05-20 13:00:00.000";"21.68";"43.00";"8.12";"0.00";"0.0"
"2023-05-20 14:00:00.000";"21.22";"42.33";"5.98";"0.00";"0.0"
"2023-05-20 15:00:00.000";"21.65";"41.00";"8.48";"0.00";"0.0"
"2023-05-20 16:00:00.000";"21.10";"44.83";"6.77";"0.00";"0.0"
"2023-05-20 17:00:00.000";"20.52";"48.33";"4.37";"0.00";"0.0"
"2023-05-20 18:00:00.000";"19.68";"50.17";"6.90";"0.00";"0.0"
"2023-05-20 19:00:00.000";"18.40";"64.17";"1.67";"0.50";"0.0"
"2023-05-20 20:00:00.000";"14.88";"90.83";"0.40";"1.00";"1.8"
"2023-05-20 21:00:00.000";"14.82";"80.50";"17.93";"0.67";"0.6"
"2023-05-20 22:00:00.000";"15.57";"66.00";"15.00";"0.00";"0.0"
"2023-05-20 23:00:00.000";"16.90";"57.17";"16.25";"0.00";"0.0"
"2023-05-21 00:00:00.000";"18.08";"49.83";"16.05";"0.00";"0.0"
"2023-05-21 01:00:00.000";"18.83";"48.17";"13.83";"0.00";"0.0"
"2023-05-21 02:00:00.000";"18.82";"49.33";"12.63";"0.00";"0.0"
"2023-05-21 03:00:00.000";"18.12";"51.50";"12.22";"0.00";"0.0"
"2023-05-21 04:00:00.000";"17.73";"52.67";"13.47";"0.00";"0.0"
"2023-05-21 05:00:00.000";"17.72";"54.00";"9.92";"0.00";"0.0"
"2023-05-21 06:00:00.000";"17.32";"57.33";"2.37";"0.00";"0.0"
"2023-05-21 07:00:00.000";"15.63";"67.50";"0.50";"0.00";"0.0"
"2023-05-21 08:00:00.000";"15.43";"71.67";"0.67";"0.00";"0.0"
"2023-05-21 09:00:00.000";"17.48";"62.50";"2.87";"0.00";"0.0"
"2023-05-21 10:00:00.000";"19.10";"53.17";"3.27";"0.00";"0.0"
"2023-05-21 11:00:00.000";"20.28";"51.83";"4.58";"0.00";"0.0"
"2023-05-21 12:00:00.000";"22.53";"49.83";"6.83";"0.00";"0.0"
"2023-05-21 13:00:00.000";"23.48";"43.50";"5.83";"0.00";"0.0"
"2023-05-21 14:00:00.000";"24.27";"41.33";"4.17";"0.00";"0.0"
"2023-05-21 15:00:00.000";"20.83";"58.83";"6.98";"0.17";"0.0"
"2023-05-21 16:00:00.000";"20.10";"58.40";"7.20";"0.00";"0.0"
"2023-05-21 17:00:00.000";"17.22";"73.50";"5.37";"0.00";"0.0"
"2023-05-21 18:00:00.000";"17.13";"74.33";"1.05";"0.00";"0.0"
"2023-05-21 19:00:00.000";"17.30";"76.00";"0.68";"0.17";"0.0"
"2023-05-21 20:00:00.000";"15.65";"90.50";"0.78";"0.67";"0.0"
"2023-05-21 21:00:00.000";"15.37";"93.33";"1.32";"1.00";"0.0"
"2023-05-21 22:00:00.000";"15.55";"87.50";"5.35";"0.33";"0.0"
"2023-05-21 23:00:00.000";"15.92";"82.33";"6.88";"0.00";"0.0"
"2023-05-22 00:00:00.000";"16.10";"75.83";"6.98";"0.00";"0.0"
"2023-05-22 01:00:00.000";"16.52";"71.67";"4.88";"0.00";"0.0"
"2023-05-22 02:00:00.000";"15.85";"76.83";"2.32";"0.00";"0.0"
"2023-05-22 03:00:00.000";"16.07";"75.00";"2.58";"0.00";"0.0"
"2023-05-22 04:00:00.000";"14.47";"86.50";"0.28";"0.00";"0.0"
"2023-05-22 05:00:00.000";"13.77";"91.83";"0.00";"0.00";"0.0"
"2023-05-22 06:00:00.000";"13.42";"93.33";"0.00";"0.00";"0.0"
"2023-05-22 07:00:00.000";"13.50";"92.17";"0.05";"0.00";"0.0"
"2023-05-22 08:00:00.000";"14.30";"87.67";"0.18";"0.00";"0.0"
"2023-05-22 09:00:00.000";"15.10";"87.17";"0.30";"0.00";"0.0"
"2023-05-22 10:00:00.000";"16.43";"83.17";"1.18";"0.00";"0.0"
"2023-05-22 11:00:00.000";"17.77";"72.17";"1.22";"0.00";"0.0"
"2023-05-22 12:00:00.000";"19.58";"56.67";"2.43";"0.00";"0.0"
"2023-05-22 13:00:00.000";"17.90";"75.33";"1.85";"0.00";"0.0"
"2023-05-22 14:00:00.000";"19.38";"70.33";"2.17";"0.00";"0.0"
"2023-05-22 15:00:00.000";"18.90";"74.50";"5.23";"0.00";"0.0"
"2023-05-22 16:00:00.000";"17.15";"79.83";"2.77";"0.00";"0.0"
"2023-05-22 17:00:00.000";"15.62";"83.17";"3.48";"0.00";"0.0"
"2023-05-22 18:00:00.000";"14.83";"83.67";"1.18";"0.00";"0.0"
"2023-05-22 19:00:00.000";"15.13";"83.17";"1.98";"0.00";"0.0"
"2023-05-22 20:00:00.000";"15.48";"81.67";"1.02";"0.00";"0.0"
"2023-05-22 21:00:00.000";"15.75";"77.33";"1.62";"0.00";"0.0"
"2023-05-22 22:00:00.000";"15.93";"75.33";"1.83";"0.00";"0.0"
"2023-05-22 23:00:00.000";"13.98";"86.17";"0.28";"0.00";"0.0"
"2023-05-23 00:00:00.000";"13.12";"91.33";"0.23";"0.00";"0.0"
"2023-05-23 01:00:00.000";"13.05";"91.17";"0.03";"0.00";"0.0"
"2023-05-23 02:00:00.000";"13.33";"90.50";"0.02";"0.00";"0.0"
"2023-05-23 03:00:00.000";"13.73";"88.33";"0.45";"0.00";"0.0"
"2023-05-23 04:00:00.000";"15.28";"77.17";"1.18";"0.00";"0.0"
"2023-05-23 05:00:00.000";"15.78";"71.00";"2.08";"0.00";"0.0"
"2023-05-23 06:00:00.000";"15.82";"69.17";"3.60";"0.00";"0.0"
"2023-05-23 07:00:00.000";"15.90";"67.50";"2.97";"0.00";"0.0"
"2023-05-23 08:00:00.000";"16.93";"63.67";"4.48";"0.00";"0.0"
"2023-05-23 09:00:00.000";"18.48";"60.67";"4.80";"0.00";"0.0"
"2023-05-23 10:00:00.000";"19.88";"55.83";"3.92";"0.00";"0.0"
"2023-05-23 11:00:00.000";"21.42";"50.33";"3.40";"0.00";"0.0"
"2023-05-23 12:00:00.000";"21.70";"54.33";"3.02";"0.00";"0.0"
"2023-05-23 13:00:00.000";"19.98";"64.83";"5.40";"0.00";"0.0"
"2023-05-23 14:00:00.000";"20.82";"56.33";"6.87";"0.00";"0.0"
"2023-05-23 15:00:00.000";"20.20";"56.00";"7.07";"0.00";"0.0"
"2023-05-23 16:00:00.000";"20.28";"53.33";"7.98";"0.00";"0.0"
"2023-05-23 17:00:00.000";"16.75";"85.00";"2.53";"0.83";"0.3"
"2023-05-23 18:00:00.000";"17.28";"76.33";"0.70";"0.33";"0.0"
"2023-05-23 19:00:00.000";"16.60";"82.67";"1.30";"0.50";"0.0"
"2023-05-23 20:00:00.000";"18.23";"68.33";"0.60";"0.00";"0.0"
"2023-05-23 21:00:00.000";"15.37";"81.50";"0.18";"0.00";"0.0"
"2023-05-23 22:00:00.000";"13.60";"83.83";"0.20";"0.00";"0.0"
"2023-05-23 23:00:00.000";"13.45";"82.00";"1.23";"0.00";"0.0"
"2023-05-24 00:00:00.000";"13.47";"81.17";"0.62";"0.00";"0.0"
"2023-05-24 01:00:00.000";"11.70";"89.50";"0.00";"0.00";"0.0"
"2023-05-24 02:00:00.000";"11.88";"90.17";"0.02";"0.00";"0.0"
"2023-05-24 03:00:00.000";"13.97";"79.83";"0.80";"0.00";"0.0"
"2023-05-24 04:00:00.000";"15.82";"68.83";"1.22";"0.00";"0.0"
"2023-05-24 05:00:00.000";"14.28";"76.17";"0.20";"0.00";"0.0"
"2023-05-24 06:00:00.000";"14.27";"77.50";"0.20";"0.00";"0.0"
"2023-05-24 07:00:00.000";"16.30";"66.83";"0.63";"0.00";"0.0"
"2023-05-24 08:00:00.000";"18.78";"56.00";"1.58";"0.00";"0.0"
"2023-05-24 09:00:00.000";"20.67";"56.83";"1.85";"0.00";"0.0"
"2023-05-24 10:00:00.000";"21.43";"55.33";"3.22";"0.00";"0.0"
"2023-05-24 11:00:00.000";"22.28";"50.00";"4.25";"0.00";"0.0"
"2023-05-24 12:00:00.000";"23.10";"48.50";"3.35";"0.00";"0.0"
"2023-05-24 13:00:00.000";"23.27";"49.00";"5.23";"0.00";"0.0"
"2023-05-24 14:00:00.000";"23.05";"49.67";"6.90";"0.00";"0.0"
"2023-05-24 15:00:00.000";"22.33";"47.17";"8.07";"0.00";"0.0"
"2023-05-24 16:00:00.000";"22.55";"46.17";"5.95";"0.00";"0.0"
"2023-05-24 17:00:00.000";"22.70";"42.67";"6.50";"0.00";"0.0"
"2023-05-24 18:00:00.000";"21.47";"50.50";"2.90";"0.00";"0.0"
"2023-05-24 19:00:00.000";"21.88";"51.50";"3.77";"0.00";"0.0"
"2023-05-24 20:00:00.000";"19.87";"59.17";"2.55";"0.00";"0.0"
"2023-05-24 21:00:00.000";"16.70";"81.17";"0.00";"0.00";"0.0"
"2023-05-24 22:00:00.000";"14.92";"89.50";"0.17";"0.00";"0.0"
"2023-05-24 23:00:00.000";"14.93";"89.67";"0.33";"0.00";"0.0"
"2023-05-25 00:00:00.000";"13.50";"91.67";"0.00";"0.00";"0.0"
"2023-05-25 01:00:00.000";"14.12";"87.33";"0.28";"0.00";"0.0"
"2023-05-25 02:00:00.000";"13.53";"89.50";"0.12";"0.00";"0.0"
"2023-05-25 03:00:00.000";"13.27";"89.83";"0.00";"0.00";"0.0"
"2023-05-25 04:00:00.000";"13.10";"88.00";"0.02";"0.00";"0.0"
"2023-05-25 05:00:00.000";"12.95";"87.00";"0.00";"0.00";"0.0"
"2023-05-25 06:00:00.000";"13.20";"84.17";"0.05";"0.00";"0.0"
"2023-05-25 07:00:00.000";"13.13";"83.33";"0.00";"0.00";"0.0"
"2023-05-25 08:00:00.000";"17.05";"75.33";"0.00";"0.00";"0.0"
"2023-05-25 09:00:00.000";"21.43";"62.83";"0.38";"0.00";"0.0"
"2023-05-25 10:00:00.000";"22.72";"52.33";"1.13";"0.00";"0.0"
"2023-05-25 11:00:00.000";"23.26";"49.00";"3.46";"0.00";"0.0"
"2023-05-25 12:00:00.000";"24.12";"48.00";"3.40";"0.00";"0.0"
"2023-05-25 13:00:00.000";"25.27";"43.50";"4.90";"0.00";"0.0"
"2023-05-25 14:00:00.000";"24.82";"44.67";"7.22";"0.00";"0.0"
"2023-05-25 15:00:00.000";"22.72";"47.33";"8.92";"0.00";"0.0"
"2023-05-25 16:00:00.000";"22.50";"46.50";"8.55";"0.00";"0.0"
"2023-05-25 17:00:00.000";"23.40";"43.17";"6.02";"0.00";"0.0"
"2023-05-25 18:00:00.000";"23.58";"46.17";"5.77";"0.00";"0.0"
"2023-05-25 19:00:00.000";"22.30";"55.50";"4.12";"0.00";"0.0"
"2023-05-25 20:00:00.000";"20.90";"58.50";"1.17";"0.00";"0.0"
"2023-05-25 21:00:00.000";"18.37";"76.50";"0.02";"0.00";"0.0"
"2023-05-25 22:00:00.000";"17.65";"71.83";"0.65";"0.00";"0.0"
"2023-05-25 23:00:00.000";"16.25";"77.00";"0.28";"0.00";"0.0"
"2023-05-26 00:00:00.000";"15.03";"82.83";"0.08";"0.00";"0.0"
"2023-05-26 01:00:00.000";"14.80";"84.50";"0.00";"0.00";"0.0"
"2023-05-26 02:00:00.000";"14.62";"84.33";"0.08";"0.00";"0.0"
"2023-05-26 03:00:00.000";"14.02";"88.00";"0.03";"0.00";"0.0"
"2023-05-26 04:00:00.000";"14.58";"84.33";"0.32";"0.00";"0.0"
"2023-05-26 05:00:00.000";"18.23";"64.00";"2.87";"0.00";"0.0"
"2023-05-26 06:00:00.000";"18.60";"57.67";"1.43";"0.00";"0.0"
"2023-05-26 07:00:00.000";"18.58";"57.83";"3.48";"0.00";"0.0"
"2023-05-26 08:00:00.000";"19.50";"55.00";"5.37";"0.00";"0.0"
"2023-05-26 09:00:00.000";"21.37";"51.00";"4.27";"0.00";"0.0"
"2023-05-26 10:00:00.000";"23.07";"45.67";"3.93";"0.00";"0.0"
"2023-05-26 11:00:00.000";"23.73";"48.67";"4.38";"0.00";"0.0"
"2023-05-26 12:00:00.000";"22.67";"55.17";"7.17";"0.00";"0.0"
"2023-05-26 13:00:00.000";"22.08";"52.67";"8.80";"0.00";"0.0"
"2023-05-26 14:00:00.000";"22.37";"49.00";"9.38";"0.00";"0.0"
"2023-05-26 15:00:00.000";"22.17";"49.83";"8.82";"0.00";"0.0"
"2023-05-26 16:00:00.000";"23.13";"46.17";"8.32";"0.00";"0.0"
"2023-05-26 17:00:00.000";"22.10";"54.50";"6.83";"0.00";"0.0"
"2023-05-26 18:00:00.000";"22.68";"54.00";"3.50";"0.00";"0.0"
"2023-05-26 19:00:00.000";"23.15";"55.50";"1.23";"0.00";"0.0"
"2023-05-26 20:00:00.000";"22.52";"57.00";"0.38";"0.00";"0.0"
"2023-05-26 21:00:00.000";"20.12";"64.50";"0.43";"0.00";"0.0"
"2023-05-26 22:00:00.000";"19.68";"62.83";"2.65";"0.00";"0.0"
"2023-05-26 23:00:00.000";"19.50";"63.50";"2.43";"0.00";"0.0"
"2023-05-27 00:00:00.000";"19.60";"62.83";"3.08";"0.00";"0.0"
"2023-05-27 01:00:00.000";"19.40";"63.33";"2.08";"0.00";"0.0"
"2023-05-27 02:00:00.000";"19.15";"62.50";"3.65";"0.00";"0.0"
"2023-05-27 03:00:00.000";"17.13";"79.67";"5.15";"0.00";"0.0"
"2023-05-27 04:00:00.000";"16.70";"90.00";"5.02";"0.00";"0.0"
"2023-05-27 05:00:00.000";"16.43";"91.00";"5.80";"0.00";"0.0"
"2023-05-27 06:00:00.000";"16.15";"91.17";"4.17";"0.00";"0.0"
"2023-05-27 07:00:00.000";"16.00";"89.67";"1.70";"0.00";"0.0"
"2023-05-27 08:00:00.000";"18.43";"67.00";"1.95";"0.00";"0.0"
"2023-05-27 09:00:00.000";"21.42";"57.67";"1.48";"0.00";"0.0"
"2023-05-27 10:00:00.000";"22.38";"51.50";"4.12";"0.00";"0.0"
"2023-05-27 11:00:00.000";"23.63";"45.83";"4.98";"0.00";"0.0"
"2023-05-27 12:00:00.000";"24.92";"45.67";"3.62";"0.00";"0.0"
"2023-05-27 13:00:00.000";"24.97";"45.67";"6.25";"0.00";"0.0"
"2023-05-27 14:00:00.000";"25.17";"43.33";"5.98";"0.00";"0.0"
"2023-05-27 15:00:00.000";"25.77";"41.50";"6.78";"0.00";"0.0"
"2023-05-27 16:00:00.000";"21.30";"63.67";"5.73";"0.33";"9.9"
"2023-05-27 17:00:00.000";"17.72";"81.33";"4.42";"0.33";"2.4"
"2023-05-27 18:00:00.000";"17.90";"83.67";"4.98";"0.00";"0.0"
"2023-05-27 19:00:00.000";"17.02";"82.00";"3.42";"0.00";"0.0"
"2023-05-27 20:00:00.000";"18.07";"75.17";"1.70";"0.00";"0.0"
"2023-05-27 21:00:00.000";"17.55";"85.00";"0.08";"0.00";"0.0"
"2023-05-27 22:00:00.000";"15.63";"95.00";"0.07";"0.17";"0.0"
"2023-05-27 23:00:00.000";"14.95";"98.00";"0.00";"1.00";"0.0"
"2023-05-28 00:00:00.000";"14.45";"98.33";"0.20";"1.00";"0.0"
"2023-05-28 01:00:00.000";"14.15";"97.67";"0.08";"0.00";"0.0"
"2023-05-28 02:00:00.000";"14.05";"95.33";"0.45";"0.00";"0.0"
"2023-05-28 03:00:00.000";"14.43";"91.33";"0.18";"0.00";"0.0"
"2023-05-28 04:00:00.000";"17.33";"73.50";"0.78";"0.00";"0.0"
"2023-05-28 05:00:00.000";"17.90";"65.33";"2.07";"0.00";"0.0"
"2023-05-28 06:00:00.000";"18.30";"60.83";"3.12";"0.00";"0.0"
"2023-05-28 07:00:00.000";"18.12";"62.17";"2.27";"0.00";"0.0"
"2023-05-28 08:00:00.000";"19.17";"60.00";"3.08";"0.00";"0.0"
"2023-05-28 09:00:00.000";"21.35";"57.33";"2.20";"0.00";"0.0"
"2023-05-28 10:00:00.000";"22.47";"53.50";"2.45";"0.00";"0.0"
"2023-05-28 11:00:00.000";"22.98";"50.17";"4.12";"0.00";"0.0"
"2023-05-28 12:00:00.000";"23.82";"46.67";"3.33";"0.00";"0.0"
"2023-05-28 13:00:00.000";"23.08";"53.50";"5.88";"0.00";"0.0"
"2023-05-28 14:00:00.000";"22.15";"57.67";"6.28";"0.00";"0.0"
"2023-05-28 15:00:00.000";"20.65";"78.83";"2.62";"0.83";"2.4"
"2023-05-28 16:00:00.000";"16.78";"95.83";"0.97";"1.00";"4.2"
"2023-05-28 17:00:00.000";"18.10";"91.17";"0.22";"0.33";"0.0"
"2023-05-28 18:00:00.000";"17.73";"93.00";"0.43";"0.67";"0.0"
"2023-05-28 19:00:00.000";"17.62";"89.67";"1.02";"0.67";"0.0"
"2023-05-28 20:00:00.000";"18.73";"78.17";"0.12";"0.00";"0.0"
"2023-05-28 21:00:00.000";"17.13";"89.83";"0.03";"0.00";"0.0"
"2023-05-28 22:00:00.000";"14.60";"94.83";"0.00";"0.00";"0.0"
"2023-05-28 23:00:00.000";"14.28";"93.33";"0.22";"0.00";"0.0"
"2023-05-29 00:00:00.000";"15.32";"85.50";"0.38";"0.00";"0.0"
"2023-05-29 01:00:00.000";"15.60";"81.33";"0.32";"0.00";"0.0"
"2023-05-29 02:00:00.000";"14.63";"87.33";"0.12";"0.00";"0.0"
"2023-05-29 03:00:00.000";"13.88";"90.33";"0.02";"0.00";"0.0"
"2023-05-29 04:00:00.000";"13.65";"91.50";"0.23";"0.00";"0.0"
"2023-05-29 05:00:00.000";"13.43";"93.00";"0.12";"0.00";"0.0"
"2023-05-29 06:00:00.000";"14.60";"89.67";"0.67";"0.00";"0.0"
"2023-05-29 07:00:00.000";"16.00";"83.83";"0.90";"0.00";"0.0"
"2023-05-29 08:00:00.000";"18.70";"74.00";"1.13";"0.00";"0.0"
"2023-05-29 09:00:00.000";"20.82";"70.00";"1.30";"0.00";"0.0"
"2023-05-29 10:00:00.000";"22.03";"64.50";"0.88";"0.00";"0.0"
"2023-05-29 11:00:00.000";"20.82";"69.67";"3.60";"0.00";"0.0"
"2023-05-29 12:00:00.000";"19.52";"77.17";"0.72";"0.17";"0.0"
"2023-05-29 13:00:00.000";"18.55";"91.17";"0.70";"0.67";"2.7"
"2023-05-29 14:00:00.000";"17.07";"91.67";"1.00";"0.83";"0.3"
"2023-05-29 15:00:00.000";"19.98";"66.50";"3.98";"0.00";"0.0"
"2023-05-29 16:00:00.000";"19.80";"76.00";"3.60";"0.33";"0.6"
"2023-05-29 17:00:00.000";"14.85";"96.00";"1.92";"1.00";"9.0"
"2023-05-29 18:00:00.000";"16.90";"89.50";"1.30";"0.33";"0.3"
"2023-05-29 19:00:00.000";"19.55";"65.00";"0.32";"0.00";"0.0"
"2023-05-29 20:00:00.000";"18.12";"76.33";"1.33";"0.00";"0.0"
"2023-05-29 21:00:00.000";"16.35";"92.00";"0.12";"0.00";"0.0"
"2023-05-29 22:00:00.000";"14.68";"97.67";"0.00";"0.33";"0.0"
"2023-05-29 23:00:00.000";"14.18";"98.83";"0.13";"1.00";"0.0"
"2023-05-30 00:00:00.000";"13.73";"99.00";"0.03";"1.00";"0.0"
"2023-05-30 01:00:00.000";"13.97";"99.00";"0.28";"1.00";"0.0"
"2023-05-30 02:00:00.000";"13.78";"99.50";"0.33";"1.00";"0.0"
"2023-05-30 03:00:00.000";"14.53";"99.17";"0.67";"1.00";"0.3"
"2023-05-30 04:00:00.000";"13.50";"98.50";"0.20";"1.00";"0.0"
"2023-05-30 05:00:00.000";"13.45";"97.50";"0.57";"1.00";"0.0"
"2023-05-30 06:00:00.000";"13.38";"95.33";"1.08";"0.00";"0.0"
"2023-05-30 07:00:00.000";"13.67";"92.00";"0.67";"0.00";"0.0"
"2023-05-30 08:00:00.000";"16.67";"82.67";"0.08";"0.00";"0.0"
"2023-05-30 09:00:00.000";"19.82";"78.17";"0.65";"0.00";"0.0"
"2023-05-30 10:00:00.000";"21.37";"65.33";"1.17";"0.00";"0.0"
"2023-05-30 11:00:00.000";"22.03";"62.50";"2.18";"0.00";"0.0"
"2023-05-30 12:00:00.000";"21.37";"67.00";"2.05";"0.00";"0.0"
"2023-05-30 13:00:00.000";"21.87";"66.67";"3.35";"0.00";"0.0"
"2023-05-30 14:00:00.000";"20.25";"75.17";"3.90";"0.00";"0.0"
"2023-05-30 15:00:00.000";"22.45";"63.33";"2.57";"0.00";"0.0"
"2023-05-30 16:00:00.000";"22.90";"56.83";"5.82";"0.00";"0.0"
"2023-05-30 17:00:00.000";"22.05";"58.17";"3.97";"0.00";"0.0"
"2023-05-30 18:00:00.000";"18.53";"78.00";"5.13";"0.67";"4.8"
"2023-05-30 19:00:00.000";"18.02";"81.33";"0.48";"0.33";"1.5"
"2023-05-30 20:00:00.000";"18.20";"79.83";"0.20";"0.00";"0.0"
"2023-05-30 21:00:00.000";"16.57";"91.33";"0.00";"0.00";"0.0"
"2023-05-30 22:00:00.000";"15.12";"97.67";"0.00";"0.00";"0.0"
"2023-05-30 23:00:00.000";"14.58";"98.67";"0.03";"0.67";"0.0"
"2023-05-31 00:00:00.000";"14.05";"99.00";"0.10";"1.00";"0.0"
"2023-05-31 01:00:00.000";"14.10";"99.00";"0.30";"1.00";"0.0"
"2023-05-31 02:00:00.000";"13.95";"99.00";"0.22";"0.67";"0.0"
"2023-05-31 03:00:00.000";"13.45";"99.00";"0.08";"0.00";"0.0"
"2023-05-31 04:00:00.000";"13.27";"99.00";"0.02";"0.00";"0.0"
"2023-05-31 05:00:00.000";"13.10";"99.00";"0.02";"0.00";"0.0"
"2023-05-31 06:00:00.000";"13.67";"98.00";"0.03";"0.00";"0.0"
"2023-05-31 07:00:00.000";"14.08";"93.00";"0.10";"0.00";"0.0"
"2023-05-31 08:00:00.000";"16.82";"82.50";"0.58";"0.00";"0.0"
"2023-05-31 09:00:00.000";"21.00";"71.33";"1.02";"0.00";"0.0"
"2023-05-31 10:00:00.000";"21.87";"64.17";"2.23";"0.00";"0.0"
"2023-05-31 11:00:00.000";"23.52";"58.67";"1.83";"0.00";"0.0"
"2023-05-31 12:00:00.000";"21.75";"67.00";"5.48";"0.00";"0.0"
"2023-05-31 13:00:00.000";"23.23";"62.50";"3.28";"0.00";"0.0"
"2023-05-31 14:00:00.000";"22.63";"64.50";"6.17";"0.00";"0.0"
"2023-05-31 15:00:00.000";"20.70";"73.33";"5.65";"0.33";"0.0"
"2023-05-31 16:00:00.000";"22.68";"59.83";"2.72";"0.00";"0.0"
"2023-05-31 17:00:00.000";"24.27";"51.50";"2.73";"0.00";"0.0"
"2023-05-31 18:00:00.000";"25.03";"48.00";"1.42";"0.00";"0.0"
"2023-05-31 19:00:00.000";"24.57";"54.67";"0.87";"0.00";"0.0"
"2023-05-31 20:00:00.000";"21.45";"71.50";"2.20";"0.00";"0.0"
"2023-05-31 21:00:00.000";"17.65";"94.00";"0.77";"0.83";"6.6"
"2023-05-31 22:00:00.000";"16.83";"98.33";"0.60";"1.00";"0.0"
"2023-05-31 23:00:00.000";"16.03";"99.00";"0.23";"1.00";"0.0"
"2023-06-01 00:00:00.000";"15.68";"98.50";"0.55";"1.00";"0.0"
"2023-06-01 01:00:00.000";"17.60";"83.00";"2.63";"0.00";"0.0"
"2023-06-01 02:00:00.000";"16.85";"83.50";"1.30";"0.00";"0.0"
"2023-06-01 03:00:00.000";"15.83";"88.50";"0.90";"0.00";"0.0"
"2023-06-01 04:00:00.000";"14.07";"96.33";"0.20";"0.00";"0.0"
"2023-06-01 05:00:00.000";"13.72";"98.50";"0.32";"0.50";"0.0"
"2023-06-01 06:00:00.000";"14.10";"99.00";"0.07";"1.00";"0.0"
"2023-06-01 07:00:00.000";"14.12";"99.00";"0.13";"1.00";"0.0"
"2023-06-01 08:00:00.000";"16.77";"92.67";"0.17";"0.33";"0.0"
"2023-06-01 09:00:00.000";"20.80";"75.60";"1.00";"0.00";"0.0"
"2023-06-01 10:00:00.000";"22.92";"61.67";"1.75";"0.00";"0.0"
"2023-06-01 11:00:00.000";"23.13";"58.00";"2.92";"0.00";"0.0"
"2023-06-01 12:00:00.000";"23.77";"55.00";"3.28";"0.00";"0.0"
"2023-06-01 13:00:00.000";"23.77";"52.17";"2.42";"0.00";"0.0"
"2023-06-01 14:00:00.000";"25.08";"46.33";"3.55";"0.00";"0.0"
"2023-06-01 15:00:00.000";"24.27";"55.00";"3.10";"0.17";"0.0"
"2023-06-01 16:00:00.000";"21.72";"79.00";"2.22";"0.50";"6.3"
"2023-06-01 17:00:00.000";"22.03";"68.33";"0.83";"0.00";"0.0"
"2023-06-01 18:00:00.000";"20.52";"69.83";"3.20";"0.00";"0.0"
"2023-06-01 19:00:00.000";"20.75";"76.50";"1.32";"0.50";"0.3"
"2023-06-01 20:00:00.000";"18.12";"96.67";"0.45";"1.00";"0.3"
"2023-06-01 21:00:00.000";"17.55";"95.50";"2.43";"0.67";"0.0"
"2023-06-01 22:00:00.000";"17.00";"98.00";"1.07";"1.00";"0.0"
"2023-06-01 23:00:00.000";"16.83";"98.67";"0.00";"1.00";"0.0"
"2023-06-02 00:00:00.000";"17.18";"90.50";"0.60";"0.67";"0.0"
"2023-06-02 01:00:00.000";"18.42";"70.83";"1.30";"0.00";"0.0"
"2023-06-02 02:00:00.000";"18.83";"64.67";"1.85";"0.00";"0.0"
"2023-06-02 03:00:00.000";"18.83";"63.00";"4.68";"0.00";"0.0"
"2023-06-02 04:00:00.000";"18.73";"63.00";"4.27";"0.00";"0.0"
"2023-06-02 05:00:00.000";"18.22";"65.50";"2.12";"0.00";"0.0"
"2023-06-02 06:00:00.000";"15.37";"78.50";"0.17";"0.00";"0.0"
"2023-06-02 07:00:00.000";"14.93";"80.67";"0.10";"0.00";"0.0"
"2023-06-02 08:00:00.000";"16.03";"81.17";"0.07";"0.00";"0.0"
"2023-06-02 09:00:00.000";"20.25";"70.83";"1.27";"0.00";"0.0"
"2023-06-02 10:00:00.000";"21.32";"64.83";"2.37";"0.00";"0.0"
"2023-06-02 11:00:00.000";"22.92";"61.17";"1.70";"0.00";"0.0"
"2023-06-02 12:00:00.000";"24.18";"57.67";"2.65";"0.00";"0.0"
"2023-06-02 13:00:00.000";"21.90";"62.33";"5.07";"0.00";"0.0"
"2023-06-02 14:00:00.000";"16.73";"96.83";"1.38";"1.00";"21.3"
"2023-06-02 15:00:00.000";"17.05";"98.00";"0.10";"0.83";"0.0"
"2023-06-02 16:00:00.000";"18.82";"85.83";"1.13";"0.17";"3.9"
"2023-06-02 17:00:00.000";"16.77";"96.83";"0.27";"0.83";"7.5"
"2023-06-02 18:00:00.000";"18.55";"82.67";"1.13";"0.17";"0.3"
"2023-06-02 19:00:00.000";"18.70";"76.67";"2.53";"0.00";"0.0"
"2023-06-02 20:00:00.000";"17.30";"91.67";"1.52";"0.50";"3.6"
"2023-06-02 21:00:00.000";"16.42";"97.83";"0.07";"0.00";"0.0"
"2023-06-02 22:00:00.000";"15.22";"99.00";"0.00";"0.67";"0.0"
"2023-06-02 23:00:00.000";"14.72";"99.00";"0.00";"1.00";"0.0"
"2023-06-03 00:00:00.000";"14.22";"100.00";"0.00";"1.00";"0.0"
"2023-06-03 01:00:00.000";"13.80";"100.00";"0.00";"1.00";"0.0"
"2023-06-03 02:00:00.000";"13.28";"100.00";"0.45";"0.83";"0.0"
"2023-06-03 03:00:00.000";"13.18";"100.00";"1.20";"1.00";"0.0"
"2023-06-03 04:00:00.000";"13.00";"100.00";"0.33";"1.00";"0.0"
"2023-06-03 05:00:00.000";"12.67";"100.00";"0.42";"1.00";"0.3"
"2023-06-03 06:00:00.000";"12.63";"100.00";"0.62";"1.00";"0.0"
"2023-06-03 07:00:00.000";"12.43";"99.33";"1.15";"0.00";"0.0"
"2023-06-03 08:00:00.000";"14.67";"94.83";"2.07";"0.00";"0.0"
"2023-06-03 09:00:00.000";"19.00";"81.33";"0.47";"0.00";"0.0"
"2023-06-03 10:00:00.000";"20.38";"71.17";"3.08";"0.00";"0.0"
"2023-06-03 11:00:00.000";"22.05";"68.83";"5.07";"0.00";"0.0"
"2023-06-03 12:00:00.000";"23.75";"60.67";"3.62";"0.00";"0.0"
"2023-06-03 13:00:00.000";"24.12";"54.33";"4.90";"0.00";"0.0"
"2023-06-03 14:00:00.000";"23.75";"53.50";"6.98";"0.00";"0.0"
"2023-06-03 15:00:00.000";"23.45";"55.83";"7.63";"0.00";"0.0"
"2023-06-03 16:00:00.000";"23.00";"57.33";"8.45";"0.00";"0.0"
"2023-06-03 17:00:00.000";"23.00";"58.83";"7.60";"0.00";"0.0"
"2023-06-03 18:00:00.000";"22.45";"63.00";"7.23";"0.00";"0.0"
"2023-06-03 19:00:00.000";"21.43";"70.17";"5.58";"0.00";"0.0"
"2023-06-03 20:00:00.000";"20.20";"75.67";"4.37";"0.00";"0.0"
"2023-06-03 21:00:00.000";"17.83";"89.67";"1.22";"0.00";"0.0"
"2023-06-03 22:00:00.000";"15.92";"97.33";"0.02";"0.83";"0.0"
"2023-06-03 23:00:00.000";"14.85";"98.67";"0.10";"1.00";"0.0"
"2023-06-04 00:00:00.000";"14.15";"99.00";"0.02";"1.00";"0.0"
"2023-06-04 01:00:00.000";"14.27";"98.83";"0.37";"1.00";"0.0"
"2023-06-04 02:00:00.000";"14.23";"95.67";"0.27";"0.00";"0.0"
"2023-06-04 03:00:00.000";"13.78";"92.33";"0.00";"0.00";"0.0"
"2023-06-04 04:00:00.000";"15.47";"85.00";"0.65";"0.00";"0.0"
"2023-06-04 05:00:00.000";"14.70";"86.17";"0.40";"0.00";"0.0"
"2023-06-04 06:00:00.000";"13.43";"91.33";"0.00";"0.00";"0.0"
"2023-06-04 07:00:00.000";"13.82";"89.67";"0.00";"0.00";"0.0"
"2023-06-04 08:00:00.000";"17.53";"76.83";"0.38";"0.00";"0.0"
"2023-06-04 09:00:00.000";"21.95";"69.83";"0.87";"0.00";"0.0"
"2023-06-04 10:00:00.000";"23.08";"57.50";"2.00";"0.00";"0.0"
"2023-06-04 11:00:00.000";"24.23";"56.83";"3.05";"0.00";"0.0"
"2023-06-04 12:00:00.000";"23.55";"63.33";"4.35";"0.00";"0.0"
"2023-06-04 13:00:00.000";"23.90";"60.67";"5.53";"0.00";"0.0"
"2023-06-04 14:00:00.000";"23.32";"58.50";"6.60";"0.00";"0.0"
"2023-06-04 15:00:00.000";"24.05";"50.33";"5.43";"0.00";"0.0"
"2023-06-04 16:00:00.000";"24.28";"45.00";"5.35";"0.00";"0.0"
"2023-06-04 17:00:00.000";"24.38";"44.50";"5.93";"0.00";"0.0"
"2023-06-04 18:00:00.000";"24.25";"41.83";"5.43";"0.00";"0.0"
"2023-06-04 19:00:00.000";"24.35";"44.83";"3.03";"0.00";"0.0"
"2023-06-04 20:00:00.000";"22.42";"49.00";"2.48";"0.00";"0.0"
"2023-06-04 21:00:00.000";"19.38";"68.83";"0.13";"0.00";"0.0"
"2023-06-04 22:00:00.000";"16.75";"85.50";"0.03";"0.00";"0.0"
"2023-06-04 23:00:00.000";"16.67";"88.33";"0.12";"0.00";"0.0"
"2023-06-05 00:00:00.000";"16.42";"91.83";"0.05";"0.00";"0.0"
"2023-06-05 01:00:00.000";"15.82";"95.50";"0.03";"0.00";"0.0"
"2023-06-05 02:00:00.000";"18.23";"75.33";"1.68";"0.00";"0.0"
"2023-06-05 03:00:00.000";"19.07";"70.67";"1.75";"0.00";"0.0"
"2023-06-05 04:00:00.000";"19.57";"63.17";"1.12";"0.00";"0.0"
"2023-06-05 05:00:00.000";"16.32";"76.50";"0.22";"0.00";"0.0"
"2023-06-05 06:00:00.000";"15.38";"82.50";"0.03";"0.00";"0.0"
"2023-06-05 07:00:00.000";"15.15";"84.00";"0.00";"0.00";"0.0"
"2023-06-05 08:00:00.000";"19.07";"71.17";"0.58";"0.00";"0.0"
"2023-06-05 09:00:00.000";"23.17";"61.83";"0.90";"0.00";"0.0"
"2023-06-05 10:00:00.000";"24.63";"52.00";"0.72";"0.00";"0.0"
"2023-06-05 11:00:00.000";"24.25";"53.17";"3.32";"0.00";"0.0"
"2023-06-05 12:00:00.000";"24.40";"60.17";"3.87";"0.00";"0.0"
"2023-06-05 13:00:00.000";"24.20";"61.33";"5.67";"0.00";"0.0"
"2023-06-05 14:00:00.000";"24.70";"51.83";"7.10";"0.00";"0.0"
"2023-06-05 15:00:00.000";"25.22";"48.83";"6.78";"0.00";"0.0"
"2023-06-05 16:00:00.000";"25.68";"45.33";"5.07";"0.00";"0.0"
"2023-06-05 17:00:00.000";"26.18";"45.83";"5.55";"0.00";"0.0"
"2023-06-05 18:00:00.000";"25.62";"50.83";"6.65";"0.00";"0.0"
"2023-06-05 19:00:00.000";"25.35";"51.50";"3.22";"0.00";"0.0"
"2023-06-05 20:00:00.000";"23.07";"55.83";"2.15";"0.00";"0.0"
"2023-06-05 21:00:00.000";"20.43";"69.17";"0.68";"0.00";"0.0"
"2023-06-05 22:00:00.000";"19.33";"73.67";"0.27";"0.00";"0.0"
"2023-06-05 23:00:00.000";"19.02";"72.00";"0.53";"0.00";"0.0"
"2023-06-06 00:00:00.000";"18.40";"74.50";"0.13";"0.00";"0.0"
"2023-06-06 01:00:00.000";"17.28";"77.50";"0.20";"0.00";"0.0"
"2023-06-06 02:00:00.000";"18.32";"75.50";"1.20";"0.00";"0.0"
"2023-06-06 03:00:00.000";"18.37";"74.00";"2.25";"0.00";"0.0"
"2023-06-06 04:00:00.000";"15.62";"81.50";"0.07";"0.00";"0.0"
"2023-06-06 05:00:00.000";"19.77";"58.00";"1.82";"0.00";"0.0"
"2023-06-06 06:00:00.000";"19.95";"50.00";"1.88";"0.00";"0.0"
"2023-06-06 07:00:00.000";"17.23";"66.50";"1.47";"0.00";"0.0"
"2023-06-06 08:00:00.000";"18.45";"85.50";"0.05";"0.00";"0.0"
"2023-06-06 09:00:00.000";"21.30";"79.00";"1.00";"0.00";"0.0"
"2023-06-06 10:00:00.000";"23.92";"50.67";"1.35";"0.00";"0.0"
"2023-06-06 11:00:00.000";"25.02";"42.17";"2.15";"0.00";"0.0"
"2023-06-06 12:00:00.000";"25.52";"51.33";"2.18";"0.00";"0.0"
"2023-06-06 13:00:00.000";"24.38";"64.50";"5.55";"0.00";"0.0"
"2023-06-06 14:00:00.000";"24.40";"62.50";"7.22";"0.00";"0.0"
"2023-06-06 15:00:00.000";"24.73";"58.00";"6.22";"0.00";"0.0"
"2023-06-06 16:00:00.000";"24.27";"59.50";"8.10";"0.00";"0.0"
"2023-06-06 17:00:00.000";"24.15";"54.00";"9.45";"0.00";"0.0"
"2023-06-06 18:00:00.000";"24.32";"51.17";"7.75";"0.00";"0.0"
"2023-06-06 19:00:00.000";"23.23";"62.17";"6.85";"0.00";"0.0"
"2023-06-06 20:00:00.000";"22.03";"71.17";"4.08";"0.00";"0.0"
"2023-06-06 21:00:00.000";"20.23";"86.67";"0.63";"0.00";"0.0"
"2023-06-06 22:00:00.000";"17.77";"96.83";"0.00";"0.83";"0.0"
"2023-06-06 23:00:00.000";"17.57";"96.33";"0.33";"0.83";"0.0"
"2023-06-07 00:00:00.000";"18.53";"86.33";"0.77";"0.00";"0.0"
"2023-06-07 01:00:00.000";"16.57";"93.33";"0.07";"0.00";"0.0"
"2023-06-07 02:00:00.000";"15.50";"96.17";"0.07";"0.00";"0.0"
"2023-06-07 03:00:00.000";"15.35";"95.67";"0.00";"0.00";"0.0"
"2023-06-07 04:00:00.000";"15.58";"96.00";"0.00";"0.00";"0.0"
"2023-06-07 05:00:00.000";"15.15";"94.50";"0.00";"0.00";"0.0"
"2023-06-07 06:00:00.000";"14.82";"94.83";"0.10";"0.00";"0.0"
"2023-06-07 07:00:00.000";"14.98";"95.83";"0.23";"0.00";"0.0"
"2023-06-07 08:00:00.000";"17.88";"88.33";"0.03";"0.00";"0.0"
"2023-06-07 09:00:00.000";"19.38";"85.00";"0.18";"0.00";"0.0"
"2023-06-07 10:00:00.000";"20.82";"70.83";"2.77";"0.00";"0.0"
"2023-06-07 11:00:00.000";"21.05";"67.67";"4.35";"0.00";"0.0"
"2023-06-07 12:00:00.000";"22.63";"58.83";"4.58";"0.00";"0.0"
"2023-06-07 13:00:00.000";"23.27";"54.50";"3.60";"0.00";"0.0"
"2023-06-07 14:00:00.000";"23.53";"55.33";"3.15";"0.00";"0.0"
"2023-06-07 15:00:00.000";"23.18";"58.83";"3.28";"0.00";"0.0"
"2023-06-07 16:00:00.000";"22.43";"56.33";"3.18";"0.00";"0.0"
"2023-06-07 17:00:00.000";"22.05";"62.33";"0.98";"0.00";"0.0"
"2023-06-07 18:00:00.000";"22.03";"64.17";"1.85";"0.00";"0.0"
"2023-06-07 19:00:00.000";"20.73";"70.33";"2.12";"0.00";"0.0"
"2023-06-07 20:00:00.000";"20.65";"75.17";"0.67";"0.00";"0.0"
"2023-06-07 21:00:00.000";"19.13";"82.83";"0.37";"0.00";"0.0"
"2023-06-07 22:00:00.000";"17.17";"89.50";"0.00";"0.00";"0.0"
"2023-06-07 23:00:00.000";"16.53";"89.83";"0.00";"0.00";"0.0"
"2023-06-08 00:00:00.000";"16.60";"91.00";"0.00";"0.00";"0.0"
"2023-06-08 01:00:00.000";"16.13";"91.50";"0.00";"0.00";"0.0"
"2023-06-08 02:00:00.000";"16.92";"85.67";"0.00";"0.00";"0.0"
"2023-06-08 03:00:00.000";"16.88";"85.83";"0.00";"0.00";"0.0"
"2023-06-08 04:00:00.000";"16.72";"85.00";"0.00";"0.00";"0.0"
"2023-06-08 05:00:00.000";"16.00";"86.17";"0.00";"0.00";"0.0"
"2023-06-08 06:00:00.000";"16.62";"83.67";"0.00";"0.00";"0.0"
"2023-06-08 07:00:00.000";"17.22";"80.67";"0.00";"0.00";"0.0"
"2023-06-08 08:00:00.000";"18.58";"78.50";"0.03";"0.00";"0.0"
"2023-06-08 09:00:00.000";"22.52";"61.33";"0.18";"0.00";"0.0"
"2023-06-08 10:00:00.000";"23.87";"56.83";"0.32";"0.00";"0.0"
"2023-06-08 11:00:00.000";"24.38";"55.33";"1.07";"0.00";"0.0"
"2023-06-08 12:00:00.000";"26.30";"54.00";"2.25";"0.00";"0.0"
"2023-06-08 13:00:00.000";"22.90";"68.33";"4.57";"0.00";"0.0"
"2023-06-08 14:00:00.000";"23.80";"63.83";"3.12";"0.00";"0.0"
"2023-06-08 15:00:00.000";"23.27";"69.50";"3.27";"0.33";"0.0"
"2023-06-08 16:00:00.000";"20.18";"90.83";"1.63";"1.00";"0.6"
"2023-06-08 17:00:00.000";"22.40";"78.83";"2.88";"0.00";"0.0"
"2023-06-08 18:00:00.000";"21.77";"78.50";"2.53";"0.00";"0.0"
"2023-06-08 19:00:00.000";"21.57";"76.67";"0.42";"0.00";"0.0"
"2023-06-08 20:00:00.000";"21.50";"76.17";"0.03";"0.00";"0.0"
"2023-06-08 21:00:00.000";"19.63";"93.17";"0.40";"1.00";"1.2"
"2023-06-08 22:00:00.000";"17.92";"98.00";"0.00";"1.00";"0.0"
"2023-06-08 23:00:00.000";"17.02";"99.00";"0.08";"1.00";"0.0"
"2023-06-09 00:00:00.000";"16.58";"99.00";"0.00";"1.00";"0.0"
"2023-06-09 01:00:00.000";"15.70";"99.67";"0.08";"1.00";"0.0"
"2023-06-09 02:00:00.000";"15.77";"100.00";"0.03";"1.00";"0.0"
"2023-06-09 03:00:00.000";"14.95";"100.00";"0.10";"0.83";"0.0"
"2023-06-09 04:00:00.000";"14.87";"99.67";"0.03";"0.00";"0.0"
"2023-06-09 05:00:00.000";"14.87";"97.67";"0.02";"0.00";"0.0"
"2023-06-09 06:00:00.000";"14.97";"91.67";"0.00";"0.00";"0.0"
"2023-06-09 07:00:00.000";"15.22";"87.67";"0.00";"0.00";"0.0"
"2023-06-09 08:00:00.000";"19.32";"78.00";"0.00";"0.00";"0.0"
"2023-06-09 09:00:00.000";"24.45";"65.17";"0.02";"0.00";"0.0"
"2023-06-09 10:00:00.000";"24.48";"59.17";"1.05";"0.00";"0.0"
"2023-06-09 11:00:00.000";"24.77";"60.00";"3.65";"0.00";"0.0"
"2023-06-09 12:00:00.000";"26.08";"54.33";"2.50";"0.00";"0.0"
"2023-06-09 13:00:00.000";"26.65";"53.50";"3.47";"0.00";"0.0"
"2023-06-09 14:00:00.000";"26.90";"48.33";"4.48";"0.00";"0.0"
"2023-06-09 15:00:00.000";"26.25";"53.00";"6.42";"0.00";"0.0"
"2023-06-09 16:00:00.000";"26.40";"55.33";"5.98";"0.00";"0.0"
"2023-06-09 17:00:00.000";"26.47";"51.50";"5.63";"0.00";"0.0"
"2023-06-09 18:00:00.000";"26.25";"54.00";"5.63";"0.00";"0.0"
"2023-06-09 19:00:00.000";"24.95";"58.83";"4.25";"0.00";"0.0"
"2023-06-09 20:00:00.000";"24.35";"59.50";"2.70";"0.00";"0.0"
"2023-06-09 21:00:00.000";"20.62";"74.33";"0.88";"0.00";"0.0"
"2023-06-09 22:00:00.000";"18.23";"94.67";"0.13";"0.67";"0.0"
"2023-06-09 23:00:00.000";"16.32";"98.50";"0.02";"1.00";"0.0"
"2023-06-10 00:00:00.000";"14.63";"99.00";"0.00";"1.00";"0.0"
"2023-06-10 01:00:00.000";"15.32";"92.67";"0.02";"0.50";"0.0"
"2023-06-10 02:00:00.000";"15.93";"86.17";"0.27";"0.00";"0.0"
"2023-06-10 03:00:00.000";"16.30";"90.50";"1.00";"0.00";"0.0"
"2023-06-10 04:00:00.000";"14.83";"94.00";"0.13";"0.00";"0.0"
"2023-06-10 05:00:00.000";"14.28";"97.83";"0.00";"0.83";"0.0"
"2023-06-10 06:00:00.000";"13.97";"99.00";"0.00";"1.00";"0.0"
"2023-06-10 07:00:00.000";"14.13";"92.67";"0.00";"0.33";"0.0"
"2023-06-10 08:00:00.000";"18.72";"67.50";"0.10";"0.00";"0.0"
"2023-06-10 09:00:00.000";"22.32";"64.00";"0.88";"0.00";"0.0"
"2023-06-10 10:00:00.000";"25.13";"54.50";"0.83";"0.00";"0.0"
"2023-06-10 11:00:00.000";"25.25";"48.17";"3.57";"0.00";"0.0"
"2023-06-10 12:00:00.000";"24.97";"54.17";"3.55";"0.00";"0.0"
"2023-06-10 13:00:00.000";"25.08";"55.00";"4.60";"0.00";"0.0"
"2023-06-10 14:00:00.000";"25.12";"55.50";"6.10";"0.00";"0.0"
"2023-06-10 15:00:00.000";"24.50";"59.83";"5.78";"0.00";"0.0"
"2023-06-10 16:00:00.000";"24.58";"54.33";"6.57";"0.00";"0.0"
"2023-06-10 17:00:00.000";"23.70";"57.00";"6.83";"0.00";"0.0"
"2023-06-10 18:00:00.000";"23.58";"61.33";"6.25";"0.00";"0.0"
"2023-06-10 19:00:00.000";"22.83";"66.00";"4.48";"0.00";"0.0"
"2023-06-10 20:00:00.000";"22.20";"70.00";"4.38";"0.00";"0.0"
"2023-06-10 21:00:00.000";"19.45";"86.67";"1.52";"0.00";"0.0"
"2023-06-10 22:00:00.000";"18.92";"84.67";"2.57";"0.00";"0.0"
"2023-06-10 23:00:00.000";"18.28";"86.67";"3.22";"0.00";"0.0"
"2023-06-11 00:00:00.000";"16.90";"91.17";"0.90";"0.33";"0.0"
"2023-06-11 01:00:00.000";"15.57";"97.83";"0.00";"1.00";"0.0"
"2023-06-11 02:00:00.000";"15.32";"99.00";"0.00";"1.00";"0.0"
"2023-06-11 03:00:00.000";"15.10";"99.00";"0.03";"1.00";"0.0"
"2023-06-11 04:00:00.000";"14.00";"99.33";"0.00";"1.00";"0.0"
"2023-06-11 05:00:00.000";"14.53";"100.00";"0.00";"1.00";"0.0"
"2023-06-11 06:00:00.000";"15.02";"99.50";"0.18";"1.00";"0.0"
"2023-06-11 07:00:00.000";"14.60";"94.67";"0.03";"0.67";"0.0"
"2023-06-11 08:00:00.000";"19.15";"74.50";"0.12";"0.00";"0.0"
"2023-06-11 09:00:00.000";"22.87";"69.17";"0.27";"0.00";"0.0"
"2023-06-11 10:00:00.000";"24.13";"62.67";"2.10";"0.00";"0.0"
"2023-06-11 11:00:00.000";"24.90";"59.67";"4.30";"0.00";"0.0"
"2023-06-11 12:00:00.000";"25.75";"62.17";"3.33";"0.00";"0.0"
"2023-06-11 13:00:00.000";"26.40";"55.33";"2.93";"0.00";"0.0"
"2023-06-11 14:00:00.000";"26.92";"54.67";"3.00";"0.00";"0.0"
"2023-06-11 15:00:00.000";"27.40";"50.50";"5.58";"0.00";"0.0"
"2023-06-11 16:00:00.000";"26.72";"50.67";"6.45";"0.00";"0.0"
"2023-06-11 17:00:00.000";"25.78";"54.83";"6.32";"0.00";"0.0"
"2023-06-11 18:00:00.000";"25.13";"55.83";"6.92";"0.00";"0.0"
"2023-06-11 19:00:00.000";"24.78";"57.00";"6.30";"0.00";"0.0"
"2023-06-11 20:00:00.000";"24.57";"62.33";"4.42";"0.00";"0.0"
"2023-06-11 21:00:00.000";"21.50";"75.67";"2.90";"0.00";"0.0"
"2023-06-11 22:00:00.000";"20.40";"65.67";"3.55";"0.00";"0.0"
"2023-06-11 23:00:00.000";"20.05";"71.33";"3.95";"0.00";"0.0"
"2023-06-12 00:00:00.000";"17.68";"81.83";"0.35";"0.00";"0.0"
"2023-06-12 01:00:00.000";"16.38";"89.83";"0.03";"0.00";"0.0"
"2023-06-12 02:00:00.000";"16.35";"85.67";"0.03";"0.00";"0.0"
"2023-06-12 03:00:00.000";"16.95";"86.00";"0.43";"0.00";"0.0"
"2023-06-12 04:00:00.000";"15.85";"89.50";"0.20";"0.00";"0.0"
"2023-06-12 05:00:00.000";"14.13";"96.67";"0.00";"0.67";"0.0"
"2023-06-12 06:00:00.000";"14.40";"98.00";"0.00";"1.00";"0.0"
"2023-06-12 07:00:00.000";"14.57";"96.00";"0.00";"0.33";"0.0"
"2023-06-12 08:00:00.000";"19.28";"77.33";"0.00";"0.00";"0.0"
"2023-06-12 09:00:00.000";"23.38";"68.17";"0.48";"0.00";"0.0"
"2023-06-12 10:00:00.000";"23.27";"67.67";"2.98";"0.00";"0.0"
"2023-06-12 11:00:00.000";"24.33";"64.67";"3.27";"0.00";"0.0"
"2023-06-12 12:00:00.000";"25.15";"63.33";"3.63";"0.00";"0.0"
"2023-06-12 13:00:00.000";"25.38";"60.00";"4.83";"0.00";"0.0"
"2023-06-12 14:00:00.000";"25.98";"55.67";"6.72";"0.00";"0.0"
"2023-06-12 15:00:00.000";"25.87";"53.00";"7.23";"0.00";"0.0"
"2023-06-12 16:00:00.000";"24.93";"52.67";"7.70";"0.00";"0.0"
"2023-06-12 17:00:00.000";"24.80";"55.50";"5.43";"0.00";"0.0"
"2023-06-12 18:00:00.000";"25.42";"53.83";"4.78";"0.00";"0.0"
"2023-06-12 19:00:00.000";"23.98";"60.67";"5.08";"0.00";"0.0"
"2023-06-12 20:00:00.000";"22.05";"69.17";"4.15";"0.00";"0.0"
"2023-06-12 21:00:00.000";"19.27";"87.17";"1.63";"0.00";"0.0"
"2023-06-12 22:00:00.000";"17.28";"95.17";"0.02";"0.50";"0.0"
"2023-06-12 23:00:00.000";"16.43";"98.17";"0.03";"1.00";"0.0"
"2023-06-13 00:00:00.000";"16.37";"99.00";"0.07";"1.00";"0.0"
"2023-06-13 01:00:00.000";"15.73";"99.00";"0.00";"1.00";"0.0"
"2023-06-13 02:00:00.000";"15.10";"99.00";"0.02";"1.00";"0.0"
"2023-06-13 03:00:00.000";"14.88";"99.50";"0.05";"1.00";"0.0"
"2023-06-13 04:00:00.000";"14.97";"98.83";"0.00";"0.83";"0.0"
"2023-06-13 05:00:00.000";"14.80";"97.33";"0.08";"0.00";"0.0"
"2023-06-13 06:00:00.000";"14.57";"97.00";"0.07";"0.33";"0.0"
"2023-06-13 07:00:00.000";"14.65";"95.83";"0.02";"0.00";"0.0"
"2023-06-13 08:00:00.000";"19.98";"77.33";"0.00";"0.00";"0.0"
"2023-06-13 09:00:00.000";"22.13";"69.50";"1.17";"0.00";"0.0"
"2023-06-13 10:00:00.000";"23.37";"65.67";"1.55";"0.00";"0.0"
"2023-06-13 11:00:00.000";"23.73";"65.00";"4.18";"0.00";"0.0"
"2023-06-13 12:00:00.000";"24.00";"65.33";"4.82";"0.00";"0.0"
"2023-06-13 13:00:00.000";"24.85";"56.33";"4.33";"0.00";"0.0"
"2023-06-13 14:00:00.000";"25.27";"54.33";"3.22";"0.00";"0.0"
"2023-06-13 15:00:00.000";"25.57";"49.83";"6.82";"0.00";"0.0"
"2023-06-13 16:00:00.000";"24.68";"53.83";"6.88";"0.00";"0.0"
"2023-06-13 17:00:00.000";"23.97";"57.67";"5.98";"0.00";"0.0"
"2023-06-13 18:00:00.000";"25.45";"51.83";"2.98";"0.00";"0.0"
"2023-06-13 19:00:00.000";"24.00";"60.33";"5.92";"0.00";"0.0"
"2023-06-13 20:00:00.000";"20.43";"80.50";"5.42";"0.00";"0.0"
"2023-06-13 21:00:00.000";"19.17";"87.67";"1.92";"0.00";"0.0"
"2023-06-13 22:00:00.000";"17.62";"94.83";"0.87";"0.17";"0.0"
"2023-06-13 23:00:00.000";"16.60";"97.17";"0.65";"0.67";"0.0"
"2023-06-14 00:00:00.000";"15.63";"98.67";"0.00";"1.00";"0.0"
"2023-06-14 01:00:00.000";"15.47";"99.00";"0.03";"1.00";"0.0"
"2023-06-14 02:00:00.000";"15.10";"99.00";"0.00";"1.00";"0.0"
"2023-06-14 03:00:00.000";"15.12";"99.83";"0.07";"1.00";"0.0"
"2023-06-14 04:00:00.000";"14.78";"100.00";"0.05";"1.00";"0.0"
"2023-06-14 05:00:00.000";"15.28";"100.00";"0.03";"1.00";"0.0"
"2023-06-14 06:00:00.000";"15.02";"100.00";"0.00";"1.00";"0.0"
"2023-06-14 07:00:00.000";"15.08";"99.50";"0.53";"1.00";"0.0"
"2023-06-14 08:00:00.000";"19.08";"86.67";"0.88";"0.17";"0.0"
"2023-06-14 09:00:00.000";"21.90";"76.50";"3.10";"0.00";"0.0"
"2023-06-14 10:00:00.000";"24.13";"66.67";"1.93";"0.00";"0.0"
"2023-06-14 11:00:00.000";"25.88";"56.67";"1.48";"0.00";"0.0"
"2023-06-14 12:00:00.000";"25.82";"60.33";"2.37";"0.00";"0.0"
"2023-06-14 13:00:00.000";"25.03";"60.50";"6.70";"0.00";"0.0"
"2023-06-14 14:00:00.000";"24.48";"60.50";"5.22";"0.00";"0.0"
"2023-06-14 15:00:00.000";"24.37";"61.00";"5.02";"0.00";"0.0"
"2023-06-14 16:00:00.000";"24.90";"55.17";"6.53";"0.00";"0.0"
"2023-06-14 17:00:00.000";"24.48";"55.17";"5.23";"0.00";"0.0"
"2023-06-14 18:00:00.000";"24.77";"57.17";"3.00";"0.00";"0.0"
"2023-06-14 19:00:00.000";"23.55";"62.50";"2.42";"0.00";"0.0"
"2023-06-14 20:00:00.000";"22.12";"69.50";"1.70";"0.00";"0.0"
"2023-06-14 21:00:00.000";"20.85";"81.17";"0.63";"0.00";"0.0"
"2023-06-14 22:00:00.000";"18.33";"95.17";"0.00";"0.33";"0.0"
"2023-06-14 23:00:00.000";"17.43";"98.00";"0.00";"1.00";"0.0"
"2023-06-15 00:00:00.000";"17.22";"97.50";"0.00";"0.50";"0.0"
"2023-06-15 01:00:00.000";"16.90";"94.33";"0.03";"0.00";"0.0"
"2023-06-15 02:00:00.000";"18.18";"88.50";"0.80";"0.00";"0.0"
"2023-06-15 03:00:00.000";"18.68";"84.83";"3.08";"0.00";"0.0"
"2023-06-15 04:00:00.000";"18.65";"82.00";"0.87";"0.00";"0.0"
"2023-06-15 05:00:00.000";"20.13";"78.50";"4.18";"0.00";"0.0"
"2023-06-15 06:00:00.000";"18.72";"82.50";"1.58";"0.00";"0.0"
"2023-06-15 07:00:00.000";"17.78";"86.17";"0.37";"0.00";"0.0"
"2023-06-15 08:00:00.000";"20.92";"74.33";"1.10";"0.00";"0.0"
"2023-06-15 09:00:00.000";"23.22";"64.17";"4.63";"0.00";"0.0"
"2023-06-15 10:00:00.000";"25.72";"56.83";"3.17";"0.00";"0.0"
"2023-06-15 11:00:00.000";"26.72";"52.83";"3.05";"0.00";"0.0"
"2023-06-15 12:00:00.000";"27.45";"54.83";"2.13";"0.00";"0.0"
"2023-06-15 13:00:00.000";"25.05";"54.67";"4.07";"0.00";"0.0"
"2023-06-15 14:00:00.000";"21.73";"76.33";"3.88";"0.50";"0.0"
"2023-06-15 15:00:00.000";"23.27";"62.33";"6.42";"0.00";"0.0"
"2023-06-15 16:00:00.000";"25.12";"51.17";"7.03";"0.00";"0.0"
"2023-06-15 17:00:00.000";"28.02";"37.33";"2.42";"0.00";"0.0"
"2023-06-15 18:00:00.000";"28.45";"36.17";"4.02";"0.00";"0.0"
"2023-06-15 19:00:00.000";"27.93";"41.33";"2.63";"0.00";"0.0"
"2023-06-15 20:00:00.000";"25.70";"45.83";"1.63";"0.00";"0.0"
"2023-06-15 21:00:00.000";"22.83";"57.17";"0.17";"0.00";"0.0"
"2023-06-15 22:00:00.000";"19.95";"69.33";"0.00";"0.00";"0.0"
"2023-06-15 23:00:00.000";"19.77";"71.33";"0.70";"0.00";"0.0"
"2023-06-16 00:00:00.000";"19.65";"72.00";"0.75";"0.00";"0.0"
"2023-06-16 01:00:00.000";"19.27";"73.17";"0.25";"0.00";"0.0"
"2023-06-16 02:00:00.000";"19.47";"74.50";"0.50";"0.00";"0.0"
"2023-06-16 03:00:00.000";"19.53";"75.33";"0.02";"0.00";"0.0"
"2023-06-16 04:00:00.000";"19.42";"78.00";"0.00";"0.00";"0.0"
"2023-06-16 05:00:00.000";"19.22";"79.33";"0.05";"0.00";"0.0"
"2023-06-16 06:00:00.000";"19.52";"78.00";"0.03";"0.00";"0.0"
"2023-06-16 07:00:00.000";"19.47";"79.00";"0.02";"0.00";"0.0"
"2023-06-16 08:00:00.000";"19.87";"83.33";"0.02";"0.00";"0.0"
"2023-06-16 09:00:00.000";"21.02";"82.17";"2.97";"0.00";"0.0"
"2023-06-16 10:00:00.000";"22.60";"72.67";"3.08";"0.00";"0.0"
"2023-06-16 11:00:00.000";"23.88";"59.00";"3.10";"0.00";"0.0"
"2023-06-16 12:00:00.000";"24.02";"55.67";"6.18";"0.00";"0.0"
"2023-06-16 13:00:00.000";"23.18";"58.17";"5.72";"0.00";"0.0"
"2023-06-16 14:00:00.000";"23.55";"61.50";"5.20";"0.00";"0.0"
"2023-06-16 15:00:00.000";"24.45";"55.67";"5.47";"0.00";"0.0"
"2023-06-16 16:00:00.000";"23.72";"55.67";"8.15";"0.00";"0.0"
"2023-06-16 17:00:00.000";"22.68";"63.83";"4.35";"0.00";"0.0"
"2023-06-16 18:00:00.000";"21.98";"66.83";"4.90";"0.00";"0.0"
"2023-06-16 19:00:00.000";"20.45";"76.17";"6.40";"0.00";"0.0"
"2023-06-16 20:00:00.000";"19.63";"81.33";"5.35";"0.00";"0.0"
"2023-06-16 21:00:00.000";"19.18";"83.67";"6.90";"0.00";"0.0"
"2023-06-16 22:00:00.000";"18.80";"84.83";"4.72";"0.00";"0.0"
"2023-06-16 23:00:00.000";"18.57";"85.67";"4.67";"0.00";"0.0"
"2023-06-17 00:00:00.000";"18.20";"92.17";"4.00";"0.83";"0.0"
"2023-06-17 01:00:00.000";"17.63";"95.33";"6.52";"0.83";"0.3"
"2023-06-17 02:00:00.000";"17.63";"95.33";"5.53";"0.17";"0.0"
"2023-06-17 03:00:00.000";"17.45";"97.17";"7.15";"1.00";"0.3"
"2023-06-17 04:00:00.000";"17.32";"97.33";"9.12";"1.00";"0.3"
"2023-06-17 05:00:00.000";"17.08";"98.33";"10.58";"1.00";"2.1"
"2023-06-17 06:00:00.000";"16.83";"98.00";"7.30";"1.00";"0.0"
"2023-06-17 07:00:00.000";"16.67";"97.83";"5.53";"1.00";"3.3"
"2023-06-17 08:00:00.000";"16.67";"97.17";"3.88";"1.00";"0.0"
"2023-06-17 09:00:00.000";"16.90";"94.83";"3.13";"0.00";"0.3"
"2023-06-17 10:00:00.000";"17.48";"93.33";"3.38";"0.67";"0.3"
"2023-06-17 11:00:00.000";"17.93";"89.83";"4.20";"0.00";"0.0"
"2023-06-17 12:00:00.000";"18.53";"86.33";"5.20";"0.00";"0.0"
"2023-06-17 13:00:00.000";"18.73";"84.83";"3.63";"0.33";"0.0"
"2023-06-17 14:00:00.000";"18.50";"88.33";"3.82";"0.33";"0.3"
"2023-06-17 15:00:00.000";"18.93";"83.17";"4.70";"0.00";"0.0"
"2023-06-17 16:00:00.000";"18.98";"82.33";"3.78";"0.00";"0.0"
"2023-06-17 17:00:00.000";"18.18";"90.33";"4.80";"0.67";"0.6"
"2023-06-17 18:00:00.000";"17.63";"92.33";"5.20";"0.67";"0.6"
"2023-06-17 19:00:00.000";"18.03";"89.00";"5.18";"0.00";"0.0"
"2023-06-17 20:00:00.000";"17.78";"89.67";"3.95";"0.00";"0.0"
"2023-06-17 21:00:00.000";"17.53";"88.17";"3.57";"0.00";"0.0"
"2023-06-17 22:00:00.000";"17.38";"89.33";"2.08";"0.00";"0.0"
"2023-06-17 23:00:00.000";"17.22";"93.83";"1.23";"0.83";"0.3"
"2023-06-18 00:00:00.000";"16.87";"97.67";"2.13";"1.00";"0.9"
"2023-06-18 01:00:00.000";"16.68";"98.50";"0.68";"1.00";"0.3"
"2023-06-18 02:00:00.000";"16.43";"99.00";"0.48";"1.00";"0.0"
"2023-06-18 03:00:00.000";"15.28";"99.33";"0.03";"1.00";"0.0"
"2023-06-18 04:00:00.000";"14.90";"100.00";"0.32";"1.00";"0.0"
"2023-06-18 05:00:00.000";"14.17";"100.00";"0.13";"1.00";"0.0"
"2023-06-18 06:00:00.000";"14.02";"100.00";"0.08";"1.00";"0.0"
"2023-06-18 07:00:00.000";"14.17";"100.00";"0.00";"1.00";"0.0"
"2023-06-18 08:00:00.000";"16.08";"100.00";"0.03";"1.00";"0.0"
"2023-06-18 09:00:00.000";"18.23";"98.75";"2.13";"0.33";"0.0"
"2023-06-18 10:00:00.000";"19.78";"86.00";"2.12";"0.00";"0.0"
"2023-06-18 11:00:00.000";"20.43";"82.17";"1.93";"0.00";"0.0"
"2023-06-18 12:00:00.000";"22.72";"74.67";"4.60";"0.00";"0.0"
"2023-06-18 13:00:00.000";"23.00";"68.17";"7.48";"0.00";"0.0"
"2023-06-18 14:00:00.000";"23.52";"62.50";"6.47";"0.00";"0.0"
"2023-06-18 15:00:00.000";"23.95";"58.00";"6.72";"0.00";"0.0"
"2023-06-18 16:00:00.000";"24.07";"54.67";"6.35";"0.00";"0.0"
"2023-06-18 17:00:00.000";"25.28";"52.67";"5.23";"0.00";"0.0"
"2023-06-18 18:00:00.000";"25.55";"53.17";"3.60";"0.00";"0.0"
"2023-06-18 19:00:00.000";"21.47";"74.50";"1.45";"0.00";"0.0"
"2023-06-18 20:00:00.000";"20.58";"78.00";"1.45";"0.00";"0.0"
"2023-06-18 21:00:00.000";"19.62";"86.00";"0.02";"0.00";"0.0"
"2023-06-18 22:00:00.000";"17.55";"95.17";"0.07";"0.00";"0.0"
"2023-06-18 23:00:00.000";"16.90";"94.50";"0.02";"0.00";"0.0"
"2023-06-19 00:00:00.000";"16.47";"96.17";"0.03";"0.00";"0.0"
"2023-06-19 01:00:00.000";"16.18";"96.83";"0.00";"0.00";"0.0"
"2023-06-19 02:00:00.000";"15.77";"98.50";"0.00";"0.83";"0.0"
"2023-06-19 03:00:00.000";"16.05";"98.17";"0.22";"0.33";"0.0"
"2023-06-19 04:00:00.000";"15.10";"99.00";"0.00";"1.00";"0.0"
"2023-06-19 05:00:00.000";"15.02";"99.17";"0.00";"1.00";"0.0"
"2023-06-19 06:00:00.000";"15.48";"100.00";"0.02";"1.00";"0.0"
"2023-06-19 07:00:00.000";"15.00";"100.00";"0.00";"1.00";"0.0"
"2023-06-19 08:00:00.000";"18.38";"95.17";"0.02";"0.33";"0.0"
"2023-06-19 09:00:00.000";"23.72";"71.83";"0.02";"0.00";"0.0"
"2023-06-19 10:00:00.000";"23.68";"67.50";"2.38";"0.00";"0.0"
"2023-06-19 11:00:00.000";"24.17";"63.17";"3.48";"0.00";"0.0"
"2023-06-19 12:00:00.000";"25.08";"62.67";"3.47";"0.00";"0.0"
"2023-06-19 13:00:00.000";"24.98";"61.50";"5.93";"0.00";"0.0"
"2023-06-19 14:00:00.000";"25.65";"56.50";"5.60";"0.00";"0.0"
"2023-06-19 15:00:00.000";"25.92";"52.67";"5.35";"0.00";"0.0"
"2023-06-19 16:00:00.000";"26.45";"47.17";"6.57";"0.00";"0.0"
"2023-06-19 17:00:00.000";"27.62";"42.67";"5.15";"0.00";"0.0"
"2023-06-19 18:00:00.000";"27.42";"46.33";"3.52";"0.00";"0.0"
"2023-06-19 19:00:00.000";"26.35";"50.17";"3.00";"0.00";"0.0"
"2023-06-19 20:00:00.000";"25.18";"58.50";"1.60";"0.00";"0.0"
"2023-06-19 21:00:00.000";"21.87";"75.67";"0.13";"0.00";"0.0"
"2023-06-19 22:00:00.000";"18.33";"92.00";"0.03";"0.00";"0.0"
"2023-06-19 23:00:00.000";"17.15";"93.17";"0.00";"0.00";"0.0"
"2023-06-20 00:00:00.000";"16.80";"87.83";"0.03";"0.00";"0.0"
"2023-06-20 01:00:00.000";"16.93";"86.17";"0.03";"0.00";"0.0"
"2023-06-20 02:00:00.000";"16.33";"86.50";"0.02";"0.00";"0.0"
"2023-06-20 03:00:00.000";"16.55";"84.33";"0.27";"0.00";"0.0"
"2023-06-20 04:00:00.000";"16.60";"82.67";"0.07";"0.00";"0.0"
"2023-06-20 05:00:00.000";"16.65";"82.17";"0.02";"0.00";"0.0"
"2023-06-20 06:00:00.000";"17.07";"79.50";"0.03";"0.00";"0.0"
"2023-06-20 07:00:00.000";"17.65";"78.17";"0.10";"0.00";"0.0"
"2023-06-20 08:00:00.000";"20.82";"71.00";"0.10";"0.00";"0.0"
"2023-06-20 09:00:00.000";"25.65";"60.00";"0.18";"0.00";"0.0"
"2023-06-20 10:00:00.000";"27.93";"51.67";"0.67";"0.00";"0.0"
"2023-06-20 11:00:00.000";"28.68";"48.83";"1.53";"0.00";"0.0"
"2023-06-20 12:00:00.000";"27.98";"55.17";"4.07";"0.00";"0.0"
"2023-06-20 13:00:00.000";"27.35";"51.00";"5.87";"0.00";"0.0"
"2023-06-20 14:00:00.000";"28.25";"48.17";"6.17";"0.00";"0.0"
"2023-06-20 15:00:00.000";"28.05";"48.33";"4.70";"0.00";"0.0"
"2023-06-20 16:00:00.000";"27.85";"49.17";"3.28";"0.00";"0.0"
"2023-06-20 17:00:00.000";"28.90";"42.33";"3.95";"0.00";"0.0"
"2023-06-20 18:00:00.000";"28.18";"45.33";"4.10";"0.00";"0.0"
"2023-06-20 19:00:00.000";"27.58";"45.33";"3.27";"0.00";"0.0"
"2023-06-20 20:00:00.000";"25.95";"57.00";"0.67";"0.00";"0.0"
"2023-06-20 21:00:00.000";"23.43";"73.50";"0.05";"0.00";"0.0"
"2023-06-20 22:00:00.000";"21.57";"75.67";"0.12";"0.00";"0.0"
"2023-06-20 23:00:00.000";"20.70";"71.00";"0.03";"0.00";"0.0"
"2023-06-21 00:00:00.000";"19.30";"76.00";"0.00";"0.00";"0.0"
"2023-06-21 01:00:00.000";"18.75";"73.83";"0.00";"0.00";"0.0"
"2023-06-21 02:00:00.000";"19.20";"72.17";"0.03";"0.00";"0.0"
"2023-06-21 03:00:00.000";"18.93";"76.50";"0.40";"0.00";"0.0"
"2023-06-21 04:00:00.000";"18.32";"80.33";"0.00";"0.00";"0.0"
"2023-06-21 05:00:00.000";"18.73";"78.17";"0.00";"0.00";"0.0"
"2023-06-21 06:00:00.000";"21.57";"66.00";"0.83";"0.00";"0.0"
"2023-06-21 07:00:00.000";"22.43";"59.67";"1.48";"0.00";"0.0"
"2023-06-21 08:00:00.000";"22.23";"64.67";"0.00";"0.00";"0.0"
"2023-06-21 09:00:00.000";"28.65";"54.00";"0.18";"0.00";"0.0"
"2023-06-21 10:00:00.000";"29.38";"43.50";"1.32";"0.00";"0.0"
"2023-06-21 11:00:00.000";"30.62";"37.83";"1.28";"0.00";"0.0"
"2023-06-21 12:00:00.000";"30.87";"42.83";"1.88";"0.00";"0.0"
"2023-06-21 13:00:00.000";"29.88";"45.83";"4.72";"0.00";"0.0"
"2023-06-21 14:00:00.000";"30.32";"42.00";"6.47";"0.00";"0.0"
"2023-06-21 15:00:00.000";"30.82";"36.83";"6.15";"0.00";"0.0"
"2023-06-21 16:00:00.000";"30.53";"37.50";"6.23";"0.00";"0.0"
"2023-06-21 17:00:00.000";"30.62";"35.83";"6.42";"0.00";"0.0"
"2023-06-21 18:00:00.000";"29.35";"43.00";"3.43";"0.00";"0.0"
"2023-06-21 19:00:00.000";"27.70";"48.17";"2.63";"0.00";"0.0"
"2023-06-21 20:00:00.000";"26.72";"52.83";"1.35";"0.00";"0.0"
"2023-06-21 21:00:00.000";"23.82";"67.83";"0.53";"0.00";"0.0"
"2023-06-21 22:00:00.000";"21.37";"78.50";"0.07";"0.00";"0.0"
"2023-06-21 23:00:00.000";"20.32";"79.00";"0.00";"0.00";"0.0"
"2023-06-22 00:00:00.000";"20.67";"75.50";"0.37";"0.00";"0.0"
"2023-06-22 01:00:00.000";"20.17";"74.67";"0.07";"0.00";"0.0"
"2023-06-22 02:00:00.000";"18.92";"81.50";"0.00";"0.00";"0.0"
"2023-06-22 03:00:00.000";"19.57";"84.17";"0.05";"0.00";"0.0"
"2023-06-22 04:00:00.000";"19.62";"82.17";"0.15";"0.00";"0.0"
"2023-06-22 05:00:00.000";"22.63";"66.00";"0.23";"0.00";"0.0"
"2023-06-22 06:00:00.000";"22.72";"63.83";"0.28";"0.00";"0.0"
"2023-06-22 07:00:00.000";"24.20";"53.17";"0.83";"0.00";"0.0"
"2023-06-22 08:00:00.000";"26.22";"44.17";"1.08";"0.00";"0.0"
"2023-06-22 09:00:00.000";"28.82";"43.17";"0.68";"0.00";"0.0"
"2023-06-22 10:00:00.000";"29.33";"39.33";"2.15";"0.00";"0.0"
"2023-06-22 11:00:00.000";"29.52";"36.33";"5.15";"0.00";"0.0"
"2023-06-22 12:00:00.000";"30.23";"37.17";"5.72";"0.00";"0.0"
"2023-06-22 13:00:00.000";"30.65";"36.83";"5.38";"0.00";"0.0"
"2023-06-22 14:00:00.000";"29.77";"48.50";"5.97";"0.00";"0.0"
"2023-06-22 15:00:00.000";"29.52";"43.33";"6.60";"0.00";"0.0"
"2023-06-22 16:00:00.000";"28.55";"43.17";"8.20";"0.00";"0.0"
"2023-06-22 17:00:00.000";"28.45";"43.10";"8.20";"0.00";"0.0"
"2023-06-22 18:00:00.000";"28.25";"49.00";"5.10";"0.00";"0.0"
"2023-06-22 19:00:00.000";"27.05";"53.83";"2.67";"0.00";"0.0"
"2023-06-22 20:00:00.000";"26.05";"55.33";"2.00";"0.00";"0.0"
"2023-06-22 21:00:00.000";"23.73";"64.83";"0.18";"0.00";"0.0"
"2023-06-22 22:00:00.000";"21.22";"78.17";"0.00";"0.00";"0.0"
"2023-06-22 23:00:00.000";"21.20";"78.33";"0.00";"0.00";"0.0"
"2023-06-23 00:00:00.000";"21.53";"75.00";"0.00";"0.00";"0.0"
"2023-06-23 01:00:00.000";"20.60";"81.83";"0.00";"0.00";"0.0"
"2023-06-23 02:00:00.000";"21.25";"81.50";"0.15";"0.00";"0.0"
"2023-06-23 03:00:00.000";"24.70";"62.83";"1.38";"0.00";"0.0"
"2023-06-23 04:00:00.000";"24.47";"58.83";"0.85";"0.00";"0.0"
"2023-06-23 05:00:00.000";"22.17";"65.67";"0.03";"0.00";"0.0"
"2023-06-23 06:00:00.000";"22.38";"65.17";"0.05";"0.00";"0.0"
"2023-06-23 07:00:00.000";"24.18";"57.83";"0.47";"0.00";"0.0"
"2023-06-23 08:00:00.000";"26.07";"50.17";"0.58";"0.00";"0.0"
"2023-06-23 09:00:00.000";"28.40";"42.00";"1.33";"0.00";"0.0"
"2023-06-23 10:00:00.000";"29.88";"40.50";"1.98";"0.00";"0.0"
"2023-06-23 11:00:00.000";"30.42";"38.17";"3.35";"0.00";"0.0"
"2023-06-23 12:00:00.000";"31.13";"38.33";"3.10";"0.00";"0.0"
"2023-06-23 13:00:00.000";"31.58";"39.33";"4.60";"0.00";"0.0"
"2023-06-23 14:00:00.000";"31.23";"40.50";"6.27";"0.00";"0.0"
"2023-06-23 15:00:00.000";"31.00";"40.67";"6.68";"0.00";"0.0"
"2023-06-23 16:00:00.000";"29.97";"42.17";"5.73";"0.00";"0.0"
"2023-06-23 17:00:00.000";"29.23";"45.67";"4.07";"0.00";"0.0"
"2023-06-23 18:00:00.000";"28.93";"45.67";"5.12";"0.00";"0.0"
"2023-06-23 19:00:00.000";"27.35";"58.67";"1.92";"0.00";"0.0"
"2023-06-23 20:00:00.000";"25.15";"74.00";"1.08";"0.00";"0.0"
"2023-06-23 21:00:00.000";"23.93";"83.00";"0.00";"0.00";"0.0"
"2023-06-23 22:00:00.000";"21.90";"85.33";"0.12";"0.00";"0.0"
"2023-06-23 23:00:00.000";"20.70";"87.50";"0.47";"0.00";"0.0"
"2023-06-24 00:00:00.000";"20.70";"84.00";"0.65";"0.00";"0.0"
"2023-06-24 01:00:00.000";"21.02";"83.00";"0.28";"0.00";"0.0"
"2023-06-24 02:00:00.000";"20.75";"80.83";"0.22";"0.00";"0.0"
"2023-06-24 03:00:00.000";"20.12";"84.17";"0.02";"0.00";"0.0"
"2023-06-24 04:00:00.000";"19.87";"86.33";"0.17";"0.00";"0.0"
"2023-06-24 05:00:00.000";"20.27";"83.33";"0.02";"0.00";"0.0"
"2023-06-24 06:00:00.000";"20.10";"84.17";"0.08";"0.00";"0.0"
"2023-06-24 07:00:00.000";"19.72";"84.00";"0.00";"0.00";"0.0"
"2023-06-24 08:00:00.000";"23.13";"73.67";"0.00";"0.00";"0.0"
"2023-06-24 09:00:00.000";"27.18";"62.17";"0.63";"0.00";"0.0"
"2023-06-24 10:00:00.000";"29.50";"54.33";"0.70";"0.00";"0.0"
"2023-06-24 11:00:00.000";"31.12";"45.67";"1.57";"0.00";"0.0"
"2023-06-24 12:00:00.000";"31.30";"45.33";"2.75";"0.00";"0.0"
"2023-06-24 13:00:00.000";"30.73";"48.00";"4.43";"0.00";"0.0"
"2023-06-24 14:00:00.000";"29.60";"50.50";"6.58";"0.00";"0.0"
"2023-06-24 15:00:00.000";"29.33";"49.67";"6.48";"0.00";"0.0"
"2023-06-24 16:00:00.000";"28.87";"52.33";"7.72";"0.00";"0.0"
"2023-06-24 17:00:00.000";"29.08";"52.83";"7.35";"0.00";"0.0"
"2023-06-24 18:00:00.000";"29.28";"52.00";"4.07";"0.00";"0.0"
"2023-06-24 19:00:00.000";"27.95";"58.17";"2.57";"0.00";"0.0"
"2023-06-24 20:00:00.000";"26.48";"67.00";"1.65";"0.00";"0.0"
"2023-06-24 21:00:00.000";"24.55";"78.83";"0.22";"0.00";"0.0"
"2023-06-24 22:00:00.000";"21.78";"90.33";"0.08";"0.00";"0.0"
"2023-06-24 23:00:00.000";"23.75";"72.00";"1.23";"0.00";"0.0"
"2023-06-25 00:00:00.000";"22.98";"71.83";"0.28";"0.00";"0.0"
"2023-06-25 01:00:00.000";"21.75";"72.67";"0.00";"0.00";"0.0"
"2023-06-25 02:00:00.000";"20.45";"79.83";"0.00";"0.00";"0.0"
"2023-06-25 03:00:00.000";"20.18";"79.00";"0.13";"0.00";"0.0"
"2023-06-25 04:00:00.000";"20.17";"82.00";"0.18";"0.00";"0.0"
"2023-06-25 05:00:00.000";"19.73";"87.50";"0.03";"0.00";"0.0"
"2023-06-25 06:00:00.000";"19.60";"86.67";"0.02";"0.00";"0.0"
"2023-06-25 07:00:00.000";"19.58";"91.33";"0.00";"0.00";"0.0"
"2023-06-25 08:00:00.000";"22.82";"83.00";"0.00";"0.00";"0.0"
"2023-06-25 09:00:00.000";"27.02";"68.50";"0.18";"0.00";"0.0"
"2023-06-25 10:00:00.000";"28.62";"59.33";"1.48";"0.00";"0.0"
"2023-06-25 11:00:00.000";"28.60";"55.00";"3.73";"0.00";"0.0"
"2023-06-25 12:00:00.000";"29.35";"53.83";"3.67";"0.00";"0.0"
"2023-06-25 13:00:00.000";"30.80";"46.67";"2.63";"0.00";"0.0"
"2023-06-25 14:00:00.000";"29.40";"49.17";"5.22";"0.00";"0.0"
"2023-06-25 15:00:00.000";"28.97";"51.50";"4.95";"0.00";"0.0"
"2023-06-25 16:00:00.000";"29.97";"42.83";"6.23";"0.00";"0.0"
"2023-06-25 17:00:00.000";"29.70";"44.00";"7.83";"0.00";"0.0"
"2023-06-25 18:00:00.000";"26.28";"67.67";"6.10";"0.00";"0.0"
"2023-06-25 19:00:00.000";"25.88";"65.33";"1.72";"0.00";"0.0"
"2023-06-25 20:00:00.000";"23.75";"80.67";"4.72";"0.00";"0.0"
"2023-06-25 21:00:00.000";"22.18";"91.67";"3.50";"0.00";"0.0"
"2023-06-25 22:00:00.000";"21.18";"95.33";"3.37";"0.00";"0.0"
"2023-06-25 23:00:00.000";"20.70";"97.67";"2.90";"0.83";"0.0"
"2023-06-26 00:00:00.000";"20.72";"98.33";"1.70";"1.00";"0.0"
"2023-06-26 01:00:00.000";"20.30";"99.00";"2.52";"1.00";"0.0"
"2023-06-26 02:00:00.000";"20.38";"93.83";"3.05";"0.00";"0.0"
"2023-06-26 03:00:00.000";"20.23";"93.67";"4.08";"0.00";"0.0"
"2023-06-26 04:00:00.000";"20.17";"90.50";"3.15";"0.00";"0.0"
"2023-06-26 05:00:00.000";"19.57";"84.00";"0.97";"0.00";"0.0"
"2023-06-26 06:00:00.000";"18.37";"85.33";"0.90";"0.00";"0.0"
"2023-06-26 07:00:00.000";"17.07";"88.83";"0.03";"0.00";"0.0"
"2023-06-26 08:00:00.000";"20.63";"74.33";"0.15";"0.00";"0.0"
"2023-06-26 09:00:00.000";"25.83";"59.83";"0.30";"0.00";"0.0"
"2023-06-26 10:00:00.000";"26.60";"56.50";"2.45";"0.00";"0.0"
"2023-06-26 11:00:00.000";"29.12";"49.83";"1.70";"0.00";"0.0"
"2023-06-26 12:00:00.000";"28.37";"55.00";"4.95";"0.00";"0.0"
"2023-06-26 13:00:00.000";"29.27";"50.67";"6.73";"0.00";"0.0"
"2023-06-26 14:00:00.000";"27.62";"51.33";"2.20";"0.00";"0.0"
"2023-06-26 15:00:00.000";"30.43";"40.33";"5.52";"0.00";"0.0"
"2023-06-26 16:00:00.000";"30.05";"44.17";"4.33";"0.00";"0.0"
"2023-06-26 17:00:00.000";"28.65";"50.83";"3.48";"0.00";"0.0"
"2023-06-26 18:00:00.000";"28.32";"51.33";"1.65";"0.00";"0.0"
"2023-06-26 19:00:00.000";"28.68";"48.67";"1.55";"0.00";"0.0"
"2023-06-26 20:00:00.000";"28.35";"51.00";"1.98";"0.00";"0.0"
"2023-06-26 21:00:00.000";"24.50";"63.67";"0.73";"0.00";"0.0"
"2023-06-26 22:00:00.000";"21.22";"77.00";"0.00";"0.00";"0.0"
"2023-06-26 23:00:00.000";"20.22";"80.00";"0.02";"0.00";"0.0"
"2023-06-27 00:00:00.000";"20.17";"77.00";"0.02";"0.00";"0.0"
"2023-06-27 01:00:00.000";"20.35";"76.83";"0.03";"0.00";"0.0"
"2023-06-27 02:00:00.000";"19.77";"79.50";"0.00";"0.00";"0.0"
"2023-06-27 03:00:00.000";"19.23";"81.17";"0.05";"0.00";"0.0"
"2023-06-27 04:00:00.000";"19.35";"82.17";"0.00";"0.00";"0.0"
"2023-06-27 05:00:00.000";"18.83";"81.83";"0.00";"0.00";"0.0"
"2023-06-27 06:00:00.000";"18.50";"83.17";"0.02";"0.00";"0.0"
"2023-06-27 07:00:00.000";"19.92";"80.67";"0.03";"0.00";"0.0"
"2023-06-27 08:00:00.000";"23.08";"70.83";"0.85";"0.00";"0.0"
"2023-06-27 09:00:00.000";"25.72";"62.17";"3.00";"0.00";"0.0"
"2023-06-27 10:00:00.000";"27.63";"57.67";"1.97";"0.00";"0.0"
"2023-06-27 11:00:00.000";"28.28";"53.50";"3.40";"0.00";"0.0"
"2023-06-27 12:00:00.000";"28.25";"58.00";"4.77";"0.00";"0.0"
"2023-06-27 13:00:00.000";"28.43";"53.50";"6.57";"0.00";"0.0"
"2023-06-27 14:00:00.000";"28.77";"49.50";"6.52";"0.00";"0.0"
"2023-06-27 15:00:00.000";"27.03";"56.83";"6.12";"0.00";"0.0"
"2023-06-27 16:00:00.000";"27.27";"52.17";"6.98";"0.00";"0.0"
"2023-06-27 17:00:00.000";"27.57";"46.33";"7.47";"0.00";"0.0"
"2023-06-27 18:00:00.000";"27.98";"43.67";"4.75";"0.00";"0.0"
"2023-06-27 19:00:00.000";"26.67";"51.50";"3.12";"0.00";"0.0"
"2023-06-27 20:00:00.000";"23.60";"74.33";"1.88";"0.00";"0.0"
"2023-06-27 21:00:00.000";"22.43";"81.83";"0.00";"0.00";"0.0"
"2023-06-27 22:00:00.000";"20.28";"89.00";"0.00";"0.00";"0.0"
"2023-06-27 23:00:00.000";"19.37";"89.33";"0.00";"0.00";"0.0"
"2023-06-28 00:00:00.000";"18.70";"90.17";"0.00";"0.00";"0.0"
"2023-06-28 01:00:00.000";"18.52";"90.50";"0.00";"0.00";"0.0"
"2023-06-28 02:00:00.000";"18.20";"91.83";"0.00";"0.00";"0.0"
"2023-06-28 03:00:00.000";"18.02";"91.17";"0.00";"0.00";"0.0"
"2023-06-28 04:00:00.000";"17.92";"94.67";"0.00";"0.00";"0.0"
"2023-06-28 05:00:00.000";"17.60";"93.33";"0.00";"0.00";"0.0"
"2023-06-28 06:00:00.000";"17.50";"91.00";"0.00";"0.00";"0.0"
"2023-06-28 07:00:00.000";"17.27";"91.17";"0.12";"0.00";"0.0"
"2023-06-28 08:00:00.000";"20.85";"78.17";"0.02";"0.00";"0.0"
"2023-06-28 09:00:00.000";"24.65";"68.17";"0.15";"0.00";"0.0"
"2023-06-28 10:00:00.000";"25.83";"63.50";"2.53";"0.00";"0.0"
"2023-06-28 11:00:00.000";"26.88";"62.50";"4.62";"0.00";"0.0"
"2023-06-28 12:00:00.000";"27.95";"60.00";"5.50";"0.00";"0.0"
"2023-06-28 13:00:00.000";"29.00";"54.33";"5.28";"0.00";"0.0"
"2023-06-28 14:00:00.000";"28.80";"53.50";"7.83";"0.00";"0.0"
"2023-06-28 15:00:00.000";"29.25";"47.67";"6.78";"0.00";"0.0"
"2023-06-28 16:00:00.000";"29.10";"45.33";"7.27";"0.00";"0.0"
"2023-06-28 17:00:00.000";"28.97";"47.33";"8.22";"0.00";"0.0"
"2023-06-28 18:00:00.000";"28.63";"52.00";"5.62";"0.00";"0.0"
"2023-06-28 19:00:00.000";"27.07";"58.33";"6.47";"0.00";"0.0"
"2023-06-28 20:00:00.000";"25.28";"67.50";"4.52";"0.00";"0.0"
"2023-06-28 21:00:00.000";"22.28";"77.33";"1.87";"0.00";"0.0"
"2023-06-28 22:00:00.000";"20.15";"85.33";"0.53";"0.00";"0.0"
"2023-06-28 23:00:00.000";"20.07";"81.17";"2.57";"0.00";"0.0"
"2023-06-29 00:00:00.000";"19.67";"88.33";"0.95";"0.00";"0.0"
"2023-06-29 01:00:00.000";"17.92";"94.83";"0.18";"0.67";"0.0"
"2023-06-29 02:00:00.000";"16.47";"98.00";"0.00";"1.00";"0.0"
"2023-06-29 03:00:00.000";"16.95";"98.00";"0.23";"1.00";"0.0"
"2023-06-29 04:00:00.000";"17.95";"99.00";"0.03";"1.00";"0.0"
"2023-06-29 05:00:00.000";"17.30";"99.00";"0.03";"1.00";"0.0"
"2023-06-29 06:00:00.000";"17.57";"99.33";"0.22";"1.00";"0.0"
"2023-06-29 07:00:00.000";"15.85";"100.00";"0.00";"1.00";"0.0"
"2023-06-29 08:00:00.000";"20.07";"85.50";"0.03";"0.50";"0.0"
"2023-06-29 09:00:00.000";"24.97";"69.00";"0.12";"0.00";"0.0"
"2023-06-29 10:00:00.000";"27.30";"56.83";"0.90";"0.00";"0.0"
"2023-06-29 11:00:00.000";"27.72";"52.33";"4.58";"0.00";"0.0"
"2023-06-29 12:00:00.000";"27.55";"56.33";"7.75";"0.00";"0.0"
"2023-06-29 13:00:00.000";"28.37";"49.83";"6.50";"0.00";"0.0"
"2023-06-29 14:00:00.000";"29.10";"44.67";"7.40";"0.00";"0.0"
"2023-06-29 15:00:00.000";"28.58";"47.83";"8.53";"0.00";"0.0"
"2023-06-29 16:00:00.000";"28.52";"49.17";"7.30";"0.00";"0.0"
"2023-06-29 17:00:00.000";"28.30";"52.17";"6.60";"0.00";"0.0"
"2023-06-29 18:00:00.000";"28.35";"53.83";"5.53";"0.00";"0.0"
"2023-06-29 19:00:00.000";"27.77";"56.50";"4.53";"0.00";"0.0"
"2023-06-29 20:00:00.000";"25.85";"63.83";"3.62";"0.00";"0.0"
"2023-06-29 21:00:00.000";"22.07";"81.83";"2.97";"0.00";"0.0"
"2023-06-29 22:00:00.000";"19.20";"93.67";"0.10";"0.67";"0.0"
"2023-06-29 23:00:00.000";"18.00";"95.83";"0.02";"1.00";"0.0"
"2023-06-30 00:00:00.000";"17.75";"91.50";"0.30";"0.00";"0.0"
"2023-06-30 01:00:00.000";"19.33";"75.50";"1.05";"0.00";"0.0"
"2023-06-30 02:00:00.000";"17.70";"83.33";"0.03";"0.00";"0.0"
"2023-06-30 03:00:00.000";"17.42";"82.17";"0.00";"0.00";"0.0"
"2023-06-30 04:00:00.000";"18.27";"76.50";"0.07";"0.00";"0.0"
"2023-06-30 05:00:00.000";"18.15";"76.00";"0.00";"0.00";"0.0"
"2023-06-30 06:00:00.000";"17.75";"75.83";"0.17";"0.00";"0.0"
"2023-06-30 07:00:00.000";"17.33";"78.50";"0.00";"0.00";"0.0"
"2023-06-30 08:00:00.000";"20.43";"73.00";"0.00";"0.00";"0.0"
"2023-06-30 09:00:00.000";"25.40";"59.00";"0.00";"0.00";"0.0"
"2023-06-30 10:00:00.000";"26.88";"57.33";"1.22";"0.00";"0.0"
"2023-06-30 11:00:00.000";"28.38";"51.33";"1.55";"0.00";"0.0"
"2023-06-30 12:00:00.000";"28.22";"57.00";"3.78";"0.00";"0.0"
"2023-06-30 13:00:00.000";"27.75";"58.83";"6.93";"0.00";"0.0"
"2023-06-30 14:00:00.000";"28.02";"53.00";"6.27";"0.00";"0.0"
"2023-06-30 15:00:00.000";"27.63";"53.33";"7.20";"0.00";"0.0"
"2023-06-30 16:00:00.000";"27.43";"52.33";"6.88";"0.00";"0.0"
"2023-06-30 17:00:00.000";"26.83";"53.17";"8.57";"0.00";"0.0"
"2023-06-30 18:00:00.000";"26.23";"58.67";"9.60";"0.00";"0.0"
"2023-06-30 19:00:00.000";"26.12";"62.67";"7.28";"0.00";"0.0"
"2023-06-30 20:00:00.000";"25.10";"70.67";"3.05";"0.00";"0.0"
"2023-06-30 21:00:00.000";"22.22";"81.50";"2.02";"0.00";"0.0"
"2023-06-30 22:00:00.000";"19.43";"91.67";"0.18";"0.00";"0.0"
"2023-06-30 23:00:00.000";"18.32";"91.67";"0.00";"0.67";"0.0"
"2023-07-01 00:00:00.000";"18.40";"93.67";"0.25";"0.33";"0.0"
"2023-07-01 01:00:00.000";"18.23";"94.33";"0.40";"0.33";"0.0"
"2023-07-01 02:00:00.000";"17.63";"87.83";"0.38";"0.00";"0.0"
"2023-07-01 03:00:00.000";"17.65";"74.50";"0.20";"0.00";"0.0"
"2023-07-01 04:00:00.000";"17.67";"76.00";"0.62";"0.00";"0.0"
"2023-07-01 05:00:00.000";"17.13";"83.50";"0.05";"0.00";"0.0"
"2023-07-01 06:00:00.000";"17.43";"86.33";"0.18";"0.00";"0.0"
"2023-07-01 07:00:00.000";"17.48";"86.83";"0.08";"0.00";"0.0"
"2023-07-01 08:00:00.000";"20.65";"76.50";"0.00";"0.00";"0.0"
"2023-07-01 09:00:00.000";"26.00";"60.00";"0.12";"0.00";"0.0"
"2023-07-01 10:00:00.000";"27.18";"54.67";"1.48";"0.00";"0.0"
"2023-07-01 11:00:00.000";"27.07";"53.67";"5.35";"0.00";"0.0"
"2023-07-01 12:00:00.000";"28.30";"53.67";"5.50";"0.00";"0.0"
"2023-07-01 13:00:00.000";"28.82";"52.00";"7.72";"0.00";"0.0"
"2023-07-01 14:00:00.000";"29.40";"46.83";"9.38";"0.00";"0.0"
"2023-07-01 15:00:00.000";"29.32";"46.17";"9.08";"0.00";"0.0"
"2023-07-01 16:00:00.000";"29.88";"41.67";"7.22";"0.00";"0.0"
"2023-07-01 17:00:00.000";"29.08";"44.83";"7.98";"0.00";"0.0"
"2023-07-01 18:00:00.000";"29.10";"46.17";"7.13";"0.00";"0.0"
"2023-07-01 19:00:00.000";"27.83";"53.00";"6.80";"0.00";"0.0"
"2023-07-01 20:00:00.000";"25.80";"64.17";"5.60";"0.00";"0.0"
"2023-07-01 21:00:00.000";"22.78";"80.33";"1.75";"0.00";"0.0"
"2023-07-01 22:00:00.000";"19.73";"93.67";"0.00";"0.17";"0.0"
"2023-07-01 23:00:00.000";"18.22";"95.17";"0.00";"0.00";"0.0"
"2023-07-02 00:00:00.000";"18.88";"89.33";"0.67";"0.00";"0.0"
"2023-07-02 01:00:00.000";"18.95";"85.83";"0.62";"0.00";"0.0"
"2023-07-02 02:00:00.000";"18.50";"83.33";"0.50";"0.00";"0.0"
"2023-07-02 03:00:00.000";"17.88";"78.33";"0.02";"0.00";"0.0"
"2023-07-02 04:00:00.000";"17.72";"77.67";"0.00";"0.00";"0.0"
"2023-07-02 05:00:00.000";"17.00";"81.83";"0.00";"0.00";"0.0"
"2023-07-02 06:00:00.000";"17.37";"78.50";"0.00";"0.00";"0.0"
"2023-07-02 07:00:00.000";"17.55";"75.67";"0.00";"0.00";"0.0"
"2023-07-02 08:00:00.000";"21.12";"65.00";"0.00";"0.00";"0.0"
"2023-07-02 09:00:00.000";"26.90";"47.83";"0.37";"0.00";"0.0"
"2023-07-02 10:00:00.000";"28.23";"43.17";"1.32";"0.00";"0.0"
"2023-07-02 11:00:00.000";"29.03";"43.17";"3.60";"0.00";"0.0"
"2023-07-02 12:00:00.000";"28.22";"53.00";"5.43";"0.00";"0.0"
"2023-07-02 13:00:00.000";"28.38";"54.00";"6.15";"0.00";"0.0"
"2023-07-02 14:00:00.000";"27.52";"55.33";"6.72";"0.00";"0.0"
"2023-07-02 15:00:00.000";"27.95";"50.83";"6.58";"0.00";"0.0"
"2023-07-02 16:00:00.000";"28.15";"49.00";"6.10";"0.00";"0.0"
"2023-07-02 17:00:00.000";"27.07";"58.33";"7.58";"0.00";"0.0"
"2023-07-02 18:00:00.000";"25.58";"68.33";"6.93";"0.00";"0.0"
"2023-07-02 19:00:00.000";"25.67";"68.17";"5.60";"0.00";"0.0"
"2023-07-02 20:00:00.000";"24.32";"77.50";"3.92";"0.00";"0.0"
"2023-07-02 21:00:00.000";"22.68";"83.00";"4.05";"0.00";"0.0"
"2023-07-02 22:00:00.000";"21.83";"89.83";"3.75";"0.00";"0.0"
"2023-07-02 23:00:00.000";"21.23";"92.50";"0.90";"0.00";"0.0"
"2023-07-03 00:00:00.000";"20.73";"87.67";"0.70";"0.00";"0.0"
"2023-07-03 01:00:00.000";"21.05";"74.33";"2.20";"0.00";"0.0"
"2023-07-03 02:00:00.000";"20.32";"83.50";"1.53";"0.00";"0.0"
"2023-07-03 03:00:00.000";"21.12";"80.00";"2.75";"0.00";"0.0"
"2023-07-03 04:00:00.000";"20.38";"75.67";"2.40";"0.00";"0.0"
"2023-07-03 05:00:00.000";"19.72";"81.00";"1.22";"0.00";"0.0"
"2023-07-03 06:00:00.000";"19.12";"83.67";"1.70";"0.00";"0.0"
"2023-07-03 07:00:00.000";"17.75";"92.00";"0.25";"0.00";"0.0"
"2023-07-03 08:00:00.000";"20.37";"79.50";"1.18";"0.00";"0.0"
"2023-07-03 09:00:00.000";"24.58";"62.33";"1.82";"0.00";"0.0"
"2023-07-03 10:00:00.000";"27.50";"50.67";"1.10";"0.00";"0.0"
"2023-07-03 11:00:00.000";"28.03";"47.33";"2.62";"0.00";"0.0"
"2023-07-03 12:00:00.000";"28.33";"50.83";"4.17";"0.00";"0.0"
"2023-07-03 13:00:00.000";"28.97";"47.83";"3.87";"0.00";"0.0"
"2023-07-03 14:00:00.000";"29.10";"44.33";"7.00";"0.00";"0.0"
"2023-07-03 15:00:00.000";"28.87";"45.33";"7.50";"0.00";"0.0"
"2023-07-03 16:00:00.000";"27.50";"49.67";"10.18";"0.00";"0.0"
"2023-07-03 17:00:00.000";"28.27";"46.67";"7.23";"0.00";"0.0"
"2023-07-03 18:00:00.000";"27.67";"51.50";"7.97";"0.00";"0.0"
"2023-07-03 19:00:00.000";"26.50";"56.33";"6.78";"0.00";"0.0"
"2023-07-03 20:00:00.000";"24.38";"70.83";"6.45";"0.00";"0.0"
"2023-07-03 21:00:00.000";"21.78";"86.17";"4.68";"0.00";"0.0"
"2023-07-03 22:00:00.000";"19.95";"95.33";"0.18";"0.67";"0.0"
"2023-07-03 23:00:00.000";"19.00";"98.00";"0.00";"1.00";"0.0"
"2023-07-04 00:00:00.000";"18.60";"99.00";"0.00";"1.00";"0.0"
"2023-07-04 01:00:00.000";"17.90";"99.00";"0.15";"1.00";"0.0"
"2023-07-04 02:00:00.000";"18.27";"99.00";"0.03";"1.00";"0.0"
"2023-07-04 03:00:00.000";"17.72";"100.00";"0.00";"1.00";"0.0"
"2023-07-04 04:00:00.000";"17.97";"100.00";"0.22";"1.00";"0.0"
"2023-07-04 05:00:00.000";"18.77";"100.00";"0.17";"1.00";"0.0"
"2023-07-04 06:00:00.000";"19.08";"100.00";"0.07";"1.00";"0.0"
"2023-07-04 07:00:00.000";"19.45";"99.67";"0.68";"1.00";"0.0"
"2023-07-04 08:00:00.000";"21.62";"89.00";"2.12";"0.00";"0.0"
"2023-07-04 09:00:00.000";"26.35";"71.17";"0.83";"0.00";"0.0"
"2023-07-04 10:00:00.000";"28.12";"62.50";"2.05";"0.00";"0.0"
"2023-07-04 11:00:00.000";"30.08";"53.50";"1.67";"0.00";"0.0"
"2023-07-04 12:00:00.000";"30.98";"50.00";"3.42";"0.00";"0.0"
"2023-07-04 13:00:00.000";"30.92";"46.83";"5.42";"0.00";"0.0"
"2023-07-04 14:00:00.000";"29.78";"44.83";"8.62";"0.00";"0.0"
"2023-07-04 15:00:00.000";"29.48";"42.83";"8.40";"0.00";"0.0"
"2023-07-04 16:00:00.000";"29.78";"40.33";"7.93";"0.00";"0.0"
"2023-07-04 17:00:00.000";"29.68";"40.50";"8.58";"0.00";"0.0"
"2023-07-04 18:00:00.000";"28.58";"48.67";"6.90";"0.00";"0.0"
"2023-07-04 19:00:00.000";"26.93";"58.33";"2.80";"0.00";"0.0"
"2023-07-04 20:00:00.000";"26.12";"66.50";"1.48";"0.00";"0.0"
"2023-07-04 21:00:00.000";"24.55";"84.17";"0.38";"0.00";"0.0"
"2023-07-04 22:00:00.000";"22.47";"94.00";"0.00";"0.67";"0.0"
"2023-07-04 23:00:00.000";"21.20";"89.33";"0.17";"0.00";"0.0"
"2023-07-05 00:00:00.000";"21.33";"81.83";"0.05";"0.00";"0.0"
"2023-07-05 01:00:00.000";"21.05";"80.17";"0.00";"0.00";"0.0"
"2023-07-05 02:00:00.000";"20.68";"79.50";"0.00";"0.00";"0.0"
"2023-07-05 03:00:00.000";"20.58";"79.67";"0.00";"0.00";"0.0"
"2023-07-05 04:00:00.000";"21.18";"81.33";"0.42";"0.00";"0.0"
"2023-07-05 05:00:00.000";"20.10";"84.50";"0.10";"0.00";"0.0"
"2023-07-05 06:00:00.000";"20.35";"84.17";"0.00";"0.00";"0.0"
"2023-07-05 07:00:00.000";"20.33";"83.83";"0.02";"0.00";"0.0"
"2023-07-05 08:00:00.000";"23.52";"73.83";"0.00";"0.00";"0.0"
"2023-07-05 09:00:00.000";"27.48";"60.67";"1.07";"0.00";"0.0"
"2023-07-05 10:00:00.000";"29.50";"51.67";"2.10";"0.00";"0.0"
"2023-07-05 11:00:00.000";"30.78";"47.50";"2.65";"0.00";"0.0"
"2023-07-05 12:00:00.000";"31.02";"51.17";"4.90";"0.00";"0.0"
"2023-07-05 13:00:00.000";"30.87";"49.33";"4.67";"0.00";"0.0"
"2023-07-05 14:00:00.000";"30.80";"48.83";"5.18";"0.00";"0.0"
"2023-07-05 15:00:00.000";"29.45";"52.50";"5.68";"0.00";"0.0"
"2023-07-05 16:00:00.000";"30.55";"45.17";"4.28";"0.00";"0.0"
"2023-07-05 17:00:00.000";"31.68";"39.83";"5.15";"0.00";"0.0"
"2023-07-05 18:00:00.000";"31.28";"41.67";"5.45";"0.00";"0.0"
"2023-07-05 19:00:00.000";"28.87";"52.50";"5.48";"0.00";"0.0"
"2023-07-05 20:00:00.000";"26.08";"69.50";"5.58";"0.00";"0.0"
"2023-07-05 21:00:00.000";"23.93";"75.50";"3.48";"0.00";"0.0"
"2023-07-05 22:00:00.000";"20.95";"92.33";"0.03";"0.17";"0.0"
"2023-07-05 23:00:00.000";"20.23";"94.67";"0.07";"0.50";"0.0"
"2023-07-06 00:00:00.000";"20.23";"89.67";"0.37";"0.00";"0.0"
"2023-07-06 01:00:00.000";"19.27";"92.33";"0.03";"0.00";"0.0"
"2023-07-06 02:00:00.000";"18.85";"93.50";"0.07";"0.00";"0.0"
"2023-07-06 03:00:00.000";"23.12";"72.50";"0.60";"0.00";"0.0"
"2023-07-06 04:00:00.000";"24.03";"66.00";"0.68";"0.00";"0.0"
"2023-07-06 05:00:00.000";"21.77";"76.00";"1.40";"0.00";"0.0"
"2023-07-06 06:00:00.000";"20.48";"82.33";"0.05";"0.00";"0.0"
"2023-07-06 07:00:00.000";"21.63";"75.67";"0.22";"0.00";"0.0"
"2023-07-06 08:00:00.000";"24.33";"67.67";"0.23";"0.00";"0.0"
"2023-07-06 09:00:00.000";"29.10";"54.00";"0.23";"0.00";"0.0"
"2023-07-06 10:00:00.000";"30.23";"48.33";"2.33";"0.00";"0.0"
"2023-07-06 11:00:00.000";"31.15";"42.33";"2.72";"0.00";"0.0"
"2023-07-06 12:00:00.000";"31.05";"45.67";"5.47";"0.00";"0.0"
"2023-07-06 13:00:00.000";"31.92";"39.50";"5.42";"0.00";"0.0"
"2023-07-06 14:00:00.000";"32.40";"38.67";"5.70";"0.00";"0.0"
"2023-07-06 15:00:00.000";"31.95";"39.50";"2.88";"0.00";"0.0"
"2023-07-06 16:00:00.000";"33.03";"36.17";"4.23";"0.00";"0.0"
"2023-07-06 17:00:00.000";"31.83";"41.33";"5.83";"0.00";"0.0"
"2023-07-06 18:00:00.000";"31.27";"40.83";"5.88";"0.00";"0.0"
"2023-07-06 19:00:00.000";"30.45";"42.17";"3.23";"0.00";"0.0"
"2023-07-06 20:00:00.000";"29.65";"48.50";"1.25";"0.00";"0.0"
"2023-07-06 21:00:00.000";"26.97";"56.33";"1.65";"0.00";"0.0"
"2023-07-06 22:00:00.000";"23.67";"62.17";"0.25";"0.00";"0.0"
"2023-07-06 23:00:00.000";"22.03";"65.83";"0.28";"0.00";"0.0"
"2023-07-07 00:00:00.000";"22.37";"62.67";"0.12";"0.00";"0.0"
"2023-07-07 01:00:00.000";"25.98";"51.67";"3.33";"0.00";"0.0"
"2023-07-07 02:00:00.000";"26.33";"55.50";"2.12";"0.00";"0.0"
"2023-07-07 03:00:00.000";"25.07";"60.17";"0.20";"0.00";"0.0"
"2023-07-07 04:00:00.000";"24.35";"62.83";"0.15";"0.00";"0.0"
"2023-07-07 05:00:00.000";"24.70";"62.50";"0.52";"0.00";"0.0"
"2023-07-07 06:00:00.000";"23.53";"65.00";"0.18";"0.00";"0.0"
"2023-07-07 07:00:00.000";"22.97";"67.00";"0.00";"0.00";"0.0"
"2023-07-07 08:00:00.000";"25.58";"58.17";"0.38";"0.00";"0.0"
"2023-07-07 09:00:00.000";"29.12";"48.67";"0.63";"0.00";"0.0"
"2023-07-07 10:00:00.000";"31.58";"42.17";"1.88";"0.00";"0.0"
"2023-07-07 11:00:00.000";"32.57";"34.67";"2.77";"0.00";"0.0"
"2023-07-07 12:00:00.000";"33.80";"35.00";"2.90";"0.00";"0.0"
"2023-07-07 13:00:00.000";"33.00";"39.17";"4.87";"0.00";"0.0"
"2023-07-07 14:00:00.000";"33.63";"35.00";"6.05";"0.00";"0.0"
"2023-07-07 15:00:00.000";"33.53";"34.00";"6.47";"0.00";"0.0"
"2023-07-07 16:00:00.000";"32.58";"35.67";"6.63";"0.00";"0.0"
"2023-07-07 17:00:00.000";"32.18";"37.50";"7.63";"0.00";"0.0"
"2023-07-07 18:00:00.000";"32.75";"33.67";"6.55";"0.00";"0.0"
"2023-07-07 19:00:00.000";"31.90";"31.17";"6.75";"0.00";"0.0"
"2023-07-07 20:00:00.000";"30.23";"36.50";"6.35";"0.00";"0.0"
"2023-07-07 21:00:00.000";"27.48";"36.00";"6.53";"0.00";"0.0"
"2023-07-07 22:00:00.000";"26.50";"39.83";"7.93";"0.00";"0.0"
"2023-07-07 23:00:00.000";"26.33";"35.83";"5.85";"0.00";"0.0"
"2023-07-08 00:00:00.000";"26.22";"39.83";"4.62";"0.00";"0.0"
"2023-07-08 01:00:00.000";"26.12";"45.33";"3.37";"0.00";"0.0"
"2023-07-08 02:00:00.000";"27.02";"45.33";"5.02";"0.00";"0.0"
"2023-07-08 03:00:00.000";"27.27";"44.67";"4.08";"0.00";"0.0"
"2023-07-08 04:00:00.000";"26.92";"48.33";"6.07";"0.00";"0.0"
"2023-07-08 05:00:00.000";"26.48";"50.17";"6.55";"0.00";"0.0"
"2023-07-08 06:00:00.000";"26.55";"44.17";"5.30";"0.00";"0.0"
"2023-07-08 07:00:00.000";"26.27";"49.00";"4.10";"0.00";"0.0"
"2023-07-08 08:00:00.000";"27.00";"43.67";"6.42";"0.00";"0.0"
"2023-07-08 09:00:00.000";"27.58";"37.83";"7.47";"0.00";"0.0"
"2023-07-08 10:00:00.000";"28.53";"33.33";"9.63";"0.00";"0.0"
"2023-07-08 11:00:00.000";"31.00";"33.67";"5.72";"0.00";"0.0"
"2023-07-08 12:00:00.000";"32.85";"31.67";"3.83";"0.00";"0.0"
"2023-07-08 13:00:00.000";"33.52";"28.67";"3.12";"0.00";"0.0"
"2023-07-08 14:00:00.000";"33.65";"25.33";"3.35";"0.00";"0.0"
"2023-07-08 15:00:00.000";"33.27";"32.67";"4.53";"0.00";"0.0"
"2023-07-08 16:00:00.000";"32.18";"35.83";"6.87";"0.00";"0.0"
"2023-07-08 17:00:00.000";"32.10";"33.00";"6.78";"0.00";"0.0"
"2023-07-08 18:00:00.000";"32.18";"29.67";"5.63";"0.00";"0.0"
"2023-07-08 19:00:00.000";"30.32";"35.67";"6.32";"0.00";"0.0"
"2023-07-08 20:00:00.000";"29.62";"38.17";"3.25";"0.00";"0.0"
"2023-07-08 21:00:00.000";"25.25";"52.17";"0.63";"0.00";"0.0"
"2023-07-08 22:00:00.000";"22.47";"59.83";"0.17";"0.00";"0.0"
"2023-07-08 23:00:00.000";"23.87";"53.50";"0.80";"0.00";"0.0"
"2023-07-09 00:00:00.000";"22.38";"59.50";"0.07";"0.00";"0.0"
"2023-07-09 01:00:00.000";"20.47";"66.83";"0.03";"0.00";"0.0"
"2023-07-09 02:00:00.000";"20.58";"75.33";"0.00";"0.00";"0.0"
"2023-07-09 03:00:00.000";"20.02";"80.00";"0.05";"0.00";"0.0"
"2023-07-09 04:00:00.000";"19.95";"82.50";"0.03";"0.00";"0.0"
"2023-07-09 05:00:00.000";"19.53";"84.50";"0.10";"0.00";"0.0"
"2023-07-09 06:00:00.000";"19.55";"86.33";"0.00";"0.00";"0.0"
"2023-07-09 07:00:00.000";"19.47";"85.67";"0.82";"0.00";"0.0"
"2023-07-09 08:00:00.000";"22.15";"75.67";"0.32";"0.00";"0.0"
"2023-07-09 09:00:00.000";"25.92";"59.83";"1.02";"0.00";"0.0"
"2023-07-09 10:00:00.000";"27.47";"54.00";"2.42";"0.00";"0.0"
"2023-07-09 11:00:00.000";"29.33";"47.67";"3.02";"0.00";"0.0"
"2023-07-09 12:00:00.000";"30.15";"47.83";"4.50";"0.00";"0.0"
"2023-07-09 13:00:00.000";"29.67";"42.67";"7.43";"0.00";"0.0"
"2023-07-09 14:00:00.000";"29.80";"37.83";"7.98";"0.00";"0.0"
"2023-07-09 15:00:00.000";"29.75";"34.83";"7.70";"0.00";"0.0"
"2023-07-09 16:00:00.000";"29.32";"34.83";"9.30";"0.00";"0.0"
"2023-07-09 17:00:00.000";"28.58";"37.50";"8.47";"0.00";"0.0"
"2023-07-09 18:00:00.000";"28.58";"37.67";"6.75";"0.00";"0.0"
"2023-07-09 19:00:00.000";"27.78";"40.50";"5.98";"0.00";"0.0"
"2023-07-09 20:00:00.000";"26.90";"48.33";"2.78";"0.00";"0.0"
"2023-07-09 21:00:00.000";"24.00";"61.67";"0.48";"0.00";"0.0"
"2023-07-09 22:00:00.000";"21.17";"72.67";"0.03";"0.00";"0.0"
"2023-07-09 23:00:00.000";"20.07";"75.00";"0.00";"0.00";"0.0"
"2023-07-10 00:00:00.000";"20.63";"73.50";"0.27";"0.00";"0.0"
"2023-07-10 01:00:00.000";"20.32";"75.67";"0.03";"0.00";"0.0"
"2023-07-10 02:00:00.000";"20.37";"75.83";"0.00";"0.00";"0.0"
"2023-07-10 03:00:00.000";"19.28";"80.67";"0.02";"0.00";"0.0"
"2023-07-10 04:00:00.000";"19.15";"82.33";"0.08";"0.00";"0.0"
"2023-07-10 05:00:00.000";"22.28";"71.67";"0.45";"0.00";"0.0"
"2023-07-10 06:00:00.000";"23.10";"63.50";"0.68";"0.00";"0.0"
"2023-07-10 07:00:00.000";"23.63";"55.83";"2.02";"0.00";"0.0"
"2023-07-10 08:00:00.000";"24.72";"47.50";"2.37";"0.00";"0.0"
"2023-07-10 09:00:00.000";"26.87";"41.50";"3.58";"0.00";"0.0"
"2023-07-10 10:00:00.000";"28.77";"37.50";"2.92";"0.00";"0.0"
"2023-07-10 11:00:00.000";"30.08";"34.50";"2.88";"0.00";"0.0"
"2023-07-10 12:00:00.000";"30.10";"36.83";"3.02";"0.00";"0.0"
"2023-07-10 13:00:00.000";"29.10";"46.17";"7.90";"0.00";"0.0"
"2023-07-10 14:00:00.000";"29.53";"41.33";"8.77";"0.00";"0.0"
"2023-07-10 15:00:00.000";"29.62";"39.17";"8.00";"0.00";"0.0"
"2023-07-10 16:00:00.000";"29.62";"37.67";"8.43";"0.00";"0.0"
"2023-07-10 17:00:00.000";"29.72";"37.83";"8.17";"0.00";"0.0"
"2023-07-10 18:00:00.000";"29.73";"40.50";"6.82";"0.00";"0.0"
"2023-07-10 19:00:00.000";"28.45";"45.50";"6.43";"0.00";"0.0"
"2023-07-10 20:00:00.000";"26.48";"51.33";"5.53";"0.00";"0.0"
"2023-07-10 21:00:00.000";"24.25";"56.33";"2.80";"0.00";"0.0"
"2023-07-10 22:00:00.000";"23.32";"50.33";"1.28";"0.00";"0.0"
"2023-07-10 23:00:00.000";"22.83";"50.17";"1.17";"0.00";"0.0"
"2023-07-11 00:00:00.000";"20.58";"61.00";"0.00";"0.00";"0.0"
"2023-07-11 01:00:00.000";"19.70";"68.67";"0.00";"0.00";"0.0"
"2023-07-11 02:00:00.000";"19.70";"71.50";"0.00";"0.00";"0.0"
"2023-07-11 03:00:00.000";"19.30";"72.50";"0.00";"0.00";"0.0"
"2023-07-11 04:00:00.000";"20.68";"67.33";"0.02";"0.00";"0.0"
"2023-07-11 05:00:00.000";"22.37";"59.83";"0.45";"0.00";"0.0"
"2023-07-11 06:00:00.000";"22.92";"55.83";"0.50";"0.00";"0.0"
"2023-07-11 07:00:00.000";"23.50";"51.50";"0.73";"0.00";"0.0"
"2023-07-11 08:00:00.000";"25.62";"43.50";"0.65";"0.00";"0.0"
"2023-07-11 09:00:00.000";"28.77";"39.00";"1.00";"0.00";"0.0"
"2023-07-11 10:00:00.000";"29.33";"35.00";"3.40";"0.00";"0.0"
"2023-07-11 11:00:00.000";"29.97";"30.83";"4.52";"0.00";"0.0"
"2023-07-11 12:00:00.000";"31.05";"29.67";"3.18";"0.00";"0.0"
"2023-07-11 13:00:00.000";"32.12";"29.67";"3.82";"0.00";"0.0"
"2023-07-11 14:00:00.000";"30.92";"31.50";"8.42";"0.00";"0.0"
"2023-07-11 15:00:00.000";"30.85";"27.33";"8.35";"0.00";"0.0"
"2023-07-11 16:00:00.000";"30.85";"25.50";"8.83";"0.00";"0.0"
"2023-07-11 17:00:00.000";"31.33";"24.50";"6.93";"0.00";"0.0"
"2023-07-11 18:00:00.000";"31.25";"23.17";"6.60";"0.00";"0.0"
"2023-07-11 19:00:00.000";"30.13";"29.83";"6.38";"0.00";"0.0"
"2023-07-11 20:00:00.000";"28.90";"38.83";"3.57";"0.00";"0.0"
"2023-07-11 21:00:00.000";"25.25";"49.83";"1.38";"0.00";"0.0"
"2023-07-11 22:00:00.000";"21.27";"60.17";"0.00";"0.00";"0.0"
"2023-07-11 23:00:00.000";"20.17";"53.83";"0.00";"0.00";"0.0"
"2023-07-12 00:00:00.000";"21.25";"46.67";"0.25";"0.00";"0.0"
"2023-07-12 01:00:00.000";"20.60";"55.50";"1.23";"0.00";"0.0"
"2023-07-12 02:00:00.000";"20.08";"57.17";"0.50";"0.00";"0.0"
"2023-07-12 03:00:00.000";"19.88";"60.00";"0.00";"0.00";"0.0"
"2023-07-12 04:00:00.000";"19.53";"62.00";"0.00";"0.00";"0.0"
"2023-07-12 05:00:00.000";"21.60";"57.17";"0.08";"0.00";"0.0"
"2023-07-12 06:00:00.000";"23.20";"50.67";"0.18";"0.00";"0.0"
"2023-07-12 07:00:00.000";"22.17";"54.00";"0.12";"0.00";"0.0"
"2023-07-12 08:00:00.000";"23.47";"56.00";"0.15";"0.00";"0.0"
"2023-07-12 09:00:00.000";"29.10";"44.67";"0.27";"0.00";"0.0"
"2023-07-12 10:00:00.000";"31.05";"33.83";"2.82";"0.00";"0.0"
"2023-07-12 11:00:00.000";"31.85";"27.50";"4.85";"0.00";"0.0"
"2023-07-12 12:00:00.000";"33.25";"26.17";"3.85";"0.00";"0.0"
"2023-07-12 13:00:00.000";"34.00";"24.83";"3.40";"0.00";"0.0"
"2023-07-12 14:00:00.000";"33.95";"28.33";"5.42";"0.00";"0.0"
"2023-07-12 15:00:00.000";"33.22";"28.17";"7.13";"0.00";"0.0"
"2023-07-12 16:00:00.000";"32.70";"26.67";"8.75";"0.00";"0.0"
"2023-07-12 17:00:00.000";"32.63";"28.50";"8.10";"0.00";"0.0"
"2023-07-12 18:00:00.000";"32.93";"28.33";"6.07";"0.00";"0.0"
"2023-07-12 19:00:00.000";"32.47";"33.00";"3.67";"0.00";"0.0"
"2023-07-12 20:00:00.000";"31.45";"37.00";"1.95";"0.00";"0.0"
"2023-07-12 21:00:00.000";"27.52";"50.50";"0.03";"0.00";"0.0"
"2023-07-12 22:00:00.000";"24.85";"48.00";"0.00";"0.00";"0.0"
"2023-07-12 23:00:00.000";"23.23";"51.00";"0.02";"0.00";"0.0"
"2023-07-13 00:00:00.000";"22.65";"52.33";"0.00";"0.00";"0.0"
"2023-07-13 01:00:00.000";"22.27";"52.67";"0.02";"0.00";"0.0"
"2023-07-13 02:00:00.000";"22.75";"53.67";"0.00";"0.00";"0.0"
"2023-07-13 03:00:00.000";"25.10";"51.83";"0.38";"0.00";"0.0"
"2023-07-13 04:00:00.000";"26.00";"53.00";"0.27";"0.00";"0.0"
"2023-07-13 05:00:00.000";"23.97";"59.83";"0.18";"0.00";"0.0"
"2023-07-13 06:00:00.000";"27.68";"44.67";"1.03";"0.00";"0.0"
"2023-07-13 07:00:00.000";"23.52";"55.00";"0.17";"0.00";"0.0"
"2023-07-13 08:00:00.000";"25.42";"53.83";"0.05";"0.00";"0.0"
"2023-07-13 09:00:00.000";"31.88";"43.33";"0.05";"0.00";"0.0"
"2023-07-13 10:00:00.000";"34.35";"33.83";"1.77";"0.00";"0.0"
"2023-07-13 11:00:00.000";"35.95";"27.17";"2.47";"0.00";"0.0"
"2023-07-13 12:00:00.000";"36.52";"24.50";"3.05";"0.00";"0.0"
"2023-07-13 13:00:00.000";"37.45";"22.17";"2.73";"0.00";"0.0"
"2023-07-13 14:00:00.000";"36.25";"28.17";"7.12";"0.00";"0.0"
"2023-07-13 15:00:00.000";"35.87";"27.00";"6.92";"0.00";"0.0"
"2023-07-13 16:00:00.000";"35.73";"27.50";"7.25";"0.00";"0.0"
"2023-07-13 17:00:00.000";"35.27";"30.33";"5.30";"0.00";"0.0"
"2023-07-13 18:00:00.000";"35.40";"29.50";"2.78";"0.00";"0.0"
"2023-07-13 19:00:00.000";"34.83";"31.83";"1.52";"0.00";"0.0"
"2023-07-13 20:00:00.000";"32.73";"40.00";"1.68";"0.00";"0.0"
"2023-07-13 21:00:00.000";"29.53";"51.33";"0.12";"0.00";"0.0"
"2023-07-13 22:00:00.000";"25.63";"54.17";"0.00";"0.00";"0.0"
"2023-07-13 23:00:00.000";"24.77";"52.17";"0.00";"0.00";"0.0"
"2023-07-14 00:00:00.000";"24.52";"44.17";"0.00";"0.00";"0.0"
"2023-07-14 01:00:00.000";"23.70";"45.67";"0.00";"0.00";"0.0"
"2023-07-14 02:00:00.000";"24.03";"46.50";"0.00";"0.00";"0.0"
"2023-07-14 03:00:00.000";"23.93";"45.00";"0.00";"0.00";"0.0"
"2023-07-14 04:00:00.000";"25.00";"44.17";"0.60";"0.00";"0.0"
"2023-07-14 05:00:00.000";"24.53";"45.17";"0.27";"0.00";"0.0"
"2023-07-14 06:00:00.000";"24.08";"45.50";"0.00";"0.00";"0.0"
"2023-07-14 07:00:00.000";"24.03";"46.17";"0.00";"0.00";"0.0"
"2023-07-14 08:00:00.000";"27.22";"41.83";"0.32";"0.00";"0.0"
"2023-07-14 09:00:00.000";"34.23";"28.83";"4.45";"0.00";"0.0"
"2023-07-14 10:00:00.000";"36.07";"31.83";"1.42";"0.00";"0.0"
"2023-07-14 11:00:00.000";"37.33";"30.67";"3.42";"0.00";"0.0"
"2023-07-14 12:00:00.000";"37.08";"33.50";"6.52";"0.00";"0.0"
"2023-07-14 13:00:00.000";"38.17";"30.17";"7.75";"0.00";"0.0"
"2023-07-14 14:00:00.000";"40.33";"17.33";"4.30";"0.00";"0.0"
"2023-07-14 15:00:00.000";"40.75";"14.50";"3.97";"0.00";"0.0"
"2023-07-14 16:00:00.000";"40.78";"15.00";"3.98";"0.00";"0.0"
"2023-07-14 17:00:00.000";"41.08";"16.33";"3.38";"0.00";"0.0"
"2023-07-14 18:00:00.000";"38.95";"21.50";"4.77";"0.00";"0.0"
"2023-07-14 19:00:00.000";"38.12";"23.67";"2.18";"0.00";"0.0"
"2023-07-14 20:00:00.000";"35.83";"27.50";"0.87";"0.00";"0.0"
"2023-07-14 21:00:00.000";"30.35";"39.50";"0.20";"0.00";"0.0"
"2023-07-14 22:00:00.000";"27.13";"41.67";"0.23";"0.00";"0.0"
"2023-07-14 23:00:00.000";"35.43";"13.50";"6.52";"0.00";"0.0"
"2023-07-15 00:00:00.000";"33.08";"19.67";"1.93";"0.00";"0.0"
"2023-07-15 01:00:00.000";"32.20";"26.67";"1.12";"0.00";"0.0"
"2023-07-15 02:00:00.000";"28.58";"35.17";"0.67";"0.00";"0.0"
"2023-07-15 03:00:00.000";"27.42";"30.50";"0.07";"0.00";"0.0"
"2023-07-15 04:00:00.000";"27.12";"27.33";"0.02";"0.00";"0.0"
"2023-07-15 05:00:00.000";"25.62";"28.67";"0.00";"0.00";"0.0"
"2023-07-15 06:00:00.000";"24.45";"30.33";"0.00";"0.00";"0.0"
"2023-07-15 07:00:00.000";"24.73";"31.67";"0.08";"0.00";"0.0"
"2023-07-15 08:00:00.000";"26.57";"34.83";"0.00";"0.00";"0.0"
"2023-07-15 09:00:00.000";"34.47";"30.50";"0.00";"0.00";"0.0"
"2023-07-15 10:00:00.000";"38.78";"23.17";"0.32";"0.00";"0.0"
"2023-07-15 11:00:00.000";"39.48";"19.83";"2.27";"0.00";"0.0"
"2023-07-15 12:00:00.000";"41.17";"15.00";"4.15";"0.00";"0.0"
"2023-07-15 13:00:00.000";"41.55";"14.33";"2.82";"0.00";"0.0"
"2023-07-15 14:00:00.000";"41.42";"14.50";"3.53";"0.00";"0.0"
"2023-07-15 15:00:00.000";"41.93";"17.00";"2.98";"0.00";"0.0"
"2023-07-15 16:00:00.000";"40.20";"19.00";"4.05";"0.00";"0.0"
"2023-07-15 17:00:00.000";"37.15";"25.67";"5.93";"0.00";"0.0"
"2023-07-15 18:00:00.000";"36.38";"27.67";"4.20";"0.00";"0.0"
"2023-07-15 19:00:00.000";"35.47";"29.17";"3.00";"0.00";"0.0"
"2023-07-15 20:00:00.000";"33.52";"36.67";"1.88";"0.00";"0.0"
"2023-07-15 21:00:00.000";"30.20";"46.67";"0.35";"0.00";"0.0"
"2023-07-15 22:00:00.000";"28.22";"45.17";"0.70";"0.00";"0.0"
"2023-07-15 23:00:00.000";"27.40";"42.33";"0.18";"0.00";"0.0"
"2023-07-16 00:00:00.000";"27.10";"34.17";"0.10";"0.00";"0.0"
"2023-07-16 01:00:00.000";"25.83";"38.00";"0.17";"0.00";"0.0"
"2023-07-16 02:00:00.000";"23.58";"43.83";"0.00";"0.00";"0.0"
"2023-07-16 03:00:00.000";"23.65";"44.17";"0.02";"0.00";"0.0"
"2023-07-16 04:00:00.000";"25.68";"46.83";"0.55";"0.00";"0.0"
"2023-07-16 05:00:00.000";"24.68";"53.33";"0.00";"0.00";"0.0"
"2023-07-16 06:00:00.000";"25.17";"52.83";"0.60";"0.00";"0.0"
"2023-07-16 07:00:00.000";"25.60";"51.83";"0.25";"0.00";"0.0"
"2023-07-16 08:00:00.000";"27.63";"47.50";"0.28";"0.00";"0.0"
"2023-07-16 09:00:00.000";"31.67";"39.67";"1.70";"0.00";"0.0"
"2023-07-16 10:00:00.000";"33.28";"36.00";"3.68";"0.00";"0.0"
"2023-07-16 11:00:00.000";"34.92";"32.50";"2.42";"0.00";"0.0"
"2023-07-16 12:00:00.000";"36.10";"32.17";"2.08";"0.00";"0.0"
"2023-07-16 13:00:00.000";"35.67";"30.67";"5.90";"0.00";"0.0"
"2023-07-16 14:00:00.000";"34.58";"28.83";"7.30";"0.00";"0.0"
"2023-07-16 15:00:00.000";"33.97";"29.00";"9.53";"0.00";"0.0"
"2023-07-16 16:00:00.000";"34.12";"28.00";"9.55";"0.00";"0.0"
"2023-07-16 17:00:00.000";"33.70";"29.00";"10.60";"0.00";"0.0"
"2023-07-16 18:00:00.000";"33.22";"30.17";"9.93";"0.00";"0.0"
"2023-07-16 19:00:00.000";"31.97";"35.50";"9.42";"0.00";"0.0"
"2023-07-16 20:00:00.000";"31.17";"40.50";"4.90";"0.00";"0.0"
"2023-07-16 21:00:00.000";"28.30";"48.83";"1.05";"0.00";"0.0"
"2023-07-16 22:00:00.000";"25.80";"57.33";"0.78";"0.00";"0.0"
"2023-07-16 23:00:00.000";"23.95";"63.33";"0.02";"0.00";"0.0"
"2023-07-17 00:00:00.000";"25.95";"57.17";"0.62";"0.00";"0.0"
"2023-07-17 01:00:00.000";"24.10";"62.33";"0.05";"0.00";"0.0"
"2023-07-17 02:00:00.000";"22.63";"66.67";"0.00";"0.00";"0.0"
"2023-07-17 03:00:00.000";"27.02";"51.33";"0.23";"0.00";"0.0"
"2023-07-17 04:00:00.000";"25.78";"54.00";"0.17";"0.00";"0.0"
"2023-07-17 05:00:00.000";"27.33";"50.00";"0.32";"0.00";"0.0"
"2023-07-17 06:00:00.000";"26.73";"52.00";"0.30";"0.00";"0.0"
"2023-07-17 07:00:00.000";"26.72";"53.00";"0.55";"0.00";"0.0"
"2023-07-17 08:00:00.000";"28.88";"48.33";"1.47";"0.00";"0.0"
"2023-07-17 09:00:00.000";"30.70";"45.17";"2.92";"0.00";"0.0"
"2023-07-17 10:00:00.000";"31.93";"41.33";"4.35";"0.00";"0.0"
"2023-07-17 11:00:00.000";"32.67";"34.50";"7.87";"0.00";"0.0"
"2023-07-17 12:00:00.000";"34.07";"32.00";"7.77";"0.00";"0.0"
"2023-07-17 13:00:00.000";"35.43";"28.67";"5.03";"0.00";"0.0"
"2023-07-17 14:00:00.000";"36.27";"25.83";"5.68";"0.00";"0.0"
"2023-07-17 15:00:00.000";"36.68";"27.33";"5.72";"0.00";"0.0"
"2023-07-17 16:00:00.000";"36.38";"26.83";"6.48";"0.00";"0.0"
"2023-07-17 17:00:00.000";"36.05";"26.33";"5.13";"0.00";"0.0"
"2023-07-17 18:00:00.000";"36.65";"25.33";"2.92";"0.00";"0.0"
"2023-07-17 19:00:00.000";"35.40";"31.67";"2.20";"0.00";"0.0"
"2023-07-17 20:00:00.000";"34.47";"37.00";"0.25";"0.00";"0.0"
"2023-07-17 21:00:00.000";"29.90";"53.83";"1.20";"0.00";"0.0"
"2023-07-17 22:00:00.000";"28.57";"55.83";"1.27";"0.00";"0.0"
"2023-07-17 23:00:00.000";"28.63";"50.50";"0.82";"0.00";"0.0"
"2023-07-18 00:00:00.000";"28.78";"47.33";"1.15";"0.00";"0.0"
"2023-07-18 01:00:00.000";"28.62";"46.33";"1.18";"0.00";"0.0"
"2023-07-18 02:00:00.000";"26.77";"50.67";"0.15";"0.00";"0.0"
"2023-07-18 03:00:00.000";"25.55";"52.17";"0.33";"0.00";"0.0"
"2023-07-18 04:00:00.000";"24.07";"55.00";"0.00";"0.00";"0.0"
"2023-07-18 05:00:00.000";"24.58";"53.00";"0.10";"0.00";"0.0"
"2023-07-18 06:00:00.000";"25.18";"52.17";"1.07";"0.00";"0.0"
"2023-07-18 07:00:00.000";"27.23";"45.83";"1.57";"0.00";"0.0"
"2023-07-18 08:00:00.000";"28.37";"45.33";"0.70";"0.00";"0.0"
"2023-07-18 09:00:00.000";"32.32";"39.83";"1.10";"0.00";"0.0"
"2023-07-18 10:00:00.000";"32.52";"39.83";"4.83";"0.00";"0.0"
"2023-07-18 11:00:00.000";"35.12";"34.17";"2.70";"0.00";"0.0"
"2023-07-18 12:00:00.000";"35.45";"31.50";"4.02";"0.00";"0.0"
"2023-07-18 13:00:00.000";"35.83";"30.50";"5.62";"0.00";"0.0"
"2023-07-18 14:00:00.000";"36.47";"27.17";"5.62";"0.00";"0.0"
"2023-07-18 15:00:00.000";"37.15";"25.50";"4.90";"0.00";"0.0"
"2023-07-18 16:00:00.000";"37.55";"25.00";"3.93";"0.00";"0.0"
"2023-07-18 17:00:00.000";"37.42";"27.83";"4.60";"0.00";"0.0"
"2023-07-18 18:00:00.000";"37.70";"28.50";"4.27";"0.00";"0.0"
"2023-07-18 19:00:00.000";"36.77";"29.00";"2.43";"0.00";"0.0"
"2023-07-18 20:00:00.000";"33.65";"38.50";"2.52";"0.00";"0.0"
"2023-07-18 21:00:00.000";"30.92";"44.50";"0.98";"0.00";"0.0"
"2023-07-18 22:00:00.000";"28.73";"46.00";"0.05";"0.00";"0.0"
"2023-07-18 23:00:00.000";"28.58";"45.83";"0.05";"0.00";"0.0"
"2023-07-19 00:00:00.000";"29.38";"41.83";"0.40";"0.00";"0.0"
"2023-07-19 01:00:00.000";"29.22";"38.33";"0.85";"0.00";"0.0"
"2023-07-19 02:00:00.000";"29.77";"34.00";"1.05";"0.00";"0.0"
"2023-07-19 03:00:00.000";"29.30";"38.50";"0.68";"0.00";"0.0"
"2023-07-19 04:00:00.000";"28.22";"42.00";"0.47";"0.00";"0.0"
"2023-07-19 05:00:00.000";"27.98";"42.83";"0.28";"0.00";"0.0"
"2023-07-19 06:00:00.000";"28.17";"46.00";"0.33";"0.00";"0.0"
"2023-07-19 07:00:00.000";"28.98";"46.83";"1.20";"0.00";"0.0"
"2023-07-19 08:00:00.000";"30.15";"46.00";"1.13";"0.00";"0.0"
"2023-07-19 09:00:00.000";"31.88";"42.17";"3.32";"0.00";"0.0"
"2023-07-19 10:00:00.000";"32.60";"39.33";"5.80";"0.00";"0.0"
"2023-07-19 11:00:00.000";"33.57";"36.00";"7.78";"0.00";"0.0"
"2023-07-19 12:00:00.000";"34.60";"31.83";"7.35";"0.00";"0.0"
"2023-07-19 13:00:00.000";"36.22";"28.00";"5.50";"0.00";"0.0"
"2023-07-19 14:00:00.000";"37.03";"24.33";"4.53";"0.00";"0.0"
"2023-07-19 15:00:00.000";"37.00";"23.50";"6.15";"0.00";"0.0"
"2023-07-19 16:00:00.000";"37.42";"26.67";"3.48";"0.00";"0.0"
"2023-07-19 17:00:00.000";"36.62";"29.50";"5.92";"0.00";"0.0"
"2023-07-19 18:00:00.000";"35.62";"32.50";"5.13";"0.00";"0.0"
"2023-07-19 19:00:00.000";"35.65";"32.50";"4.62";"0.00";"0.0"
"2023-07-19 20:00:00.000";"33.47";"39.50";"4.15";"0.00";"0.0"
"2023-07-19 21:00:00.000";"31.67";"42.00";"1.92";"0.00";"0.0"
"2023-07-19 22:00:00.000";"31.12";"42.33";"2.35";"0.00";"0.0"
"2023-07-19 23:00:00.000";"30.07";"43.83";"1.57";"0.00";"0.0"
"2023-07-20 00:00:00.000";"28.95";"45.50";"0.85";"0.00";"0.0"
"2023-07-20 01:00:00.000";"29.32";"41.33";"1.65";"0.00";"0.0"
"2023-07-20 02:00:00.000";"29.45";"38.83";"2.12";"0.00";"0.0"
"2023-07-20 03:00:00.000";"28.98";"38.50";"1.78";"0.00";"0.0"
"2023-07-20 04:00:00.000";"26.42";"45.00";"0.15";"0.00";"0.0"
"2023-07-20 05:00:00.000";"24.38";"54.00";"0.02";"0.00";"0.0"
"2023-07-20 06:00:00.000";"24.13";"56.50";"0.22";"0.00";"0.0"
"2023-07-20 07:00:00.000";"23.02";"61.17";"0.40";"0.00";"0.0"
"2023-07-20 08:00:00.000";"26.07";"54.67";"0.12";"0.00";"0.0"
"2023-07-20 09:00:00.000";"31.80";"42.50";"0.62";"0.00";"0.0"
"2023-07-20 10:00:00.000";"35.23";"34.17";"1.02";"0.00";"0.0"
"2023-07-20 11:00:00.000";"36.12";"29.17";"2.38";"0.00";"0.0"
"2023-07-20 12:00:00.000";"37.43";"26.17";"2.30";"0.00";"0.0"
"2023-07-20 13:00:00.000";"36.97";"30.17";"5.22";"0.00";"0.0"
"2023-07-20 14:00:00.000";"37.05";"27.00";"6.80";"0.00";"0.0"
"2023-07-20 15:00:00.000";"37.32";"25.00";"7.62";"0.00";"0.0"
"2023-07-20 16:00:00.000";"38.05";"23.67";"6.52";"0.00";"0.0"
"2023-07-20 17:00:00.000";"37.85";"25.00";"5.60";"0.00";"0.0"
"2023-07-20 18:00:00.000";"37.33";"26.50";"4.97";"0.00";"0.0"
"2023-07-20 19:00:00.000";"36.45";"29.33";"4.28";"0.00";"0.0"
"2023-07-20 20:00:00.000";"34.77";"36.17";"2.55";"0.00";"0.0"
"2023-07-20 21:00:00.000";"32.20";"37.33";"2.53";"0.00";"0.0"
"2023-07-20 22:00:00.000";"27.27";"48.67";"0.10";"0.00";"0.0"
"2023-07-20 23:00:00.000";"25.63";"48.17";"0.00";"0.00";"0.0"
"2023-07-21 00:00:00.000";"25.03";"42.67";"0.00";"0.00";"0.0"
"2023-07-21 01:00:00.000";"24.62";"40.67";"0.00";"0.00";"0.0"
"2023-07-21 02:00:00.000";"25.02";"40.17";"0.08";"0.00";"0.0"
"2023-07-21 03:00:00.000";"26.35";"40.00";"0.43";"0.00";"0.0"
"2023-07-21 04:00:00.000";"24.90";"43.17";"0.00";"0.00";"0.0"
"2023-07-21 05:00:00.000";"24.33";"42.83";"0.00";"0.00";"0.0"
"2023-07-21 06:00:00.000";"24.00";"39.83";"0.00";"0.00";"0.0"
"2023-07-21 07:00:00.000";"24.52";"39.50";"0.00";"0.00";"0.0"
"2023-07-21 08:00:00.000";"26.15";"42.33";"0.05";"0.00";"0.0"
"2023-07-21 09:00:00.000";"32.55";"35.33";"0.03";"0.00";"0.0"
"2023-07-21 10:00:00.000";"35.62";"24.67";"1.78";"0.00";"0.0"
"2023-07-21 11:00:00.000";"37.67";"21.17";"2.83";"0.00";"0.0"
"2023-07-21 12:00:00.000";"38.70";"20.67";"5.30";"0.00";"0.0"
"2023-07-21 13:00:00.000";"40.18";"18.67";"5.78";"0.00";"0.0"
"2023-07-21 14:00:00.000";"39.37";"17.67";"9.42";"0.00";"0.0"
"2023-07-21 15:00:00.000";"38.35";"18.83";"10.27";"0.00";"0.0"
"2023-07-21 16:00:00.000";"38.30";"17.83";"9.37";"0.00";"0.0"
"2023-07-21 17:00:00.000";"38.65";"17.67";"6.37";"0.00";"0.0"
"2023-07-21 18:00:00.000";"38.70";"18.83";"4.18";"0.00";"0.0"
"2023-07-21 19:00:00.000";"35.90";"26.00";"5.22";"0.00";"0.0"
"2023-07-21 20:00:00.000";"34.65";"28.83";"1.65";"0.00";"0.0"
"2023-07-21 21:00:00.000";"29.92";"35.83";"0.93";"0.00";"0.0"
"2023-07-21 22:00:00.000";"26.45";"38.83";"0.42";"0.00";"0.0"
"2023-07-21 23:00:00.000";"26.65";"33.00";"0.28";"0.00";"0.0"
"2023-07-22 00:00:00.000";"25.95";"33.17";"0.25";"0.00";"0.0"
"2023-07-22 01:00:00.000";"25.67";"34.50";"0.35";"0.00";"0.0"
"2023-07-22 02:00:00.000";"25.85";"32.33";"0.20";"0.00";"0.0"
"2023-07-22 03:00:00.000";"24.78";"33.17";"0.03";"0.00";"0.0"
"2023-07-22 04:00:00.000";"24.70";"32.83";"0.03";"0.00";"0.0"
"2023-07-22 05:00:00.000";"24.28";"32.33";"0.00";"0.00";"0.0"
"2023-07-22 06:00:00.000";"26.25";"35.33";"1.02";"0.00";"0.0"
"2023-07-22 07:00:00.000";"26.68";"34.50";"0.37";"0.00";"0.0"
"2023-07-22 08:00:00.000";"27.82";"32.67";"0.40";"0.00";"0.0"
"2023-07-22 09:00:00.000";"34.87";"23.17";"1.70";"0.00";"0.0"
"2023-07-22 10:00:00.000";"36.65";"27.67";"1.30";"0.00";"0.0"
"2023-07-22 11:00:00.000";"38.18";"23.67";"1.92";"0.00";"0.0"
"2023-07-22 12:00:00.000";"38.20";"24.67";"5.40";"0.00";"0.0"
"2023-07-22 13:00:00.000";"39.88";"20.50";"4.30";"0.00";"0.0"
"2023-07-22 14:00:00.000";"40.62";"15.67";"2.70";"0.00";"0.0"
"2023-07-22 15:00:00.000";"41.15";"18.67";"4.10";"0.00";"0.0"
"2023-07-22 16:00:00.000";"41.23";"16.83";"3.92";"0.00";"0.0"
"2023-07-22 17:00:00.000";"40.35";"17.67";"5.50";"0.00";"0.0"
"2023-07-22 18:00:00.000";"39.92";"17.67";"5.18";"0.00";"0.0"
"2023-07-22 19:00:00.000";"38.62";"21.00";"4.80";"0.00";"0.0"
"2023-07-22 20:00:00.000";"36.70";"24.33";"3.45";"0.00";"0.0"
"2023-07-22 21:00:00.000";"32.43";"29.67";"0.73";"0.00";"0.0"
"2023-07-22 22:00:00.000";"28.90";"39.00";"0.13";"0.00";"0.0"
"2023-07-22 23:00:00.000";"28.15";"36.17";"0.37";"0.00";"0.0"
"2023-07-23 00:00:00.000";"29.90";"28.50";"1.60";"0.00";"0.0"
"2023-07-23 01:00:00.000";"33.78";"17.50";"7.43";"0.00";"0.0"
"2023-07-23 02:00:00.000";"33.17";"19.17";"3.03";"0.00";"0.0"
"2023-07-23 03:00:00.000";"33.00";"19.00";"3.27";"0.00";"0.0"
"2023-07-23 04:00:00.000";"33.32";"21.83";"5.03";"0.00";"0.0"
"2023-07-23 05:00:00.000";"31.95";"25.17";"1.47";"0.00";"0.0"
"2023-07-23 06:00:00.000";"33.05";"24.33";"1.55";"0.00";"0.0"
"2023-07-23 07:00:00.000";"32.07";"26.33";"0.68";"0.00";"0.0"
"2023-07-23 08:00:00.000";"33.18";"26.00";"2.02";"0.00";"0.0"
"2023-07-23 09:00:00.000";"35.52";"24.50";"0.88";"0.00";"0.0"
"2023-07-23 10:00:00.000";"38.48";"22.00";"2.97";"0.00";"0.0"
"2023-07-23 11:00:00.000";"40.62";"19.67";"1.93";"0.00";"0.0"
"2023-07-23 12:00:00.000";"40.97";"19.33";"3.67";"0.00";"0.0"
"2023-07-23 13:00:00.000";"41.43";"17.00";"4.63";"0.00";"0.0"
"2023-07-23 14:00:00.000";"41.52";"14.83";"5.63";"0.00";"0.0"
"2023-07-23 15:00:00.000";"41.47";"15.00";"6.07";"0.00";"0.0"
"2023-07-23 16:00:00.000";"40.98";"14.67";"6.97";"0.00";"0.0"
"2023-07-23 17:00:00.000";"40.63";"15.33";"5.82";"0.00";"0.0"
"2023-07-23 18:00:00.000";"39.80";"17.33";"6.37";"0.00";"0.0"
"2023-07-23 19:00:00.000";"38.97";"19.67";"4.87";"0.00";"0.0"
"2023-07-23 20:00:00.000";"36.95";"22.83";"3.18";"0.00";"0.0"
"2023-07-23 21:00:00.000";"33.50";"26.00";"1.03";"0.00";"0.0"
"2023-07-23 22:00:00.000";"32.17";"26.00";"0.88";"0.00";"0.0"
"2023-07-23 23:00:00.000";"32.03";"26.33";"1.10";"0.00";"0.0"
"2023-07-24 00:00:00.000";"31.48";"27.50";"1.08";"0.00";"0.0"
"2023-07-24 01:00:00.000";"31.02";"28.83";"0.58";"0.00";"0.0"
"2023-07-24 02:00:00.000";"30.18";"31.17";"0.60";"0.00";"0.0"
"2023-07-24 03:00:00.000";"31.07";"29.33";"1.18";"0.00";"0.0"
"2023-07-24 04:00:00.000";"30.10";"30.83";"0.47";"0.00";"0.0"
"2023-07-24 05:00:00.000";"30.53";"30.00";"0.92";"0.00";"0.0"
"2023-07-24 06:00:00.000";"29.98";"31.33";"0.48";"0.00";"0.0"
"2023-07-24 07:00:00.000";"30.08";"32.67";"1.70";"0.00";"0.0"
"2023-07-24 08:00:00.000";"31.05";"33.33";"1.35";"0.00";"0.0"
"2023-07-24 09:00:00.000";"34.02";"29.00";"2.15";"0.00";"0.0"
"2023-07-24 10:00:00.000";"36.27";"27.67";"2.17";"0.00";"0.0"
"2023-07-24 11:00:00.000";"37.98";"23.83";"2.42";"0.00";"0.0"
"2023-07-24 12:00:00.000";"38.75";"21.83";"3.80";"0.00";"0.0"
"2023-07-24 13:00:00.000";"39.10";"21.67";"3.58";"0.00";"0.0"
"2023-07-24 14:00:00.000";"39.80";"20.00";"4.18";"0.00";"0.0"
"2023-07-24 15:00:00.000";"39.45";"20.67";"4.45";"0.00";"0.0"
"2023-07-24 16:00:00.000";"39.17";"19.83";"4.13";"0.00";"0.0"
"2023-07-24 17:00:00.000";"38.15";"20.50";"6.83";"0.00";"0.0"
"2023-07-24 18:00:00.000";"38.15";"20.33";"5.80";"0.00";"0.0"
"2023-07-24 19:00:00.000";"37.45";"20.83";"4.33";"0.00";"0.0"
"2023-07-24 20:00:00.000";"35.32";"31.33";"1.93";"0.00";"0.0"
"2023-07-24 21:00:00.000";"30.07";"51.33";"0.80";"0.00";"0.0"
"2023-07-24 22:00:00.000";"28.92";"47.83";"1.53";"0.00";"0.0"
"2023-07-24 23:00:00.000";"29.07";"43.50";"2.37";"0.00";"0.0"
"2023-07-25 00:00:00.000";"28.02";"47.50";"1.02";"0.00";"0.0"
"2023-07-25 01:00:00.000";"25.25";"52.00";"0.00";"0.00";"0.0"
"2023-07-25 02:00:00.000";"23.98";"56.17";"0.07";"0.00";"0.0"
"2023-07-25 03:00:00.000";"23.28";"57.50";"0.00";"0.00";"0.0"
"2023-07-25 04:00:00.000";"22.63";"59.50";"0.00";"0.00";"0.0"
"2023-07-25 05:00:00.000";"22.80";"59.83";"0.00";"0.00";"0.0"
"2023-07-25 06:00:00.000";"22.47";"60.33";"0.02";"0.00";"0.0"
"2023-07-25 07:00:00.000";"22.15";"59.50";"0.00";"0.00";"0.0"
"2023-07-25 08:00:00.000";"24.35";"57.33";"0.00";"0.00";"0.0"
"2023-07-25 09:00:00.000";"31.73";"42.17";"0.02";"0.00";"0.0"
"2023-07-25 10:00:00.000";"34.33";"35.83";"1.27";"0.00";"0.0"
"2023-07-25 11:00:00.000";"33.80";"34.50";"4.07";"0.00";"0.0"
"2023-07-25 12:00:00.000";"35.95";"32.67";"3.27";"0.00";"0.0"
"2023-07-25 13:00:00.000";"37.23";"30.50";"4.63";"0.00";"0.0"
"2023-07-25 14:00:00.000";"36.75";"30.67";"6.03";"0.00";"0.0"
"2023-07-25 15:00:00.000";"35.67";"34.67";"9.33";"0.00";"0.0"
"2023-07-25 16:00:00.000";"35.45";"35.33";"8.35";"0.00";"0.0"
"2023-07-25 17:00:00.000";"35.12";"34.50";"6.85";"0.00";"0.0"
"2023-07-25 18:00:00.000";"34.55";"35.67";"8.52";"0.00";"0.0"
"2023-07-25 19:00:00.000";"34.08";"43.67";"6.48";"0.00";"0.0"
"2023-07-25 20:00:00.000";"33.20";"57.83";"0.62";"0.00";"0.0"
"2023-07-25 21:00:00.000";"29.03";"68.50";"0.00";"0.00";"0.0"
"2023-07-25 22:00:00.000";"25.75";"52.33";"0.00";"0.00";"0.0"
"2023-07-25 23:00:00.000";"25.78";"39.67";"0.00";"0.00";"0.0"
"2023-07-26 00:00:00.000";"25.68";"39.00";"0.00";"0.00";"0.0"
"2023-07-26 01:00:00.000";"27.03";"29.17";"0.38";"0.00";"0.0"
"2023-07-26 02:00:00.000";"26.00";"31.17";"0.05";"0.00";"0.0"
"2023-07-26 03:00:00.000";"26.10";"31.33";"0.07";"0.00";"0.0"
"2023-07-26 04:00:00.000";"25.70";"32.17";"0.27";"0.00";"0.0"
"2023-07-26 05:00:00.000";"25.08";"32.33";"0.00";"0.00";"0.0"
"2023-07-26 06:00:00.000";"26.70";"29.67";"0.73";"0.00";"0.0"
"2023-07-26 07:00:00.000";"26.47";"32.00";"0.33";"0.00";"0.0"
"2023-07-26 08:00:00.000";"27.38";"34.33";"0.10";"0.00";"0.0"
"2023-07-26 09:00:00.000";"31.68";"35.33";"0.03";"0.00";"0.0"
"2023-07-26 10:00:00.000";"33.22";"29.00";"3.13";"0.00";"0.0"
"2023-07-26 11:00:00.000";"36.82";"25.00";"0.90";"0.00";"0.0"
"2023-07-26 12:00:00.000";"38.50";"21.00";"3.60";"0.00";"0.0"
"2023-07-26 13:00:00.000";"38.45";"23.17";"7.13";"0.00";"0.0"
"2023-07-26 14:00:00.000";"37.23";"28.33";"10.07";"0.00";"0.0"
"2023-07-26 15:00:00.000";"37.15";"29.67";"8.98";"0.00";"0.0"
"2023-07-26 16:00:00.000";"36.35";"34.83";"8.38";"0.00";"0.0"
"2023-07-26 17:00:00.000";"37.30";"31.33";"7.08";"0.00";"0.0"
"2023-07-26 18:00:00.000";"34.38";"45.17";"9.28";"0.00";"0.0"
"2023-07-26 19:00:00.000";"33.60";"45.67";"5.93";"0.00";"0.0"
"2023-07-26 20:00:00.000";"31.92";"55.17";"2.43";"0.00";"0.0"
"2023-07-26 21:00:00.000";"28.15";"65.33";"0.52";"0.00";"0.0"
"2023-07-26 22:00:00.000";"26.32";"66.17";"0.13";"0.00";"0.0"
"2023-07-26 23:00:00.000";"25.07";"64.17";"0.07";"0.00";"0.0"
"2023-07-27 00:00:00.000";"24.50";"65.50";"0.02";"0.00";"0.0"
"2023-07-27 01:00:00.000";"26.68";"59.67";"2.05";"0.00";"0.0"
"2023-07-27 02:00:00.000";"26.70";"53.33";"3.12";"0.00";"0.0"
"2023-07-27 03:00:00.000";"25.45";"59.33";"3.82";"0.00";"0.0"
"2023-07-27 04:00:00.000";"24.40";"66.67";"3.83";"0.00";"0.0"
"2023-07-27 05:00:00.000";"23.18";"79.33";"1.80";"0.00";"0.0"
"2023-07-27 06:00:00.000";"21.40";"82.83";"0.03";"0.00";"0.0"
"2023-07-27 07:00:00.000";"20.65";"76.50";"0.15";"0.00";"0.0"
"2023-07-27 08:00:00.000";"23.73";"63.17";"1.52";"0.00";"0.0"
"2023-07-27 09:00:00.000";"26.62";"54.83";"2.33";"0.00";"0.0"
"2023-07-27 10:00:00.000";"27.68";"52.67";"4.07";"0.00";"0.0"
"2023-07-27 11:00:00.000";"29.35";"46.33";"4.68";"0.00";"0.0"
"2023-07-27 12:00:00.000";"30.00";"46.83";"5.70";"0.00";"0.0"
"2023-07-27 13:00:00.000";"30.08";"45.67";"7.40";"0.00";"0.0"
"2023-07-27 14:00:00.000";"30.68";"43.00";"6.88";"0.00";"0.0"
"2023-07-27 15:00:00.000";"30.70";"39.17";"7.23";"0.00";"0.0"
"2023-07-27 16:00:00.000";"30.68";"36.33";"6.70";"0.00";"0.0"
"2023-07-27 17:00:00.000";"30.55";"36.33";"8.78";"0.00";"0.0"
"2023-07-27 18:00:00.000";"30.20";"37.67";"9.67";"0.00";"0.0"
"2023-07-27 19:00:00.000";"29.15";"41.17";"9.35";"0.00";"0.0"
"2023-07-27 20:00:00.000";"27.70";"45.17";"10.92";"0.00";"0.0"
"2023-07-27 21:00:00.000";"25.97";"43.83";"8.13";"0.00";"0.0"
"2023-07-27 22:00:00.000";"25.77";"34.17";"5.68";"0.00";"0.0"
"2023-07-27 23:00:00.000";"25.05";"35.83";"1.95";"0.00";"0.0"
"2023-07-28 00:00:00.000";"21.62";"46.00";"0.13";"0.00";"0.0"
"2023-07-28 01:00:00.000";"21.17";"49.83";"0.02";"0.00";"0.0"
"2023-07-28 02:00:00.000";"21.02";"55.00";"0.08";"0.00";"0.0"
"2023-07-28 03:00:00.000";"20.22";"62.00";"0.00";"0.00";"0.0"
"2023-07-28 04:00:00.000";"20.87";"67.50";"0.02";"0.00";"0.0"
"2023-07-28 05:00:00.000";"21.02";"78.17";"0.00";"0.00";"0.0"
"2023-07-28 06:00:00.000";"20.23";"88.00";"0.08";"0.00";"0.0"
"2023-07-28 07:00:00.000";"20.70";"90.83";"0.07";"0.00";"0.0"
"2023-07-28 08:00:00.000";"22.47";"90.50";"0.03";"0.00";"0.0"
"2023-07-28 09:00:00.000";"25.37";"74.00";"1.28";"0.00";"0.0"
"2023-07-28 10:00:00.000";"27.08";"62.67";"2.60";"0.00";"0.0"
"2023-07-28 11:00:00.000";"28.97";"51.67";"2.73";"0.00";"0.0"
"2023-07-28 12:00:00.000";"29.28";"50.50";"5.32";"0.00";"0.0"
"2023-07-28 13:00:00.000";"29.13";"48.50";"7.17";"0.00";"0.0"
"2023-07-28 14:00:00.000";"28.95";"46.50";"7.90";"0.00";"0.0"
"2023-07-28 15:00:00.000";"28.82";"44.00";"8.48";"0.00";"0.0"
"2023-07-28 16:00:00.000";"28.65";"41.67";"9.00";"0.00";"0.0"
"2023-07-28 17:00:00.000";"28.57";"38.83";"9.90";"0.00";"0.0"
"2023-07-28 18:00:00.000";"27.90";"43.50";"10.82";"0.00";"0.0"
"2023-07-28 19:00:00.000";"27.33";"50.83";"7.97";"0.00";"0.0"
"2023-07-28 20:00:00.000";"26.68";"57.83";"5.10";"0.00";"0.0"
"2023-07-28 21:00:00.000";"23.67";"74.50";"2.42";"0.00";"0.0"
"2023-07-28 22:00:00.000";"21.02";"85.33";"0.97";"0.00";"0.0"
"2023-07-28 23:00:00.000";"19.55";"88.33";"0.90";"0.00";"0.0"
"2023-07-29 00:00:00.000";"19.63";"66.00";"0.15";"0.00";"0.0"
"2023-07-29 01:00:00.000";"19.90";"61.83";"0.03";"0.00";"0.0"
"2023-07-29 02:00:00.000";"18.68";"66.83";"0.00";"0.00";"0.0"
"2023-07-29 03:00:00.000";"18.78";"64.00";"0.12";"0.00";"0.0"
"2023-07-29 04:00:00.000";"18.43";"64.50";"1.03";"0.00";"0.0"
"2023-07-29 05:00:00.000";"17.12";"70.33";"0.02";"0.00";"0.0"
"2023-07-29 06:00:00.000";"16.53";"85.50";"0.00";"0.00";"0.0"
"2023-07-29 07:00:00.000";"16.72";"74.17";"0.03";"0.00";"0.0"
"2023-07-29 08:00:00.000";"18.58";"62.50";"0.08";"0.00";"0.0"
"2023-07-29 09:00:00.000";"25.27";"46.67";"0.22";"0.00";"0.0"
"2023-07-29 10:00:00.000";"27.60";"39.33";"1.47";"0.00";"0.0"
"2023-07-29 11:00:00.000";"29.00";"31.67";"4.00";"0.00";"0.0"
"2023-07-29 12:00:00.000";"31.93";"25.33";"3.68";"0.00";"0.0"
"2023-07-29 13:00:00.000";"33.42";"18.00";"2.95";"0.00";"0.0"
"2023-07-29 14:00:00.000";"33.10";"21.00";"3.58";"0.00";"0.0"
"2023-07-29 15:00:00.000";"33.78";"23.00";"3.82";"0.00";"0.0"
"2023-07-29 16:00:00.000";"32.78";"28.17";"5.05";"0.00";"0.0"
"2023-07-29 17:00:00.000";"32.60";"31.83";"4.78";"0.00";"0.0"
"2023-07-29 18:00:00.000";"31.28";"40.33";"4.62";"0.00";"0.0"
"2023-07-29 19:00:00.000";"30.67";"49.17";"3.35";"0.00";"0.0"
"2023-07-29 20:00:00.000";"29.27";"57.83";"1.52";"0.00";"0.0"
"2023-07-29 21:00:00.000";"25.13";"72.83";"0.23";"0.00";"0.0"
"2023-07-29 22:00:00.000";"21.28";"82.50";"0.02";"0.00";"0.0"
"2023-07-29 23:00:00.000";"21.65";"61.67";"0.08";"0.00";"0.0"
"2023-07-30 00:00:00.000";"20.33";"62.33";"0.05";"0.00";"0.0"
"2023-07-30 01:00:00.000";"19.80";"59.67";"0.00";"0.00";"0.0"
"2023-07-30 02:00:00.000";"19.75";"60.67";"0.67";"0.00";"0.0"
"2023-07-30 03:00:00.000";"19.48";"59.00";"0.03";"0.00";"0.0"
"2023-07-30 04:00:00.000";"19.02";"59.83";"0.13";"0.00";"0.0"
"2023-07-30 05:00:00.000";"19.42";"54.83";"0.05";"0.00";"0.0"
"2023-07-30 06:00:00.000";"19.93";"52.17";"0.00";"0.00";"0.0"
"2023-07-30 07:00:00.000";"20.45";"54.17";"0.00";"0.00";"0.0"
"2023-07-30 08:00:00.000";"22.50";"57.50";"0.12";"0.00";"0.0"
"2023-07-30 09:00:00.000";"29.87";"42.33";"1.32";"0.00";"0.0"
"2023-07-30 10:00:00.000";"31.42";"37.83";"3.37";"0.00";"0.0"
"2023-07-30 11:00:00.000";"32.70";"35.33";"2.90";"0.00";"0.0"
"2023-07-30 12:00:00.000";"33.42";"31.67";"3.28";"0.00";"0.0"
"2023-07-30 13:00:00.000";"32.07";"38.83";"7.38";"0.00";"0.0"
"2023-07-30 14:00:00.000";"32.12";"33.00";"7.25";"0.00";"0.0"
"2023-07-30 15:00:00.000";"32.30";"28.00";"8.05";"0.00";"0.0"
"2023-07-30 16:00:00.000";"32.35";"25.50";"8.82";"0.00";"0.0"
"2023-07-30 17:00:00.000";"31.78";"30.50";"10.18";"0.00";"0.0"
"2023-07-30 18:00:00.000";"32.12";"29.67";"7.83";"0.00";"0.0"
"2023-07-30 19:00:00.000";"32.15";"36.83";"4.38";"0.00";"0.0"
"2023-07-30 20:00:00.000";"30.98";"45.83";"1.83";"0.00";"0.0"
"2023-07-30 21:00:00.000";"25.63";"73.00";"0.68";"0.00";"0.0"
"2023-07-30 22:00:00.000";"22.30";"82.17";"0.00";"0.00";"0.0"
"2023-07-30 23:00:00.000";"21.92";"69.50";"0.03";"0.00";"0.0"
"2023-07-31 00:00:00.000";"21.88";"64.83";"0.03";"0.00";"0.0"
"2023-07-31 01:00:00.000";"21.38";"66.00";"0.00";"0.00";"0.0"
"2023-07-31 02:00:00.000";"21.53";"63.33";"0.50";"0.00";"0.0"
"2023-07-31 03:00:00.000";"19.75";"68.67";"0.28";"0.00";"0.0"
"2023-07-31 04:00:00.000";"20.07";"64.67";"0.15";"0.00";"0.0"
"2023-07-31 05:00:00.000";"19.52";"64.50";"0.00";"0.00";"0.0"
"2023-07-31 06:00:00.000";"19.67";"58.50";"0.00";"0.00";"0.0"
"2023-07-31 07:00:00.000";"20.18";"54.33";"0.02";"0.00";"0.0"
"2023-07-31 08:00:00.000";"23.10";"50.67";"0.17";"0.00";"0.0"
"2023-07-31 09:00:00.000";"29.67";"38.67";"0.27";"0.00";"0.0"
"2023-07-31 10:00:00.000";"31.23";"37.50";"1.22";"0.00";"0.0"
"2023-07-31 11:00:00.000";"32.17";"33.83";"3.93";"0.00";"0.0"
"2023-07-31 12:00:00.000";"33.05";"36.83";"6.15";"0.00";"0.0"
"2023-07-31 13:00:00.000";"33.98";"32.83";"6.30";"0.00";"0.0"
"2023-07-31 14:00:00.000";"35.03";"27.00";"7.50";"0.00";"0.0"
"2023-07-31 15:00:00.000";"35.92";"23.17";"7.38";"0.00";"0.0"
"2023-07-31 16:00:00.000";"35.37";"26.17";"5.60";"0.00";"0.0"
"2023-07-31 17:00:00.000";"34.40";"30.50";"3.82";"0.00";"0.0"
"2023-07-31 18:00:00.000";"32.82";"33.67";"3.45";"0.00";"0.0"
"2023-07-31 19:00:00.000";"31.55";"38.50";"3.63";"0.00";"0.0"
"2023-07-31 20:00:00.000";"30.60";"41.17";"2.10";"0.00";"0.0"
"2023-07-31 21:00:00.000";"27.68";"50.00";"0.77";"0.00";"0.0"
"2023-07-31 22:00:00.000";"23.98";"82.33";"1.33";"0.00";"0.0"
"2023-07-31 23:00:00.000";"24.35";"73.00";"1.92";"0.00";"0.0"
"2023-08-01 00:00:00.000";"25.20";"56.33";"2.28";"0.00";"0.0"
"2023-08-01 01:00:00.000";"24.32";"55.67";"0.63";"0.00";"0.0"
"2023-08-01 02:00:00.000";"24.35";"55.33";"1.32";"0.00";"0.0"
"2023-08-01 03:00:00.000";"24.02";"58.50";"1.47";"0.00";"0.0"
"2023-08-01 04:00:00.000";"22.28";"62.17";"0.27";"0.00";"0.0"
"2023-08-01 05:00:00.000";"20.48";"70.17";"0.00";"0.00";"0.0"
"2023-08-01 06:00:00.000";"19.62";"74.50";"0.05";"0.00";"0.0"
"2023-08-01 07:00:00.000";"20.25";"70.33";"0.03";"0.00";"0.0"
"2023-08-01 08:00:00.000";"24.05";"57.67";"0.35";"0.00";"0.0"
"2023-08-01 09:00:00.000";"28.83";"44.17";"0.73";"0.00";"0.0"
"2023-08-01 10:00:00.000";"30.47";"40.67";"1.12";"0.00";"0.0"
"2023-08-01 11:00:00.000";"31.32";"37.83";"2.70";"0.00";"0.0"
"2023-08-01 12:00:00.000";"31.12";"42.17";"5.02";"0.00";"0.0"
"2023-08-01 13:00:00.000";"30.83";"41.33";"6.92";"0.00";"0.0"
"2023-08-01 14:00:00.000";"30.53";"39.83";"8.35";"0.00";"0.0"
"2023-08-01 15:00:00.000";"30.08";"41.50";"8.62";"0.00";"0.0"
"2023-08-01 16:00:00.000";"29.78";"40.17";"8.28";"0.00";"0.0"
"2023-08-01 17:00:00.000";"29.80";"38.67";"7.33";"0.00";"0.0"
"2023-08-01 18:00:00.000";"29.50";"41.50";"7.18";"0.00";"0.0"
"2023-08-01 19:00:00.000";"28.65";"43.67";"7.15";"0.00";"0.0"
"2023-08-01 20:00:00.000";"26.87";"54.83";"5.20";"0.00";"0.0"
"2023-08-01 21:00:00.000";"24.18";"71.67";"1.28";"0.00";"0.0"
"2023-08-01 22:00:00.000";"21.65";"84.33";"0.07";"0.00";"0.0"
"2023-08-01 23:00:00.000";"20.83";"83.33";"0.00";"0.00";"0.0"
"2023-08-02 00:00:00.000";"20.32";"86.50";"0.05";"0.00";"0.0"
"2023-08-02 01:00:00.000";"19.85";"87.83";"0.02";"0.00";"0.0"
"2023-08-02 02:00:00.000";"19.43";"89.67";"0.00";"0.00";"0.0"
"2023-08-02 03:00:00.000";"19.08";"85.17";"0.00";"0.00";"0.0"
"2023-08-02 04:00:00.000";"19.37";"82.67";"0.00";"0.00";"0.0"
"2023-08-02 05:00:00.000";"19.17";"82.50";"0.08";"0.00";"0.0"
"2023-08-02 06:00:00.000";"19.65";"72.67";"0.00";"0.00";"0.0"
"2023-08-02 07:00:00.000";"19.82";"63.00";"0.10";"0.00";"0.0"
"2023-08-02 08:00:00.000";"21.55";"57.00";"0.07";"0.00";"0.0"
"2023-08-02 09:00:00.000";"28.40";"43.50";"0.00";"0.00";"0.0"
"2023-08-02 10:00:00.000";"29.75";"37.83";"1.50";"0.00";"0.0"
"2023-08-02 11:00:00.000";"30.47";"35.67";"4.08";"0.00";"0.0"
"2023-08-02 12:00:00.000";"31.20";"39.67";"6.83";"0.00";"0.0"
"2023-08-02 13:00:00.000";"31.25";"36.33";"9.33";"0.00";"0.0"
"2023-08-02 14:00:00.000";"32.28";"30.67";"8.27";"0.00";"0.0"
"2023-08-02 15:00:00.000";"32.47";"30.33";"7.57";"0.00";"0.0"
"2023-08-02 16:00:00.000";"32.02";"30.50";"9.40";"0.00";"0.0"
"2023-08-02 17:00:00.000";"31.22";"34.33";"9.05";"0.00";"0.0"
"2023-08-02 18:00:00.000";"30.30";"37.50";"8.73";"0.00";"0.0"
"2023-08-02 19:00:00.000";"29.23";"49.00";"7.05";"0.00";"0.0"
"2023-08-02 20:00:00.000";"27.13";"63.67";"5.38";"0.00";"0.0"
"2023-08-02 21:00:00.000";"24.33";"80.33";"4.08";"0.00";"0.0"
"2023-08-02 22:00:00.000";"21.47";"91.17";"0.75";"0.50";"0.0"
"2023-08-02 23:00:00.000";"20.08";"80.50";"0.35";"0.00";"0.0"
"2023-08-03 00:00:00.000";"18.90";"71.83";"0.07";"0.00";"0.0"
"2023-08-03 01:00:00.000";"18.35";"68.67";"0.02";"0.00";"0.0"
"2023-08-03 02:00:00.000";"19.23";"62.83";"0.02";"0.00";"0.0"
"2023-08-03 03:00:00.000";"19.23";"60.17";"0.00";"0.00";"0.0"
"2023-08-03 04:00:00.000";"19.28";"58.83";"0.05";"0.00";"0.0"
"2023-08-03 05:00:00.000";"19.98";"60.83";"0.08";"0.00";"0.0"
"2023-08-03 06:00:00.000";"19.55";"59.33";"0.02";"0.00";"0.0"
"2023-08-03 07:00:00.000";"19.70";"60.17";"0.00";"0.00";"0.0"
"2023-08-03 08:00:00.000";"21.25";"61.00";"0.00";"0.00";"0.0"
"2023-08-03 09:00:00.000";"28.05";"44.00";"0.05";"0.00";"0.0"
"2023-08-03 10:00:00.000";"27.98";"48.50";"3.67";"0.00";"0.0"
"2023-08-03 11:00:00.000";"28.80";"50.50";"5.30";"0.00";"0.0"
"2023-08-03 12:00:00.000";"29.98";"50.00";"7.53";"0.00";"0.0"
"2023-08-03 13:00:00.000";"31.08";"45.00";"7.72";"0.00";"0.0"
"2023-08-03 14:00:00.000";"31.03";"42.17";"8.57";"0.00";"0.0"
"2023-08-03 15:00:00.000";"31.23";"41.50";"8.07";"0.00";"0.0"
"2023-08-03 16:00:00.000";"30.95";"40.83";"9.23";"0.00";"0.0"
"2023-08-03 17:00:00.000";"31.18";"38.83";"8.73";"0.00";"0.0"
"2023-08-03 18:00:00.000";"30.73";"39.83";"7.75";"0.00";"0.0"
"2023-08-03 19:00:00.000";"30.57";"48.33";"5.12";"0.00";"0.0"
"2023-08-03 20:00:00.000";"27.63";"62.00";"6.22";"0.00";"0.0"
"2023-08-03 21:00:00.000";"24.28";"80.17";"2.83";"0.00";"0.0"
"2023-08-03 22:00:00.000";"21.55";"91.67";"0.00";"0.00";"0.0"
"2023-08-03 23:00:00.000";"20.32";"92.17";"0.00";"0.00";"0.0"
"2023-08-04 00:00:00.000";"20.13";"86.67";"0.03";"0.00";"0.0"
"2023-08-04 01:00:00.000";"20.88";"72.33";"0.00";"0.00";"0.0"
"2023-08-04 02:00:00.000";"20.22";"69.00";"0.00";"0.00";"0.0"
"2023-08-04 03:00:00.000";"19.03";"71.17";"0.00";"0.00";"0.0"
"2023-08-04 04:00:00.000";"18.80";"71.50";"0.00";"0.00";"0.0"
"2023-08-04 05:00:00.000";"20.07";"67.67";"0.03";"0.00";"0.0"
"2023-08-04 06:00:00.000";"19.38";"68.50";"0.02";"0.00";"0.0"
"2023-08-04 07:00:00.000";"20.13";"65.67";"0.07";"0.00";"0.0"
"2023-08-04 08:00:00.000";"21.87";"63.67";"0.00";"0.00";"0.0"
"2023-08-04 09:00:00.000";"29.08";"44.67";"0.03";"0.00";"0.0"
"2023-08-04 10:00:00.000";"30.08";"41.00";"1.75";"0.00";"0.0"
"2023-08-04 11:00:00.000";"29.67";"44.00";"5.75";"0.00";"0.0"
"2023-08-04 12:00:00.000";"30.93";"50.00";"5.73";"0.00";"0.0"
"2023-08-04 13:00:00.000";"30.72";"55.00";"7.43";"0.00";"0.0"
"2023-08-04 14:00:00.000";"31.82";"43.00";"8.43";"0.00";"0.0"
"2023-08-04 15:00:00.000";"32.30";"37.50";"8.05";"0.00";"0.0"
"2023-08-04 16:00:00.000";"32.45";"31.67";"7.80";"0.00";"0.0"
"2023-08-04 17:00:00.000";"31.67";"38.67";"9.17";"0.00";"0.0"
"2023-08-04 18:00:00.000";"29.95";"47.83";"11.58";"0.00";"0.0"
"2023-08-04 19:00:00.000";"29.20";"59.00";"8.42";"0.00";"0.0"
"2023-08-04 20:00:00.000";"27.50";"70.17";"6.80";"0.00";"0.0"
"2023-08-04 21:00:00.000";"24.73";"84.83";"1.52";"0.00";"0.0"
"2023-08-04 22:00:00.000";"22.25";"94.67";"0.00";"0.67";"0.0"
"2023-08-04 23:00:00.000";"20.97";"97.33";"0.00";"1.00";"0.0"
"2023-08-05 00:00:00.000";"20.37";"97.67";"0.00";"1.00";"0.0"
"2023-08-05 01:00:00.000";"20.83";"93.83";"0.92";"0.50";"0.0"
"2023-08-05 02:00:00.000";"20.77";"87.33";"0.92";"0.00";"0.0"
"2023-08-05 03:00:00.000";"19.43";"82.50";"0.13";"0.00";"0.0"
"2023-08-05 04:00:00.000";"18.65";"83.67";"0.12";"0.00";"0.0"
"2023-08-05 05:00:00.000";"19.50";"75.83";"1.60";"0.00";"0.0"
"2023-08-05 06:00:00.000";"17.77";"81.67";"0.08";"0.00";"0.0"
"2023-08-05 07:00:00.000";"18.33";"76.33";"0.22";"0.00";"0.0"
"2023-08-05 08:00:00.000";"21.97";"61.33";"0.28";"0.00";"0.0"
"2023-08-05 09:00:00.000";"27.82";"41.67";"0.68";"0.00";"0.0"
"2023-08-05 10:00:00.000";"27.94";"45.14";"4.17";"0.00";"0.0"
"2023-08-05 11:00:00.000";"28.93";"48.00";"6.12";"0.00";"0.0"
"2023-08-05 12:00:00.000";"29.63";"50.83";"9.12";"0.00";"0.0"
"2023-08-05 13:00:00.000";"29.52";"55.17";"10.03";"0.00";"0.0"
"2023-08-05 14:00:00.000";"29.40";"50.50";"9.13";"0.00";"0.0"
"2023-08-05 15:00:00.000";"29.88";"46.00";"8.55";"0.00";"0.0"
"2023-08-05 16:00:00.000";"29.87";"47.33";"8.35";"0.00";"0.0"
"2023-08-05 17:00:00.000";"29.40";"48.83";"7.67";"0.00";"0.0"
"2023-08-05 18:00:00.000";"28.35";"52.00";"7.12";"0.00";"0.0"
"2023-08-05 19:00:00.000";"28.23";"59.83";"5.22";"0.00";"0.0"
"2023-08-05 20:00:00.000";"24.98";"81.50";"6.42";"0.00";"0.0"
"2023-08-05 21:00:00.000";"23.88";"89.80";"4.44";"0.00";"0.0"
"2023-08-05 22:00:00.000";"23.78";"92.17";"4.90";"0.67";"0.0"
"2023-08-05 23:00:00.000";"22.85";"97.67";"4.27";"1.00";"1.8"
"2023-08-06 00:00:00.000";"22.55";"98.83";"2.70";"1.00";"0.0"
"2023-08-06 01:00:00.000";"22.45";"99.00";"2.38";"1.00";"0.0"
"2023-08-06 02:00:00.000";"22.32";"98.17";"5.42";"1.00";"0.0"
"2023-08-06 03:00:00.000";"21.75";"93.00";"2.68";"0.00";"0.0"
"2023-08-06 04:00:00.000";"21.37";"91.33";"2.45";"0.00";"0.0"
"2023-08-06 05:00:00.000";"21.52";"91.50";"3.27";"0.00";"0.0"
"2023-08-06 06:00:00.000";"21.63";"89.50";"6.87";"0.00";"0.0"
"2023-08-06 07:00:00.000";"21.60";"88.17";"4.28";"0.00";"0.0"
"2023-08-06 08:00:00.000";"21.92";"84.33";"4.07";"0.00";"0.0"
"2023-08-06 09:00:00.000";"23.18";"76.17";"4.23";"0.00";"0.0"
"2023-08-06 10:00:00.000";"23.87";"71.33";"3.93";"0.00";"0.0"
"2023-08-06 11:00:00.000";"24.02";"67.33";"8.40";"0.00";"0.0"
"2023-08-06 12:00:00.000";"24.12";"66.00";"7.60";"0.00";"0.0"
"2023-08-06 13:00:00.000";"25.63";"60.33";"5.67";"0.00";"0.0"
"2023-08-06 14:00:00.000";"25.63";"56.83";"5.32";"0.00";"0.0"
"2023-08-06 15:00:00.000";"26.67";"50.17";"5.97";"0.00";"0.0"
"2023-08-06 16:00:00.000";"26.48";"49.50";"6.20";"0.00";"0.0"
"2023-08-06 17:00:00.000";"26.57";"48.00";"6.40";"0.00";"0.0"
"2023-08-06 18:00:00.000";"25.80";"53.33";"7.10";"0.00";"0.0"
"2023-08-06 19:00:00.000";"25.40";"58.33";"6.27";"0.00";"0.0"
"2023-08-06 20:00:00.000";"23.78";"66.83";"5.92";"0.00";"0.0"
"2023-08-06 21:00:00.000";"22.20";"74.83";"3.83";"0.00";"0.0"
"2023-08-06 22:00:00.000";"21.35";"78.50";"3.58";"0.00";"0.0"
"2023-08-06 23:00:00.000";"21.20";"79.00";"3.35";"0.00";"0.0"
"2023-08-07 00:00:00.000";"21.35";"80.33";"3.55";"0.00";"0.0"
"2023-08-07 01:00:00.000";"20.22";"84.17";"0.82";"0.00";"0.0"
"2023-08-07 02:00:00.000";"19.73";"84.83";"0.58";"0.00";"0.0"
"2023-08-07 03:00:00.000";"19.92";"85.17";"0.58";"0.00";"0.0"
"2023-08-07 04:00:00.000";"18.53";"88.17";"0.02";"0.00";"0.0"
"2023-08-07 05:00:00.000";"19.07";"86.33";"0.10";"0.00";"0.0"
"2023-08-07 06:00:00.000";"18.67";"84.67";"0.07";"0.00";"0.0"
"2023-08-07 07:00:00.000";"17.68";"89.33";"0.00";"0.00";"0.0"
"2023-08-07 08:00:00.000";"19.20";"83.50";"0.25";"0.00";"0.0"
"2023-08-07 09:00:00.000";"24.02";"61.83";"1.78";"0.00";"0.0"
"2023-08-07 10:00:00.000";"26.40";"53.17";"2.37";"0.00";"0.0"
"2023-08-07 11:00:00.000";"27.55";"48.50";"5.35";"0.00";"0.0"
"2023-08-07 12:00:00.000";"28.63";"48.50";"4.72";"0.00";"0.0"
"2023-08-07 13:00:00.000";"29.40";"46.83";"5.70";"0.00";"0.0"
"2023-08-07 14:00:00.000";"29.72";"37.33";"7.20";"0.00";"0.0"
"2023-08-07 15:00:00.000";"29.88";"35.67";"6.28";"0.00";"0.0"
"2023-08-07 16:00:00.000";"28.57";"43.83";"7.05";"0.00";"0.0"
"2023-08-07 17:00:00.000";"28.22";"46.50";"7.02";"0.00";"0.0"
"2023-08-07 18:00:00.000";"27.77";"46.67";"5.98";"0.00";"0.0"
"2023-08-07 19:00:00.000";"26.93";"53.50";"5.28";"0.00";"0.0"
"2023-08-07 20:00:00.000";"24.53";"64.50";"4.53";"0.00";"0.0"
"2023-08-07 21:00:00.000";"22.50";"73.00";"5.12";"0.00";"0.0"
"2023-08-07 22:00:00.000";"21.77";"80.33";"5.03";"0.00";"0.0"
"2023-08-07 23:00:00.000";"21.33";"81.83";"3.05";"0.00";"0.0"
"2023-08-08 00:00:00.000";"21.10";"81.67";"2.02";"0.00";"0.0"
"2023-08-08 01:00:00.000";"21.05";"80.00";"2.27";"0.00";"0.0"
"2023-08-08 02:00:00.000";"19.35";"87.33";"0.00";"0.00";"0.0"
"2023-08-08 03:00:00.000";"18.47";"85.67";"0.03";"0.00";"0.0"
"2023-08-08 04:00:00.000";"18.62";"87.83";"0.10";"0.00";"0.0"
"2023-08-08 05:00:00.000";"18.10";"89.00";"0.05";"0.00";"0.0"
"2023-08-08 06:00:00.000";"17.07";"92.00";"0.02";"0.00";"0.0"
"2023-08-08 07:00:00.000";"16.58";"93.33";"0.00";"0.00";"0.0"
"2023-08-08 08:00:00.000";"17.70";"85.17";"0.00";"0.00";"0.0"
"2023-08-08 09:00:00.000";"23.58";"58.33";"0.67";"0.00";"0.0"
"2023-08-08 10:00:00.000";"26.18";"48.67";"1.88";"0.00";"0.0"
"2023-08-08 11:00:00.000";"28.90";"35.83";"2.77";"0.00";"0.0"
"2023-08-08 12:00:00.000";"30.00";"36.00";"4.55";"0.00";"0.0"
"2023-08-08 13:00:00.000";"30.77";"35.17";"4.05";"0.00";"0.0"
"2023-08-08 14:00:00.000";"31.62";"33.00";"3.08";"0.00";"0.0"
"2023-08-08 15:00:00.000";"31.35";"34.50";"4.47";"0.00";"0.0"
"2023-08-08 16:00:00.000";"31.00";"36.67";"5.60";"0.00";"0.0"
"2023-08-08 17:00:00.000";"30.83";"38.00";"5.45";"0.00";"0.0"
"2023-08-08 18:00:00.000";"30.62";"40.00";"4.05";"0.00";"0.0"
"2023-08-08 19:00:00.000";"29.53";"44.83";"5.37";"0.00";"0.0"
"2023-08-08 20:00:00.000";"27.18";"55.33";"3.47";"0.00";"0.0"
"2023-08-08 21:00:00.000";"24.12";"69.83";"1.93";"0.00";"0.0"
"2023-08-08 22:00:00.000";"21.73";"76.67";"0.03";"0.00";"0.0"
"2023-08-08 23:00:00.000";"19.82";"81.00";"0.00";"0.00";"0.0"
"2023-08-09 00:00:00.000";"20.13";"76.17";"0.00";"0.00";"0.0"
"2023-08-09 01:00:00.000";"20.48";"74.33";"0.07";"0.00";"0.0"
"2023-08-09 02:00:00.000";"20.68";"74.17";"0.13";"0.00";"0.0"
"2023-08-09 03:00:00.000";"20.63";"73.50";"0.02";"0.00";"0.0"
"2023-08-09 04:00:00.000";"20.05";"75.67";"0.05";"0.00";"0.0"
"2023-08-09 05:00:00.000";"20.17";"77.67";"0.13";"0.00";"0.0"
"2023-08-09 06:00:00.000";"19.98";"78.50";"0.07";"0.00";"0.0"
"2023-08-09 07:00:00.000";"20.32";"78.17";"0.05";"0.00";"0.0"
"2023-08-09 08:00:00.000";"21.98";"72.17";"0.15";"0.00";"0.0"
"2023-08-09 09:00:00.000";"25.57";"59.67";"1.55";"0.00";"0.0"
"2023-08-09 10:00:00.000";"27.32";"53.17";"2.82";"0.00";"0.0"
"2023-08-09 11:00:00.000";"28.13";"48.67";"1.88";"0.00";"0.0"
"2023-08-09 12:00:00.000";"26.75";"57.00";"4.05";"0.00";"0.0"
"2023-08-09 13:00:00.000";"27.37";"54.17";"7.73";"0.00";"0.0"
"2023-08-09 14:00:00.000";"27.12";"50.67";"8.87";"0.00";"0.0"
"2023-08-09 15:00:00.000";"27.57";"45.50";"10.38";"0.00";"0.0"
"2023-08-09 16:00:00.000";"27.22";"47.17";"10.13";"0.00";"0.0"
"2023-08-09 17:00:00.000";"27.55";"47.50";"10.70";"0.00";"0.0"
"2023-08-09 18:00:00.000";"26.82";"50.17";"9.25";"0.00";"0.0"
"2023-08-09 19:00:00.000";"25.62";"59.00";"9.57";"0.00";"0.0"
"2023-08-09 20:00:00.000";"24.28";"63.83";"5.98";"0.00";"0.0"
"2023-08-09 21:00:00.000";"22.63";"68.00";"2.08";"0.00";"0.0"
"2023-08-09 22:00:00.000";"20.58";"76.50";"1.25";"0.00";"0.0"
"2023-08-09 23:00:00.000";"18.67";"81.00";"1.02";"0.00";"0.0"
"2023-08-10 00:00:00.000";"18.57";"74.33";"0.05";"0.00";"0.0"
"2023-08-10 01:00:00.000";"19.28";"71.33";"0.12";"0.00";"0.0"
"2023-08-10 02:00:00.000";"19.88";"77.83";"0.18";"0.00";"0.0"
"2023-08-10 03:00:00.000";"21.15";"78.00";"1.93";"0.00";"0.0"
"2023-08-10 04:00:00.000";"20.75";"77.33";"0.70";"0.00";"0.0"
"2023-08-10 05:00:00.000";"19.77";"79.83";"0.05";"0.00";"0.0"
"2023-08-10 06:00:00.000";"18.45";"88.50";"0.07";"0.00";"0.0"
"2023-08-10 07:00:00.000";"18.97";"89.50";"0.15";"0.00";"0.0"
"2023-08-10 08:00:00.000";"20.58";"82.83";"0.20";"0.00";"0.0"
"2023-08-10 09:00:00.000";"24.17";"64.00";"0.85";"0.00";"0.0"
"2023-08-10 10:00:00.000";"25.92";"58.00";"1.73";"0.00";"0.0"
"2023-08-10 11:00:00.000";"27.48";"52.33";"1.92";"0.00";"0.0"
"2023-08-10 12:00:00.000";"28.27";"51.17";"3.73";"0.00";"0.0"
"2023-08-10 13:00:00.000";"28.87";"47.67";"6.77";"0.00";"0.0"
"2023-08-10 14:00:00.000";"27.83";"46.17";"9.53";"0.00";"0.0"
"2023-08-10 15:00:00.000";"28.23";"47.17";"9.07";"0.00";"0.0"
"2023-08-10 16:00:00.000";"28.33";"46.83";"8.47";"0.00";"0.0"
"2023-08-10 17:00:00.000";"29.10";"42.83";"6.82";"0.00";"0.0"
"2023-08-10 18:00:00.000";"28.60";"45.33";"4.67";"0.00";"0.0"
"2023-08-10 19:00:00.000";"27.75";"47.67";"4.70";"0.00";"0.0"
"2023-08-10 20:00:00.000";"25.13";"62.67";"3.67";"0.00";"0.0"
"2023-08-10 21:00:00.000";"21.47";"75.50";"1.15";"0.00";"0.0"
"2023-08-10 22:00:00.000";"19.22";"77.50";"0.33";"0.00";"0.0"
"2023-08-10 23:00:00.000";"18.45";"75.67";"0.28";"0.00";"0.0"
"2023-08-11 00:00:00.000";"17.88";"69.33";"0.67";"0.00";"0.0"
"2023-08-11 01:00:00.000";"18.27";"62.33";"0.48";"0.00";"0.0"
"2023-08-11 02:00:00.000";"17.82";"53.50";"0.03";"0.00";"0.0"
"2023-08-11 03:00:00.000";"16.82";"54.67";"0.00";"0.00";"0.0"
"2023-08-11 04:00:00.000";"17.30";"58.00";"0.00";"0.00";"0.0"
"2023-08-11 05:00:00.000";"17.25";"65.50";"0.00";"0.00";"0.0"
"2023-08-11 06:00:00.000";"18.72";"76.83";"0.20";"0.00";"0.0"
"2023-08-11 07:00:00.000";"19.00";"81.00";"0.25";"0.00";"0.0"
"2023-08-11 08:00:00.000";"19.22";"83.83";"0.00";"0.00";"0.0"
"2023-08-11 09:00:00.000";"24.65";"64.67";"0.35";"0.00";"0.0"
"2023-08-11 10:00:00.000";"25.40";"63.50";"0.78";"0.00";"0.0"
"2023-08-11 11:00:00.000";"25.78";"60.17";"1.92";"0.00";"0.0"
"2023-08-11 12:00:00.000";"25.90";"60.17";"2.37";"0.00";"0.0"
"2023-08-11 13:00:00.000";"22.30";"86.67";"0.60";"0.83";"1.8"
"2023-08-11 14:00:00.000";"21.68";"88.17";"1.25";"0.33";"0.0"
"2023-08-11 15:00:00.000";"23.08";"75.33";"2.70";"0.00";"0.0"
"2023-08-11 16:00:00.000";"26.58";"48.17";"4.45";"0.00";"0.0"
"2023-08-11 17:00:00.000";"25.87";"54.17";"6.22";"0.00";"0.0"
"2023-08-11 18:00:00.000";"24.35";"62.50";"6.02";"0.00";"0.0"
"2023-08-11 19:00:00.000";"22.37";"79.50";"3.08";"0.50";"3.3"
"2023-08-11 20:00:00.000";"20.38";"96.33";"0.03";"1.00";"1.5"
"2023-08-11 21:00:00.000";"19.92";"96.83";"1.25";"1.00";"1.8"
"2023-08-11 22:00:00.000";"18.93";"97.33";"0.50";"1.00";"0.3"
"2023-08-11 23:00:00.000";"18.85";"95.67";"4.42";"0.00";"0.0"
"2023-08-12 00:00:00.000";"19.13";"91.67";"3.10";"0.00";"0.0"
"2023-08-12 01:00:00.000";"19.10";"91.33";"0.17";"0.00";"0.0"
"2023-08-12 02:00:00.000";"18.87";"91.83";"0.28";"0.00";"0.0"
"2023-08-12 03:00:00.000";"18.73";"95.17";"0.00";"1.00";"0.0"
"2023-08-12 04:00:00.000";"19.80";"84.50";"0.25";"0.00";"0.0"
"2023-08-12 05:00:00.000";"20.30";"81.50";"1.00";"0.00";"0.0"
"2023-08-12 06:00:00.000";"21.55";"71.67";"2.50";"0.00";"0.0"
"2023-08-12 07:00:00.000";"21.30";"66.33";"1.90";"0.00";"0.0"
"2023-08-12 08:00:00.000";"21.40";"60.83";"3.08";"0.00";"0.0"
"2023-08-12 09:00:00.000";"23.20";"51.33";"4.62";"0.00";"0.0"
"2023-08-12 10:00:00.000";"24.42";"50.33";"4.33";"0.00";"0.0"
"2023-08-12 11:00:00.000";"25.50";"47.67";"5.05";"0.00";"0.0"
"2023-08-12 12:00:00.000";"26.68";"43.67";"4.43";"0.00";"0.0"
"2023-08-12 13:00:00.000";"28.25";"38.17";"3.38";"0.00";"0.0"
"2023-08-12 14:00:00.000";"26.20";"48.50";"6.38";"0.00";"0.0"
"2023-08-12 15:00:00.000";"26.57";"47.50";"5.45";"0.00";"0.0"
"2023-08-12 16:00:00.000";"27.02";"44.33";"7.32";"0.00";"0.0"
"2023-08-12 17:00:00.000";"26.33";"44.33";"9.27";"0.00";"0.0"
"2023-08-12 18:00:00.000";"26.82";"43.67";"7.25";"0.00";"0.0"
"2023-08-12 19:00:00.000";"26.72";"46.00";"5.60";"0.00";"0.0"
"2023-08-12 20:00:00.000";"25.30";"56.67";"3.17";"0.00";"0.0"
"2023-08-12 21:00:00.000";"23.07";"68.83";"0.97";"0.00";"0.0"
"2023-08-12 22:00:00.000";"21.28";"72.17";"0.40";"0.00";"0.0"
"2023-08-12 23:00:00.000";"20.43";"75.00";"0.22";"0.00";"0.0"
"2023-08-13 00:00:00.000";"22.93";"58.50";"2.32";"0.00";"0.0"
"2023-08-13 01:00:00.000";"22.78";"54.33";"2.90";"0.00";"0.0"
"2023-08-13 02:00:00.000";"22.47";"52.00";"2.75";"0.00";"0.0"
"2023-08-13 03:00:00.000";"22.08";"52.83";"4.92";"0.00";"0.0"
"2023-08-13 04:00:00.000";"22.20";"52.50";"3.67";"0.00";"0.0"
"2023-08-13 05:00:00.000";"22.22";"52.67";"2.07";"0.00";"0.0"
"2023-08-13 06:00:00.000";"21.63";"55.67";"1.33";"0.00";"0.0"
"2023-08-13 07:00:00.000";"22.12";"54.00";"1.52";"0.00";"0.0"
"2023-08-13 08:00:00.000";"20.68";"60.17";"0.47";"0.00";"0.0"
"2023-08-13 09:00:00.000";"24.25";"48.67";"1.40";"0.00";"0.0"
"2023-08-13 10:00:00.000";"27.00";"40.67";"2.50";"0.00";"0.0"
"2023-08-13 11:00:00.000";"28.70";"36.00";"2.50";"0.00";"0.0"
"2023-08-13 12:00:00.000";"28.60";"34.50";"4.00";"0.00";"0.0"
"2023-08-13 13:00:00.000";"29.42";"30.83";"2.18";"0.00";"0.0"
"2023-08-13 14:00:00.000";"28.60";"35.33";"4.62";"0.00";"0.0"
"2023-08-13 15:00:00.000";"28.50";"37.67";"5.55";"0.00";"0.0"
"2023-08-13 16:00:00.000";"29.18";"35.33";"2.58";"0.00";"0.0"
"2023-08-13 17:00:00.000";"28.17";"39.00";"6.03";"0.00";"0.0"
"2023-08-13 18:00:00.000";"29.05";"36.67";"5.08";"0.00";"0.0"
"2023-08-13 19:00:00.000";"27.30";"47.33";"3.47";"0.00";"0.0"
"2023-08-13 20:00:00.000";"25.12";"56.67";"1.68";"0.00";"0.0"
"2023-08-13 21:00:00.000";"22.40";"73.50";"1.08";"0.00";"0.0"
"2023-08-13 22:00:00.000";"22.22";"70.33";"1.38";"0.00";"0.0"
"2023-08-13 23:00:00.000";"22.17";"64.83";"2.67";"0.00";"0.0"
"2023-08-14 00:00:00.000";"22.10";"61.50";"3.40";"0.00";"0.0"
"2023-08-14 01:00:00.000";"21.80";"61.33";"3.13";"0.00";"0.0"
"2023-08-14 02:00:00.000";"21.17";"74.00";"2.70";"0.00";"0.0"
"2023-08-14 03:00:00.000";"20.55";"81.17";"2.02";"0.00";"0.0"
"2023-08-14 04:00:00.000";"20.67";"76.67";"2.38";"0.00";"0.0"
"2023-08-14 05:00:00.000";"19.90";"72.67";"0.35";"0.00";"0.0"
"2023-08-14 06:00:00.000";"18.53";"73.83";"0.38";"0.00";"0.0"
"2023-08-14 07:00:00.000";"18.27";"75.33";"0.53";"0.00";"0.0"
"2023-08-14 08:00:00.000";"18.82";"76.67";"0.00";"0.00";"0.0"
"2023-08-14 09:00:00.000";"24.27";"54.67";"0.82";"0.00";"0.0"
"2023-08-14 10:00:00.000";"26.95";"47.67";"2.22";"0.00";"0.0"
"2023-08-14 11:00:00.000";"27.47";"43.17";"4.05";"0.00";"0.0"
"2023-08-14 12:00:00.000";"26.68";"47.67";"3.95";"0.00";"0.0"
"2023-08-14 13:00:00.000";"27.60";"47.67";"5.47";"0.00";"0.0"
"2023-08-14 14:00:00.000";"27.65";"49.00";"9.38";"0.00";"0.0"
"2023-08-14 15:00:00.000";"28.68";"41.83";"8.92";"0.00";"0.0"
"2023-08-14 16:00:00.000";"28.47";"40.67";"8.50";"0.00";"0.0"
"2023-08-14 17:00:00.000";"28.82";"37.33";"8.17";"0.00";"0.0"
"2023-08-14 18:00:00.000";"28.98";"38.00";"5.92";"0.00";"0.0"
"2023-08-14 19:00:00.000";"28.10";"47.50";"4.57";"0.00";"0.0"
"2023-08-14 20:00:00.000";"25.35";"57.50";"2.15";"0.00";"0.0"
"2023-08-14 21:00:00.000";"22.83";"67.33";"0.07";"0.00";"0.0"
"2023-08-14 22:00:00.000";"20.97";"71.50";"0.07";"0.00";"0.0"
"2023-08-14 23:00:00.000";"20.28";"68.50";"0.10";"0.00";"0.0"
"2023-08-15 00:00:00.000";"19.68";"69.67";"0.00";"0.00";"0.0"
"2023-08-15 01:00:00.000";"19.30";"71.00";"0.00";"0.00";"0.0"
"2023-08-15 02:00:00.000";"19.67";"68.67";"0.73";"0.00";"0.0"
"2023-08-15 03:00:00.000";"18.63";"73.67";"0.05";"0.00";"0.0"
"2023-08-15 04:00:00.000";"19.33";"76.33";"0.02";"0.00";"0.0"
"2023-08-15 05:00:00.000";"18.75";"78.50";"0.00";"0.00";"0.0"
"2023-08-15 06:00:00.000";"19.48";"78.00";"0.27";"0.00";"0.0"
"2023-08-15 07:00:00.000";"18.67";"80.67";"0.02";"0.00";"0.0"
"2023-08-15 08:00:00.000";"20.43";"76.50";"0.13";"0.00";"0.0"
"2023-08-15 09:00:00.000";"25.48";"52.83";"0.62";"0.00";"0.0"
"2023-08-15 10:00:00.000";"27.37";"47.67";"1.90";"0.00";"0.0"
"2023-08-15 11:00:00.000";"29.85";"41.00";"2.35";"0.00";"0.0"
"2023-08-15 12:00:00.000";"30.60";"40.67";"4.47";"0.00";"0.0"
"2023-08-15 13:00:00.000";"29.83";"40.17";"4.98";"0.00";"0.0"
"2023-08-15 14:00:00.000";"30.85";"34.50";"6.13";"0.00";"0.0"
"2023-08-15 15:00:00.000";"30.90";"32.50";"6.23";"0.00";"0.0"
"2023-08-15 16:00:00.000";"30.07";"34.17";"6.80";"0.00";"0.0"
"2023-08-15 17:00:00.000";"29.70";"38.83";"6.18";"0.00";"0.0"
"2023-08-15 18:00:00.000";"28.82";"42.50";"6.20";"0.00";"0.0"
"2023-08-15 19:00:00.000";"27.60";"54.33";"6.10";"0.00";"0.0"
"2023-08-15 20:00:00.000";"24.93";"63.83";"6.05";"0.00";"0.0"
"2023-08-15 21:00:00.000";"23.63";"60.33";"2.73";"0.00";"0.0"
"2023-08-15 22:00:00.000";"23.82";"57.00";"2.10";"0.00";"0.0"
"2023-08-15 23:00:00.000";"21.65";"68.33";"0.38";"0.00";"0.0"
"2023-08-16 00:00:00.000";"20.00";"71.50";"0.02";"0.00";"0.0"
"2023-08-16 01:00:00.000";"18.90";"75.33";"0.00";"0.00";"0.0"
"2023-08-16 02:00:00.000";"17.95";"75.17";"0.00";"0.00";"0.0"
"2023-08-16 03:00:00.000";"18.08";"73.50";"0.00";"0.00";"0.0"
"2023-08-16 04:00:00.000";"18.00";"71.33";"0.00";"0.00";"0.0"
"2023-08-16 05:00:00.000";"18.30";"71.33";"0.05";"0.00";"0.0"
"2023-08-16 06:00:00.000";"18.45";"71.50";"0.02";"0.00";"0.0"
"2023-08-16 07:00:00.000";"24.65";"52.67";"3.80";"0.00";"0.0"
"2023-08-16 08:00:00.000";"26.17";"47.33";"4.83";"0.00";"0.0"
"2023-08-16 09:00:00.000";"27.38";"45.33";"2.23";"0.00";"0.0"
"2023-08-16 10:00:00.000";"30.67";"42.00";"1.62";"0.00";"0.0"
"2023-08-16 11:00:00.000";"30.30";"43.17";"5.68";"0.00";"0.0"
"2023-08-16 12:00:00.000";"31.32";"39.67";"6.53";"0.00";"0.0"
"2023-08-16 13:00:00.000";"32.82";"33.50";"6.02";"0.00";"0.0"
"2023-08-16 14:00:00.000";"33.82";"32.50";"4.45";"0.00";"0.0"
"2023-08-16 15:00:00.000";"32.92";"35.83";"6.30";"0.00";"0.0"
"2023-08-16 16:00:00.000";"32.43";"35.83";"6.63";"0.00";"0.0"
"2023-08-16 17:00:00.000";"31.60";"36.00";"7.63";"0.00";"0.0"
"2023-08-16 18:00:00.000";"31.60";"34.50";"6.97";"0.00";"0.0"
"2023-08-16 19:00:00.000";"30.85";"38.67";"5.87";"0.00";"0.0"
"2023-08-16 20:00:00.000";"28.72";"43.83";"5.15";"0.00";"0.0"
"2023-08-16 21:00:00.000";"27.43";"42.17";"5.90";"0.00";"0.0"
"2023-08-16 22:00:00.000";"27.97";"34.83";"6.70";"0.00";"0.0"
"2023-08-16 23:00:00.000";"25.42";"45.17";"2.45";"0.00";"0.0"
"2023-08-17 00:00:00.000";"22.15";"59.00";"0.10";"0.00";"0.0"
"2023-08-17 01:00:00.000";"21.42";"55.00";"0.00";"0.00";"0.0"
"2023-08-17 02:00:00.000";"21.32";"55.00";"0.05";"0.00";"0.0"
"2023-08-17 03:00:00.000";"21.80";"55.50";"0.17";"0.00";"0.0"
"2023-08-17 04:00:00.000";"20.47";"62.17";"0.00";"0.00";"0.0"
"2023-08-17 05:00:00.000";"21.60";"62.00";"0.00";"0.00";"0.0"
"2023-08-17 06:00:00.000";"21.25";"63.67";"0.00";"0.00";"0.0"
"2023-08-17 07:00:00.000";"21.55";"64.67";"0.10";"0.00";"0.0"
"2023-08-17 08:00:00.000";"22.22";"65.83";"0.00";"0.00";"0.0"
"2023-08-17 09:00:00.000";"27.53";"54.50";"0.10";"0.00";"0.0"
"2023-08-17 10:00:00.000";"31.68";"36.83";"1.68";"0.00";"0.0"
"2023-08-17 11:00:00.000";"31.83";"37.33";"4.67";"0.00";"0.0"
"2023-08-17 12:00:00.000";"32.00";"39.67";"6.98";"0.00";"0.0"
"2023-08-17 13:00:00.000";"32.75";"36.17";"8.47";"0.00";"0.0"
"2023-08-17 14:00:00.000";"33.97";"31.00";"6.57";"0.00";"0.0"
"2023-08-17 15:00:00.000";"34.10";"30.50";"6.08";"0.00";"0.0"
"2023-08-17 16:00:00.000";"33.27";"30.67";"7.23";"0.00";"0.0"
"2023-08-17 17:00:00.000";"33.25";"31.83";"5.62";"0.00";"0.0"
"2023-08-17 18:00:00.000";"32.52";"33.67";"5.78";"0.00";"0.0"
"2023-08-17 19:00:00.000";"31.45";"41.00";"5.37";"0.00";"0.0"
"2023-08-17 20:00:00.000";"28.77";"47.00";"4.17";"0.00";"0.0"
"2023-08-17 21:00:00.000";"27.77";"47.33";"4.02";"0.00";"0.0"
"2023-08-17 22:00:00.000";"25.93";"52.17";"1.37";"0.00";"0.0"
"2023-08-17 23:00:00.000";"24.05";"57.33";"0.00";"0.00";"0.0"
"2023-08-18 00:00:00.000";"23.80";"58.33";"0.00";"0.00";"0.0"
"2023-08-18 01:00:00.000";"23.20";"61.67";"0.38";"0.00";"0.0"
"2023-08-18 02:00:00.000";"22.25";"68.17";"0.05";"0.00";"0.0"
"2023-08-18 03:00:00.000";"22.33";"70.67";"0.05";"0.00";"0.0"
"2023-08-18 04:00:00.000";"21.57";"74.67";"0.00";"0.00";"0.0"
"2023-08-18 05:00:00.000";"21.25";"76.33";"0.15";"0.00";"0.0"
"2023-08-18 06:00:00.000";"25.33";"59.33";"1.65";"0.00";"0.0"
"2023-08-18 07:00:00.000";"25.78";"56.00";"2.17";"0.00";"0.0"
"2023-08-18 08:00:00.000";"25.45";"59.17";"0.57";"0.00";"0.0"
"2023-08-18 09:00:00.000";"28.43";"51.00";"0.57";"0.00";"0.0"
"2023-08-18 10:00:00.000";"30.97";"43.00";"1.70";"0.00";"0.0"
"2023-08-18 11:00:00.000";"31.57";"40.83";"3.03";"0.00";"0.0"
"2023-08-18 12:00:00.000";"30.90";"47.33";"7.10";"0.00";"0.0"
"2023-08-18 13:00:00.000";"31.17";"42.67";"7.33";"0.00";"0.0"
"2023-08-18 14:00:00.000";"31.25";"39.33";"8.38";"0.00";"0.0"
"2023-08-18 15:00:00.000";"31.67";"38.83";"9.78";"0.00";"0.0"
"2023-08-18 16:00:00.000";"32.72";"34.50";"8.15";"0.00";"0.0"
"2023-08-18 17:00:00.000";"32.97";"33.83";"7.17";"0.00";"0.0"
"2023-08-18 18:00:00.000";"32.67";"37.00";"3.13";"0.00";"0.0"
"2023-08-18 19:00:00.000";"31.82";"45.50";"1.08";"0.00";"0.0"
"2023-08-18 20:00:00.000";"28.85";"58.00";"1.45";"0.00";"0.0"
"2023-08-18 21:00:00.000";"26.28";"65.50";"0.25";"0.00";"0.0"
"2023-08-18 22:00:00.000";"24.50";"66.17";"0.00";"0.00";"0.0"
"2023-08-18 23:00:00.000";"23.58";"64.50";"0.32";"0.00";"0.0"
"2023-08-19 00:00:00.000";"22.80";"66.33";"0.03";"0.00";"0.0"
"2023-08-19 01:00:00.000";"22.70";"66.00";"0.00";"0.00";"0.0"
"2023-08-19 02:00:00.000";"22.28";"68.33";"0.00";"0.00";"0.0"
"2023-08-19 03:00:00.000";"23.03";"67.00";"0.03";"0.00";"0.0"
"2023-08-19 04:00:00.000";"23.38";"68.33";"0.08";"0.00";"0.0"
"2023-08-19 05:00:00.000";"21.68";"74.33";"0.00";"0.00";"0.0"
"2023-08-19 06:00:00.000";"21.98";"72.67";"0.50";"0.00";"0.0"
"2023-08-19 07:00:00.000";"24.33";"61.00";"0.55";"0.00";"0.0"
"2023-08-19 08:00:00.000";"24.20";"60.17";"0.43";"0.00";"0.0"
"2023-08-19 09:00:00.000";"29.45";"48.67";"0.00";"0.00";"0.0"
"2023-08-19 10:00:00.000";"31.93";"40.50";"0.58";"0.00";"0.0"
"2023-08-19 11:00:00.000";"32.43";"38.17";"2.13";"0.00";"0.0"
"2023-08-19 12:00:00.000";"32.05";"40.67";"5.60";"0.00";"0.0"
"2023-08-19 13:00:00.000";"32.42";"39.50";"7.33";"0.00";"0.0"
"2023-08-19 14:00:00.000";"32.37";"38.33";"7.68";"0.00";"0.0"
"2023-08-19 15:00:00.000";"31.95";"37.83";"8.37";"0.00";"0.0"
"2023-08-19 16:00:00.000";"32.47";"35.50";"8.15";"0.00";"0.0"
"2023-08-19 17:00:00.000";"32.67";"38.50";"8.63";"0.00";"0.0"
"2023-08-19 18:00:00.000";"32.60";"36.50";"4.87";"0.00";"0.0"
"2023-08-19 19:00:00.000";"30.10";"54.83";"3.18";"0.00";"0.0"
"2023-08-19 20:00:00.000";"27.55";"67.50";"1.90";"0.00";"0.0"
"2023-08-19 21:00:00.000";"25.05";"83.17";"0.30";"0.00";"0.0"
"2023-08-19 22:00:00.000";"23.12";"91.00";"0.00";"0.00";"0.0"
"2023-08-19 23:00:00.000";"21.67";"94.00";"0.00";"0.00";"0.0"
"2023-08-20 00:00:00.000";"21.50";"86.83";"0.00";"0.00";"0.0"
"2023-08-20 01:00:00.000";"21.52";"78.17";"0.00";"0.00";"0.0"
"2023-08-20 02:00:00.000";"21.73";"75.33";"0.00";"0.00";"0.0"
"2023-08-20 03:00:00.000";"20.95";"77.83";"0.02";"0.00";"0.0"
"2023-08-20 04:00:00.000";"20.55";"76.50";"0.00";"0.00";"0.0"
"2023-08-20 05:00:00.000";"20.88";"75.00";"0.07";"0.00";"0.0"
"2023-08-20 06:00:00.000";"20.98";"76.00";"0.00";"0.00";"0.0"
"2023-08-20 07:00:00.000";"20.45";"78.17";"0.00";"0.00";"0.0"
"2023-08-20 08:00:00.000";"21.35";"76.83";"0.00";"0.00";"0.0"
"2023-08-20 09:00:00.000";"28.18";"56.17";"0.03";"0.00";"0.0"
"2023-08-20 10:00:00.000";"29.02";"48.00";"2.00";"0.00";"0.0"
"2023-08-20 11:00:00.000";"30.52";"45.17";"2.10";"0.00";"0.0"
"2023-08-20 12:00:00.000";"31.32";"48.50";"3.82";"0.00";"0.0"
"2023-08-20 13:00:00.000";"30.78";"47.00";"7.18";"0.00";"0.0"
"2023-08-20 14:00:00.000";"31.52";"39.00";"7.28";"0.00";"0.0"
"2023-08-20 15:00:00.000";"30.93";"37.67";"7.78";"0.00";"0.0"
"2023-08-20 16:00:00.000";"30.38";"40.17";"6.83";"0.00";"0.0"
"2023-08-20 17:00:00.000";"29.63";"45.83";"7.43";"0.00";"0.0"
"2023-08-20 18:00:00.000";"29.03";"47.33";"6.53";"0.00";"0.0"
"2023-08-20 19:00:00.000";"28.17";"58.17";"5.08";"0.00";"0.0"
"2023-08-20 20:00:00.000";"26.47";"64.00";"1.70";"0.00";"0.0"
"2023-08-20 21:00:00.000";"24.02";"74.17";"0.00";"0.00";"0.0"
"2023-08-20 22:00:00.000";"23.38";"82.67";"1.35";"0.00";"0.0"
"2023-08-20 23:00:00.000";"23.65";"78.83";"3.02";"0.00";"0.0"
"2023-08-21 00:00:00.000";"23.95";"71.83";"2.22";"0.00";"0.0"
"2023-08-21 01:00:00.000";"24.52";"66.67";"0.42";"0.00";"0.0"
"2023-08-21 02:00:00.000";"26.25";"49.17";"1.17";"0.00";"0.0"
"2023-08-21 03:00:00.000";"26.37";"46.67";"1.43";"0.00";"0.0"
"2023-08-21 04:00:00.000";"26.58";"46.50";"4.23";"0.00";"0.0"
"2023-08-21 05:00:00.000";"26.48";"46.83";"5.93";"0.00";"0.0"
"2023-08-21 06:00:00.000";"25.28";"50.50";"0.57";"0.00";"0.0"
"2023-08-21 07:00:00.000";"25.45";"49.50";"0.95";"0.00";"0.0"
"2023-08-21 08:00:00.000";"25.37";"50.67";"0.53";"0.00";"0.0"
"2023-08-21 09:00:00.000";"28.47";"39.83";"3.27";"0.00";"0.0"
"2023-08-21 10:00:00.000";"29.52";"33.67";"8.23";"0.00";"0.0"
"2023-08-21 11:00:00.000";"30.37";"31.00";"11.20";"0.00";"0.0"
"2023-08-21 12:00:00.000";"32.28";"27.00";"9.72";"0.00";"0.0"
"2023-08-21 13:00:00.000";"33.12";"24.33";"10.07";"0.00";"0.0"
"2023-08-21 14:00:00.000";"34.03";"22.33";"8.95";"0.00";"0.0"
"2023-08-21 15:00:00.000";"34.57";"22.17";"6.60";"0.00";"0.0"
"2023-08-21 16:00:00.000";"33.28";"25.83";"8.95";"0.00";"0.0"
"2023-08-21 17:00:00.000";"33.08";"25.33";"7.52";"0.00";"0.0"
"2023-08-21 18:00:00.000";"32.18";"26.83";"7.97";"0.00";"0.0"
"2023-08-21 19:00:00.000";"31.90";"30.50";"5.28";"0.00";"0.0"
"2023-08-21 20:00:00.000";"29.60";"33.33";"2.95";"0.00";"0.0"
"2023-08-21 21:00:00.000";"25.68";"46.83";"1.05";"0.00";"0.0"
"2023-08-21 22:00:00.000";"22.72";"54.83";"0.10";"0.00";"0.0"
"2023-08-21 23:00:00.000";"27.62";"34.17";"1.52";"0.00";"0.0"
"2023-08-22 00:00:00.000";"28.47";"30.50";"3.02";"0.00";"0.0"
"2023-08-22 01:00:00.000";"28.20";"31.00";"2.12";"0.00";"0.0"
"2023-08-22 02:00:00.000";"27.73";"32.67";"1.38";"0.00";"0.0"
"2023-08-22 03:00:00.000";"27.83";"33.33";"1.33";"0.00";"0.0"
"2023-08-22 04:00:00.000";"27.82";"33.33";"1.47";"0.00";"0.0"
"2023-08-22 05:00:00.000";"27.90";"32.83";"2.70";"0.00";"0.0"
"2023-08-22 06:00:00.000";"27.58";"33.00";"4.37";"0.00";"0.0"
"2023-08-22 07:00:00.000";"27.48";"33.00";"2.67";"0.00";"0.0"
"2023-08-22 08:00:00.000";"28.05";"31.33";"3.33";"0.00";"0.0"
"2023-08-22 09:00:00.000";"29.40";"28.33";"2.63";"0.00";"0.0"
"2023-08-22 10:00:00.000";"31.25";"25.50";"3.95";"0.00";"0.0"
"2023-08-22 11:00:00.000";"33.13";"23.67";"5.07";"0.00";"0.0"
"2023-08-22 12:00:00.000";"34.17";"22.17";"6.77";"0.00";"0.0"
"2023-08-22 13:00:00.000";"35.47";"19.50";"5.83";"0.00";"0.0"
"2023-08-22 14:00:00.000";"36.63";"17.50";"5.23";"0.00";"0.0"
"2023-08-22 15:00:00.000";"36.42";"21.17";"5.63";"0.00";"0.0"
"2023-08-22 16:00:00.000";"34.97";"23.33";"8.15";"0.00";"0.0"
"2023-08-22 17:00:00.000";"34.55";"25.83";"8.22";"0.00";"0.0"
"2023-08-22 18:00:00.000";"32.95";"30.50";"8.42";"0.00";"0.0"
"2023-08-22 19:00:00.000";"31.57";"41.33";"6.27";"0.00";"0.0"
"2023-08-22 20:00:00.000";"28.43";"60.00";"0.88";"0.00";"0.0"
"2023-08-22 21:00:00.000";"24.93";"71.00";"0.03";"0.00";"0.0"
"2023-08-22 22:00:00.000";"23.00";"77.83";"0.02";"0.00";"0.0"
"2023-08-22 23:00:00.000";"25.27";"56.67";"1.53";"0.00";"0.0"
"2023-08-23 00:00:00.000";"25.25";"45.83";"0.57";"0.00";"0.0"
"2023-08-23 01:00:00.000";"23.37";"46.83";"0.03";"0.00";"0.0"
"2023-08-23 02:00:00.000";"23.08";"46.83";"0.13";"0.00";"0.0"
"2023-08-23 03:00:00.000";"24.07";"40.17";"0.10";"0.00";"0.0"
"2023-08-23 04:00:00.000";"26.02";"35.50";"0.37";"0.00";"0.0"
"2023-08-23 05:00:00.000";"27.33";"32.17";"1.10";"0.00";"0.0"
"2023-08-23 06:00:00.000";"27.62";"31.17";"1.43";"0.00";"0.0"
"2023-08-23 07:00:00.000";"28.07";"30.00";"2.57";"0.00";"0.0"
"2023-08-23 08:00:00.000";"27.97";"30.83";"2.95";"0.00";"0.0"
"2023-08-23 09:00:00.000";"30.07";"27.50";"1.62";"0.00";"0.0"
"2023-08-23 10:00:00.000";"31.45";"25.67";"5.67";"0.00";"0.0"
"2023-08-23 11:00:00.000";"32.52";"24.00";"7.80";"0.00";"0.0"
"2023-08-23 12:00:00.000";"34.22";"22.17";"5.60";"0.00";"0.0"
"2023-08-23 13:00:00.000";"35.35";"23.50";"3.87";"0.00";"0.0"
"2023-08-23 14:00:00.000";"34.77";"26.50";"5.78";"0.00";"0.0"
"2023-08-23 15:00:00.000";"33.83";"29.17";"7.90";"0.00";"0.0"
"2023-08-23 16:00:00.000";"32.75";"34.67";"9.75";"0.00";"0.0"
"2023-08-23 17:00:00.000";"32.67";"37.50";"9.52";"0.00";"0.0"
"2023-08-23 18:00:00.000";"29.80";"48.83";"8.03";"0.00";"0.0"
"2023-08-23 19:00:00.000";"28.50";"61.00";"3.07";"0.00";"0.0"
"2023-08-23 20:00:00.000";"26.17";"73.50";"1.38";"0.00";"0.0"
"2023-08-23 21:00:00.000";"23.73";"73.83";"0.00";"0.00";"0.0"
"2023-08-23 22:00:00.000";"22.80";"61.33";"0.00";"0.00";"0.0"
"2023-08-23 23:00:00.000";"23.20";"51.83";"0.05";"0.00";"0.0"
"2023-08-24 00:00:00.000";"23.37";"46.83";"0.92";"0.00";"0.0"
"2023-08-24 01:00:00.000";"21.88";"47.17";"0.00";"0.00";"0.0"
"2023-08-24 02:00:00.000";"21.13";"53.67";"0.00";"0.00";"0.0"
"2023-08-24 03:00:00.000";"21.15";"54.83";"0.02";"0.00";"0.0"
"2023-08-24 04:00:00.000";"20.85";"54.33";"0.15";"0.00";"0.0"
"2023-08-24 05:00:00.000";"20.98";"55.00";"0.00";"0.00";"0.0"
"2023-08-24 06:00:00.000";"24.03";"48.67";"0.13";"0.00";"0.0"
"2023-08-24 07:00:00.000";"27.13";"36.50";"1.20";"0.00";"0.0"
"2023-08-24 08:00:00.000";"27.52";"35.67";"2.88";"0.00";"0.0"
"2023-08-24 09:00:00.000";"29.43";"33.17";"2.20";"0.00";"0.0"
"2023-08-24 10:00:00.000";"31.18";"31.83";"2.93";"0.00";"0.0"
"2023-08-24 11:00:00.000";"31.80";"29.83";"4.82";"0.00";"0.0"
"2023-08-24 12:00:00.000";"33.55";"24.83";"3.95";"0.00";"0.0"
"2023-08-24 13:00:00.000";"32.63";"39.00";"6.13";"0.00";"0.0"
"2023-08-24 14:00:00.000";"32.35";"33.50";"6.92";"0.00";"0.0"
"2023-08-24 15:00:00.000";"32.58";"28.67";"7.82";"0.00";"0.0"
"2023-08-24 16:00:00.000";"32.52";"28.00";"9.00";"0.00";"0.0"
"2023-08-24 17:00:00.000";"32.40";"27.50";"9.50";"0.00";"0.0"
"2023-08-24 18:00:00.000";"31.55";"31.67";"8.22";"0.00";"0.0"
"2023-08-24 19:00:00.000";"29.83";"49.50";"5.65";"0.00";"0.0"
"2023-08-24 20:00:00.000";"26.33";"80.00";"2.02";"0.00";"0.0"
"2023-08-24 21:00:00.000";"23.98";"88.67";"0.07";"0.00";"0.0"
"2023-08-24 22:00:00.000";"22.72";"72.50";"1.40";"0.00";"0.0"
"2023-08-24 23:00:00.000";"21.30";"72.00";"0.00";"0.00";"0.0"
"2023-08-25 00:00:00.000";"21.03";"66.33";"0.07";"0.00";"0.0"
"2023-08-25 01:00:00.000";"21.28";"61.33";"0.00";"0.00";"0.0"
"2023-08-25 02:00:00.000";"22.40";"56.17";"0.32";"0.00";"0.0"
"2023-08-25 03:00:00.000";"22.72";"52.00";"0.38";"0.00";"0.0"
"2023-08-25 04:00:00.000";"23.00";"48.83";"0.00";"0.00";"0.0"
"2023-08-25 05:00:00.000";"27.15";"40.67";"1.67";"0.00";"0.0"
"2023-08-25 06:00:00.000";"27.22";"41.17";"1.83";"0.00";"0.0"
"2023-08-25 07:00:00.000";"27.27";"42.83";"2.13";"0.00";"0.0"
"2023-08-25 08:00:00.000";"27.63";"43.33";"2.47";"0.00";"0.0"
"2023-08-25 09:00:00.000";"28.82";"41.17";"4.70";"0.00";"0.0"
"2023-08-25 10:00:00.000";"30.28";"38.83";"4.45";"0.00";"0.0"
"2023-08-25 11:00:00.000";"32.17";"31.50";"3.28";"0.00";"0.0"
"2023-08-25 12:00:00.000";"32.27";"33.67";"6.17";"0.00";"0.0"
"2023-08-25 13:00:00.000";"32.85";"32.83";"6.88";"0.00";"0.0"
"2023-08-25 14:00:00.000";"31.72";"34.00";"7.87";"0.00";"0.0"
"2023-08-25 15:00:00.000";"32.30";"32.00";"5.65";"0.00";"0.0"
"2023-08-25 16:00:00.000";"34.28";"26.50";"2.22";"0.00";"0.0"
"2023-08-25 17:00:00.000";"31.92";"36.33";"4.08";"0.00";"0.0"
"2023-08-25 18:00:00.000";"21.33";"82.83";"4.63";"0.83";"0.9"
"2023-08-25 19:00:00.000";"21.68";"93.00";"0.77";"0.50";"0.0"
"2023-08-25 20:00:00.000";"22.50";"88.00";"0.60";"0.00";"0.0"
"2023-08-25 21:00:00.000";"21.87";"83.50";"0.15";"0.00";"0.0"
"2023-08-25 22:00:00.000";"22.27";"70.00";"0.05";"0.00";"0.0"
"2023-08-25 23:00:00.000";"24.53";"57.50";"0.43";"0.00";"0.0"
"2023-08-26 00:00:00.000";"24.97";"56.67";"1.08";"0.00";"0.0"
"2023-08-26 01:00:00.000";"23.62";"62.50";"0.32";"0.00";"0.0"
"2023-08-26 02:00:00.000";"23.80";"60.00";"0.88";"0.00";"0.0"
"2023-08-26 03:00:00.000";"22.90";"65.17";"0.23";"0.00";"0.0"
"2023-08-26 04:00:00.000";"24.37";"59.67";"0.00";"0.00";"0.0"
"2023-08-26 05:00:00.000";"24.10";"60.50";"0.08";"0.00";"0.0"
"2023-08-26 06:00:00.000";"26.12";"51.83";"0.83";"0.00";"0.0"
"2023-08-26 07:00:00.000";"26.35";"48.50";"1.37";"0.00";"0.0"
"2023-08-26 08:00:00.000";"26.60";"48.50";"1.37";"0.00";"0.0"
"2023-08-26 09:00:00.000";"28.83";"42.17";"1.62";"0.00";"0.0"
"2023-08-26 10:00:00.000";"30.48";"38.83";"3.63";"0.00";"0.0"
"2023-08-26 11:00:00.000";"31.03";"38.50";"6.40";"0.00";"0.0"
"2023-08-26 12:00:00.000";"32.92";"34.83";"3.73";"0.00";"0.0"
"2023-08-26 13:00:00.000";"33.72";"31.67";"5.17";"0.00";"0.0"
"2023-08-26 14:00:00.000";"32.73";"32.33";"5.97";"0.00";"0.0"
"2023-08-26 15:00:00.000";"30.65";"41.17";"3.63";"0.00";"0.0"
"2023-08-26 16:00:00.000";"22.97";"71.83";"3.55";"0.67";"0.3"
"2023-08-26 17:00:00.000";"29.13";"51.00";"3.23";"0.00";"0.3"
"2023-08-26 18:00:00.000";"25.75";"64.00";"4.55";"0.33";"0.0"
"2023-08-26 19:00:00.000";"19.42";"92.83";"3.68";"1.00";"5.4"
"2023-08-26 20:00:00.000";"22.20";"66.67";"5.47";"0.00";"0.0"
"2023-08-26 21:00:00.000";"23.98";"57.33";"2.02";"0.33";"0.0"
"2023-08-26 22:00:00.000";"21.92";"67.00";"1.30";"0.00";"0.0"
"2023-08-26 23:00:00.000";"19.80";"78.67";"0.00";"0.00";"0.0"
"2023-08-27 00:00:00.000";"20.35";"81.33";"0.68";"0.00";"0.0"
"2023-08-27 01:00:00.000";"19.63";"81.67";"0.00";"0.00";"0.0"
"2023-08-27 02:00:00.000";"19.63";"81.83";"0.00";"0.00";"0.0"
"2023-08-27 03:00:00.000";"20.78";"73.83";"0.43";"0.00";"0.0"
"2023-08-27 04:00:00.000";"19.48";"75.00";"0.00";"0.00";"0.0"
"2023-08-27 05:00:00.000";"23.40";"54.50";"0.23";"0.00";"0.0"
"2023-08-27 06:00:00.000";"23.90";"48.83";"0.27";"0.00";"0.0"
"2023-08-27 07:00:00.000";"25.73";"44.67";"0.75";"0.00";"0.0"
"2023-08-27 08:00:00.000";"24.70";"47.67";"0.10";"0.00";"0.0"
"2023-08-27 09:00:00.000";"28.72";"38.83";"0.67";"0.00";"0.0"
"2023-08-27 10:00:00.000";"31.48";"38.00";"0.63";"0.00";"0.0"
"2023-08-27 11:00:00.000";"32.13";"37.67";"2.32";"0.00";"0.0"
"2023-08-27 12:00:00.000";"33.52";"35.33";"2.48";"0.00";"0.0"
"2023-08-27 13:00:00.000";"33.93";"30.83";"3.92";"0.00";"0.0"
"2023-08-27 14:00:00.000";"33.73";"29.33";"4.07";"0.00";"0.0"
"2023-08-27 15:00:00.000";"34.53";"28.17";"5.18";"0.00";"0.0"
"2023-08-27 16:00:00.000";"34.23";"28.50";"5.95";"0.00";"0.0"
"2023-08-27 17:00:00.000";"33.67";"32.17";"5.52";"0.00";"0.0"
"2023-08-27 18:00:00.000";"31.80";"38.50";"5.30";"0.00";"0.0"
"2023-08-27 19:00:00.000";"30.22";"48.50";"5.72";"0.00";"0.0"
"2023-08-27 20:00:00.000";"27.90";"59.17";"2.35";"0.00";"0.0"
"2023-08-27 21:00:00.000";"25.37";"63.50";"1.97";"0.00";"0.0"
"2023-08-27 22:00:00.000";"23.75";"60.33";"0.38";"0.00";"0.0"
"2023-08-27 23:00:00.000";"22.78";"61.33";"0.00";"0.00";"0.0"
"2023-08-28 00:00:00.000";"21.83";"65.00";"0.08";"0.00";"0.0"
"2023-08-28 01:00:00.000";"22.97";"62.00";"0.17";"0.00";"0.0"
"2023-08-28 02:00:00.000";"22.13";"65.50";"0.25";"0.00";"0.0"
"2023-08-28 03:00:00.000";"19.82";"74.00";"0.15";"0.00";"0.0"
"2023-08-28 04:00:00.000";"19.53";"74.83";"0.02";"0.00";"0.0"
"2023-08-28 05:00:00.000";"20.25";"70.33";"0.40";"0.00";"0.0"
"2023-08-28 06:00:00.000";"20.58";"72.00";"0.88";"0.00";"0.0"
"2023-08-28 07:00:00.000";"20.37";"71.00";"0.42";"0.00";"0.0"
"2023-08-28 08:00:00.000";"21.72";"68.50";"0.00";"0.00";"0.0"
"2023-08-28 09:00:00.000";"26.77";"56.17";"0.13";"0.00";"0.0"
"2023-08-28 10:00:00.000";"30.75";"42.17";"0.47";"0.00";"0.0"
"2023-08-28 11:00:00.000";"31.37";"41.50";"3.67";"0.00";"0.0"
"2023-08-28 12:00:00.000";"32.62";"38.17";"7.02";"0.00";"0.0"
"2023-08-28 13:00:00.000";"33.68";"31.67";"7.57";"0.00";"0.0"
"2023-08-28 14:00:00.000";"34.22";"29.00";"6.92";"0.00";"0.0"
"2023-08-28 15:00:00.000";"33.88";"32.00";"8.53";"0.00";"0.0"
"2023-08-28 16:00:00.000";"33.27";"32.50";"8.55";"0.00";"0.0"
"2023-08-28 17:00:00.000";"31.68";"41.00";"9.32";"0.00";"0.0"
"2023-08-28 18:00:00.000";"30.87";"43.50";"7.05";"0.00";"0.0"
"2023-08-28 19:00:00.000";"30.15";"50.17";"4.90";"0.00";"0.0"
"2023-08-28 20:00:00.000";"27.62";"58.00";"2.47";"0.00";"0.0"
"2023-08-28 21:00:00.000";"23.92";"69.83";"1.28";"0.00";"0.0"
"2023-08-28 22:00:00.000";"22.47";"58.83";"0.03";"0.00";"0.0"
"2023-08-28 23:00:00.000";"21.77";"52.83";"0.00";"0.00";"0.0"
"2023-08-29 00:00:00.000";"22.15";"48.50";"0.00";"0.00";"0.0"
"2023-08-29 01:00:00.000";"21.27";"49.50";"0.00";"0.00";"0.0"
"2023-08-29 02:00:00.000";"21.33";"50.00";"0.03";"0.00";"0.0"
"2023-08-29 03:00:00.000";"22.18";"46.00";"0.15";"0.00";"0.0"
"2023-08-29 04:00:00.000";"21.42";"46.50";"0.02";"0.00";"0.0"
"2023-08-29 05:00:00.000";"21.38";"42.00";"0.00";"0.00";"0.0"
"2023-08-29 06:00:00.000";"21.45";"41.17";"0.05";"0.00";"0.0"
"2023-08-29 07:00:00.000";"20.78";"42.50";"0.00";"0.00";"0.0"
"2023-08-29 08:00:00.000";"20.90";"44.17";"0.07";"0.00";"0.0"
"2023-08-29 09:00:00.000";"26.82";"40.50";"0.12";"0.00";"0.0"
"2023-08-29 10:00:00.000";"31.30";"27.33";"0.32";"0.00";"0.0"
"2023-08-29 11:00:00.000";"31.17";"28.67";"4.92";"0.00";"0.0"
"2023-08-29 12:00:00.000";"28.95";"51.67";"7.63";"0.00";"0.0"
"2023-08-29 13:00:00.000";"29.00";"51.00";"7.33";"0.00";"0.0"
"2023-08-29 14:00:00.000";"29.48";"46.00";"6.93";"0.00";"0.0"
"2023-08-29 15:00:00.000";"30.12";"47.17";"6.75";"0.00";"0.0"
"2023-08-29 16:00:00.000";"29.65";"49.50";"6.68";"0.00";"0.0"
"2023-08-29 17:00:00.000";"28.83";"53.33";"8.30";"0.00";"0.0"
"2023-08-29 18:00:00.000";"27.67";"63.00";"8.30";"0.00";"0.0"
"2023-08-29 19:00:00.000";"26.23";"72.17";"6.43";"0.00";"0.0"
"2023-08-29 20:00:00.000";"24.28";"72.00";"4.28";"0.00";"0.0"
"2023-08-29 21:00:00.000";"22.83";"77.17";"2.82";"0.00";"0.0"
"2023-08-29 22:00:00.000";"22.27";"80.17";"2.92";"0.00";"0.0"
"2023-08-29 23:00:00.000";"22.20";"80.33";"4.03";"0.00";"0.0"
"2023-08-30 00:00:00.000";"21.97";"80.50";"3.88";"0.00";"0.0"
"2023-08-30 01:00:00.000";"21.50";"79.33";"3.72";"0.00";"0.0"
"2023-08-30 02:00:00.000";"21.15";"78.67";"3.87";"0.00";"0.0"
"2023-08-30 03:00:00.000";"20.95";"79.50";"3.03";"0.00";"0.0"
"2023-08-30 04:00:00.000";"20.48";"79.67";"1.33";"0.00";"0.0"
"2023-08-30 05:00:00.000";"21.07";"77.67";"3.28";"0.00";"0.0"
"2023-08-30 06:00:00.000";"20.90";"78.83";"2.07";"0.00";"0.0"
"2023-08-30 07:00:00.000";"21.02";"80.67";"3.17";"0.00";"0.0"
"2023-08-30 08:00:00.000";"21.32";"79.83";"2.77";"0.00";"0.0"
"2023-08-30 09:00:00.000";"23.42";"66.33";"3.15";"0.00";"0.0"
"2023-08-30 10:00:00.000";"25.02";"59.33";"3.77";"0.00";"0.0"
"2023-08-30 11:00:00.000";"26.08";"55.50";"4.12";"0.00";"0.0"
"2023-08-30 12:00:00.000";"26.77";"53.50";"6.32";"0.00";"0.0"
"2023-08-30 13:00:00.000";"26.90";"51.17";"6.80";"0.00";"0.0"
"2023-08-30 14:00:00.000";"26.60";"51.83";"10.10";"0.00";"0.0"
"2023-08-30 15:00:00.000";"27.07";"51.33";"10.35";"0.00";"0.0"
"2023-08-30 16:00:00.000";"28.42";"37.50";"8.93";"0.00";"0.0"
"2023-08-30 17:00:00.000";"27.60";"40.00";"10.35";"0.00";"0.0"
"2023-08-30 18:00:00.000";"26.13";"52.00";"9.82";"0.00";"0.0"
"2023-08-30 19:00:00.000";"24.27";"66.67";"6.93";"0.00";"0.0"
"2023-08-30 20:00:00.000";"22.72";"75.67";"5.07";"0.00";"0.0"
"2023-08-30 21:00:00.000";"22.10";"82.83";"5.57";"0.00";"0.0"
"2023-08-30 22:00:00.000";"21.77";"83.00";"4.02";"0.00";"0.0"
"2023-08-30 23:00:00.000";"21.57";"84.50";"4.73";"0.00";"0.0"
"2023-08-31 00:00:00.000";"21.60";"84.00";"3.35";"0.00";"0.0"
"2023-08-31 01:00:00.000";"21.53";"78.33";"2.72";"0.00";"0.0"
"2023-08-31 02:00:00.000";"21.05";"77.33";"2.32";"0.00";"0.0"
"2023-08-31 03:00:00.000";"20.70";"78.83";"1.95";"0.00";"0.0"
"2023-08-31 04:00:00.000";"20.52";"80.33";"1.22";"0.00";"0.0"
"2023-08-31 05:00:00.000";"19.98";"81.00";"1.12";"0.00";"0.0"
"2023-08-31 06:00:00.000";"19.82";"80.83";"0.87";"0.00";"0.0"
"2023-08-31 07:00:00.000";"18.77";"84.67";"0.08";"0.00";"0.0"
"2023-08-31 08:00:00.000";"19.15";"83.50";"0.07";"0.00";"0.0"
"2023-08-31 09:00:00.000";"24.00";"57.60";"0.08";"0.00";"0.0"
"2023-08-31 10:00:00.000";"24.92";"50.67";"3.18";"0.00";"0.0"
"2023-08-31 11:00:00.000";"26.58";"46.00";"2.95";"0.00";"0.0"
"2023-08-31 12:00:00.000";"27.12";"46.17";"5.17";"0.00";"0.0"
"2023-08-31 13:00:00.000";"27.80";"43.17";"4.73";"0.00";"0.0"
"2023-08-31 14:00:00.000";"28.32";"36.67";"4.52";"0.00";"0.0"
"2023-08-31 15:00:00.000";"28.58";"35.67";"4.47";"0.00";"0.0"
"2023-08-31 16:00:00.000";"28.60";"36.83";"5.23";"0.00";"0.0"
"2023-08-31 17:00:00.000";"27.92";"45.50";"4.93";"0.00";"0.0"
"2023-08-31 18:00:00.000";"26.35";"53.33";"5.20";"0.00";"0.0"
"2023-08-31 19:00:00.000";"24.53";"58.50";"6.03";"0.00";"0.0"
"2023-08-31 20:00:00.000";"22.65";"64.33";"5.92";"0.00";"0.0"
"2023-08-31 21:00:00.000";"21.83";"66.33";"4.83";"0.00";"0.0"
"2023-08-31 22:00:00.000";"21.53";"70.17";"3.93";"0.00";"0.0"
"2023-08-31 23:00:00.000";"21.30";"72.33";"4.33";"0.00";"0.0"
"2023-09-01 00:00:00.000";"20.72";"77.50";"1.82";"0.00";"0.0"
"2023-09-01 01:00:00.000";"19.67";"79.67";"0.68";"0.00";"0.0"
"2023-09-01 02:00:00.000";"18.55";"82.33";"0.00";"0.00";"0.0"
"2023-09-01 03:00:00.000";"18.77";"82.00";"0.00";"0.00";"0.0"
"2023-09-01 04:00:00.000";"20.13";"73.17";"0.32";"0.00";"0.0"
"2023-09-01 05:00:00.000";"20.52";"68.33";"0.58";"0.00";"0.0"
"2023-09-01 06:00:00.000";"19.35";"72.00";"0.12";"0.00";"0.0"
"2023-09-01 07:00:00.000";"19.02";"80.00";"0.22";"1.00";"0.0"
"2023-09-01 08:00:00.000";"18.37";"81.67";"0.28";"0.50";"0.0"
"2023-09-01 09:00:00.000";"20.50";"71.00";"1.05";"0.00";"0.0"
"2023-09-01 10:00:00.000";"22.63";"63.33";"2.38";"0.00";"0.0"
"2023-09-01 11:00:00.000";"23.32";"58.00";"4.30";"0.00";"0.0"
"2023-09-01 12:00:00.000";"24.15";"51.17";"4.32";"0.00";"0.0"
"2023-09-01 13:00:00.000";"25.55";"46.50";"4.17";"0.00";"0.0"
"2023-09-01 14:00:00.000";"25.25";"45.17";"5.02";"0.00";"0.0"
"2023-09-01 15:00:00.000";"25.35";"44.17";"5.70";"0.00";"0.0"
"2023-09-01 16:00:00.000";"25.42";"43.67";"3.97";"0.00";"0.0"
"2023-09-01 17:00:00.000";"26.17";"44.50";"5.45";"0.00";"0.0"
"2023-09-01 18:00:00.000";"26.03";"50.33";"5.78";"0.00";"0.0"
"2023-09-01 19:00:00.000";"24.65";"57.00";"4.68";"0.00";"0.0"
"2023-09-01 20:00:00.000";"22.35";"61.50";"3.27";"0.00";"0.0"
"2023-09-01 21:00:00.000";"22.00";"54.33";"4.35";"0.00";"0.0"
"2023-09-01 22:00:00.000";"21.68";"57.17";"3.08";"0.00";"0.0"
"2023-09-01 23:00:00.000";"21.45";"59.67";"2.83";"0.00";"0.0"
"2023-09-02 00:00:00.000";"20.90";"57.00";"0.72";"0.00";"0.0"
"2023-09-02 01:00:00.000";"18.08";"67.17";"0.08";"0.00";"0.0"
"2023-09-02 02:00:00.000";"18.17";"66.17";"0.20";"0.00";"0.0"
"2023-09-02 03:00:00.000";"17.93";"65.67";"0.15";"0.00";"0.0"
"2023-09-02 04:00:00.000";"16.27";"68.00";"0.00";"0.00";"0.0"
"2023-09-02 05:00:00.000";"16.82";"66.17";"0.13";"0.00";"0.0"
"2023-09-02 06:00:00.000";"17.48";"64.17";"0.25";"0.00";"0.0"
"2023-09-02 07:00:00.000";"16.00";"68.50";"0.05";"0.00";"0.0"
"2023-09-02 08:00:00.000";"17.22";"67.00";"0.00";"0.00";"0.0"
"2023-09-02 09:00:00.000";"23.95";"49.50";"0.18";"0.00";"0.0"
"2023-09-02 10:00:00.000";"27.90";"38.67";"0.55";"0.00";"0.0"
"2023-09-02 11:00:00.000";"28.32";"38.00";"2.33";"0.00";"0.0"
"2023-09-02 12:00:00.000";"30.12";"30.33";"2.55";"0.00";"0.0"
"2023-09-02 13:00:00.000";"30.63";"28.33";"3.48";"0.00";"0.0"
"2023-09-02 14:00:00.000";"29.77";"33.83";"7.72";"0.00";"0.0"
"2023-09-02 15:00:00.000";"30.82";"32.17";"6.55";"0.00";"0.0"
"2023-09-02 16:00:00.000";"29.60";"36.67";"7.12";"0.00";"0.0"
"2023-09-02 17:00:00.000";"30.45";"32.50";"5.53";"0.00";"0.0"
"2023-09-02 18:00:00.000";"28.87";"39.17";"6.53";"0.00";"0.0"
"2023-09-02 19:00:00.000";"28.07";"45.67";"3.43";"0.00";"0.0"
"2023-09-02 20:00:00.000";"24.42";"65.00";"2.55";"0.00";"0.0"
"2023-09-02 21:00:00.000";"21.25";"75.50";"0.08";"0.00";"0.0"
"2023-09-02 22:00:00.000";"22.57";"59.50";"0.40";"0.00";"0.0"
"2023-09-02 23:00:00.000";"20.97";"58.67";"0.07";"0.00";"0.0"
"2023-09-03 00:00:00.000";"19.70";"55.17";"0.38";"0.00";"0.0"
"2023-09-03 01:00:00.000";"20.48";"56.83";"0.45";"0.00";"0.0"
"2023-09-03 02:00:00.000";"21.25";"56.50";"0.23";"0.00";"0.0"
"2023-09-03 03:00:00.000";"21.87";"54.67";"0.87";"0.00";"0.0"
"2023-09-03 04:00:00.000";"23.72";"49.17";"2.33";"0.00";"0.0"
"2023-09-03 05:00:00.000";"24.10";"46.17";"1.37";"0.00";"0.0"
"2023-09-03 06:00:00.000";"24.33";"43.33";"1.30";"0.00";"0.0"
"2023-09-03 07:00:00.000";"24.18";"44.17";"2.02";"0.00";"0.0"
"2023-09-03 08:00:00.000";"24.77";"44.17";"2.37";"0.00";"0.0"
"2023-09-03 09:00:00.000";"26.75";"39.17";"2.23";"0.00";"0.0"
"2023-09-03 10:00:00.000";"29.17";"33.17";"1.17";"0.00";"0.0"
"2023-09-03 11:00:00.000";"29.93";"31.67";"4.15";"0.00";"0.0"
"2023-09-03 12:00:00.000";"30.52";"31.67";"5.23";"0.00";"0.0"
"2023-09-03 13:00:00.000";"30.65";"30.67";"5.45";"0.00";"0.0"
"2023-09-03 14:00:00.000";"30.27";"32.33";"3.63";"0.00";"0.0"
"2023-09-03 15:00:00.000";"32.30";"28.17";"5.90";"0.00";"0.0"
"2023-09-03 16:00:00.000";"31.82";"28.50";"6.38";"0.00";"0.0"
"2023-09-03 17:00:00.000";"31.27";"31.00";"6.60";"0.00";"0.0"
"2023-09-03 18:00:00.000";"29.63";"37.67";"6.27";"0.00";"0.0"
"2023-09-03 19:00:00.000";"28.35";"42.33";"5.63";"0.00";"0.0"
"2023-09-03 20:00:00.000";"26.73";"45.00";"5.70";"0.00";"0.0"
"2023-09-03 21:00:00.000";"25.63";"49.17";"4.13";"0.00";"0.0"
"2023-09-03 22:00:00.000";"25.57";"47.83";"2.32";"0.00";"0.0"
"2023-09-03 23:00:00.000";"25.57";"47.83";"2.60";"0.00";"0.0"
"2023-09-04 00:00:00.000";"25.18";"47.00";"2.18";"0.00";"0.0"
"2023-09-04 01:00:00.000";"25.10";"46.33";"4.08";"0.00";"0.0"
"2023-09-04 02:00:00.000";"24.18";"48.00";"1.43";"0.00";"0.0"
"2023-09-04 03:00:00.000";"21.18";"58.17";"0.22";"0.00";"0.0"
"2023-09-04 04:00:00.000";"20.42";"62.00";"0.03";"0.00";"0.0"
"2023-09-04 05:00:00.000";"19.83";"62.83";"0.02";"0.00";"0.0"
"2023-09-04 06:00:00.000";"19.82";"65.33";"0.68";"0.00";"0.0"
"2023-09-04 07:00:00.000";"20.43";"64.00";"1.05";"0.00";"0.0"
"2023-09-04 08:00:00.000";"21.45";"59.67";"1.57";"0.00";"0.0"
"2023-09-04 09:00:00.000";"23.18";"55.17";"0.73";"0.00";"0.0"
"2023-09-04 10:00:00.000";"26.17";"46.50";"1.30";"0.00";"0.0"
"2023-09-04 11:00:00.000";"27.67";"41.33";"3.43";"0.00";"0.0"
"2023-09-04 12:00:00.000";"28.18";"49.83";"5.52";"0.00";"0.0"
"2023-09-04 13:00:00.000";"28.95";"45.83";"6.10";"0.00";"0.0"
"2023-09-04 14:00:00.000";"26.68";"55.17";"5.78";"0.00";"0.0"
"2023-09-04 15:00:00.000";"26.27";"51.17";"3.25";"0.00";"0.0"
"2023-09-04 16:00:00.000";"22.95";"61.50";"7.52";"0.17";"0.0"
"2023-09-04 17:00:00.000";"23.67";"59.83";"5.05";"0.00";"0.0"
"2023-09-04 18:00:00.000";"23.35";"68.50";"2.20";"0.00";"0.0"
"2023-09-04 19:00:00.000";"19.55";"89.00";"7.08";"0.67";"10.2"
"2023-09-04 20:00:00.000";"16.32";"95.67";"1.80";"1.00";"0.9"
"2023-09-04 21:00:00.000";"15.88";"97.33";"7.57";"1.00";"0.0"
"2023-09-04 22:00:00.000";"15.72";"94.17";"5.23";"0.33";"0.0"
"2023-09-04 23:00:00.000";"16.93";"87.67";"1.87";"0.00";"0.0"
"2023-09-05 00:00:00.000";"17.58";"85.33";"3.90";"0.00";"0.0"
"2023-09-05 01:00:00.000";"17.75";"85.50";"4.00";"0.00";"0.0"
"2023-09-05 02:00:00.000";"17.60";"84.50";"3.08";"0.17";"0.0"
"2023-09-05 03:00:00.000";"16.92";"93.00";"3.42";"1.00";"0.6"
"2023-09-05 04:00:00.000";"17.30";"86.33";"5.63";"0.00";"0.0"
"2023-09-05 05:00:00.000";"17.22";"81.83";"4.67";"0.00";"0.0"
"2023-09-05 06:00:00.000";"16.15";"92.00";"2.58";"1.00";"0.6"
"2023-09-05 07:00:00.000";"15.05";"97.17";"0.45";"1.00";"1.2"
"2023-09-05 08:00:00.000";"15.45";"98.00";"1.05";"1.00";"0.9"
"2023-09-05 09:00:00.000";"16.08";"98.00";"0.80";"1.00";"0.6"
"2023-09-05 10:00:00.000";"17.23";"94.17";"3.70";"0.00";"0.0"
"2023-09-05 11:00:00.000";"18.17";"87.33";"5.43";"0.00";"0.0"
"2023-09-05 12:00:00.000";"19.83";"75.33";"4.28";"0.00";"0.0"
"2023-09-05 13:00:00.000";"22.52";"56.50";"4.68";"0.00";"0.0"
"2023-09-05 14:00:00.000";"22.72";"55.83";"6.17";"0.00";"0.0"
"2023-09-05 15:00:00.000";"23.00";"55.17";"7.77";"0.00";"0.0"
"2023-09-05 16:00:00.000";"22.90";"57.50";"7.87";"0.00";"0.0"
"2023-09-05 17:00:00.000";"21.85";"65.00";"7.72";"0.00";"0.0"
"2023-09-05 18:00:00.000";"20.27";"72.17";"6.00";"0.33";"0.6"
"2023-09-05 19:00:00.000";"16.27";"96.33";"6.12";"1.00";"3.6"
"2023-09-05 20:00:00.000";"16.20";"94.67";"6.52";"0.83";"0.3"
"2023-09-05 21:00:00.000";"17.23";"83.67";"5.58";"0.00";"0.0"
"2023-09-05 22:00:00.000";"18.53";"76.67";"5.45";"0.00";"0.0"
"2023-09-05 23:00:00.000";"19.37";"73.00";"5.73";"0.00";"0.0"
"2023-09-06 00:00:00.000";"17.90";"86.83";"3.48";"0.83";"0.9"
"2023-09-06 01:00:00.000";"17.72";"86.17";"2.97";"0.00";"0.0"
"2023-09-06 02:00:00.000";"19.02";"76.67";"5.08";"0.00";"0.0"
"2023-09-06 03:00:00.000";"20.00";"71.33";"5.67";"0.00";"0.0"
"2023-09-06 04:00:00.000";"19.78";"77.00";"4.78";"0.33";"1.2"
"2023-09-06 05:00:00.000";"19.23";"81.50";"5.95";"0.00";"0.0"
"2023-09-06 06:00:00.000";"18.32";"86.17";"2.33";"0.00";"0.0"
"2023-09-06 07:00:00.000";"17.38";"90.67";"3.70";"0.00";"0.0"
"2023-09-06 08:00:00.000";"17.87";"89.00";"3.70";"0.00";"0.0"
"2023-09-06 09:00:00.000";"17.73";"91.83";"5.78";"0.83";"0.9"
"2023-09-06 10:00:00.000";"20.30";"73.17";"5.77";"0.00";"0.0"
"2023-09-06 11:00:00.000";"21.17";"69.67";"10.52";"0.00";"0.0"
"2023-09-06 12:00:00.000";"21.57";"69.00";"10.42";"0.00";"0.0"
"2023-09-06 13:00:00.000";"21.72";"69.67";"6.17";"0.00";"0.0"
"2023-09-06 14:00:00.000";"22.52";"65.00";"4.53";"0.00";"0.0"
"2023-09-06 15:00:00.000";"23.37";"62.33";"7.35";"0.00";"0.0"
"2023-09-06 16:00:00.000";"23.47";"61.33";"4.13";"0.00";"0.0"
"2023-09-06 17:00:00.000";"24.50";"55.00";"4.05";"0.00";"0.0"
"2023-09-06 18:00:00.000";"24.00";"61.33";"2.68";"0.00";"0.0"
"2023-09-06 19:00:00.000";"23.45";"65.83";"2.12";"0.00";"0.0"
"2023-09-06 20:00:00.000";"21.98";"73.50";"2.08";"0.00";"0.0"
"2023-09-06 21:00:00.000";"21.03";"79.67";"1.68";"0.00";"0.0"
"2023-09-06 22:00:00.000";"20.38";"83.33";"0.98";"0.00";"0.0"
"2023-09-06 23:00:00.000";"19.48";"88.17";"0.38";"0.00";"0.0"
"2023-09-07 00:00:00.000";"18.82";"92.00";"0.08";"0.00";"0.0"
"2023-09-07 01:00:00.000";"20.42";"79.83";"1.60";"0.00";"0.0"
"2023-09-07 02:00:00.000";"21.18";"71.50";"2.47";"0.00";"0.0"
"2023-09-07 03:00:00.000";"21.48";"66.67";"3.57";"0.00";"0.0"
"2023-09-07 04:00:00.000";"21.92";"65.17";"3.93";"0.00";"0.0"
"2023-09-07 05:00:00.000";"21.63";"66.50";"0.88";"0.00";"0.0"
"2023-09-07 06:00:00.000";"22.23";"64.33";"1.55";"0.00";"0.0"
"2023-09-07 07:00:00.000";"20.63";"76.00";"0.83";"0.67";"0.0"
"2023-09-07 08:00:00.000";"19.25";"86.33";"1.15";"0.67";"0.0"
"2023-09-07 09:00:00.000";"20.43";"81.00";"2.53";"0.50";"0.3"
"2023-09-07 10:00:00.000";"23.68";"59.50";"6.88";"0.00";"0.0"
"2023-09-07 11:00:00.000";"24.85";"55.00";"8.47";"0.00";"0.0"
"2023-09-07 12:00:00.000";"26.00";"52.17";"8.98";"0.00";"0.0"
"2023-09-07 13:00:00.000";"26.85";"50.83";"10.28";"0.00";"0.0"
"2023-09-07 14:00:00.000";"27.77";"48.00";"11.82";"0.00";"0.0"
"2023-09-07 15:00:00.000";"27.53";"45.67";"10.68";"0.00";"0.0"
"2023-09-07 16:00:00.000";"26.90";"49.00";"5.78";"0.00";"0.0"
"2023-09-07 17:00:00.000";"27.07";"47.33";"7.35";"0.00";"0.0"
"2023-09-07 18:00:00.000";"26.22";"50.50";"7.22";"0.00";"0.0"
"2023-09-07 19:00:00.000";"24.48";"57.00";"6.23";"0.00";"0.0"
"2023-09-07 20:00:00.000";"23.98";"56.50";"6.10";"0.00";"0.0"
"2023-09-07 21:00:00.000";"23.97";"55.17";"5.90";"0.00";"0.0"
"2023-09-07 22:00:00.000";"24.20";"53.83";"6.83";"0.00";"0.0"
"2023-09-07 23:00:00.000";"24.18";"53.17";"7.07";"0.00";"0.0"
"2023-09-08 00:00:00.000";"23.97";"54.17";"7.42";"0.00";"0.0"
"2023-09-08 01:00:00.000";"24.13";"53.67";"7.90";"0.00";"0.0"
"2023-09-08 02:00:00.000";"24.05";"54.17";"6.48";"0.00";"0.0"
"2023-09-08 03:00:00.000";"23.78";"55.67";"6.20";"0.00";"0.0"
"2023-09-08 04:00:00.000";"23.43";"57.83";"6.80";"0.00";"0.0"
"2023-09-08 05:00:00.000";"23.30";"58.00";"6.85";"0.00";"0.0"
"2023-09-08 06:00:00.000";"23.20";"57.33";"6.08";"0.00";"0.0"
"2023-09-08 07:00:00.000";"23.32";"55.00";"6.68";"0.00";"0.0"
"2023-09-08 08:00:00.000";"23.10";"55.17";"7.22";"0.00";"0.0"
"2023-09-08 09:00:00.000";"23.70";"52.33";"5.98";"0.00";"0.0"
"2023-09-08 10:00:00.000";"24.20";"50.17";"5.88";"0.00";"0.0"
"2023-09-08 11:00:00.000";"25.05";"47.83";"7.37";"0.00";"0.0"
"2023-09-08 12:00:00.000";"26.80";"44.17";"9.10";"0.00";"0.0"
"2023-09-08 13:00:00.000";"27.32";"42.17";"8.37";"0.00";"0.0"
"2023-09-08 14:00:00.000";"28.27";"39.17";"7.40";"0.00";"0.0"
"2023-09-08 15:00:00.000";"29.07";"37.50";"7.35";"0.00";"0.0"
"2023-09-08 16:00:00.000";"29.15";"38.33";"4.93";"0.00";"0.0"
"2023-09-08 17:00:00.000";"28.67";"39.67";"2.75";"0.00";"0.0"
"2023-09-08 18:00:00.000";"28.18";"43.00";"1.67";"0.00";"0.0"
"2023-09-08 19:00:00.000";"26.62";"46.50";"2.47";"0.00";"0.0"
"2023-09-08 20:00:00.000";"24.43";"51.17";"2.48";"0.00";"0.0"
"2023-09-08 21:00:00.000";"23.45";"52.67";"5.72";"0.00";"0.0"
"2023-09-08 22:00:00.000";"22.95";"53.17";"4.70";"0.00";"0.0"
"2023-09-08 23:00:00.000";"22.73";"53.67";"5.02";"0.00";"0.0"
"2023-09-09 00:00:00.000";"22.93";"52.67";"6.40";"0.00";"0.0"
"2023-09-09 01:00:00.000";"23.00";"53.00";"5.00";"0.00";"0.0"
"2023-09-09 02:00:00.000";"22.78";"53.33";"5.08";"0.00";"0.0"
"2023-09-09 03:00:00.000";"22.65";"53.50";"4.40";"0.00";"0.0"
"2023-09-09 04:00:00.000";"22.38";"53.83";"4.23";"0.00";"0.0"
"2023-09-09 05:00:00.000";"22.52";"52.50";"5.65";"0.00";"0.0"
"2023-09-09 06:00:00.000";"22.77";"50.83";"4.87";"0.00";"0.0"
"2023-09-09 07:00:00.000";"22.70";"51.00";"4.02";"0.00";"0.0"
"2023-09-09 08:00:00.000";"23.08";"49.33";"4.23";"0.00";"0.0"
"2023-09-09 09:00:00.000";"23.88";"47.50";"4.38";"0.00";"0.0"
"2023-09-09 10:00:00.000";"25.77";"41.00";"5.03";"0.00";"0.0"
"2023-09-09 11:00:00.000";"26.42";"40.00";"5.58";"0.00";"0.0"
"2023-09-09 12:00:00.000";"28.27";"37.67";"2.70";"0.00";"0.0"
"2023-09-09 13:00:00.000";"29.65";"34.00";"2.22";"0.00";"0.0"
"2023-09-09 14:00:00.000";"30.33";"32.33";"4.30";"0.00";"0.0"
"2023-09-09 15:00:00.000";"28.95";"38.50";"9.43";"0.00";"0.0"
"2023-09-09 16:00:00.000";"28.77";"39.17";"8.15";"0.00";"0.0"
"2023-09-09 17:00:00.000";"28.72";"40.33";"7.78";"0.00";"0.0"
"2023-09-09 18:00:00.000";"26.95";"46.33";"7.60";"0.00";"0.0"
"2023-09-09 19:00:00.000";"25.40";"53.00";"6.18";"0.00";"0.0"
"2023-09-09 20:00:00.000";"22.75";"60.67";"1.45";"0.00";"0.0"
"2023-09-09 21:00:00.000";"19.97";"72.50";"0.08";"0.00";"0.0"
"2023-09-09 22:00:00.000";"21.12";"66.50";"1.80";"0.00";"0.0"
"2023-09-09 23:00:00.000";"22.23";"57.33";"2.18";"0.00";"0.0"
"2023-09-10 00:00:00.000";"21.88";"55.17";"1.45";"0.00";"0.0"
"2023-09-10 01:00:00.000";"21.47";"52.83";"2.47";"0.00";"0.0"
"2023-09-10 02:00:00.000";"21.40";"51.33";"5.90";"0.00";"0.0"
"2023-09-10 03:00:00.000";"21.35";"48.33";"9.52";"0.00";"0.0"
"2023-09-10 04:00:00.000";"21.35";"47.50";"5.22";"0.00";"0.0"
"2023-09-10 05:00:00.000";"21.27";"47.33";"3.43";"0.00";"0.0"
"2023-09-10 06:00:00.000";"21.18";"47.00";"3.68";"0.00";"0.0"
"2023-09-10 07:00:00.000";"20.97";"45.67";"3.45";"0.00";"0.0"
"2023-09-10 08:00:00.000";"21.38";"42.67";"3.85";"0.00";"0.0"
"2023-09-10 09:00:00.000";"23.57";"35.83";"2.37";"0.00";"0.0"
"2023-09-10 10:00:00.000";"25.45";"30.17";"3.63";"0.00";"0.0"
"2023-09-10 11:00:00.000";"27.22";"28.00";"2.58";"0.00";"0.0"
"2023-09-10 12:00:00.000";"28.45";"26.50";"3.38";"0.00";"0.0"
"2023-09-10 13:00:00.000";"29.18";"25.17";"3.23";"0.00";"0.0"
"2023-09-10 14:00:00.000";"30.05";"23.50";"3.72";"0.00";"0.0"
"2023-09-10 15:00:00.000";"28.95";"32.17";"7.38";"0.00";"0.0"
"2023-09-10 16:00:00.000";"28.72";"32.50";"6.37";"0.00";"0.0"
"2023-09-10 17:00:00.000";"29.73";"33.33";"4.07";"0.00";"0.0"
"2023-09-10 18:00:00.000";"27.87";"40.50";"3.73";"0.00";"0.0"
"2023-09-10 19:00:00.000";"26.20";"42.33";"2.60";"0.00";"0.0"
"2023-09-10 20:00:00.000";"23.87";"46.17";"1.30";"0.00";"0.0"
"2023-09-10 21:00:00.000";"22.38";"46.17";"0.92";"0.00";"0.0"
"2023-09-10 22:00:00.000";"22.07";"48.33";"2.33";"0.00";"0.0"
"2023-09-10 23:00:00.000";"21.73";"45.00";"4.37";"0.00";"0.0"
"2023-09-11 00:00:00.000";"21.88";"44.17";"5.00";"0.00";"0.0"
"2023-09-11 01:00:00.000";"21.97";"44.33";"5.33";"0.00";"0.0"
"2023-09-11 02:00:00.000";"21.88";"45.67";"4.75";"0.00";"0.0"
"2023-09-11 03:00:00.000";"21.70";"47.33";"4.88";"0.00";"0.0"
"2023-09-11 04:00:00.000";"21.67";"48.00";"3.97";"0.00";"0.0"
"2023-09-11 05:00:00.000";"21.60";"47.67";"6.92";"0.00";"0.0"
"2023-09-11 06:00:00.000";"21.15";"48.67";"5.92";"0.00";"0.0"
"2023-09-11 07:00:00.000";"20.88";"48.50";"6.58";"0.00";"0.0"
"2023-09-11 08:00:00.000";"20.93";"46.83";"3.93";"0.00";"0.0"
"2023-09-11 09:00:00.000";"22.60";"41.50";"4.88";"0.00";"0.0"
"2023-09-11 10:00:00.000";"23.72";"37.33";"5.25";"0.00";"0.0"
"2023-09-11 11:00:00.000";"25.30";"36.83";"5.70";"0.00";"0.0"
"2023-09-11 12:00:00.000";"26.47";"34.83";"6.83";"0.00";"0.0"
"2023-09-11 13:00:00.000";"28.43";"29.33";"2.80";"0.00";"0.0"
"2023-09-11 14:00:00.000";"28.57";"26.17";"4.18";"0.00";"0.0"
"2023-09-11 15:00:00.000";"28.03";"28.67";"6.90";"0.00";"0.0"
"2023-09-11 16:00:00.000";"28.52";"28.67";"6.37";"0.00";"0.0"
"2023-09-11 17:00:00.000";"27.77";"32.83";"7.30";"0.00";"0.0"
"2023-09-11 18:00:00.000";"27.15";"38.17";"6.10";"0.00";"0.0"
"2023-09-11 19:00:00.000";"26.23";"40.83";"4.75";"0.00";"0.0"
"2023-09-11 20:00:00.000";"22.87";"47.00";"1.05";"0.00";"0.0"
"2023-09-11 21:00:00.000";"19.23";"58.33";"0.00";"0.00";"0.0"
"2023-09-11 22:00:00.000";"19.95";"64.50";"0.67";"0.00";"0.0"
"2023-09-11 23:00:00.000";"21.13";"65.83";"3.83";"0.00";"0.0"
"2023-09-12 00:00:00.000";"20.58";"74.33";"3.98";"0.00";"0.0"
"2023-09-12 01:00:00.000";"21.05";"54.33";"5.77";"0.00";"0.0"
"2023-09-12 02:00:00.000";"21.68";"34.00";"6.57";"0.00";"0.0"
"2023-09-12 03:00:00.000";"21.75";"29.67";"6.18";"0.00";"0.0"
"2023-09-12 04:00:00.000";"21.93";"27.50";"4.40";"0.00";"0.0"
"2023-09-12 05:00:00.000";"21.60";"29.50";"4.42";"0.00";"0.0"
"2023-09-12 06:00:00.000";"21.47";"26.33";"4.32";"0.00";"0.0"
"2023-09-12 07:00:00.000";"20.68";"26.00";"1.10";"0.00";"0.0"
"2023-09-12 08:00:00.000";"21.08";"25.33";"1.95";"0.00";"0.0"
"2023-09-12 09:00:00.000";"25.50";"19.83";"2.03";"0.00";"0.0"
"2023-09-12 10:00:00.000";"27.12";"18.00";"2.65";"0.00";"0.0"
"2023-09-12 11:00:00.000";"28.27";"26.33";"2.98";"0.00";"0.0"
"2023-09-12 12:00:00.000";"26.93";"34.50";"5.53";"0.00";"0.0"
"2023-09-12 13:00:00.000";"26.97";"32.67";"6.63";"0.00";"0.0"
"2023-09-12 14:00:00.000";"26.75";"28.50";"8.20";"0.00";"0.0"
"2023-09-12 15:00:00.000";"26.72";"34.33";"8.87";"0.00";"0.0"
"2023-09-12 16:00:00.000";"27.13";"36.17";"8.98";"0.00";"0.0"
"2023-09-12 17:00:00.000";"26.93";"44.17";"9.18";"0.00";"0.0"
"2023-09-12 18:00:00.000";"25.72";"50.33";"9.65";"0.00";"0.0"
"2023-09-12 19:00:00.000";"25.65";"43.50";"6.08";"0.00";"0.0"
"2023-09-12 20:00:00.000";"21.63";"56.17";"0.80";"0.00";"0.0"
"2023-09-12 21:00:00.000";"18.12";"71.50";"0.02";"0.00";"0.0"
"2023-09-12 22:00:00.000";"16.70";"71.67";"0.00";"0.00";"0.0"
"2023-09-12 23:00:00.000";"17.62";"52.67";"0.13";"0.00";"0.0"
"2023-09-13 00:00:00.000";"17.95";"63.50";"0.02";"0.00";"0.0"
"2023-09-13 01:00:00.000";"17.45";"64.00";"0.22";"0.00";"0.0"
"2023-09-13 02:00:00.000";"16.72";"60.83";"0.07";"0.00";"0.0"
"2023-09-13 03:00:00.000";"15.88";"66.00";"0.00";"0.00";"0.0"
"2023-09-13 04:00:00.000";"15.45";"67.67";"0.00";"0.00";"0.0"
"2023-09-13 05:00:00.000";"16.17";"64.00";"0.40";"0.00";"0.0"
"2023-09-13 06:00:00.000";"15.82";"64.33";"0.02";"0.00";"0.0"
"2023-09-13 07:00:00.000";"15.65";"59.00";"0.00";"0.00";"0.0"
"2023-09-13 08:00:00.000";"18.45";"47.00";"0.50";"0.00";"0.0"
"2023-09-13 09:00:00.000";"25.37";"28.17";"1.45";"0.00";"0.0"
"2023-09-13 10:00:00.000";"27.48";"24.33";"2.05";"0.00";"0.0"
"2023-09-13 11:00:00.000";"28.98";"26.67";"2.40";"0.00";"0.0"
"2023-09-13 12:00:00.000";"28.77";"33.33";"3.38";"0.00";"0.0"
"2023-09-13 13:00:00.000";"27.35";"43.00";"6.30";"0.00";"0.0"
"2023-09-13 14:00:00.000";"27.20";"39.50";"6.35";"0.00";"0.0"
"2023-09-13 15:00:00.000";"27.30";"43.17";"7.23";"0.00";"0.0"
"2023-09-13 16:00:00.000";"27.67";"42.17";"7.87";"0.00";"0.0"
"2023-09-13 17:00:00.000";"27.78";"41.00";"8.40";"0.00";"0.0"
"2023-09-13 18:00:00.000";"26.17";"55.67";"7.65";"0.33";"0.0"
"2023-09-13 19:00:00.000";"25.48";"55.50";"6.82";"0.00";"0.0"
"2023-09-13 20:00:00.000";"22.58";"65.17";"1.53";"0.00";"0.0"
"2023-09-13 21:00:00.000";"18.93";"80.00";"0.00";"0.00";"0.0"
"2023-09-13 22:00:00.000";"18.05";"69.00";"0.03";"0.00";"0.0"
"2023-09-13 23:00:00.000";"17.83";"68.00";"0.10";"0.00";"0.0"
"2023-09-14 00:00:00.000";"17.47";"61.83";"0.02";"0.00";"0.0"
"2023-09-14 01:00:00.000";"17.12";"56.50";"0.42";"0.00";"0.0"
"2023-09-14 02:00:00.000";"17.32";"55.50";"0.40";"0.00";"0.0"
"2023-09-14 03:00:00.000";"16.32";"55.50";"0.00";"0.00";"0.0"
"2023-09-14 04:00:00.000";"16.60";"55.17";"0.20";"0.00";"0.0"
"2023-09-14 05:00:00.000";"15.68";"59.50";"0.03";"0.00";"0.0"
"2023-09-14 06:00:00.000";"17.05";"56.17";"0.00";"0.00";"0.0"
"2023-09-14 07:00:00.000";"16.48";"59.83";"0.00";"0.00";"0.0"
"2023-09-14 08:00:00.000";"18.73";"57.33";"0.02";"0.00";"0.0"
"2023-09-14 09:00:00.000";"25.32";"45.17";"0.12";"0.00";"0.0"
"2023-09-14 10:00:00.000";"28.62";"33.17";"1.30";"0.00";"0.0"
"2023-09-14 11:00:00.000";"29.87";"33.33";"2.63";"0.00";"0.0"
"2023-09-14 12:00:00.000";"30.38";"37.33";"3.60";"0.00";"0.0"
"2023-09-14 13:00:00.000";"30.52";"37.83";"5.05";"0.00";"0.0"
"2023-09-14 14:00:00.000";"31.48";"32.33";"5.07";"0.00";"0.0"
"2023-09-14 15:00:00.000";"31.48";"38.17";"6.07";"0.00";"0.0"
"2023-09-14 16:00:00.000";"31.57";"36.00";"6.57";"0.00";"0.0"
"2023-09-14 17:00:00.000";"31.53";"42.00";"3.25";"0.00";"0.0"
"2023-09-14 18:00:00.000";"29.83";"41.33";"2.77";"0.00";"0.0"
"2023-09-14 19:00:00.000";"28.35";"40.33";"2.90";"0.00";"0.0"
"2023-09-14 20:00:00.000";"23.75";"55.83";"0.08";"0.00";"0.0"
"2023-09-14 21:00:00.000";"19.85";"64.33";"0.00";"0.00";"0.0"
"2023-09-14 22:00:00.000";"19.00";"61.00";"0.00";"0.00";"0.0"
"2023-09-14 23:00:00.000";"18.80";"53.00";"0.07";"0.00";"0.0"
"2023-09-15 00:00:00.000";"19.08";"51.17";"0.12";"0.00";"0.0"
"2023-09-15 01:00:00.000";"18.85";"49.33";"0.00";"0.00";"0.0"
"2023-09-15 02:00:00.000";"17.50";"49.33";"0.00";"0.00";"0.0"
"2023-09-15 03:00:00.000";"16.72";"49.17";"0.00";"0.00";"0.0"
"2023-09-15 04:00:00.000";"16.47";"49.00";"0.00";"0.00";"0.0"
"2023-09-15 05:00:00.000";"17.60";"46.17";"0.03";"0.00";"0.0"
"2023-09-15 06:00:00.000";"16.90";"48.83";"0.53";"0.00";"0.0"
"2023-09-15 07:00:00.000";"14.92";"53.50";"0.00";"0.00";"0.0"
"2023-09-15 08:00:00.000";"17.38";"47.67";"0.03";"0.00";"0.0"
"2023-09-15 09:00:00.000";"24.82";"38.17";"0.05";"0.00";"0.0"
"2023-09-15 10:00:00.000";"28.90";"31.83";"0.55";"0.00";"0.0"
"2023-09-15 11:00:00.000";"29.93";"34.17";"1.28";"0.00";"0.0"
"2023-09-15 12:00:00.000";"29.37";"39.67";"3.78";"0.00";"0.0"
"2023-09-15 13:00:00.000";"29.30";"43.50";"5.87";"0.00";"0.0"
"2023-09-15 14:00:00.000";"29.38";"41.33";"7.25";"0.00";"0.0"
"2023-09-15 15:00:00.000";"29.90";"42.17";"7.52";"0.00";"0.0"
"2023-09-15 16:00:00.000";"30.12";"41.33";"6.62";"0.00";"0.0"
"2023-09-15 17:00:00.000";"29.68";"44.00";"7.48";"0.00";"0.0"
"2023-09-15 18:00:00.000";"28.67";"45.17";"5.62";"0.00";"0.0"
"2023-09-15 19:00:00.000";"25.53";"65.17";"4.98";"0.00";"0.0"
"2023-09-15 20:00:00.000";"22.05";"84.50";"0.70";"0.00";"0.0"
"2023-09-15 21:00:00.000";"19.22";"92.17";"0.00";"0.00";"0.0"
"2023-09-15 22:00:00.000";"18.92";"77.83";"0.08";"0.00";"0.0"
"2023-09-15 23:00:00.000";"18.37";"76.17";"0.00";"0.00";"0.0"
"2023-09-16 00:00:00.000";"18.03";"75.17";"0.00";"0.00";"0.0"
"2023-09-16 01:00:00.000";"18.08";"63.83";"0.15";"0.00";"0.0"
"2023-09-16 02:00:00.000";"18.25";"61.17";"0.08";"0.00";"0.0"
"2023-09-16 03:00:00.000";"17.65";"62.67";"0.02";"0.00";"0.0"
"2023-09-16 04:00:00.000";"18.00";"61.00";"0.00";"0.00";"0.0"
"2023-09-16 05:00:00.000";"17.58";"65.33";"0.00";"0.00";"0.0"
"2023-09-16 06:00:00.000";"17.57";"62.50";"0.03";"0.00";"0.0"
"2023-09-16 07:00:00.000";"17.22";"53.83";"0.02";"0.00";"0.0"
"2023-09-16 08:00:00.000";"17.82";"53.17";"0.00";"0.00";"0.0"
"2023-09-16 09:00:00.000";"24.92";"43.67";"0.03";"0.00";"0.0"
"2023-09-16 10:00:00.000";"28.72";"30.83";"1.02";"0.00";"0.0"
"2023-09-16 11:00:00.000";"28.93";"33.00";"2.95";"0.00";"0.0"
"2023-09-16 12:00:00.000";"30.53";"32.17";"3.80";"0.00";"0.0"
"2023-09-16 13:00:00.000";"31.18";"32.33";"4.02";"0.00";"0.0"
"2023-09-16 14:00:00.000";"30.18";"36.67";"7.92";"0.00";"0.0"
"2023-09-16 15:00:00.000";"30.52";"35.50";"6.28";"0.00";"0.0"
"2023-09-16 16:00:00.000";"31.32";"34.50";"5.10";"0.00";"0.0"
"2023-09-16 17:00:00.000";"31.15";"35.50";"5.18";"0.00";"0.0"
"2023-09-16 18:00:00.000";"30.52";"34.17";"3.53";"0.00";"0.0"
"2023-09-16 19:00:00.000";"28.78";"47.33";"2.73";"0.00";"0.0"
"2023-09-16 20:00:00.000";"24.70";"50.17";"1.02";"0.00";"0.0"
"2023-09-16 21:00:00.000";"21.73";"62.00";"0.30";"0.00";"0.0"
"2023-09-16 22:00:00.000";"19.67";"67.17";"0.07";"0.00";"0.0"
"2023-09-16 23:00:00.000";"23.02";"40.83";"1.58";"0.00";"0.0"
"2023-09-17 00:00:00.000";"21.40";"45.67";"0.38";"0.00";"0.0"
"2023-09-17 01:00:00.000";"20.52";"50.50";"0.77";"0.00";"0.0"
"2023-09-17 02:00:00.000";"19.27";"54.17";"0.00";"0.00";"0.0"
"2023-09-17 03:00:00.000";"19.07";"55.33";"0.32";"0.00";"0.0"
"2023-09-17 04:00:00.000";"18.52";"56.83";"0.00";"0.00";"0.0"
"2023-09-17 05:00:00.000";"18.95";"58.00";"0.15";"0.00";"0.0"
"2023-09-17 06:00:00.000";"19.73";"57.17";"0.63";"0.00";"0.0"
"2023-09-17 07:00:00.000";"19.75";"58.00";"0.42";"0.00";"0.0"
"2023-09-17 08:00:00.000";"19.55";"58.50";"0.22";"0.00";"0.0"
"2023-09-17 09:00:00.000";"24.50";"47.83";"0.12";"0.00";"0.0"
"2023-09-17 10:00:00.000";"29.38";"32.67";"0.32";"0.00";"0.0"
"2023-09-17 11:00:00.000";"30.17";"32.83";"1.95";"0.00";"0.0"
"2023-09-17 12:00:00.000";"30.18";"31.67";"3.48";"0.00";"0.0"
"2023-09-17 13:00:00.000";"29.38";"37.50";"5.80";"0.00";"0.0"
"2023-09-17 14:00:00.000";"28.35";"41.33";"6.75";"0.00";"0.0"
"2023-09-17 15:00:00.000";"28.48";"44.00";"6.42";"0.00";"0.0"
"2023-09-17 16:00:00.000";"28.50";"41.67";"8.20";"0.00";"0.0"
"2023-09-17 17:00:00.000";"28.22";"49.17";"9.28";"0.00";"0.0"
"2023-09-17 18:00:00.000";"28.15";"53.17";"6.87";"0.00";"0.0"
"2023-09-17 19:00:00.000";"27.58";"58.17";"2.55";"0.00";"0.0"
"2023-09-17 20:00:00.000";"24.30";"73.17";"1.15";"0.00";"0.0"
"2023-09-17 21:00:00.000";"22.33";"83.50";"0.25";"0.00";"0.0"
"2023-09-17 22:00:00.000";"20.45";"89.67";"0.02";"0.00";"0.0"
"2023-09-17 23:00:00.000";"19.55";"86.00";"0.07";"0.00";"0.0"
"2023-09-18 00:00:00.000";"19.83";"74.17";"0.00";"0.00";"0.0"
"2023-09-18 01:00:00.000";"19.47";"77.33";"0.02";"0.00";"0.0"
"2023-09-18 02:00:00.000";"20.22";"72.00";"0.63";"0.00";"0.0"
"2023-09-18 03:00:00.000";"23.03";"55.83";"2.98";"0.00";"0.0"
"2023-09-18 04:00:00.000";"22.70";"54.00";"1.55";"0.00";"0.0"
"2023-09-18 05:00:00.000";"23.08";"47.83";"4.55";"0.00";"0.0"
"2023-09-18 06:00:00.000";"22.75";"48.67";"2.63";"0.00";"0.0"
"2023-09-18 07:00:00.000";"22.68";"49.67";"3.32";"0.00";"0.0"
"2023-09-18 08:00:00.000";"22.83";"49.17";"4.17";"0.00";"0.0"
"2023-09-18 09:00:00.000";"24.22";"47.50";"3.32";"0.00";"0.0"
"2023-09-18 10:00:00.000";"25.78";"43.67";"4.12";"0.00";"0.0"
"2023-09-18 11:00:00.000";"27.05";"42.17";"6.30";"0.00";"0.0"
"2023-09-18 12:00:00.000";"28.17";"39.67";"5.25";"0.00";"0.0"
"2023-09-18 13:00:00.000";"28.95";"37.17";"5.38";"0.00";"0.0"
"2023-09-18 14:00:00.000";"29.27";"35.00";"2.12";"0.00";"0.0"
"2023-09-18 15:00:00.000";"30.37";"33.83";"3.35";"0.00";"0.0"
"2023-09-18 16:00:00.000";"30.05";"33.17";"7.72";"0.00";"0.0"
"2023-09-18 17:00:00.000";"29.70";"35.83";"5.83";"0.00";"0.0"
"2023-09-18 18:00:00.000";"28.07";"42.17";"5.88";"0.00";"0.0"
"2023-09-18 19:00:00.000";"26.65";"51.50";"5.18";"0.00";"0.0"
"2023-09-18 20:00:00.000";"23.92";"67.33";"2.53";"0.00";"0.0"
"2023-09-18 21:00:00.000";"21.45";"77.50";"0.43";"0.00";"0.0"
"2023-09-18 22:00:00.000";"20.68";"79.33";"1.12";"0.00";"0.0"
"2023-09-18 23:00:00.000";"21.30";"83.00";"3.78";"0.00";"0.0"
"2023-09-19 00:00:00.000";"21.03";"85.50";"5.75";"0.00";"0.0"
"2023-09-19 01:00:00.000";"20.73";"85.67";"4.40";"0.00";"0.0"
"2023-09-19 02:00:00.000";"20.42";"77.50";"2.85";"0.00";"0.0"
"2023-09-19 03:00:00.000";"20.58";"65.17";"2.78";"0.00";"0.0"
"2023-09-19 04:00:00.000";"20.20";"63.50";"2.37";"0.00";"0.0"
"2023-09-19 05:00:00.000";"19.20";"63.33";"0.80";"0.00";"0.0"
"2023-09-19 06:00:00.000";"16.65";"71.83";"0.22";"0.00";"0.0"
"2023-09-19 07:00:00.000";"16.50";"72.17";"0.42";"0.00";"0.0"
"2023-09-19 08:00:00.000";"17.23";"69.17";"0.00";"0.00";"0.0"
"2023-09-19 09:00:00.000";"23.68";"55.17";"0.02";"0.00";"0.0"
"2023-09-19 10:00:00.000";"24.72";"53.00";"1.62";"0.00";"0.0"
"2023-09-19 11:00:00.000";"26.38";"50.33";"2.35";"0.00";"0.0"
"2023-09-19 12:00:00.000";"28.32";"42.50";"2.25";"0.00";"0.0"
"2023-09-19 13:00:00.000";"28.62";"36.83";"4.57";"0.00";"0.0"
"2023-09-19 14:00:00.000";"27.32";"40.33";"8.52";"0.00";"0.0"
"2023-09-19 15:00:00.000";"27.82";"37.83";"8.73";"0.00";"0.0"
"2023-09-19 16:00:00.000";"28.47";"37.50";"9.27";"0.00";"0.0"
"2023-09-19 17:00:00.000";"28.57";"40.50";"7.82";"0.00";"0.0"
"2023-09-19 18:00:00.000";"27.45";"45.33";"7.77";"0.00";"0.0"
"2023-09-19 19:00:00.000";"26.53";"53.83";"2.73";"0.00";"0.0"
"2023-09-19 20:00:00.000";"23.42";"65.50";"1.08";"0.00";"0.0"
"2023-09-19 21:00:00.000";"22.03";"65.67";"1.35";"0.00";"0.0"
"2023-09-19 22:00:00.000";"18.97";"79.83";"0.00";"0.00";"0.0"
"2023-09-19 23:00:00.000";"18.28";"80.17";"0.00";"0.00";"0.0"
"2023-09-20 00:00:00.000";"18.02";"80.50";"0.02";"0.00";"0.0"
"2023-09-20 01:00:00.000";"17.93";"78.83";"0.00";"0.00";"0.0"
"2023-09-20 02:00:00.000";"18.17";"81.50";"0.02";"0.00";"0.0"
"2023-09-20 03:00:00.000";"17.67";"84.17";"0.07";"0.00";"0.0"
"2023-09-20 04:00:00.000";"17.25";"84.83";"0.05";"0.00";"0.0"
"2023-09-20 05:00:00.000";"16.80";"87.67";"0.00";"0.00";"0.0"
"2023-09-20 06:00:00.000";"17.58";"83.50";"0.22";"0.00";"0.0"
"2023-09-20 07:00:00.000";"17.25";"85.17";"0.00";"0.00";"0.0"
"2023-09-20 08:00:00.000";"17.32";"85.50";"0.03";"0.00";"0.0"
"2023-09-20 09:00:00.000";"22.40";"75.50";"0.12";"0.00";"0.0"
"2023-09-20 10:00:00.000";"26.72";"58.00";"0.33";"0.00";"0.0"
"2023-09-20 11:00:00.000";"27.98";"54.67";"1.87";"0.00";"0.0"
"2023-09-20 12:00:00.000";"28.45";"51.50";"3.07";"0.00";"0.0"
"2023-09-20 13:00:00.000";"28.95";"50.83";"4.82";"0.00";"0.0"
"2023-09-20 14:00:00.000";"28.67";"49.83";"6.28";"0.00";"0.0"
"2023-09-20 15:00:00.000";"27.95";"57.67";"6.17";"0.00";"0.0"
"2023-09-20 16:00:00.000";"27.48";"63.00";"5.62";"0.00";"0.0"
"2023-09-20 17:00:00.000";"26.48";"68.83";"6.33";"0.00";"0.0"
"2023-09-20 18:00:00.000";"26.08";"73.00";"4.33";"0.00";"0.0"
"2023-09-20 19:00:00.000";"24.83";"79.00";"3.37";"0.00";"0.0"
"2023-09-20 20:00:00.000";"22.55";"90.17";"0.48";"0.00";"0.0"
"2023-09-20 21:00:00.000";"20.47";"97.00";"0.07";"1.00";"0.0"
"2023-09-20 22:00:00.000";"19.87";"98.00";"0.07";"1.00";"0.0"
"2023-09-20 23:00:00.000";"18.72";"98.50";"0.00";"1.00";"0.0"
"2023-09-21 00:00:00.000";"17.82";"99.00";"0.02";"1.00";"0.0"
"2023-09-21 01:00:00.000";"17.68";"99.00";"0.17";"1.00";"0.0"
"2023-09-21 02:00:00.000";"17.80";"99.00";"0.00";"1.00";"0.0"
"2023-09-21 03:00:00.000";"17.25";"96.50";"0.00";"0.33";"0.0"
"2023-09-21 04:00:00.000";"17.12";"85.67";"0.00";"0.00";"0.0"
"2023-09-21 05:00:00.000";"17.78";"76.67";"0.05";"0.00";"0.0"
"2023-09-21 06:00:00.000";"17.70";"78.50";"0.00";"0.00";"0.0"
"2023-09-21 07:00:00.000";"19.28";"68.83";"0.20";"0.00";"0.0"
"2023-09-21 08:00:00.000";"19.58";"67.00";"0.22";"0.00";"0.0"
"2023-09-21 09:00:00.000";"23.55";"59.33";"0.03";"0.00";"0.0"
"2023-09-21 10:00:00.000";"28.07";"44.83";"1.93";"0.00";"0.0"
"2023-09-21 11:00:00.000";"29.48";"41.17";"3.45";"0.00";"0.0"
"2023-09-21 12:00:00.000";"27.10";"57.33";"7.52";"0.00";"0.0"
"2023-09-21 13:00:00.000";"26.47";"58.00";"6.92";"0.00";"0.0"
"2023-09-21 14:00:00.000";"26.72";"57.67";"6.67";"0.00";"0.0"
"2023-09-21 15:00:00.000";"27.87";"52.50";"5.90";"0.00";"0.0"
"2023-09-21 16:00:00.000";"29.48";"47.67";"5.08";"0.00";"0.0"
"2023-09-21 17:00:00.000";"29.38";"51.67";"4.13";"0.00";"0.0"
"2023-09-21 18:00:00.000";"29.28";"56.50";"1.73";"0.00";"0.0"
"2023-09-21 19:00:00.000";"28.03";"66.33";"0.38";"0.00";"0.0"
"2023-09-21 20:00:00.000";"24.07";"76.67";"0.22";"0.00";"0.0"
"2023-09-21 21:00:00.000";"21.18";"86.17";"0.05";"0.00";"0.0"
"2023-09-21 22:00:00.000";"20.65";"86.33";"0.37";"0.00";"0.0"
"2023-09-21 23:00:00.000";"20.67";"86.00";"0.27";"0.00";"0.0"
"2023-09-22 00:00:00.000";"19.82";"79.67";"0.63";"0.00";"0.0"
"2023-09-22 01:00:00.000";"19.12";"79.00";"0.22";"0.00";"0.0"
"2023-09-22 02:00:00.000";"19.58";"78.00";"0.35";"0.00";"0.0"
"2023-09-22 03:00:00.000";"19.77";"74.00";"0.22";"0.00";"0.0"
"2023-09-22 04:00:00.000";"20.85";"76.83";"0.87";"0.00";"0.0"
"2023-09-22 05:00:00.000";"19.00";"77.33";"0.32";"0.00";"0.0"
"2023-09-22 06:00:00.000";"18.35";"71.33";"0.00";"0.00";"0.0"
"2023-09-22 07:00:00.000";"18.53";"78.17";"0.03";"0.00";"0.0"
"2023-09-22 08:00:00.000";"18.68";"79.17";"0.00";"0.00";"0.0"
"2023-09-22 09:00:00.000";"22.85";"69.00";"0.00";"0.00";"0.0"
"2023-09-22 10:00:00.000";"27.10";"52.83";"0.78";"0.00";"0.0"
"2023-09-22 11:00:00.000";"28.57";"51.00";"3.30";"0.00";"0.0"
"2023-09-22 12:00:00.000";"29.25";"49.17";"4.93";"0.00";"0.0"
"2023-09-22 13:00:00.000";"30.42";"46.17";"5.82";"0.00";"0.0"
"2023-09-22 14:00:00.000";"30.77";"47.00";"7.97";"0.00";"0.0"
"2023-09-22 15:00:00.000";"30.50";"51.67";"9.08";"0.00";"0.0"
"2023-09-22 16:00:00.000";"31.62";"40.50";"8.40";"0.00";"0.0"
"2023-09-22 17:00:00.000";"32.58";"33.50";"5.75";"0.00";"0.0"
"2023-09-22 18:00:00.000";"32.13";"32.17";"2.42";"0.00";"0.0"
"2023-09-22 19:00:00.000";"29.17";"45.33";"3.47";"0.00";"0.0"
"2023-09-22 20:00:00.000";"24.10";"72.17";"0.58";"0.00";"0.0"
"2023-09-22 21:00:00.000";"21.88";"61.00";"0.00";"0.00";"0.0"
"2023-09-22 22:00:00.000";"21.75";"54.33";"0.00";"0.00";"0.0"
"2023-09-22 23:00:00.000";"22.48";"48.67";"0.07";"0.00";"0.0"
"2023-09-23 00:00:00.000";"22.40";"48.17";"0.03";"0.00";"0.0"
"2023-09-23 01:00:00.000";"21.65";"49.33";"0.00";"0.00";"0.0"
"2023-09-23 02:00:00.000";"21.80";"47.50";"0.00";"0.00";"0.0"
"2023-09-23 03:00:00.000";"21.80";"45.67";"0.00";"0.00";"0.0"
"2023-09-23 04:00:00.000";"21.87";"43.83";"0.00";"0.00";"0.0"
"2023-09-23 05:00:00.000";"22.32";"42.17";"0.00";"0.00";"0.0"
"2023-09-23 06:00:00.000";"22.08";"42.33";"0.03";"0.00";"0.0"
"2023-09-23 07:00:00.000";"21.90";"43.17";"0.02";"0.00";"0.0"
"2023-09-23 08:00:00.000";"22.15";"42.50";"0.02";"0.00";"0.0"
"2023-09-23 09:00:00.000";"25.95";"41.00";"0.07";"0.00";"0.0"
"2023-09-23 10:00:00.000";"30.80";"30.50";"1.07";"0.00";"0.0"
"2023-09-23 11:00:00.000";"32.78";"28.17";"1.65";"0.00";"0.0"
"2023-09-23 12:00:00.000";"33.40";"25.00";"2.47";"0.00";"0.0"
"2023-09-23 13:00:00.000";"33.82";"28.33";"3.73";"0.00";"0.0"
"2023-09-23 14:00:00.000";"32.07";"35.17";"7.52";"0.00";"0.0"
"2023-09-23 15:00:00.000";"32.32";"33.83";"5.62";"0.00";"0.0"
"2023-09-23 16:00:00.000";"32.65";"32.17";"5.33";"0.00";"0.0"
"2023-09-23 17:00:00.000";"31.48";"33.33";"6.48";"0.00";"0.0"
"2023-09-23 18:00:00.000";"30.33";"38.67";"5.92";"0.00";"0.0"
"2023-09-23 19:00:00.000";"27.95";"50.00";"4.63";"0.00";"0.0"
"2023-09-23 20:00:00.000";"24.50";"60.00";"0.00";"0.00";"0.0"
"2023-09-23 21:00:00.000";"22.70";"61.67";"0.12";"0.00";"0.0"
"2023-09-23 22:00:00.000";"21.47";"62.33";"0.00";"0.00";"0.0"
"2023-09-23 23:00:00.000";"21.27";"56.17";"0.07";"0.00";"0.0"
"2023-09-24 00:00:00.000";"22.18";"57.33";"0.57";"0.00";"0.0"
"2023-09-24 01:00:00.000";"22.18";"55.67";"0.13";"0.00";"0.0"
"2023-09-24 02:00:00.000";"21.70";"56.00";"0.62";"0.00";"0.0"
"2023-09-24 03:00:00.000";"21.42";"51.67";"0.30";"0.00";"0.0"
"2023-09-24 04:00:00.000";"21.12";"49.17";"0.57";"0.00";"0.0"
"2023-09-24 05:00:00.000";"20.33";"51.50";"0.00";"0.00";"0.0"
"2023-09-24 06:00:00.000";"21.33";"49.17";"0.62";"0.00";"0.0"
"2023-09-24 07:00:00.000";"21.43";"50.17";"0.33";"0.00";"0.0"
"2023-09-24 08:00:00.000";"21.87";"47.00";"1.12";"0.00";"0.0"
"2023-09-24 09:00:00.000";"24.80";"41.17";"1.15";"0.00";"0.0"
"2023-09-24 10:00:00.000";"27.93";"34.17";"2.65";"0.00";"0.0"
"2023-09-24 11:00:00.000";"29.28";"33.33";"4.15";"0.00";"0.0"
"2023-09-24 12:00:00.000";"29.07";"35.33";"5.95";"0.00";"0.0"
"2023-09-24 13:00:00.000";"30.27";"33.33";"5.90";"0.00";"0.0"
"2023-09-24 14:00:00.000";"30.25";"31.17";"5.38";"0.00";"0.0"
"2023-09-24 15:00:00.000";"30.62";"32.83";"6.20";"0.00";"0.0"
"2023-09-24 16:00:00.000";"28.60";"42.83";"5.70";"0.00";"0.0"
"2023-09-24 17:00:00.000";"27.87";"48.50";"3.92";"0.00";"0.0"
"2023-09-24 18:00:00.000";"26.50";"63.00";"3.55";"0.00";"0.0"
"2023-09-24 19:00:00.000";"23.93";"77.67";"3.83";"0.00";"0.0"
"2023-09-24 20:00:00.000";"22.43";"85.00";"1.55";"0.00";"0.0"
"2023-09-24 21:00:00.000";"21.55";"95.17";"1.73";"0.00";"0.0"
"2023-09-24 22:00:00.000";"20.58";"96.17";"0.43";"0.00";"0.0"
"2023-09-24 23:00:00.000";"19.42";"92.50";"0.08";"0.00";"0.0"
"2023-09-25 00:00:00.000";"18.45";"96.50";"0.00";"0.50";"0.0"
"2023-09-25 01:00:00.000";"18.55";"97.33";"0.18";"0.33";"0.0"
"2023-09-25 02:00:00.000";"18.62";"97.17";"0.00";"0.50";"0.0"
"2023-09-25 03:00:00.000";"18.60";"98.50";"0.00";"1.00";"0.0"
"2023-09-25 04:00:00.000";"18.55";"99.00";"0.08";"1.00";"0.0"
"2023-09-25 05:00:00.000";"18.75";"99.00";"0.23";"1.00";"0.0"
"2023-09-25 06:00:00.000";"18.57";"99.00";"0.02";"1.00";"0.0"
"2023-09-25 07:00:00.000";"17.85";"98.67";"0.00";"0.50";"0.0"
"2023-09-25 08:00:00.000";"18.08";"95.33";"0.07";"0.00";"0.0"
"2023-09-25 09:00:00.000";"19.53";"86.50";"0.60";"0.00";"0.0"
"2023-09-25 10:00:00.000";"21.83";"75.17";"1.82";"0.00";"0.0"
"2023-09-25 11:00:00.000";"24.00";"63.50";"2.75";"0.00";"0.0"
"2023-09-25 12:00:00.000";"25.43";"58.17";"2.82";"0.00";"0.0"
"2023-09-25 13:00:00.000";"26.82";"47.50";"6.83";"0.00";"0.0"
"2023-09-25 14:00:00.000";"26.32";"43.67";"7.68";"0.00";"0.0"
"2023-09-25 15:00:00.000";"26.27";"46.17";"8.75";"0.00";"0.0"
"2023-09-25 16:00:00.000";"26.33";"44.17";"7.75";"0.00";"0.0"
"2023-09-25 17:00:00.000";"25.52";"49.67";"7.42";"0.00";"0.0"
"2023-09-25 18:00:00.000";"23.97";"55.00";"7.37";"0.00";"0.0"
"2023-09-25 19:00:00.000";"22.22";"66.33";"5.12";"0.00";"0.0"
"2023-09-25 20:00:00.000";"19.68";"76.83";"3.38";"0.00";"0.0"
"2023-09-25 21:00:00.000";"18.20";"81.00";"1.90";"0.00";"0.0"
"2023-09-25 22:00:00.000";"16.38";"78.17";"1.00";"0.00";"0.0"
"2023-09-25 23:00:00.000";"15.95";"67.00";"1.63";"0.00";"0.0"
"2023-09-26 00:00:00.000";"16.27";"77.67";"1.10";"0.00";"0.0"
"2023-09-26 01:00:00.000";"15.82";"87.00";"0.22";"0.00";"0.0"
"2023-09-26 02:00:00.000";"15.55";"87.67";"0.22";"0.00";"0.0"
"2023-09-26 03:00:00.000";"14.68";"92.83";"0.03";"0.00";"0.0"
"2023-09-26 04:00:00.000";"14.62";"92.67";"0.08";"0.33";"0.0"
"2023-09-26 05:00:00.000";"15.18";"95.67";"0.70";"0.33";"0.0"
"2023-09-26 06:00:00.000";"14.20";"96.83";"0.07";"0.83";"0.0"
"2023-09-26 07:00:00.000";"14.55";"95.00";"0.03";"0.00";"0.0"
"2023-09-26 08:00:00.000";"16.50";"91.00";"0.92";"0.00";"0.0"
"2023-09-26 09:00:00.000";"20.45";"76.50";"0.42";"0.00";"0.0"
"2023-09-26 10:00:00.000";"22.40";"64.50";"1.90";"0.00";"0.0"
"2023-09-26 11:00:00.000";"24.52";"50.33";"1.95";"0.00";"0.0"
"2023-09-26 12:00:00.000";"25.32";"46.33";"2.93";"0.00";"0.0"
"2023-09-26 13:00:00.000";"23.58";"58.17";"5.25";"0.00";"0.0"
"2023-09-26 14:00:00.000";"23.00";"60.00";"5.08";"0.00";"0.0"
"2023-09-26 15:00:00.000";"22.12";"70.00";"1.18";"0.00";"0.0"
"2023-09-26 16:00:00.000";"22.57";"67.17";"2.40";"0.00";"0.0"
"2023-09-26 17:00:00.000";"22.05";"69.50";"3.65";"0.00";"0.0"
"2023-09-26 18:00:00.000";"21.55";"72.33";"3.30";"0.00";"0.0"
"2023-09-26 19:00:00.000";"19.88";"77.50";"1.35";"0.00";"0.0"
"2023-09-26 20:00:00.000";"19.10";"77.83";"0.20";"0.00";"0.0"
"2023-09-26 21:00:00.000";"17.52";"84.50";"0.05";"0.00";"0.0"
"2023-09-26 22:00:00.000";"17.73";"84.83";"0.15";"0.00";"0.0"
"2023-09-26 23:00:00.000";"17.97";"81.83";"0.32";"0.00";"0.0"
"2023-09-27 00:00:00.000";"18.02";"77.50";"0.23";"0.00";"0.0"
"2023-09-27 01:00:00.000";"17.60";"80.67";"0.25";"0.00";"0.0"
"2023-09-27 02:00:00.000";"17.70";"78.17";"0.43";"0.00";"0.0"
"2023-09-27 03:00:00.000";"16.70";"82.83";"0.35";"0.00";"0.0"
"2023-09-27 04:00:00.000";"15.72";"87.83";"0.02";"0.00";"0.0"
"2023-09-27 05:00:00.000";"15.38";"91.17";"0.02";"0.00";"0.0"
"2023-09-27 06:00:00.000";"15.15";"92.67";"0.00";"0.00";"0.0"
"2023-09-27 07:00:00.000";"16.40";"87.83";"0.03";"0.00";"0.0"
"2023-09-27 08:00:00.000";"16.92";"85.50";"0.02";"0.00";"0.0"
"2023-09-27 09:00:00.000";"18.62";"80.00";"0.00";"0.00";"0.0"
"2023-09-27 10:00:00.000";"22.07";"62.50";"0.38";"0.00";"0.0"
"2023-09-27 11:00:00.000";"23.10";"57.17";"1.52";"0.00";"0.0"
"2023-09-27 12:00:00.000";"22.70";"58.83";"1.78";"0.00";"0.0"
"2023-09-27 13:00:00.000";"21.92";"65.17";"4.70";"0.00";"0.0"
"2023-09-27 14:00:00.000";"22.38";"63.50";"3.33";"0.00";"0.0"
"2023-09-27 15:00:00.000";"21.92";"56.33";"4.63";"0.00";"0.0"
"2023-09-27 16:00:00.000";"22.10";"53.50";"3.70";"0.00";"0.0"
"2023-09-27 17:00:00.000";"23.32";"52.83";"2.20";"0.00";"0.0"
"2023-09-27 18:00:00.000";"22.15";"64.83";"1.82";"0.00";"0.0"
"2023-09-27 19:00:00.000";"20.17";"77.33";"0.37";"0.00";"0.0"
"2023-09-27 20:00:00.000";"19.03";"82.67";"0.00";"0.00";"0.0"
"2023-09-27 21:00:00.000";"18.73";"74.83";"0.13";"0.00";"0.0"
"2023-09-27 22:00:00.000";"20.00";"67.67";"1.02";"0.00";"0.0"
"2023-09-27 23:00:00.000";"18.95";"71.00";"0.12";"0.00";"0.0"
"2023-09-28 00:00:00.000";"17.70";"75.50";"0.10";"0.00";"0.0"
"2023-09-28 01:00:00.000";"17.48";"74.67";"0.07";"0.00";"0.0"
"2023-09-28 02:00:00.000";"16.87";"76.17";"0.27";"0.00";"0.0"
"2023-09-28 03:00:00.000";"15.92";"78.67";"0.22";"0.00";"0.0"
"2023-09-28 04:00:00.000";"17.12";"77.50";"0.75";"0.00";"0.0"
"2023-09-28 05:00:00.000";"15.92";"82.17";"0.02";"0.00";"0.0"
"2023-09-28 06:00:00.000";"15.00";"86.33";"0.03";"0.00";"0.0"
"2023-09-28 07:00:00.000";"14.82";"86.17";"0.02";"0.00";"0.0"
"2023-09-28 08:00:00.000";"14.40";"88.67";"0.10";"0.00";"0.0"
"2023-09-28 09:00:00.000";"20.17";"68.83";"0.28";"0.00";"0.0"
"2023-09-28 10:00:00.000";"24.27";"53.50";"0.55";"0.00";"0.0"
"2023-09-28 11:00:00.000";"24.95";"52.50";"1.98";"0.00";"0.0"
"2023-09-28 12:00:00.000";"25.90";"47.67";"3.22";"0.00";"0.0"
"2023-09-28 13:00:00.000";"22.50";"63.33";"4.73";"0.00";"0.0"
"2023-09-28 14:00:00.000";"22.28";"65.50";"5.80";"0.00";"0.0"
"2023-09-28 15:00:00.000";"22.05";"66.67";"5.48";"0.00";"0.0"
"2023-09-28 16:00:00.000";"20.40";"79.00";"3.92";"0.50";"0.0"
"2023-09-28 17:00:00.000";"20.02";"83.83";"3.28";"1.00";"0.0"
"2023-09-28 18:00:00.000";"21.23";"76.50";"1.32";"0.00";"0.0"
"2023-09-28 19:00:00.000";"20.75";"77.83";"0.83";"0.00";"0.0"
"2023-09-28 20:00:00.000";"19.53";"80.83";"0.00";"0.00";"0.0"
"2023-09-28 21:00:00.000";"18.18";"85.83";"0.05";"0.00";"0.0"
"2023-09-28 22:00:00.000";"17.62";"90.50";"0.13";"0.00";"0.0"
"2023-09-28 23:00:00.000";"16.57";"92.00";"0.37";"0.00";"0.0"
"2023-09-29 00:00:00.000";"15.23";"94.67";"0.05";"0.00";"0.0"
"2023-09-29 01:00:00.000";"15.08";"92.00";"0.00";"0.00";"0.0"
"2023-09-29 02:00:00.000";"15.53";"89.50";"0.05";"0.00";"0.0"
"2023-09-29 03:00:00.000";"15.93";"87.83";"0.18";"0.00";"0.0"
"2023-09-29 04:00:00.000";"15.37";"90.67";"0.50";"0.00";"0.0"
"2023-09-29 05:00:00.000";"14.88";"91.17";"0.02";"0.00";"0.0"
"2023-09-29 06:00:00.000";"14.55";"90.67";"0.02";"0.00";"0.0"
"2023-09-29 07:00:00.000";"15.53";"88.17";"0.38";"0.00";"0.0"
"2023-09-29 08:00:00.000";"14.77";"89.83";"0.00";"0.00";"0.0"
"2023-09-29 09:00:00.000";"19.55";"70.83";"0.65";"0.00";"0.0"
"2023-09-29 10:00:00.000";"22.97";"54.00";"1.57";"0.00";"0.0"
"2023-09-29 11:00:00.000";"24.50";"51.83";"3.25";"0.00";"0.0"
"2023-09-29 12:00:00.000";"25.73";"46.00";"3.90";"0.00";"0.0"
"2023-09-29 13:00:00.000";"24.67";"51.50";"3.90";"0.00";"0.0"
"2023-09-29 14:00:00.000";"23.90";"56.67";"4.43";"0.00";"0.0"
"2023-09-29 15:00:00.000";"24.72";"51.67";"6.78";"0.00";"0.0"
"2023-09-29 16:00:00.000";"22.50";"69.00";"4.68";"0.67";"0.0"
"2023-09-29 17:00:00.000";"19.67";"91.17";"1.00";"1.00";"1.8"
"2023-09-29 18:00:00.000";"20.63";"89.00";"0.80";"1.00";"0.3"
"2023-09-29 19:00:00.000";"19.83";"83.67";"1.73";"0.50";"0.0"
"2023-09-29 20:00:00.000";"18.30";"87.67";"0.02";"0.00";"0.0"
"2023-09-29 21:00:00.000";"17.57";"91.50";"1.18";"0.00";"0.0"
"2023-09-29 22:00:00.000";"16.37";"96.83";"0.48";"0.00";"0.0"
"2023-09-29 23:00:00.000";"15.93";"96.17";"0.05";"0.00";"0.0"
"2023-09-30 00:00:00.000";"15.22";"97.00";"0.12";"0.00";"0.0"
"2023-09-30 01:00:00.000";"14.92";"96.00";"0.00";"0.00";"0.0"
"2023-09-30 02:00:00.000";"14.80";"94.50";"0.07";"0.00";"0.0"
"2023-09-30 03:00:00.000";"15.08";"90.33";"0.65";"0.00";"0.0"
"2023-09-30 04:00:00.000";"14.68";"90.33";"0.68";"0.00";"0.0"
"2023-09-30 05:00:00.000";"14.50";"87.33";"0.52";"0.00";"0.0"
"2023-09-30 06:00:00.000";"13.95";"88.83";"0.15";"0.00";"0.0"
"2023-09-30 07:00:00.000";"14.23";"85.50";"0.13";"0.00";"0.0"
"2023-09-30 08:00:00.000";"14.62";"86.17";"0.00";"0.00";"0.0"
"2023-09-30 09:00:00.000";"17.53";"77.17";"0.00";"0.00";"0.0"
"2023-09-30 10:00:00.000";"23.45";"54.33";"0.45";"0.00";"0.0"
"2023-09-30 11:00:00.000";"25.08";"46.33";"2.58";"0.00";"0.0"
"2023-09-30 12:00:00.000";"24.95";"42.17";"4.58";"0.00";"0.0"
"2023-09-30 13:00:00.000";"22.53";"50.00";"2.28";"0.00";"0.0"
"2023-09-30 14:00:00.000";"23.00";"47.67";"0.63";"0.00";"0.0"
"2023-09-30 15:00:00.000";"25.38";"37.00";"2.45";"0.00";"0.0"
"2023-09-30 16:00:00.000";"24.73";"46.17";"2.47";"0.00";"0.0"
"2023-09-30 17:00:00.000";"23.77";"50.00";"3.33";"0.00";"0.0"
"2023-09-30 18:00:00.000";"22.70";"55.67";"3.10";"0.00";"0.0"
"2023-09-30 19:00:00.000";"20.02";"64.17";"2.65";"0.00";"0.0"
"2023-09-30 20:00:00.000";"19.63";"66.17";"0.98";"0.00";"0.0"
"2023-09-30 21:00:00.000";"16.57";"79.83";"0.07";"0.00";"0.0"
"2023-09-30 22:00:00.000";"15.37";"85.00";"0.13";"0.00";"0.0"
"2023-09-30 23:00:00.000";"16.38";"80.00";"0.65";"0.00";"0.0"
"2023-10-01 00:00:00.000";"15.48";"80.33";"0.18";"0.00";"0.0"
"2023-10-01 01:00:00.000";"14.93";"84.67";"0.13";"0.00";"0.0"
"2023-10-01 02:00:00.000";"14.32";"84.00";"0.00";"0.00";"0.0"
"2023-10-01 03:00:00.000";"14.53";"81.00";"0.05";"0.00";"0.0"
"2023-10-01 04:00:00.000";"14.58";"78.00";"0.00";"0.00";"0.0"
"2023-10-01 05:00:00.000";"14.80";"75.00";"0.05";"0.00";"0.0"
"2023-10-01 06:00:00.000";"14.95";"73.50";"0.05";"0.00";"0.0"
"2023-10-01 07:00:00.000";"15.25";"73.50";"0.02";"0.00";"0.0"
"2023-10-01 08:00:00.000";"15.53";"72.83";"0.07";"0.00";"0.0"
"2023-10-01 09:00:00.000";"20.22";"62.67";"0.00";"0.00";"0.0"
"2023-10-01 10:00:00.000";"24.68";"48.33";"0.23";"0.00";"0.0"
"2023-10-01 11:00:00.000";"26.27";"42.83";"2.18";"0.00";"0.0"
"2023-10-01 12:00:00.000";"26.20";"40.83";"3.45";"0.00";"0.0"
"2023-10-01 13:00:00.000";"26.22";"39.17";"4.63";"0.00";"0.0"
"2023-10-01 14:00:00.000";"26.23";"38.33";"5.12";"0.00";"0.0"
"2023-10-01 15:00:00.000";"27.07";"36.00";"5.97";"0.00";"0.0"
"2023-10-01 16:00:00.000";"27.62";"37.33";"5.48";"0.00";"0.0"
"2023-10-01 17:00:00.000";"27.42";"38.50";"5.55";"0.00";"0.0"
"2023-10-01 18:00:00.000";"26.67";"45.67";"3.30";"0.00";"0.0"
"2023-10-01 19:00:00.000";"23.05";"54.17";"4.38";"0.00";"0.0"
"2023-10-01 20:00:00.000";"20.10";"65.17";"3.07";"0.00";"0.0"
"2023-10-01 21:00:00.000";"18.73";"71.33";"0.23";"0.00";"0.0"
"2023-10-01 22:00:00.000";"19.17";"66.50";"0.52";"0.00";"0.0"
"2023-10-01 23:00:00.000";"18.50";"68.67";"0.42";"0.00";"0.0"
"2023-10-02 00:00:00.000";"17.27";"68.17";"0.03";"0.00";"0.0"
"2023-10-02 01:00:00.000";"17.43";"63.67";"0.23";"0.00";"0.0"
"2023-10-02 02:00:00.000";"16.58";"65.00";"0.07";"0.00";"0.0"
"2023-10-02 03:00:00.000";"15.47";"68.83";"0.00";"0.00";"0.0"
"2023-10-02 04:00:00.000";"16.80";"64.17";"0.00";"0.00";"0.0"
"2023-10-02 05:00:00.000";"19.90";"53.67";"1.40";"0.00";"0.0"
"2023-10-02 06:00:00.000";"19.42";"53.83";"1.10";"0.00";"0.0"
"2023-10-02 07:00:00.000";"18.87";"55.33";"0.30";"0.00";"0.0"
"2023-10-02 08:00:00.000";"19.70";"53.00";"0.48";"0.00";"0.0"
"2023-10-02 09:00:00.000";"22.52";"45.00";"1.82";"0.00";"0.0"
"2023-10-02 10:00:00.000";"25.03";"36.17";"2.17";"0.00";"0.0"
"2023-10-02 11:00:00.000";"26.38";"34.50";"2.85";"0.00";"0.0"
"2023-10-02 12:00:00.000";"27.12";"30.83";"2.85";"0.00";"0.0"
"2023-10-02 13:00:00.000";"27.47";"28.67";"2.83";"0.00";"0.0"
"2023-10-02 14:00:00.000";"25.55";"38.00";"5.45";"0.00";"0.0"
"2023-10-02 15:00:00.000";"25.43";"36.67";"5.20";"0.00";"0.0"
"2023-10-02 16:00:00.000";"24.08";"41.50";"3.80";"0.00";"0.0"
"2023-10-02 17:00:00.000";"23.77";"48.17";"3.67";"0.00";"0.0"
"2023-10-02 18:00:00.000";"25.33";"44.33";"5.03";"0.00";"0.0"
"2023-10-02 19:00:00.000";"23.17";"51.50";"4.47";"0.00";"0.0"
"2023-10-02 20:00:00.000";"20.55";"70.83";"1.35";"0.00";"0.0"
"2023-10-02 21:00:00.000";"17.67";"83.17";"0.30";"0.00";"0.0"
"2023-10-02 22:00:00.000";"16.03";"80.50";"0.00";"0.00";"0.0"
"2023-10-02 23:00:00.000";"16.42";"77.00";"0.05";"0.00";"0.0"
"2023-10-03 00:00:00.000";"16.52";"81.00";"0.00";"0.00";"0.0"
"2023-10-03 01:00:00.000";"15.67";"84.33";"0.07";"0.00";"0.0"
"2023-10-03 02:00:00.000";"16.95";"81.83";"0.20";"0.00";"0.0"
"2023-10-03 03:00:00.000";"17.30";"77.17";"0.63";"0.00";"0.0"
"2023-10-03 04:00:00.000";"18.65";"77.50";"1.22";"0.00";"0.0"
"2023-10-03 05:00:00.000";"17.92";"78.00";"0.30";"0.00";"0.0"
"2023-10-03 06:00:00.000";"16.38";"71.83";"0.02";"0.00";"0.0"
"2023-10-03 07:00:00.000";"18.73";"65.83";"2.07";"0.00";"0.0"
"2023-10-03 08:00:00.000";"18.88";"63.33";"3.00";"0.00";"0.0"
"2023-10-03 09:00:00.000";"20.42";"52.17";"5.50";"0.00";"0.0"
"2023-10-03 10:00:00.000";"22.13";"44.67";"4.87";"0.00";"0.0"
"2023-10-03 11:00:00.000";"23.27";"45.83";"5.92";"0.00";"0.0"
"2023-10-03 12:00:00.000";"24.42";"42.00";"4.60";"0.00";"0.0"
"2023-10-03 13:00:00.000";"25.28";"37.33";"3.00";"0.00";"0.0"
"2023-10-03 14:00:00.000";"25.47";"43.33";"4.65";"0.00";"0.0"
"2023-10-03 15:00:00.000";"24.08";"49.67";"6.10";"0.00";"0.0"
"2023-10-03 16:00:00.000";"25.10";"48.67";"6.55";"0.00";"0.0"
"2023-10-03 17:00:00.000";"24.22";"52.83";"5.88";"0.00";"0.0"
"2023-10-03 18:00:00.000";"21.97";"65.50";"6.05";"0.00";"0.0"
"2023-10-03 19:00:00.000";"21.20";"72.67";"3.62";"0.00";"0.0"
"2023-10-03 20:00:00.000";"20.38";"76.00";"1.13";"0.00";"0.0"
"2023-10-03 21:00:00.000";"19.60";"78.67";"0.40";"0.00";"0.0"
"2023-10-03 22:00:00.000";"18.80";"77.50";"0.03";"0.00";"0.0"
"2023-10-03 23:00:00.000";"18.03";"72.67";"0.03";"0.00";"0.0"
"2023-10-04 00:00:00.000";"17.68";"72.33";"0.45";"0.00";"0.0"
"2023-10-04 01:00:00.000";"16.50";"75.67";"0.33";"0.00";"0.0"
"2023-10-04 02:00:00.000";"15.62";"80.00";"0.18";"0.00";"0.0"
"2023-10-04 03:00:00.000";"16.37";"74.67";"0.82";"0.00";"0.0"
"2023-10-04 04:00:00.000";"14.25";"80.33";"0.00";"0.00";"0.0"
"2023-10-04 05:00:00.000";"14.50";"78.50";"0.00";"0.00";"0.0"
"2023-10-04 06:00:00.000";"15.60";"73.67";"0.58";"0.00";"0.0"
"2023-10-04 07:00:00.000";"16.27";"69.17";"0.40";"0.00";"0.0"
"2023-10-04 08:00:00.000";"15.23";"73.83";"0.47";"0.00";"0.0"
"2023-10-04 09:00:00.000";"18.73";"70.00";"0.07";"0.00";"0.0"
"2023-10-04 10:00:00.000";"23.05";"61.67";"0.53";"0.00";"0.0"
"2023-10-04 11:00:00.000";"23.72";"62.33";"1.40";"0.00";"0.0"
"2023-10-04 12:00:00.000";"22.48";"61.33";"4.53";"0.00";"0.0"
"2023-10-04 13:00:00.000";"23.47";"57.50";"4.90";"0.00";"0.0"
"2023-10-04 14:00:00.000";"23.07";"55.17";"4.65";"0.00";"0.0"
"2023-10-04 15:00:00.000";"23.80";"49.00";"5.45";"0.00";"0.0"
"2023-10-04 16:00:00.000";"22.72";"56.83";"6.70";"0.00";"0.0"
"2023-10-04 17:00:00.000";"23.18";"51.67";"5.32";"0.00";"0.0"
"2023-10-04 18:00:00.000";"23.58";"46.67";"4.60";"0.00";"0.0"
"2023-10-04 19:00:00.000";"21.15";"56.17";"2.97";"0.00";"0.0"
"2023-10-04 20:00:00.000";"17.02";"70.83";"0.03";"0.00";"0.0"
"2023-10-04 21:00:00.000";"17.25";"73.50";"0.68";"0.00";"0.0"
"2023-10-04 22:00:00.000";"17.98";"72.83";"0.67";"0.00";"0.0"
"2023-10-04 23:00:00.000";"16.10";"81.33";"0.30";"0.00";"0.0"
"2023-10-05 00:00:00.000";"14.92";"91.00";"0.18";"0.00";"0.0"
"2023-10-05 01:00:00.000";"14.73";"88.67";"0.23";"0.00";"0.0"
"2023-10-05 02:00:00.000";"14.22";"95.33";"0.00";"0.83";"0.0"
"2023-10-05 03:00:00.000";"14.33";"97.00";"0.27";"1.00";"0.0"
"2023-10-05 04:00:00.000";"12.87";"95.33";"0.00";"0.33";"0.0"
"2023-10-05 05:00:00.000";"12.08";"89.33";"0.00";"0.00";"0.0"
"2023-10-05 06:00:00.000";"11.92";"82.50";"0.00";"0.00";"0.0"
"2023-10-05 07:00:00.000";"11.42";"78.50";"0.00";"0.00";"0.0"
"2023-10-05 08:00:00.000";"11.80";"72.33";"0.00";"0.00";"0.0"
"2023-10-05 09:00:00.000";"16.35";"60.00";"0.18";"0.00";"0.0"
"2023-10-05 10:00:00.000";"22.88";"40.67";"0.48";"0.00";"0.0"
"2023-10-05 11:00:00.000";"24.95";"35.83";"2.85";"0.00";"0.0"
"2023-10-05 12:00:00.000";"25.33";"30.83";"3.65";"0.00";"0.0"
"2023-10-05 13:00:00.000";"25.85";"30.17";"2.95";"0.00";"0.0"
"2023-10-05 14:00:00.000";"25.88";"32.17";"3.62";"0.00";"0.0"
"2023-10-05 15:00:00.000";"24.90";"43.50";"3.93";"0.00";"0.0"
"2023-10-05 16:00:00.000";"25.25";"42.67";"7.67";"0.00";"0.0"
"2023-10-05 17:00:00.000";"25.55";"41.83";"5.88";"0.00";"0.0"
"2023-10-05 18:00:00.000";"24.17";"52.00";"5.22";"0.00";"0.0"
"2023-10-05 19:00:00.000";"21.43";"66.67";"2.55";"0.00";"0.0"
"2023-10-05 20:00:00.000";"18.00";"81.50";"0.00";"0.00";"0.0"
"2023-10-05 21:00:00.000";"16.40";"88.00";"0.07";"0.00";"0.0"
"2023-10-05 22:00:00.000";"16.03";"86.83";"0.43";"0.00";"0.0"
"2023-10-05 23:00:00.000";"15.53";"92.83";"0.00";"0.00";"0.0"
"2023-10-06 00:00:00.000";"14.78";"94.17";"0.00";"0.00";"0.0"
"2023-10-06 01:00:00.000";"14.67";"91.67";"0.22";"0.00";"0.0"
"2023-10-06 02:00:00.000";"13.77";"91.17";"0.00";"0.00";"0.0"
"2023-10-06 03:00:00.000";"13.48";"85.33";"0.00";"0.00";"0.0"
"2023-10-06 04:00:00.000";"13.55";"85.67";"0.07";"0.00";"0.0"
"2023-10-06 05:00:00.000";"13.38";"85.33";"0.00";"0.00";"0.0"
"2023-10-06 06:00:00.000";"13.35";"85.83";"0.00";"0.00";"0.0"
"2023-10-06 07:00:00.000";"13.13";"88.17";"0.00";"0.00";"0.0"
"2023-10-06 08:00:00.000";"13.35";"86.00";"0.00";"0.00";"0.0"
"2023-10-06 09:00:00.000";"18.65";"69.83";"0.05";"0.00";"0.0"
"2023-10-06 10:00:00.000";"23.90";"46.33";"0.20";"0.00";"0.0"
"2023-10-06 11:00:00.000";"24.62";"49.50";"3.45";"0.00";"0.0"
"2023-10-06 12:00:00.000";"25.27";"49.67";"5.32";"0.00";"0.0"
"2023-10-06 13:00:00.000";"25.65";"45.33";"5.27";"0.00";"0.0"
"2023-10-06 14:00:00.000";"26.67";"37.83";"4.93";"0.00";"0.0"
"2023-10-06 15:00:00.000";"27.85";"35.67";"6.33";"0.00";"0.0"
"2023-10-06 16:00:00.000";"27.20";"45.17";"5.77";"0.00";"0.0"
"2023-10-06 17:00:00.000";"25.88";"54.33";"5.62";"0.00";"0.0"
"2023-10-06 18:00:00.000";"22.67";"72.83";"4.27";"0.00";"0.0"
"2023-10-06 19:00:00.000";"21.28";"80.67";"1.65";"0.00";"0.0"
"2023-10-06 20:00:00.000";"19.62";"87.67";"0.72";"0.00";"0.0"
"2023-10-06 21:00:00.000";"19.85";"80.00";"2.07";"0.00";"0.0"
"2023-10-06 22:00:00.000";"19.75";"81.83";"0.72";"0.00";"0.0"
"2023-10-06 23:00:00.000";"17.60";"88.83";"0.12";"0.00";"0.0"
"2023-10-07 00:00:00.000";"16.47";"88.50";"0.17";"0.00";"0.0"
"2023-10-07 01:00:00.000";"15.87";"84.00";"0.07";"0.00";"0.0"
"2023-10-07 02:00:00.000";"16.48";"79.67";"0.52";"0.00";"0.0"
"2023-10-07 03:00:00.000";"16.92";"76.50";"0.22";"0.00";"0.0"
"2023-10-07 04:00:00.000";"17.80";"69.33";"0.07";"0.00";"0.0"
"2023-10-07 05:00:00.000";"17.22";"70.00";"0.00";"0.00";"0.0"
"2023-10-07 06:00:00.000";"19.27";"61.33";"2.22";"0.00";"0.0"
"2023-10-07 07:00:00.000";"19.85";"55.17";"4.02";"0.00";"0.0"
"2023-10-07 08:00:00.000";"19.73";"53.33";"3.03";"0.00";"0.0"
"2023-10-07 09:00:00.000";"20.92";"49.17";"3.73";"0.00";"0.0"
"2023-10-07 10:00:00.000";"22.67";"43.50";"5.38";"0.00";"0.0"
"2023-10-07 11:00:00.000";"23.75";"43.67";"5.95";"0.00";"0.0"
"2023-10-07 12:00:00.000";"25.32";"39.67";"4.45";"0.00";"0.0"
"2023-10-07 13:00:00.000";"26.00";"36.50";"4.08";"0.00";"0.0"
"2023-10-07 14:00:00.000";"23.23";"60.67";"5.22";"0.00";"0.0"
"2023-10-07 15:00:00.000";"22.43";"65.33";"5.52";"0.00";"0.0"
"2023-10-07 16:00:00.000";"21.18";"74.67";"4.00";"0.00";"0.0"
"2023-10-07 17:00:00.000";"21.48";"77.33";"2.65";"0.67";"0.0"
"2023-10-07 18:00:00.000";"18.10";"91.83";"1.92";"1.00";"1.5"
"2023-10-07 19:00:00.000";"17.67";"94.83";"1.27";"1.00";"0.0"
"2023-10-07 20:00:00.000";"16.85";"96.50";"0.28";"0.17";"0.0"
"2023-10-07 21:00:00.000";"15.30";"97.17";"0.03";"0.33";"0.0"
"2023-10-07 22:00:00.000";"15.10";"95.33";"0.05";"0.00";"0.0"
"2023-10-07 23:00:00.000";"14.65";"93.83";"0.00";"0.00";"0.0"
"2023-10-08 00:00:00.000";"14.37";"93.83";"0.00";"0.00";"0.0"
"2023-10-08 01:00:00.000";"14.37";"93.50";"0.05";"0.00";"0.0"
"2023-10-08 02:00:00.000";"14.47";"92.50";"0.00";"0.00";"0.0"
"2023-10-08 03:00:00.000";"14.40";"94.67";"0.03";"0.00";"0.0"
"2023-10-08 04:00:00.000";"14.52";"93.83";"0.03";"0.00";"0.0"
"2023-10-08 05:00:00.000";"14.42";"94.83";"0.17";"0.00";"0.0"
"2023-10-08 06:00:00.000";"13.82";"95.67";"0.00";"0.00";"0.0"
"2023-10-08 07:00:00.000";"14.03";"90.67";"0.00";"0.00";"0.0"
"2023-10-08 08:00:00.000";"13.77";"90.50";"0.00";"0.00";"0.0"
"2023-10-08 09:00:00.000";"17.63";"82.33";"0.12";"0.00";"0.0"
"2023-10-08 10:00:00.000";"21.32";"63.00";"1.32";"0.00";"0.0"
"2023-10-08 11:00:00.000";"22.83";"65.00";"2.47";"0.00";"0.0"
"2023-10-08 12:00:00.000";"23.32";"59.50";"5.55";"0.00";"0.0"
"2023-10-08 13:00:00.000";"24.20";"51.50";"6.15";"0.00";"0.0"
"2023-10-08 14:00:00.000";"24.63";"44.83";"8.58";"0.00";"0.0"
"2023-10-08 15:00:00.000";"26.43";"40.83";"5.23";"0.00";"0.0"
"2023-10-08 16:00:00.000";"27.35";"42.00";"4.28";"0.00";"0.0"
"2023-10-08 17:00:00.000";"27.00";"45.33";"3.58";"0.00";"0.0"
"2023-10-08 18:00:00.000";"25.30";"54.33";"2.78";"0.00";"0.0"
"2023-10-08 19:00:00.000";"22.00";"73.17";"1.77";"0.00";"0.0"
"2023-10-08 20:00:00.000";"18.32";"88.50";"0.07";"0.00";"0.0"
"2023-10-08 21:00:00.000";"16.23";"94.67";"0.00";"0.00";"0.0"
"2023-10-08 22:00:00.000";"15.55";"92.50";"0.02";"0.00";"0.0"
"2023-10-08 23:00:00.000";"15.35";"91.50";"0.03";"0.00";"0.0"
"2023-10-09 00:00:00.000";"14.85";"92.00";"0.13";"0.00";"0.0"
"2023-10-09 01:00:00.000";"14.68";"81.67";"0.02";"0.00";"0.0"
"2023-10-09 02:00:00.000";"14.45";"77.83";"0.00";"0.00";"0.0"
"2023-10-09 03:00:00.000";"14.57";"74.00";"0.07";"0.00";"0.0"
"2023-10-09 04:00:00.000";"15.02";"73.00";"0.02";"0.00";"0.0"
"2023-10-09 05:00:00.000";"15.23";"69.33";"0.08";"0.00";"0.0"
"2023-10-09 06:00:00.000";"17.58";"59.67";"0.22";"0.00";"0.0"
"2023-10-09 07:00:00.000";"20.70";"46.33";"0.45";"0.00";"0.0"
"2023-10-09 08:00:00.000";"19.57";"49.67";"0.18";"0.00";"0.0"
"2023-10-09 09:00:00.000";"22.65";"44.33";"0.53";"0.00";"0.0"
"2023-10-09 10:00:00.000";"25.67";"35.83";"2.18";"0.00";"0.0"
"2023-10-09 11:00:00.000";"25.83";"36.83";"5.12";"0.00";"0.0"
"2023-10-09 12:00:00.000";"27.18";"33.50";"3.90";"0.00";"0.0"
"2023-10-09 13:00:00.000";"27.98";"29.00";"4.17";"0.00";"0.0"
"2023-10-09 14:00:00.000";"27.85";"29.33";"6.93";"0.00";"0.0"
"2023-10-09 15:00:00.000";"27.83";"32.67";"6.78";"0.00";"0.0"
"2023-10-09 16:00:00.000";"27.33";"33.00";"7.32";"0.00";"0.0"
"2023-10-09 17:00:00.000";"26.67";"36.83";"5.97";"0.00";"0.0"
"2023-10-09 18:00:00.000";"24.48";"43.83";"5.35";"0.00";"0.0"
"2023-10-09 19:00:00.000";"23.67";"50.83";"4.77";"0.00";"0.0"
"2023-10-09 20:00:00.000";"20.55";"64.83";"0.92";"0.00";"0.0"
"2023-10-09 21:00:00.000";"18.92";"58.00";"0.30";"0.00";"0.0"
"2023-10-09 22:00:00.000";"17.75";"58.17";"0.27";"0.00";"0.0"
"2023-10-09 23:00:00.000";"17.93";"72.33";"0.23";"0.00";"0.0"
"2023-10-10 00:00:00.000";"16.90";"74.67";"0.13";"0.00";"0.0"
"2023-10-10 01:00:00.000";"15.47";"68.00";"0.00";"0.00";"0.0"
"2023-10-10 02:00:00.000";"15.53";"69.83";"0.03";"0.00";"0.0"
"2023-10-10 03:00:00.000";"14.82";"74.17";"0.00";"0.00";"0.0"
"2023-10-10 04:00:00.000";"15.23";"73.67";"0.03";"0.00";"0.0"
"2023-10-10 05:00:00.000";"13.90";"75.67";"0.00";"0.00";"0.0"
"2023-10-10 06:00:00.000";"13.97";"75.83";"0.00";"0.00";"0.0"
"2023-10-10 07:00:00.000";"14.27";"75.50";"0.02";"0.00";"0.0"
"2023-10-10 08:00:00.000";"13.85";"76.17";"0.00";"0.00";"0.0"
"2023-10-10 09:00:00.000";"17.70";"64.83";"0.00";"0.00";"0.0"
"2023-10-10 10:00:00.000";"24.28";"46.83";"0.27";"0.00";"0.0"
"2023-10-10 11:00:00.000";"25.15";"47.67";"2.08";"0.00";"0.0"
"2023-10-10 12:00:00.000";"25.30";"55.17";"5.52";"0.00";"0.0"
"2023-10-10 13:00:00.000";"25.87";"50.67";"8.25";"0.00";"0.0"
"2023-10-10 14:00:00.000";"27.52";"40.83";"8.05";"0.00";"0.0"
"2023-10-10 15:00:00.000";"28.88";"33.83";"7.67";"0.00";"0.0"
"2023-10-10 16:00:00.000";"29.48";"35.17";"5.22";"0.00";"0.0"
"2023-10-10 17:00:00.000";"28.17";"37.33";"4.38";"0.00";"0.0"
"2023-10-10 18:00:00.000";"27.18";"39.17";"2.73";"0.00";"0.0"
"2023-10-10 19:00:00.000";"23.80";"48.83";"1.32";"0.00";"0.0"
"2023-10-10 20:00:00.000";"20.12";"56.83";"0.22";"0.00";"0.0"
"2023-10-10 21:00:00.000";"18.03";"63.17";"0.33";"0.00";"0.0"
"2023-10-10 22:00:00.000";"15.85";"72.50";"0.00";"0.00";"0.0"
"2023-10-10 23:00:00.000";"16.25";"68.83";"0.20";"0.00";"0.0"
"2023-10-11 00:00:00.000";"18.87";"58.00";"0.97";"0.00";"0.0"
"2023-10-11 01:00:00.000";"21.52";"47.83";"1.52";"0.00";"0.0"
"2023-10-11 02:00:00.000";"20.80";"55.17";"1.72";"0.00";"0.0"
"2023-10-11 03:00:00.000";"20.80";"54.83";"3.45";"0.00";"0.0"
"2023-10-11 04:00:00.000";"20.18";"61.00";"4.65";"0.00";"0.0"
"2023-10-11 05:00:00.000";"19.70";"66.33";"4.60";"0.00";"0.0"
"2023-10-11 06:00:00.000";"19.20";"68.17";"2.05";"0.00";"0.0"
"2023-10-11 07:00:00.000";"18.93";"67.33";"1.27";"0.00";"0.0"
"2023-10-11 08:00:00.000";"17.02";"73.00";"0.07";"0.00";"0.0"
"2023-10-11 09:00:00.000";"19.40";"60.17";"0.55";"0.00";"0.0"
"2023-10-11 10:00:00.000";"22.07";"52.33";"1.13";"0.00";"0.0"
"2023-10-11 11:00:00.000";"23.73";"49.50";"2.10";"0.00";"0.0"
"2023-10-11 12:00:00.000";"23.80";"47.00";"2.95";"0.00";"0.0"
"2023-10-11 13:00:00.000";"24.48";"41.17";"3.98";"0.00";"0.0"
"2023-10-11 14:00:00.000";"25.57";"36.50";"2.33";"0.00";"0.0"
"2023-10-11 15:00:00.000";"24.08";"42.00";"2.55";"0.00";"0.0"
"2023-10-11 16:00:00.000";"23.48";"44.67";"2.70";"0.00";"0.0"
"2023-10-11 17:00:00.000";"22.22";"64.33";"1.58";"0.00";"0.0"
"2023-10-11 18:00:00.000";"18.22";"79.50";"1.73";"0.67";"0.0"
"2023-10-11 19:00:00.000";"19.73";"58.33";"0.95";"0.00";"0.0"
"2023-10-11 20:00:00.000";"19.55";"56.50";"1.13";"0.00";"0.0"
"2023-10-11 21:00:00.000";"19.47";"57.50";"1.93";"0.00";"0.0"
"2023-10-11 22:00:00.000";"18.88";"59.33";"1.50";"0.00";"0.0"
"2023-10-11 23:00:00.000";"18.50";"59.67";"2.90";"0.00";"0.0"
"2023-10-12 00:00:00.000";"17.85";"61.50";"2.67";"0.00";"0.0"
"2023-10-12 01:00:00.000";"17.43";"61.67";"1.73";"0.00";"0.0"
"2023-10-12 02:00:00.000";"17.65";"58.00";"2.65";"0.00";"0.0"
"2023-10-12 03:00:00.000";"17.52";"56.83";"3.55";"0.00";"0.0"
"2023-10-12 04:00:00.000";"17.15";"55.83";"3.03";"0.00";"0.0"
"2023-10-12 05:00:00.000";"16.48";"56.50";"2.47";"0.00";"0.0"
"2023-10-12 06:00:00.000";"15.90";"58.50";"2.72";"0.00";"0.0"
"2023-10-12 07:00:00.000";"16.40";"54.83";"4.20";"0.00";"0.0"
"2023-10-12 08:00:00.000";"16.15";"55.17";"4.73";"0.00";"0.0"
"2023-10-12 09:00:00.000";"17.55";"49.83";"2.08";"0.00";"0.0"
"2023-10-12 10:00:00.000";"19.87";"43.33";"3.85";"0.00";"0.0"
"2023-10-12 11:00:00.000";"21.42";"41.50";"4.18";"0.00";"0.0"
"2023-10-12 12:00:00.000";"22.18";"34.83";"5.07";"0.00";"0.0"
"2023-10-12 13:00:00.000";"23.42";"27.83";"3.38";"0.00";"0.0"
"2023-10-12 14:00:00.000";"23.58";"33.00";"5.27";"0.00";"0.0"
"2023-10-12 15:00:00.000";"23.45";"36.67";"6.63";"0.00";"0.0"
"2023-10-12 16:00:00.000";"23.28";"47.00";"7.88";"0.00";"0.0"
"2023-10-12 17:00:00.000";"21.37";"56.50";"7.90";"0.00";"0.0"
"2023-10-12 18:00:00.000";"19.90";"67.17";"6.68";"0.00";"0.0"
"2023-10-12 19:00:00.000";"18.78";"75.00";"4.17";"0.00";"0.0"
"2023-10-12 20:00:00.000";"17.67";"81.17";"0.67";"0.00";"0.0"
"2023-10-12 21:00:00.000";"16.80";"86.17";"0.13";"0.00";"0.0"
"2023-10-12 22:00:00.000";"15.22";"92.83";"0.00";"0.00";"0.0"
"2023-10-12 23:00:00.000";"14.95";"96.00";"0.02";"0.00";"0.0"
"2023-10-13 00:00:00.000";"14.48";"97.33";"0.10";"0.67";"0.0"
"2023-10-13 01:00:00.000";"13.92";"98.00";"0.00";"1.00";"0.0"
"2023-10-13 02:00:00.000";"13.68";"98.17";"0.00";"1.00";"0.0"
"2023-10-13 03:00:00.000";"13.33";"99.00";"0.00";"1.00";"0.0"
"2023-10-13 04:00:00.000";"12.18";"99.00";"0.00";"1.00";"0.0"
"2023-10-13 05:00:00.000";"11.52";"99.00";"0.13";"1.00";"0.0"
"2023-10-13 06:00:00.000";"11.73";"97.67";"0.00";"1.00";"0.0"
"2023-10-13 07:00:00.000";"11.73";"89.83";"0.00";"0.00";"0.0"
"2023-10-13 08:00:00.000";"11.63";"87.83";"0.00";"0.00";"0.0"
"2023-10-13 09:00:00.000";"16.30";"70.50";"0.00";"0.00";"0.0"
"2023-10-13 10:00:00.000";"21.93";"50.00";"0.20";"0.00";"0.0"
"2023-10-13 11:00:00.000";"23.95";"49.33";"1.02";"0.00";"0.0"
"2023-10-13 12:00:00.000";"23.12";"46.67";"4.10";"0.00";"0.0"
"2023-10-13 13:00:00.000";"24.22";"41.50";"4.58";"0.00";"0.0"
"2023-10-13 14:00:00.000";"24.90";"36.50";"4.48";"0.00";"0.0"
"2023-10-13 15:00:00.000";"24.72";"38.00";"6.45";"0.00";"0.0"
"2023-10-13 16:00:00.000";"25.05";"45.67";"5.58";"0.00";"0.0"
"2023-10-13 17:00:00.000";"24.60";"53.67";"5.58";"0.00";"0.0"
"2023-10-13 18:00:00.000";"24.10";"58.50";"3.63";"0.00";"0.0"
"2023-10-13 19:00:00.000";"20.48";"72.50";"2.98";"0.00";"0.0"
"2023-10-13 20:00:00.000";"18.42";"79.67";"1.77";"0.00";"0.0"
"2023-10-13 21:00:00.000";"16.08";"84.83";"0.43";"0.00";"0.0"
"2023-10-13 22:00:00.000";"13.83";"89.00";"0.00";"0.00";"0.0"
"2023-10-13 23:00:00.000";"13.87";"91.67";"0.05";"0.00";"0.0"
"2023-10-14 00:00:00.000";"14.20";"93.83";"0.02";"0.00";"0.0"
"2023-10-14 01:00:00.000";"13.60";"94.17";"0.00";"0.00";"0.0"
"2023-10-14 02:00:00.000";"13.32";"95.17";"0.02";"0.00";"0.0"
"2023-10-14 03:00:00.000";"13.02";"96.00";"0.03";"0.00";"0.0"
"2023-10-14 04:00:00.000";"13.27";"96.00";"0.07";"0.00";"0.0"
"2023-10-14 05:00:00.000";"13.55";"93.33";"0.27";"0.00";"0.0"
"2023-10-14 06:00:00.000";"12.33";"91.00";"0.00";"0.00";"0.0"
"2023-10-14 07:00:00.000";"12.88";"86.00";"0.07";"0.00";"0.0"
"2023-10-14 08:00:00.000";"13.03";"85.33";"0.00";"0.00";"0.0"
"2023-10-14 09:00:00.000";"14.70";"78.67";"0.02";"0.00";"0.0"
"2023-10-14 10:00:00.000";"21.65";"57.00";"0.05";"0.00";"0.0"
"2023-10-14 11:00:00.000";"24.72";"49.00";"0.62";"0.00";"0.0"
"2023-10-14 12:00:00.000";"25.70";"45.00";"2.18";"0.00";"0.0"
"2023-10-14 13:00:00.000";"25.50";"44.33";"3.78";"0.00";"0.0"
"2023-10-14 14:00:00.000";"25.28";"46.83";"5.35";"0.00";"0.0"
"2023-10-14 15:00:00.000";"25.20";"50.17";"6.52";"0.00";"0.0"
"2023-10-14 16:00:00.000";"24.07";"57.83";"6.33";"0.00";"0.0"
"2023-10-14 17:00:00.000";"23.10";"59.50";"6.00";"0.00";"0.0"
"2023-10-14 18:00:00.000";"21.57";"69.17";"5.70";"0.00";"0.0"
"2023-10-14 19:00:00.000";"20.20";"78.00";"2.83";"0.00";"0.0"
"2023-10-14 20:00:00.000";"18.25";"86.83";"0.65";"0.00";"0.0"
"2023-10-14 21:00:00.000";"16.45";"92.83";"0.12";"0.00";"0.0"
"2023-10-14 22:00:00.000";"15.13";"96.17";"0.00";"0.50";"0.0"
"2023-10-14 23:00:00.000";"15.28";"97.67";"0.02";"1.00";"0.0"
"2023-10-15 00:00:00.000";"14.93";"98.00";"0.05";"1.00";"0.0"
"2023-10-15 01:00:00.000";"15.18";"97.50";"1.22";"0.17";"0.0"
"2023-10-15 02:00:00.000";"16.18";"91.50";"0.73";"0.00";"0.0"
"2023-10-15 03:00:00.000";"15.88";"93.33";"0.10";"0.00";"0.0"
"2023-10-15 04:00:00.000";"15.68";"95.67";"0.62";"0.00";"0.0"
"2023-10-15 05:00:00.000";"15.42";"95.67";"0.42";"0.33";"0.0"
"2023-10-15 06:00:00.000";"14.55";"98.00";"0.00";"1.00";"0.0"
"2023-10-15 07:00:00.000";"14.47";"99.00";"0.00";"1.00";"0.0"
"2023-10-15 08:00:00.000";"14.15";"99.00";"0.00";"1.00";"0.0"
"2023-10-15 09:00:00.000";"15.98";"97.17";"0.02";"0.67";"0.0"
"2023-10-15 10:00:00.000";"22.37";"63.17";"0.35";"0.00";"0.0"
"2023-10-15 11:00:00.000";"23.50";"57.50";"2.92";"0.00";"0.0"
"2023-10-15 12:00:00.000";"24.07";"52.50";"4.40";"0.00";"0.0"
"2023-10-15 13:00:00.000";"24.40";"46.83";"6.62";"0.00";"0.0"
"2023-10-15 14:00:00.000";"24.63";"44.67";"5.77";"0.00";"0.0"
"2023-10-15 15:00:00.000";"24.62";"48.67";"7.10";"0.00";"0.0"
"2023-10-15 16:00:00.000";"23.83";"58.17";"6.27";"0.00";"0.0"
"2023-10-15 17:00:00.000";"23.02";"65.50";"5.70";"0.00";"0.0"
"2023-10-15 18:00:00.000";"21.47";"72.00";"5.73";"0.00";"0.0"
"2023-10-15 19:00:00.000";"20.75";"79.50";"4.10";"0.00";"0.0"
"2023-10-15 20:00:00.000";"18.70";"91.33";"2.90";"0.00";"0.0"
"2023-10-15 21:00:00.000";"17.17";"95.50";"0.12";"0.67";"0.0"
"2023-10-15 22:00:00.000";"16.83";"97.33";"0.45";"1.00";"0.0"
"2023-10-15 23:00:00.000";"16.07";"98.00";"0.15";"1.00";"0.0"
"2023-10-16 00:00:00.000";"15.17";"98.00";"0.03";"1.00";"0.0"
"2023-10-16 01:00:00.000";"15.27";"98.00";"0.08";"1.00";"0.0"
"2023-10-16 02:00:00.000";"14.78";"98.83";"0.00";"1.00";"0.0"
"2023-10-16 03:00:00.000";"14.80";"99.00";"0.48";"1.00";"0.0"
"2023-10-16 04:00:00.000";"15.15";"99.00";"0.27";"1.00";"0.0"
"2023-10-16 05:00:00.000";"14.53";"99.00";"0.23";"1.00";"0.0"
"2023-10-16 06:00:00.000";"14.00";"99.00";"0.00";"1.00";"0.0"
"2023-10-16 07:00:00.000";"13.38";"100.00";"0.10";"1.00";"0.0"
"2023-10-16 08:00:00.000";"14.48";"100.00";"0.03";"1.00";"0.3"
"2023-10-16 09:00:00.000";"15.77";"100.00";"0.03";"0.67";"0.0"
"2023-10-16 10:00:00.000";"20.30";"71.33";"1.47";"0.00";"0.0"
"2023-10-16 11:00:00.000";"23.07";"62.17";"4.08";"0.00";"0.0"
"2023-10-16 12:00:00.000";"24.55";"54.17";"7.50";"0.00";"0.0"
"2023-10-16 13:00:00.000";"24.62";"52.67";"9.03";"0.00";"0.0"
"2023-10-16 14:00:00.000";"25.63";"49.33";"7.27";"0.00";"0.0"
"2023-10-16 15:00:00.000";"26.18";"49.17";"7.37";"0.00";"0.0"
"2023-10-16 16:00:00.000";"26.00";"54.67";"7.98";"0.00";"0.0"
"2023-10-16 17:00:00.000";"25.37";"61.00";"4.20";"0.00";"0.0"
"2023-10-16 18:00:00.000";"25.47";"63.33";"2.22";"0.00";"0.0"
"2023-10-16 19:00:00.000";"22.25";"74.17";"1.42";"0.00";"0.0"
"2023-10-16 20:00:00.000";"18.52";"86.83";"0.05";"0.00";"0.0"
"2023-10-16 21:00:00.000";"18.03";"78.33";"0.57";"0.00";"0.0"
"2023-10-16 22:00:00.000";"18.10";"73.00";"0.98";"0.00";"0.0"
"2023-10-16 23:00:00.000";"16.05";"77.67";"0.00";"0.00";"0.0"
"2023-10-17 00:00:00.000";"15.83";"76.17";"0.02";"0.00";"0.0"
"2023-10-17 01:00:00.000";"16.95";"59.67";"0.08";"0.00";"0.0"
"2023-10-17 02:00:00.000";"15.92";"67.50";"0.02";"0.00";"0.0"
"2023-10-17 03:00:00.000";"15.47";"68.67";"0.00";"0.00";"0.0"
"2023-10-17 04:00:00.000";"15.25";"76.17";"0.00";"0.00";"0.0"
"2023-10-17 05:00:00.000";"15.20";"80.67";"0.00";"0.00";"0.0"
"2023-10-17 06:00:00.000";"15.45";"91.00";"0.00";"0.00";"0.0"
"2023-10-17 07:00:00.000";"15.17";"94.00";"0.05";"0.50";"0.0"
"2023-10-17 08:00:00.000";"17.30";"95.50";"0.45";"0.17";"0.0"
"2023-10-17 09:00:00.000";"18.28";"93.17";"0.42";"0.00";"0.0"
"2023-10-17 10:00:00.000";"20.82";"78.50";"2.57";"0.00";"0.0"
"2023-10-17 11:00:00.000";"22.22";"72.33";"4.25";"0.00";"0.0"
"2023-10-17 12:00:00.000";"21.72";"73.33";"4.80";"0.00";"0.0"
"2023-10-17 13:00:00.000";"23.00";"64.00";"7.65";"0.00";"0.0"
"2023-10-17 14:00:00.000";"23.53";"62.00";"7.22";"0.00";"0.0"
"2023-10-17 15:00:00.000";"20.47";"88.67";"4.65";"0.83";"2.4"
"2023-10-17 16:00:00.000";"18.06";"97.00";"1.26";"1.00";"2.1"
"2023-10-17 17:00:00.000";"19.97";"85.67";"1.12";"0.00";"0.0"
"2023-10-17 18:00:00.000";"20.70";"78.17";"0.40";"0.00";"0.0"
"2023-10-17 19:00:00.000";"18.98";"86.83";"0.02";"0.00";"0.0"
"2023-10-17 20:00:00.000";"18.55";"94.50";"0.12";"0.00";"0.0"
"2023-10-17 21:00:00.000";"18.48";"96.67";"0.22";"0.00";"0.0"
"2023-10-17 22:00:00.000";"18.38";"98.00";"0.13";"0.00";"0.0"
"2023-10-17 23:00:00.000";"18.47";"98.00";"0.70";"0.00";"0.0"
"2023-10-18 00:00:00.000";"18.87";"98.17";"3.57";"1.00";"1.2"
"2023-10-18 01:00:00.000";"16.63";"98.17";"6.95";"1.00";"13.8"
"2023-10-18 02:00:00.000";"15.78";"95.50";"3.60";"1.00";"0.3"
"2023-10-18 03:00:00.000";"14.85";"98.67";"2.02";"1.00";"0.0"
"2023-10-18 04:00:00.000";"15.18";"99.00";"0.10";"1.00";"0.0"
"2023-10-18 05:00:00.000";"16.23";"98.83";"0.83";"1.00";"0.0"
"2023-10-18 06:00:00.000";"16.87";"99.00";"0.65";"0.00";"0.0"
"2023-10-18 07:00:00.000";"17.37";"98.33";"0.28";"0.00";"0.0"
"2023-10-18 08:00:00.000";"17.28";"99.00";"0.20";"0.67";"0.0"
"2023-10-18 09:00:00.000";"17.55";"99.00";"0.20";"0.67";"0.0"
"2023-10-18 10:00:00.000";"19.73";"89.17";"2.78";"0.00";"0.0"
"2023-10-18 11:00:00.000";"21.48";"77.00";"3.95";"0.00";"0.0"
"2023-10-18 12:00:00.000";"22.33";"67.50";"4.77";"0.00";"0.0"
"2023-10-18 13:00:00.000";"22.87";"58.17";"5.50";"0.00";"0.0"
"2023-10-18 14:00:00.000";"23.45";"51.83";"6.60";"0.00";"0.0"
"2023-10-18 15:00:00.000";"24.55";"51.33";"3.53";"0.00";"0.0"
"2023-10-18 16:00:00.000";"24.40";"55.83";"5.23";"0.00";"0.0"
"2023-10-18 17:00:00.000";"24.35";"55.17";"4.30";"0.00";"0.0"
"2023-10-18 18:00:00.000";"23.30";"60.00";"2.73";"0.00";"0.0"
"2023-10-18 19:00:00.000";"20.33";"72.50";"1.02";"0.00";"0.0"
"2023-10-18 20:00:00.000";"16.72";"86.33";"0.10";"0.00";"0.0"
"2023-10-18 21:00:00.000";"15.48";"88.33";"0.27";"0.00";"0.0"
"2023-10-18 22:00:00.000";"14.03";"88.17";"0.00";"0.00";"0.0"
"2023-10-18 23:00:00.000";"13.72";"85.00";"0.07";"0.00";"0.0"
"2023-10-19 00:00:00.000";"13.83";"80.33";"0.20";"0.00";"0.0"
"2023-10-19 01:00:00.000";"13.18";"85.00";"0.00";"0.00";"0.0"
"2023-10-19 02:00:00.000";"13.55";"88.67";"0.00";"0.00";"0.0"
"2023-10-19 03:00:00.000";"13.98";"94.17";"0.00";"0.00";"0.0"
"2023-10-19 04:00:00.000";"14.27";"96.67";"0.00";"0.00";"0.0"
"2023-10-19 05:00:00.000";"15.22";"97.00";"0.00";"0.00";"0.0"
"2023-10-19 06:00:00.000";"16.18";"96.00";"0.00";"0.00";"0.0"
"2023-10-19 07:00:00.000";"16.12";"95.33";"0.00";"0.00";"0.0"
"2023-10-19 08:00:00.000";"15.97";"97.83";"0.00";"0.33";"0.0"
"2023-10-19 09:00:00.000";"16.35";"97.33";"0.00";"0.00";"0.0"
"2023-10-19 10:00:00.000";"18.95";"86.33";"0.03";"0.00";"0.0"
"2023-10-19 11:00:00.000";"21.23";"76.50";"1.17";"0.00";"0.0"
"2023-10-19 12:00:00.000";"22.30";"66.00";"2.42";"0.00";"0.0"
"2023-10-19 13:00:00.000";"22.97";"57.67";"3.07";"0.00";"0.0"
"2023-10-19 14:00:00.000";"24.03";"54.17";"4.03";"0.00";"0.0"
"2023-10-19 15:00:00.000";"23.83";"57.67";"5.08";"0.00";"0.0"
"2023-10-19 16:00:00.000";"24.00";"61.83";"6.88";"0.00";"0.0"
"2023-10-19 17:00:00.000";"21.55";"75.67";"5.02";"0.00";"0.0"
"2023-10-19 18:00:00.000";"20.58";"79.67";"2.65";"0.00";"0.0"
"2023-10-19 19:00:00.000";"19.65";"85.67";"1.03";"0.00";"0.0"
"2023-10-19 20:00:00.000";"17.43";"95.67";"0.00";"0.33";"0.0"
"2023-10-19 21:00:00.000";"16.78";"97.83";"0.05";"1.00";"0.0"
"2023-10-19 22:00:00.000";"16.87";"98.67";"0.90";"1.00";"0.0"
"2023-10-19 23:00:00.000";"17.52";"98.50";"1.45";"1.00";"0.0"
"2023-10-20 00:00:00.000";"17.28";"98.00";"1.10";"1.00";"0.0"
"2023-10-20 01:00:00.000";"17.40";"97.67";"1.15";"0.00";"0.0"
"2023-10-20 02:00:00.000";"17.80";"94.83";"1.40";"0.00";"0.0"
"2023-10-20 03:00:00.000";"17.40";"95.17";"1.45";"0.00";"0.0"
"2023-10-20 04:00:00.000";"16.80";"97.17";"1.17";"0.00";"0.0"
"2023-10-20 05:00:00.000";"16.47";"98.67";"1.12";"1.00";"0.0"
"2023-10-20 06:00:00.000";"16.60";"98.33";"2.65";"0.00";"0.0"
"2023-10-20 07:00:00.000";"16.72";"97.67";"3.05";"0.00";"0.0"
"2023-10-20 08:00:00.000";"16.67";"97.83";"2.27";"0.00";"0.0"
"2023-10-20 09:00:00.000";"17.15";"94.50";"1.62";"0.00";"0.0"
"2023-10-20 10:00:00.000";"19.23";"84.67";"3.60";"0.00";"0.0"
"2023-10-20 11:00:00.000";"21.38";"77.50";"4.90";"0.00";"0.0"
"2023-10-20 12:00:00.000";"22.35";"73.50";"6.40";"0.00";"0.0"
"2023-10-20 13:00:00.000";"23.15";"64.67";"6.57";"0.00";"0.0"
"2023-10-20 14:00:00.000";"23.53";"63.17";"6.87";"0.00";"0.0"
"2023-10-20 15:00:00.000";"24.18";"60.17";"4.85";"0.00";"0.0"
"2023-10-20 16:00:00.000";"24.23";"65.00";"5.70";"0.00";"0.0"
"2023-10-20 17:00:00.000";"23.70";"69.00";"6.02";"0.00";"0.0"
"2023-10-20 18:00:00.000";"22.55";"68.00";"4.98";"0.00";"0.0"
"2023-10-20 19:00:00.000";"20.65";"80.50";"3.73";"0.00";"0.0"
"2023-10-20 20:00:00.000";"19.32";"89.00";"4.33";"0.00";"0.0"
"2023-10-20 21:00:00.000";"19.00";"92.50";"3.35";"0.00";"0.0"
"2023-10-20 22:00:00.000";"18.88";"86.83";"3.62";"0.00";"0.0"
"2023-10-20 23:00:00.000";"18.33";"93.17";"4.43";"0.00";"0.0"
"2023-10-21 00:00:00.000";"18.25";"94.50";"3.78";"0.00";"0.0"
"2023-10-21 01:00:00.000";"18.02";"94.83";"2.50";"0.00";"0.0"
"2023-10-21 02:00:00.000";"18.03";"95.00";"6.18";"0.00";"0.0"
"2023-10-21 03:00:00.000";"17.93";"94.50";"5.50";"0.00";"0.0"
"2023-10-21 04:00:00.000";"19.02";"75.17";"5.97";"0.00";"0.0"
"2023-10-21 05:00:00.000";"19.58";"67.50";"5.45";"0.00";"0.0"
"2023-10-21 06:00:00.000";"19.22";"72.33";"5.45";"0.00";"0.0"
"2023-10-21 07:00:00.000";"18.85";"80.17";"6.20";"0.00";"0.0"
"2023-10-21 08:00:00.000";"18.23";"91.00";"7.10";"0.00";"0.0"
"2023-10-21 09:00:00.000";"18.30";"94.17";"6.88";"0.00";"0.0"
"2023-10-21 10:00:00.000";"19.72";"88.17";"7.83";"0.00";"0.0"
"2023-10-21 11:00:00.000";"20.55";"84.33";"7.92";"0.00";"0.0"
"2023-10-21 12:00:00.000";"22.28";"78.67";"7.70";"0.00";"0.0"
"2023-10-21 13:00:00.000";"22.53";"73.83";"8.32";"0.00";"0.0"
"2023-10-21 14:00:00.000";"24.32";"63.50";"7.48";"0.00";"0.0"
"2023-10-21 15:00:00.000";"24.15";"62.67";"8.33";"0.00";"0.0"
"2023-10-21 16:00:00.000";"23.13";"72.33";"6.22";"0.00";"0.0"
"2023-10-21 17:00:00.000";"22.47";"77.50";"6.98";"0.00";"0.0"
"2023-10-21 18:00:00.000";"20.92";"85.17";"6.03";"0.00";"0.0"
"2023-10-21 19:00:00.000";"20.02";"86.33";"5.03";"0.00";"0.0"
"2023-10-21 20:00:00.000";"19.73";"84.83";"5.83";"0.00";"0.0"
"2023-10-21 21:00:00.000";"19.73";"81.50";"7.05";"0.00";"0.0"
"2023-10-21 22:00:00.000";"19.25";"88.67";"6.57";"0.00";"0.0"
"2023-10-21 23:00:00.000";"18.92";"95.33";"6.88";"0.00";"0.0"
"2023-10-22 00:00:00.000";"18.98";"95.67";"7.37";"0.00";"0.0"
"2023-10-22 01:00:00.000";"18.78";"97.17";"5.68";"0.00";"0.0"
"2023-10-22 02:00:00.000";"18.87";"95.67";"6.08";"0.00";"0.0"
"2023-10-22 03:00:00.000";"18.97";"97.00";"6.38";"0.00";"0.0"
"2023-10-22 04:00:00.000";"18.53";"96.17";"4.58";"0.00";"0.0"
"2023-10-22 05:00:00.000";"18.82";"91.67";"6.02";"0.00";"0.0"
"2023-10-22 06:00:00.000";"18.97";"88.17";"7.00";"0.00";"0.0"
"2023-10-22 07:00:00.000";"18.83";"87.50";"6.78";"0.00";"0.0"
"2023-10-22 08:00:00.000";"18.62";"90.33";"5.08";"0.00";"0.0"
"2023-10-22 09:00:00.000";"19.43";"84.17";"4.33";"0.00";"0.0"
"2023-10-22 10:00:00.000";"20.68";"80.33";"6.20";"0.00";"0.0"
"2023-10-22 11:00:00.000";"21.50";"80.00";"6.77";"0.00";"0.0"
"2023-10-22 12:00:00.000";"22.95";"72.83";"7.13";"0.00";"0.0"
"2023-10-22 13:00:00.000";"23.40";"68.50";"6.27";"0.00";"0.0"
"2023-10-22 14:00:00.000";"23.47";"69.83";"7.23";"0.00";"0.0"
"2023-10-22 15:00:00.000";"23.63";"66.83";"6.98";"0.00";"0.0"
"2023-10-22 16:00:00.000";"24.17";"66.50";"6.73";"0.00";"0.0"
"2023-10-22 17:00:00.000";"23.45";"72.33";"6.22";"0.00";"0.0"
"2023-10-22 18:00:00.000";"22.73";"72.67";"4.72";"0.00";"0.0"
"2023-10-22 19:00:00.000";"21.07";"74.67";"3.53";"0.00";"0.0"
"2023-10-22 20:00:00.000";"20.38";"71.50";"5.60";"0.00";"0.0"
"2023-10-22 21:00:00.000";"20.53";"66.67";"3.73";"0.00";"0.0"
"2023-10-22 22:00:00.000";"20.33";"68.67";"3.32";"0.00";"0.0"
"2023-10-22 23:00:00.000";"19.82";"74.83";"3.08";"0.00";"0.0"
"2023-10-23 00:00:00.000";"19.35";"80.00";"2.13";"0.00";"0.0"
"2023-10-23 01:00:00.000";"18.27";"89.83";"0.40";"0.00";"0.0"
"2023-10-23 02:00:00.000";"17.95";"92.83";"0.65";"0.00";"0.0"
"2023-10-23 03:00:00.000";"17.97";"95.83";"0.38";"0.17";"0.0"
"2023-10-23 04:00:00.000";"17.73";"98.00";"0.18";"1.00";"0.0"
"2023-10-23 05:00:00.000";"15.63";"98.50";"0.00";"1.00";"0.0"
"2023-10-23 06:00:00.000";"16.90";"99.00";"0.17";"1.00";"0.0"
"2023-10-23 07:00:00.000";"16.63";"99.00";"0.05";"1.00";"0.0"
"2023-10-23 08:00:00.000";"15.20";"99.00";"0.00";"1.00";"0.0"
"2023-10-23 09:00:00.000";"15.85";"99.33";"0.00";"1.00";"0.0"
"2023-10-23 10:00:00.000";"20.22";"91.67";"0.25";"0.67";"0.0"
"2023-10-23 11:00:00.000";"23.53";"74.00";"1.43";"0.00";"0.0"
"2023-10-23 12:00:00.000";"25.08";"59.67";"1.95";"0.00";"0.0"
"2023-10-23 13:00:00.000";"24.97";"51.67";"4.58";"0.00";"0.0"
"2023-10-23 14:00:00.000";"24.60";"59.50";"5.50";"0.00";"0.0"
"2023-10-23 15:00:00.000";"24.40";"62.83";"7.15";"0.00";"0.0"
"2023-10-23 16:00:00.000";"24.30";"67.83";"6.48";"0.00";"0.0"
"2023-10-23 17:00:00.000";"24.63";"69.33";"6.50";"0.00";"0.0"
"2023-10-23 18:00:00.000";"23.72";"75.00";"4.72";"0.00";"0.0"
"2023-10-23 19:00:00.000";"21.23";"86.67";"0.98";"0.00";"0.0"
"2023-10-23 20:00:00.000";"17.98";"96.67";"0.02";"1.00";"0.0"
"2023-10-23 21:00:00.000";"16.17";"98.00";"0.10";"1.00";"0.0"
"2023-10-23 22:00:00.000";"16.78";"92.33";"1.12";"0.00";"0.0"
"2023-10-23 23:00:00.000";"15.88";"93.83";"0.02";"0.00";"0.0"
"2023-10-24 00:00:00.000";"15.37";"94.67";"0.00";"0.00";"0.0"
"2023-10-24 01:00:00.000";"15.02";"93.17";"0.00";"0.00";"0.0"
"2023-10-24 02:00:00.000";"15.12";"92.83";"0.13";"0.00";"0.0"
"2023-10-24 03:00:00.000";"17.47";"75.50";"1.90";"0.00";"0.0"
"2023-10-24 04:00:00.000";"18.20";"61.83";"1.52";"0.00";"0.0"
"2023-10-24 05:00:00.000";"20.02";"52.00";"1.63";"0.00";"0.0"
"2023-10-24 06:00:00.000";"20.57";"52.00";"2.02";"0.00";"0.0"
"2023-10-24 07:00:00.000";"17.90";"55.33";"0.42";"0.00";"0.0"
"2023-10-24 08:00:00.000";"16.28";"57.67";"0.15";"0.00";"0.0"
"2023-10-24 09:00:00.000";"17.12";"58.17";"0.00";"0.00";"0.0"
"2023-10-24 10:00:00.000";"21.03";"59.67";"0.35";"0.00";"0.0"
"2023-10-24 11:00:00.000";"24.57";"58.17";"0.68";"0.00";"0.0"
"2023-10-24 12:00:00.000";"26.53";"46.83";"1.60";"0.00";"0.0"
"2023-10-24 13:00:00.000";"27.33";"43.00";"1.95";"0.00";"0.0"
"2023-10-24 14:00:00.000";"27.65";"47.50";"2.82";"0.00";"0.0"
"2023-10-24 15:00:00.000";"28.82";"35.83";"5.20";"0.00";"0.0"
"2023-10-24 16:00:00.000";"29.43";"34.50";"3.42";"0.00";"0.0"
"2023-10-24 17:00:00.000";"28.08";"43.17";"3.03";"0.00";"0.0"
"2023-10-24 18:00:00.000";"24.95";"58.33";"1.95";"0.00";"0.0"
"2023-10-24 19:00:00.000";"21.42";"76.00";"0.42";"0.00";"0.0"
"2023-10-24 20:00:00.000";"17.77";"85.67";"0.00";"0.00";"0.0"
"2023-10-24 21:00:00.000";"16.42";"87.17";"0.00";"0.00";"0.0"
"2023-10-24 22:00:00.000";"16.70";"76.00";"0.37";"0.00";"0.0"
"2023-10-24 23:00:00.000";"16.08";"69.67";"0.02";"0.00";"0.0"
"2023-10-25 00:00:00.000";"15.67";"66.50";"0.00";"0.00";"0.0"
"2023-10-25 01:00:00.000";"16.02";"61.33";"0.00";"0.00";"0.0"
"2023-10-25 02:00:00.000";"15.65";"61.33";"0.08";"0.00";"0.0"
"2023-10-25 03:00:00.000";"16.82";"56.83";"0.07";"0.00";"0.0"
"2023-10-25 04:00:00.000";"17.50";"54.67";"0.28";"0.00";"0.0"
"2023-10-25 05:00:00.000";"16.47";"57.67";"0.00";"0.00";"0.0"
"2023-10-25 06:00:00.000";"16.63";"58.17";"0.08";"0.00";"0.0"
"2023-10-25 07:00:00.000";"16.30";"60.83";"0.52";"0.00";"0.0"
"2023-10-25 08:00:00.000";"16.22";"61.33";"0.00";"0.00";"0.0"
"2023-10-25 09:00:00.000";"16.68";"60.67";"0.00";"0.00";"0.0"
"2023-10-25 10:00:00.000";"20.87";"55.00";"0.02";"0.00";"0.0"
"2023-10-25 11:00:00.000";"23.68";"47.00";"0.58";"0.00";"0.0"
"2023-10-25 12:00:00.000";"24.48";"40.67";"4.35";"0.00";"0.0"
"2023-10-25 13:00:00.000";"25.05";"36.50";"6.12";"0.00";"0.0"
"2023-10-25 14:00:00.000";"23.97";"49.50";"6.20";"0.00";"0.0"
"2023-10-25 15:00:00.000";"23.98";"60.67";"6.55";"0.00";"0.0"
"2023-10-25 16:00:00.000";"23.62";"61.33";"4.88";"0.00";"0.0"
"2023-10-25 17:00:00.000";"22.37";"66.67";"4.57";"0.00";"0.0"
"2023-10-25 18:00:00.000";"21.92";"63.33";"3.07";"0.00";"0.0"
"2023-10-25 19:00:00.000";"20.80";"54.00";"0.12";"0.00";"0.0"
"2023-10-25 20:00:00.000";"19.47";"40.83";"0.10";"0.00";"0.0"
"2023-10-25 21:00:00.000";"18.37";"42.00";"0.12";"0.00";"0.0"
"2023-10-25 22:00:00.000";"18.25";"46.00";"0.23";"0.00";"0.0"
"2023-10-25 23:00:00.000";"20.40";"37.83";"3.07";"0.00";"0.0"
"2023-10-26 00:00:00.000";"21.55";"34.33";"3.42";"0.00";"0.0"
"2023-10-26 01:00:00.000";"22.32";"35.17";"1.50";"0.00";"0.0"
"2023-10-26 02:00:00.000";"22.48";"38.17";"1.50";"0.00";"0.0"
"2023-10-26 03:00:00.000";"19.85";"44.50";"0.35";"0.00";"0.0"
"2023-10-26 04:00:00.000";"20.17";"40.50";"2.02";"0.00";"0.0"
"2023-10-26 05:00:00.000";"20.10";"45.67";"1.72";"0.00";"0.0"
"2023-10-26 06:00:00.000";"19.55";"68.83";"2.40";"0.00";"0.0"
"2023-10-26 07:00:00.000";"18.75";"78.00";"0.45";"0.00";"0.0"
"2023-10-26 08:00:00.000";"18.83";"81.00";"3.13";"0.00";"0.0"
"2023-10-26 09:00:00.000";"18.67";"83.67";"2.05";"0.33";"0.0"
"2023-10-26 10:00:00.000";"19.58";"81.33";"2.37";"0.00";"0.0"
"2023-10-26 11:00:00.000";"22.35";"66.17";"0.40";"0.00";"0.0"
"2023-10-26 12:00:00.000";"23.02";"59.00";"4.37";"0.00";"0.0"
"2023-10-26 13:00:00.000";"22.88";"67.00";"1.58";"0.00";"0.0"
"2023-10-26 14:00:00.000";"23.37";"66.50";"1.93";"0.00";"0.0"
"2023-10-26 15:00:00.000";"23.03";"70.17";"3.35";"0.00";"0.0"
"2023-10-26 16:00:00.000";"22.77";"73.17";"2.50";"0.00";"0.0"
"2023-10-26 17:00:00.000";"21.80";"78.83";"3.95";"0.00";"0.0"
"2023-10-26 18:00:00.000";"21.35";"81.17";"1.18";"0.00";"0.0"
"2023-10-26 19:00:00.000";"20.03";"89.83";"0.90";"0.50";"0.0"
"2023-10-26 20:00:00.000";"18.85";"96.83";"0.05";"1.00";"0.0"
"2023-10-26 21:00:00.000";"18.40";"98.00";"0.00";"1.00";"0.9"
"2023-10-26 22:00:00.000";"18.63";"98.50";"0.10";"1.00";"0.3"
"2023-10-26 23:00:00.000";"17.62";"99.00";"0.00";"1.00";"0.0"
"2023-10-27 00:00:00.000";"16.97";"99.00";"0.05";"1.00";"0.0"
"2023-10-27 01:00:00.000";"16.22";"99.00";"0.00";"1.00";"0.0"
"2023-10-27 02:00:00.000";"16.12";"99.00";"0.17";"1.00";"0.0"
"2023-10-27 03:00:00.000";"16.65";"99.83";"0.28";"1.00";"0.0"
"2023-10-27 04:00:00.000";"16.30";"100.00";"0.02";"1.00";"0.3"
"2023-10-27 05:00:00.000";"15.88";"100.00";"0.17";"1.00";"0.0"
"2023-10-27 06:00:00.000";"15.90";"100.00";"0.00";"1.00";"0.0"
"2023-10-27 07:00:00.000";"16.35";"100.00";"0.25";"1.00";"0.0"
"2023-10-27 08:00:00.000";"16.53";"100.00";"0.55";"1.00";"0.0"
"2023-10-27 09:00:00.000";"16.52";"100.00";"0.45";"1.00";"0.0"
"2023-10-27 10:00:00.000";"17.70";"100.00";"0.03";"0.00";"0.0"
"2023-10-27 11:00:00.000";"20.82";"87.33";"1.90";"0.00";"0.0"
"2023-10-27 12:00:00.000";"22.28";"66.67";"4.30";"0.00";"0.0"
"2023-10-27 13:00:00.000";"22.80";"60.67";"3.25";"0.00";"0.0"
"2023-10-27 14:00:00.000";"22.78";"62.67";"3.10";"0.00";"0.0"
"2023-10-27 15:00:00.000";"22.58";"64.33";"6.53";"0.00";"0.0"
"2023-10-27 16:00:00.000";"22.68";"64.00";"9.15";"0.00";"0.0"
"2023-10-27 17:00:00.000";"23.02";"65.00";"6.88";"0.00";"0.0"
"2023-10-27 18:00:00.000";"21.45";"73.67";"2.35";"0.00";"0.0"
"2023-10-27 19:00:00.000";"19.52";"86.83";"2.12";"0.00";"0.0"
"2023-10-27 20:00:00.000";"18.90";"92.50";"2.02";"0.00";"0.0"
"2023-10-27 21:00:00.000";"18.90";"94.17";"1.63";"0.00";"0.0"
"2023-10-27 22:00:00.000";"18.60";"94.67";"1.02";"0.00";"0.0"
"2023-10-27 23:00:00.000";"18.62";"95.20";"1.20";"0.00";"0.0"
"2023-10-28 00:00:00.000";"18.12";"97.60";"1.56";"0.60";"0.0"
"2023-10-28 01:00:00.000";"18.05";"98.00";"1.02";"0.00";"0.0"
"2023-10-28 02:00:00.000";"17.77";"98.00";"0.63";"0.00";"0.0"
"2023-10-28 03:00:00.000";"16.98";"98.50";"0.37";"0.00";"0.0"
"2023-10-28 04:00:00.000";"16.40";"99.00";"0.02";"1.00";"0.0"
"2023-10-28 05:00:00.000";"17.13";"99.00";"0.07";"1.00";"0.0"
"2023-10-28 06:00:00.000";"16.72";"99.00";"0.00";"1.00";"0.0"
"2023-10-28 07:00:00.000";"16.83";"99.00";"0.00";"1.00";"0.0"
"2023-10-28 08:00:00.000";"16.03";"99.00";"0.03";"1.00";"0.0"
"2023-10-28 09:00:00.000";"16.37";"100.00";"0.28";"0.83";"0.0"
"2023-10-28 10:00:00.000";"19.47";"90.33";"0.02";"0.00";"0.0"
"2023-10-28 11:00:00.000";"22.15";"78.00";"1.28";"0.00";"0.0"
"2023-10-28 12:00:00.000";"21.60";"73.83";"3.62";"0.00";"0.0"
"2023-10-28 13:00:00.000";"23.67";"56.17";"3.58";"0.00";"0.0"
"2023-10-28 14:00:00.000";"24.75";"61.00";"3.85";"0.00";"0.0"
"2023-10-28 15:00:00.000";"24.20";"62.17";"5.98";"0.00";"0.0"
"2023-10-28 16:00:00.000";"23.88";"63.00";"7.03";"0.00";"0.0"
"2023-10-28 17:00:00.000";"22.00";"79.33";"7.80";"0.00";"0.0"
"2023-10-28 18:00:00.000";"20.68";"87.17";"5.07";"0.00";"0.0"
"2023-10-28 19:00:00.000";"19.92";"92.17";"3.62";"0.00";"0.0"
"2023-10-28 20:00:00.000";"19.10";"96.17";"1.25";"0.00";"0.0"
"2023-10-28 21:00:00.000";"18.05";"98.00";"1.47";"0.83";"0.0"
"2023-10-28 22:00:00.000";"16.42";"98.17";"0.03";"0.83";"0.0"
"2023-10-28 23:00:00.000";"15.37";"99.00";"0.00";"1.00";"0.0"
"2023-10-29 00:00:00.000";"15.28";"99.00";"0.07";"1.00";"0.0"
"2023-10-29 01:00:00.000";"15.82";"99.00";"1.23";"1.00";"0.0"
"2023-10-29 02:00:00.000";"15.57";"99.00";"0.22";"1.00";"0.0"
"2023-10-29 03:00:00.000";"16.00";"99.83";"0.90";"1.00";"0.0"
"2023-10-29 04:00:00.000";"15.48";"100.00";"0.13";"1.00";"0.0"
"2023-10-29 05:00:00.000";"15.60";"100.00";"0.00";"1.00";"0.0"
"2023-10-29 06:00:00.000";"14.25";"100.00";"0.00";"1.00";"0.3"
"2023-10-29 07:00:00.000";"15.52";"100.00";"0.37";"1.00";"0.0"
"2023-10-29 08:00:00.000";"16.42";"98.67";"0.37";"0.00";"0.0"
"2023-10-29 09:00:00.000";"19.88";"84.00";"1.03";"0.00";"0.0"
"2023-10-29 10:00:00.000";"22.58";"76.50";"0.72";"0.00";"0.0"
"2023-10-29 11:00:00.000";"23.38";"66.83";"2.73";"0.00";"0.0"
"2023-10-29 12:00:00.000";"24.32";"54.50";"3.03";"0.00";"0.0"
"2023-10-29 13:00:00.000";"25.02";"59.00";"3.23";"0.00";"0.0"
"2023-10-29 14:00:00.000";"25.77";"52.67";"3.62";"0.00";"0.0"
"2023-10-29 15:00:00.000";"26.40";"52.50";"2.57";"0.00";"0.0"
"2023-10-29 16:00:00.000";"25.03";"64.83";"2.45";"0.00";"0.0"
"2023-10-29 17:00:00.000";"21.28";"80.17";"4.08";"0.00";"0.0"
"2023-10-29 18:00:00.000";"19.83";"86.83";"0.23";"0.00";"0.0"
"2023-10-29 19:00:00.000";"18.27";"91.00";"0.22";"0.33";"0.0"
"2023-10-29 20:00:00.000";"16.12";"97.50";"0.12";"1.00";"0.0"
"2023-10-29 21:00:00.000";"15.27";"98.00";"0.00";"1.00";"0.0"
"2023-10-29 22:00:00.000";"15.17";"99.00";"0.00";"1.00";"0.0"
"2023-10-29 23:00:00.000";"15.20";"99.00";"0.00";"1.00";"0.0"
"2023-10-30 00:00:00.000";"15.12";"99.00";"0.00";"1.00";"0.0"
"2023-10-30 01:00:00.000";"15.23";"99.00";"0.08";"1.00";"0.0"
"2023-10-30 02:00:00.000";"15.37";"99.00";"0.02";"0.00";"0.0"
"2023-10-30 03:00:00.000";"15.25";"99.00";"0.02";"0.00";"0.0"
"2023-10-30 04:00:00.000";"15.52";"98.00";"0.03";"0.00";"0.0"
"2023-10-30 05:00:00.000";"14.57";"97.17";"0.00";"0.00";"0.0"
"2023-10-30 06:00:00.000";"14.43";"96.17";"0.00";"0.00";"0.0"
"2023-10-30 07:00:00.000";"14.68";"96.50";"0.03";"0.00";"0.0"
"2023-10-30 08:00:00.000";"15.83";"92.00";"0.23";"0.00";"0.0"
"2023-10-30 09:00:00.000";"20.87";"73.67";"0.10";"0.00";"0.0"
"2023-10-30 10:00:00.000";"23.77";"59.83";"1.57";"0.00";"0.0"
"2023-10-30 11:00:00.000";"24.10";"53.17";"3.92";"0.00";"0.0"
"2023-10-30 12:00:00.000";"24.42";"47.33";"5.35";"0.00";"0.0"
"2023-10-30 13:00:00.000";"24.42";"55.00";"6.87";"0.00";"0.0"
"2023-10-30 14:00:00.000";"25.15";"53.00";"7.35";"0.00";"0.0"
"2023-10-30 15:00:00.000";"24.93";"54.00";"8.60";"0.00";"0.0"
"2023-10-30 16:00:00.000";"24.22";"58.83";"6.90";"0.00";"0.0"
"2023-10-30 17:00:00.000";"23.27";"62.00";"5.82";"0.00";"0.0"
"2023-10-30 18:00:00.000";"20.18";"74.50";"1.68";"0.00";"0.0"
"2023-10-30 19:00:00.000";"16.70";"84.50";"0.00";"0.00";"0.0"
"2023-10-30 20:00:00.000";"16.58";"84.83";"0.65";"0.00";"0.0"
"2023-10-30 21:00:00.000";"15.45";"90.00";"0.25";"0.00";"0.0"
"2023-10-30 22:00:00.000";"15.88";"90.00";"0.32";"0.00";"0.0"
"2023-10-30 23:00:00.000";"14.68";"92.50";"0.03";"0.00";"0.0"
"2023-10-31 00:00:00.000";"14.00";"94.83";"0.00";"0.00";"0.0"
"2023-10-31 01:00:00.000";"14.67";"93.83";"0.07";"0.00";"0.0"
"2023-10-31 02:00:00.000";"14.18";"96.50";"0.00";"0.00";"0.0"
"2023-10-31 03:00:00.000";"13.80";"97.50";"0.00";"0.00";"0.0"
"2023-10-31 04:00:00.000";"13.35";"98.00";"0.00";"1.00";"0.0"
"2023-10-31 05:00:00.000";"13.90";"99.00";"0.03";"1.00";"0.0"
"2023-10-31 06:00:00.000";"13.67";"99.00";"0.00";"1.00";"0.0"
"2023-10-31 07:00:00.000";"13.75";"99.00";"0.08";"1.00";"0.0"
"2023-10-31 08:00:00.000";"14.63";"98.83";"0.05";"0.33";"0.0"
"2023-10-31 09:00:00.000";"20.32";"78.17";"0.05";"0.00";"0.0"
"2023-10-31 10:00:00.000";"23.72";"62.00";"0.95";"0.00";"0.0"
"2023-10-31 11:00:00.000";"22.87";"55.00";"3.85";"0.00";"0.0"
"2023-10-31 12:00:00.000";"23.50";"46.67";"2.70";"0.00";"0.0"
"2023-10-31 13:00:00.000";"23.85";"49.67";"4.82";"0.00";"0.0"
"2023-10-31 14:00:00.000";"23.33";"58.00";"5.97";"0.00";"0.0"
"2023-10-31 15:00:00.000";"22.98";"60.00";"6.00";"0.00";"0.0"
"2023-10-31 16:00:00.000";"22.67";"65.83";"4.67";"0.00";"0.0"
"2023-10-31 17:00:00.000";"20.82";"75.83";"3.90";"0.00";"0.0"
"2023-10-31 18:00:00.000";"17.43";"91.50";"1.13";"0.00";"0.0"
"2023-10-31 19:00:00.000";"15.63";"97.17";"0.00";"1.00";"0.0"
"2023-10-31 20:00:00.000";"15.23";"98.17";"0.02";"1.00";"0.0"
"2023-10-31 21:00:00.000";"14.62";"99.00";"0.07";"1.00";"0.0"
"2023-10-31 22:00:00.000";"14.25";"99.00";"0.00";"1.00";"0.0"
"2023-10-31 23:00:00.000";"14.58";"99.00";"0.03";"1.00";"0.0"
"2023-11-01 00:00:00.000";"15.52";"99.00";"0.00";"1.00";"0.0"
"2023-11-01 01:00:00.000";"15.73";"99.83";"0.07";"1.00";"0.0"
"2023-11-01 02:00:00.000";"15.52";"100.00";"0.03";"1.00";"0.0"
"2023-11-01 03:00:00.000";"15.95";"100.00";"0.17";"1.00";"0.0"
"2023-11-01 04:00:00.000";"15.95";"100.00";"0.38";"1.00";"0.0"
"2023-11-01 05:00:00.000";"16.80";"99.67";"0.93";"1.00";"0.0"
"2023-11-01 06:00:00.000";"17.18";"98.00";"0.30";"1.00";"0.3"
"2023-11-01 07:00:00.000";"16.72";"99.17";"0.03";"1.00";"0.0"
"2023-11-01 08:00:00.000";"17.05";"100.00";"0.00";"1.00";"0.0"
"2023-11-01 09:00:00.000";"18.12";"98.17";"0.85";"1.00";"0.0"
"2023-11-01 10:00:00.000";"19.92";"88.33";"0.72";"0.00";"0.0"
"2023-11-01 11:00:00.000";"22.98";"67.33";"4.00";"0.00";"0.0"
"2023-11-01 12:00:00.000";"23.67";"61.00";"5.53";"0.00";"0.0"
"2023-11-01 13:00:00.000";"25.07";"53.17";"5.85";"0.00";"0.0"
"2023-11-01 14:00:00.000";"25.02";"51.17";"6.47";"0.00";"0.0"
"2023-11-01 15:00:00.000";"25.10";"54.17";"3.83";"0.00";"0.0"
"2023-11-01 16:00:00.000";"24.02";"60.83";"3.40";"0.00";"0.0"
"2023-11-01 17:00:00.000";"22.32";"64.33";"2.72";"0.00";"0.0"
"2023-11-01 18:00:00.000";"19.07";"79.67";"1.32";"0.00";"0.0"
"2023-11-01 19:00:00.000";"17.82";"81.83";"0.52";"0.00";"0.0"
"2023-11-01 20:00:00.000";"17.55";"89.83";"0.70";"0.00";"0.0"
"2023-11-01 21:00:00.000";"17.57";"89.83";"0.40";"0.00";"0.0"
"2023-11-01 22:00:00.000";"18.08";"88.17";"0.92";"0.00";"0.0"
"2023-11-01 23:00:00.000";"18.33";"87.33";"1.00";"0.00";"0.0"
"2023-11-02 00:00:00.000";"16.67";"89.50";"0.00";"0.00";"0.0"
"2023-11-02 01:00:00.000";"16.25";"89.83";"0.17";"0.00";"0.0"
"2023-11-02 02:00:00.000";"15.80";"93.00";"0.42";"0.00";"0.0"
"2023-11-02 03:00:00.000";"14.37";"94.50";"0.00";"0.00";"0.0"
"2023-11-02 04:00:00.000";"14.18";"91.17";"0.00";"0.00";"0.0"
"2023-11-02 05:00:00.000";"15.12";"84.17";"0.58";"0.00";"0.0"
"2023-11-02 06:00:00.000";"16.22";"94.67";"1.15";"0.00";"0.0"
"2023-11-02 07:00:00.000";"17.03";"96.50";"1.42";"0.00";"0.0"
"2023-11-02 08:00:00.000";"17.03";"97.00";"0.27";"0.00";"0.0"
"2023-11-02 09:00:00.000";"18.52";"90.33";"1.50";"0.00";"0.0"
"2023-11-02 10:00:00.000";"19.33";"88.17";"4.63";"0.17";"0.0"
"2023-11-02 11:00:00.000";"20.00";"85.33";"8.42";"0.00";"0.0"
"2023-11-02 12:00:00.000";"20.42";"82.00";"8.85";"0.00";"0.0"
"2023-11-02 13:00:00.000";"21.33";"78.67";"10.67";"0.00";"0.0"
"2023-11-02 14:00:00.000";"21.23";"77.33";"7.82";"0.00";"0.0"
"2023-11-02 15:00:00.000";"22.43";"70.83";"7.10";"0.00";"0.0"
"2023-11-02 16:00:00.000";"21.83";"74.67";"6.02";"0.00";"0.0"
"2023-11-02 17:00:00.000";"20.45";"82.67";"5.30";"0.00";"0.0"
"2023-11-02 18:00:00.000";"19.33";"88.83";"2.65";"0.00";"0.0"
"2023-11-02 19:00:00.000";"17.10";"96.17";"0.13";"0.67";"0.0"
"2023-11-02 20:00:00.000";"16.68";"98.00";"0.00";"1.00";"0.0"
"2023-11-02 21:00:00.000";"15.63";"98.83";"0.00";"1.00";"0.0"
"2023-11-02 22:00:00.000";"15.27";"99.00";"0.00";"1.00";"0.0"
"2023-11-02 23:00:00.000";"15.67";"99.00";"0.00";"1.00";"0.0"
"2023-11-03 00:00:00.000";"15.32";"99.00";"0.00";"1.00";"0.0"
"2023-11-03 01:00:00.000";"15.93";"99.17";"0.00";"1.00";"0.0"
"2023-11-03 02:00:00.000";"16.72";"100.00";"0.00";"1.00";"0.0"
"2023-11-03 03:00:00.000";"16.98";"100.00";"0.00";"1.00";"0.0"
"2023-11-03 04:00:00.000";"17.07";"100.00";"0.00";"1.00";"0.0"
"2023-11-03 05:00:00.000";"16.75";"100.00";"0.00";"1.00";"0.0"
"2023-11-03 06:00:00.000";"16.50";"100.00";"0.00";"1.00";"0.0"
"2023-11-03 07:00:00.000";"16.47";"100.00";"0.00";"1.00";"0.0"
"2023-11-03 08:00:00.000";"16.92";"100.00";"0.00";"1.00";"0.0"
"2023-11-03 09:00:00.000";"18.38";"100.00";"0.00";"1.00";"0.0"
"2023-11-03 10:00:00.000";"20.53";"91.60";"1.02";"0.33";"0.0"
"2023-11-03 11:00:00.000";"23.13";"66.83";"3.07";"0.00";"0.0"
"2023-11-03 12:00:00.000";"23.48";"63.33";"3.15";"0.00";"0.0"
"2023-11-03 13:00:00.000";"22.70";"68.67";"3.43";"0.00";"0.0"
"2023-11-03 14:00:00.000";"24.18";"62.67";"2.53";"0.00";"0.0"
"2023-11-03 15:00:00.000";"23.62";"68.00";"3.23";"0.00";"0.0"
"2023-11-03 16:00:00.000";"22.30";"77.50";"3.05";"0.00";"0.0"
"2023-11-03 17:00:00.000";"21.15";"83.33";"3.78";"0.00";"0.0"
"2023-11-03 18:00:00.000";"19.10";"90.83";"1.38";"0.00";"0.0"
"2023-11-03 19:00:00.000";"18.40";"95.83";"2.30";"0.00";"0.0"
"2023-11-03 20:00:00.000";"18.83";"97.17";"1.98";"0.00";"0.0"
"2023-11-03 21:00:00.000";"19.32";"97.00";"2.45";"0.00";"0.0"
"2023-11-03 22:00:00.000";"19.58";"97.67";"2.10";"0.33";"0.0"
"2023-11-03 23:00:00.000";"19.72";"99.00";"2.23";"1.00";"0.0"
"2023-11-04 00:00:00.000";"19.47";"99.00";"0.63";"1.00";"0.0"
"2023-11-04 01:00:00.000";"19.30";"99.33";"2.30";"1.00";"0.0"
"2023-11-04 02:00:00.000";"19.45";"100.00";"1.15";"1.00";"0.0"
"2023-11-04 03:00:00.000";"19.47";"100.00";"2.77";"1.00";"0.0"
"2023-11-04 04:00:00.000";"19.47";"100.00";"3.03";"1.00";"0.0"
"2023-11-04 05:00:00.000";"19.62";"99.67";"4.75";"1.00";"0.0"
"2023-11-04 06:00:00.000";"20.00";"98.00";"5.00";"0.00";"0.0"
"2023-11-04 07:00:00.000";"20.22";"94.33";"2.72";"0.00";"0.0"
"2023-11-04 08:00:00.000";"21.70";"73.83";"3.78";"0.00";"0.0"
"2023-11-04 09:00:00.000";"22.53";"71.67";"7.92";"0.00";"0.0"
"2023-11-04 10:00:00.000";"22.02";"81.83";"10.83";"0.00";"0.0"
"2023-11-04 11:00:00.000";"21.37";"89.00";"8.25";"0.00";"0.0"
"2023-11-04 12:00:00.000";"20.88";"82.67";"5.43";"0.00";"0.0"
"2023-11-04 13:00:00.000";"20.28";"78.67";"4.33";"0.00";"0.0"
"2023-11-04 14:00:00.000";"20.65";"74.00";"6.42";"0.00";"0.0"
"2023-11-04 15:00:00.000";"20.65";"67.17";"7.23";"0.00";"0.0"
"2023-11-04 16:00:00.000";"19.95";"70.00";"8.65";"0.00";"0.0"
"2023-11-04 17:00:00.000";"18.65";"75.33";"7.42";"0.00";"0.0"
"2023-11-04 18:00:00.000";"17.10";"89.50";"7.08";"0.83";"0.0"
"2023-11-04 19:00:00.000";"16.85";"82.33";"8.02";"0.00";"0.0"
"2023-11-04 20:00:00.000";"16.87";"81.67";"6.82";"0.00";"0.0"
"2023-11-04 21:00:00.000";"16.63";"82.83";"3.00";"0.00";"0.0"
"2023-11-04 22:00:00.000";"16.35";"85.67";"3.40";"0.17";"0.0"
"2023-11-04 23:00:00.000";"16.13";"82.50";"2.43";"0.00";"0.0"
"2023-11-05 00:00:00.000";"15.73";"80.67";"1.65";"0.00";"0.0"
"2023-11-05 01:00:00.000";"15.75";"81.50";"1.42";"0.00";"0.0"
"2023-11-05 02:00:00.000";"15.22";"85.50";"0.72";"0.00";"0.0"
"2023-11-05 03:00:00.000";"14.68";"86.00";"0.37";"0.00";"0.0"
"2023-11-05 04:00:00.000";"13.95";"88.50";"0.08";"0.00";"0.0"
"2023-11-05 05:00:00.000";"12.40";"91.83";"0.05";"0.00";"0.0"
"2023-11-05 06:00:00.000";"11.90";"95.67";"0.05";"0.00";"0.0"
"2023-11-05 07:00:00.000";"13.10";"94.50";"0.18";"0.00";"0.0"
"2023-11-05 08:00:00.000";"14.95";"88.17";"0.45";"0.00";"0.0"
"2023-11-05 09:00:00.000";"18.12";"76.33";"2.08";"0.00";"0.0"
"2023-11-05 10:00:00.000";"19.88";"67.00";"4.22";"0.00";"0.0"
"2023-11-05 11:00:00.000";"19.10";"68.67";"7.15";"0.00";"0.0"
"2023-11-05 12:00:00.000";"19.08";"72.50";"7.97";"0.00";"0.0"
"2023-11-05 13:00:00.000";"20.67";"64.33";"8.77";"0.00";"0.0"
"2023-11-05 14:00:00.000";"19.80";"69.17";"7.37";"0.00";"0.0"
"2023-11-05 15:00:00.000";"19.93";"72.33";"8.45";"0.00";"0.0"
"2023-11-05 16:00:00.000";"19.38";"75.50";"6.23";"0.00";"0.0"
"2023-11-05 17:00:00.000";"17.85";"88.33";"5.82";"0.67";"0.3"
"2023-11-05 18:00:00.000";"17.70";"90.00";"3.42";"0.33";"0.0"
"2023-11-05 19:00:00.000";"17.48";"91.67";"2.43";"0.00";"0.0"
"2023-11-05 20:00:00.000";"17.57";"89.67";"3.30";"0.50";"0.0"
"2023-11-05 21:00:00.000";"17.73";"88.17";"3.43";"0.00";"0.0"
"2023-11-05 22:00:00.000";"17.73";"89.17";"2.73";"0.00";"0.0"
"2023-11-05 23:00:00.000";"17.73";"91.33";"3.70";"0.00";"0.0"
"2023-11-06 00:00:00.000";"17.80";"90.50";"2.82";"0.00";"0.0"
"2023-11-06 01:00:00.000";"17.70";"91.67";"1.90";"0.00";"0.0"
"2023-11-06 02:00:00.000";"17.65";"92.83";"2.17";"0.00";"0.0"
"2023-11-06 03:00:00.000";"17.55";"93.50";"3.07";"0.00";"0.0"
"2023-11-06 04:00:00.000";"17.60";"92.83";"3.15";"0.00";"0.0"
"2023-11-06 05:00:00.000";"17.38";"94.83";"1.78";"0.00";"0.0"
"2023-11-06 06:00:00.000";"17.27";"94.67";"0.57";"0.00";"0.0"
"2023-11-06 07:00:00.000";"17.48";"95.17";"0.40";"0.17";"0.0"
"2023-11-06 08:00:00.000";"17.43";"96.00";"0.27";"0.17";"0.0"
"2023-11-06 09:00:00.000";"18.52";"92.33";"0.38";"0.33";"0.0"
"2023-11-06 10:00:00.000";"18.75";"91.67";"1.60";"0.33";"0.0"
"2023-11-06 11:00:00.000";"20.17";"79.83";"1.35";"0.00";"0.0"
"2023-11-06 12:00:00.000";"22.25";"62.67";"6.52";"0.00";"0.0"
"2023-11-06 13:00:00.000";"23.20";"64.67";"6.17";"0.00";"0.0"
"2023-11-06 14:00:00.000";"23.85";"57.00";"4.98";"0.00";"0.0"
"2023-11-06 15:00:00.000";"23.60";"58.33";"5.92";"0.00";"0.0"
"2023-11-06 16:00:00.000";"22.83";"66.00";"5.92";"0.00";"0.0"
"2023-11-06 17:00:00.000";"21.92";"63.17";"4.18";"0.00";"0.0"
"2023-11-06 18:00:00.000";"19.07";"78.50";"1.80";"0.00";"0.0"
"2023-11-06 19:00:00.000";"17.17";"87.00";"0.15";"0.00";"0.0"
"2023-11-06 20:00:00.000";"16.83";"84.83";"0.43";"0.00";"0.0"
"2023-11-06 21:00:00.000";"15.25";"91.00";"0.08";"0.00";"0.0"
"2023-11-06 22:00:00.000";"15.27";"93.00";"0.30";"0.00";"0.0"
"2023-11-06 23:00:00.000";"15.67";"92.50";"0.17";"0.00";"0.0"
"2023-11-07 00:00:00.000";"15.38";"92.67";"0.32";"0.00";"0.0"
"2023-11-07 01:00:00.000";"13.33";"90.83";"0.02";"0.00";"0.0"
"2023-11-07 02:00:00.000";"12.22";"85.83";"0.00";"0.00";"0.0"
"2023-11-07 03:00:00.000";"11.63";"86.33";"0.00";"0.00";"0.0"
"2023-11-07 04:00:00.000";"11.22";"88.17";"0.00";"0.00";"0.0"
"2023-11-07 05:00:00.000";"11.50";"89.67";"0.00";"0.00";"0.0"
"2023-11-07 06:00:00.000";"11.15";"93.50";"0.00";"0.00";"0.0"
"2023-11-07 07:00:00.000";"10.58";"91.50";"0.00";"0.00";"0.0"
"2023-11-07 08:00:00.000";"11.88";"87.17";"0.00";"0.00";"0.0"
"2023-11-07 09:00:00.000";"18.38";"74.83";"0.02";"0.00";"0.0"
"2023-11-07 10:00:00.000";"22.12";"56.00";"0.37";"0.00";"0.0"
"2023-11-07 11:00:00.000";"22.30";"50.33";"2.73";"0.00";"0.0"
"2023-11-07 12:00:00.000";"22.95";"44.17";"3.52";"0.00";"0.0"
"2023-11-07 13:00:00.000";"24.07";"50.83";"3.83";"0.00";"0.0"
"2023-11-07 14:00:00.000";"25.07";"48.50";"3.00";"0.00";"0.0"
"2023-11-07 15:00:00.000";"24.97";"50.33";"4.90";"0.00";"0.0"
"2023-11-07 16:00:00.000";"24.30";"60.00";"3.55";"0.00";"0.0"
"2023-11-07 17:00:00.000";"22.33";"69.00";"1.97";"0.00";"0.0"
"2023-11-07 18:00:00.000";"18.45";"79.67";"1.02";"0.00";"0.0"
"2023-11-07 19:00:00.000";"16.12";"84.33";"0.10";"0.00";"0.0"
"2023-11-07 20:00:00.000";"14.38";"89.00";"0.00";"0.00";"0.0"
"2023-11-07 21:00:00.000";"14.10";"91.17";"0.00";"0.00";"0.0"
"2023-11-07 22:00:00.000";"13.27";"95.00";"0.00";"0.00";"0.0"
"2023-11-07 23:00:00.000";"13.18";"95.17";"0.00";"0.00";"0.0"
"2023-11-08 00:00:00.000";"13.13";"94.50";"0.02";"0.00";"0.0"
"2023-11-08 01:00:00.000";"13.05";"95.33";"0.03";"0.00";"0.0"
"2023-11-08 02:00:00.000";"13.52";"96.67";"0.17";"0.00";"0.0"
"2023-11-08 03:00:00.000";"13.62";"93.50";"0.02";"0.00";"0.0"
"2023-11-08 04:00:00.000";"13.80";"89.67";"0.95";"0.00";"0.0"
"2023-11-08 05:00:00.000";"13.67";"88.00";"0.72";"0.00";"0.0"
"2023-11-08 06:00:00.000";"12.67";"92.33";"0.03";"0.00";"0.0"
"2023-11-08 07:00:00.000";"13.00";"91.00";"0.00";"0.00";"0.0"
"2023-11-08 08:00:00.000";"13.27";"89.67";"0.00";"0.00";"0.0"
"2023-11-08 09:00:00.000";"19.60";"72.00";"0.42";"0.00";"0.0"
"2023-11-08 10:00:00.000";"22.20";"59.17";"1.63";"0.00";"0.0"
"2023-11-08 11:00:00.000";"21.68";"56.17";"2.90";"0.00";"0.0"
"2023-11-08 12:00:00.000";"22.23";"48.83";"4.50";"0.00";"0.0"
"2023-11-08 13:00:00.000";"22.47";"59.67";"5.82";"0.00";"0.0"
"2023-11-08 14:00:00.000";"22.17";"66.67";"8.23";"0.00";"0.0"
"2023-11-08 15:00:00.000";"22.98";"62.33";"6.25";"0.00";"0.0"
"2023-11-08 16:00:00.000";"23.48";"65.17";"3.10";"0.00";"0.0"
"2023-11-08 17:00:00.000";"22.05";"64.33";"1.15";"0.00";"0.0"
"2023-11-08 18:00:00.000";"17.73";"74.50";"0.10";"0.00";"0.0"
"2023-11-08 19:00:00.000";"14.80";"81.17";"0.25";"0.00";"0.0"
"2023-11-08 20:00:00.000";"13.38";"81.50";"0.42";"0.00";"0.0"
"2023-11-08 21:00:00.000";"13.55";"83.17";"1.20";"0.00";"0.0"
"2023-11-08 22:00:00.000";"15.98";"85.50";"2.25";"0.00";"0.0"
"2023-11-08 23:00:00.000";"16.47";"89.50";"3.05";"0.00";"0.0"
"2023-11-09 00:00:00.000";"15.80";"92.17";"2.17";"0.00";"0.0"
"2023-11-09 01:00:00.000";"16.18";"88.17";"1.17";"0.00";"0.0"
"2023-11-09 02:00:00.000";"15.83";"93.17";"0.78";"0.00";"0.0"
"2023-11-09 03:00:00.000";"16.90";"93.17";"1.23";"0.00";"0.0"
"2023-11-09 04:00:00.000";"16.37";"94.67";"0.15";"0.00";"0.0"
"2023-11-09 05:00:00.000";"14.75";"97.67";"0.00";"1.00";"0.0"
"2023-11-09 06:00:00.000";"14.28";"98.00";"0.00";"1.00";"0.0"
"2023-11-09 07:00:00.000";"14.43";"98.50";"0.02";"1.00";"0.0"
"2023-11-09 08:00:00.000";"14.12";"99.00";"0.00";"0.83";"0.0"
"2023-11-09 09:00:00.000";"16.83";"93.33";"0.03";"0.00";"0.0"
"2023-11-09 10:00:00.000";"21.42";"65.00";"1.40";"0.00";"0.0"
"2023-11-09 11:00:00.000";"21.78";"60.00";"4.50";"0.00";"0.0"
"2023-11-09 12:00:00.000";"22.57";"53.00";"6.17";"0.00";"0.0"
"2023-11-09 13:00:00.000";"23.32";"54.00";"6.88";"0.00";"0.0"
"2023-11-09 14:00:00.000";"23.67";"49.33";"5.13";"0.00";"0.0"
"2023-11-09 15:00:00.000";"24.13";"46.00";"2.93";"0.00";"0.0"
"2023-11-09 16:00:00.000";"22.40";"54.33";"2.03";"0.00";"0.0"
"2023-11-09 17:00:00.000";"20.13";"57.17";"0.90";"0.00";"0.0"
"2023-11-09 18:00:00.000";"17.68";"53.17";"0.13";"0.00";"0.0"
"2023-11-09 19:00:00.000";"15.47";"59.17";"0.48";"0.00";"0.0"
"2023-11-09 20:00:00.000";"14.05";"59.50";"0.00";"0.00";"0.0"
"2023-11-09 21:00:00.000";"13.28";"62.83";"0.03";"0.00";"0.0"
"2023-11-09 22:00:00.000";"12.83";"68.67";"0.02";"0.00";"0.0"
"2023-11-09 23:00:00.000";"12.78";"68.00";"0.22";"0.00";"0.0"
"2023-11-10 00:00:00.000";"13.38";"66.33";"0.48";"0.00";"0.0"
"2023-11-10 01:00:00.000";"13.30";"68.17";"0.47";"0.00";"0.0"
"2023-11-10 02:00:00.000";"13.57";"69.17";"1.20";"0.00";"0.0"
"2023-11-10 03:00:00.000";"13.97";"68.17";"0.67";"0.00";"0.0"
"2023-11-10 04:00:00.000";"13.70";"69.67";"0.27";"0.00";"0.0"
"2023-11-10 05:00:00.000";"12.45";"75.33";"0.08";"0.00";"0.0"
"2023-11-10 06:00:00.000";"11.80";"77.17";"0.00";"0.00";"0.0"
"2023-11-10 07:00:00.000";"12.20";"75.17";"0.00";"0.00";"0.0"
"2023-11-10 08:00:00.000";"12.42";"73.33";"0.02";"0.00";"0.0"
"2023-11-10 09:00:00.000";"16.88";"62.33";"0.52";"0.00";"0.0"
"2023-11-10 10:00:00.000";"19.03";"52.00";"2.68";"0.00";"0.0"
"2023-11-10 11:00:00.000";"18.35";"56.83";"0.70";"0.00";"0.0"
"2023-11-10 12:00:00.000";"16.70";"74.33";"2.40";"0.50";"0.0"
"2023-11-10 13:00:00.000";"16.60";"79.00";"5.83";"0.00";"0.0"
"2023-11-10 14:00:00.000";"12.33";"90.33";"9.27";"0.67";"12.6"
"2023-11-10 15:00:00.000";"11.97";"98.00";"3.57";"1.00";"1.2"
"2023-11-10 16:00:00.000";"11.02";"98.17";"2.48";"1.00";"0.3"
"2023-11-10 17:00:00.000";"12.57";"98.50";"0.95";"1.00";"0.0"
"2023-11-10 18:00:00.000";"12.82";"98.00";"0.13";"0.83";"0.0"
"2023-11-10 19:00:00.000";"12.37";"98.67";"0.00";"1.00";"0.0"
"2023-11-10 20:00:00.000";"12.68";"98.17";"0.03";"1.00";"0.0"
"2023-11-10 21:00:00.000";"12.52";"99.00";"0.02";"1.00";"0.0"
"2023-11-10 22:00:00.000";"13.77";"99.00";"0.18";"1.00";"0.0"
"2023-11-10 23:00:00.000";"14.87";"99.00";"0.00";"1.00";"0.0"
"2023-11-11 00:00:00.000";"15.42";"99.00";"0.10";"1.00";"0.0"
"2023-11-11 01:00:00.000";"15.05";"99.00";"0.00";"1.00";"0.0"
"2023-11-11 02:00:00.000";"14.27";"99.67";"0.00";"1.00";"0.0"
"2023-11-11 03:00:00.000";"15.22";"100.00";"0.07";"1.00";"0.0"
"2023-11-11 04:00:00.000";"15.67";"100.00";"0.00";"1.00";"0.0"
"2023-11-11 05:00:00.000";"15.93";"100.00";"0.00";"1.00";"0.3"
"2023-11-11 06:00:00.000";"15.88";"100.00";"0.65";"1.00";"9.6"
"2023-11-11 07:00:00.000";"15.53";"100.00";"7.62";"0.67";"25.8"
"2023-11-11 08:00:00.000";"16.25";"100.00";"5.78";"1.00";"0.6"
"2023-11-11 09:00:00.000";"15.98";"100.00";"6.07";"1.00";"0.0"
"2023-11-11 10:00:00.000";"16.15";"100.00";"3.28";"1.00";"0.6"
"2023-11-11 11:00:00.000";"17.03";"95.80";"4.70";"1.00";"0.0"
"2023-11-11 12:00:00.000";"18.05";"91.80";"8.03";"0.17";"0.0"
"2023-11-11 13:00:00.000";"18.12";"87.83";"6.22";"0.50";"0.6"
"2023-11-11 14:00:00.000";"19.33";"74.17";"6.25";"0.00";"0.0"
"2023-11-11 15:00:00.000";"19.38";"74.50";"9.80";"0.00";"0.0"
"2023-11-11 16:00:00.000";"18.55";"78.33";"6.83";"0.00";"0.0"
"2023-11-11 17:00:00.000";"17.95";"81.67";"6.38";"0.00";"0.0"
"2023-11-11 18:00:00.000";"16.02";"94.83";"2.33";"0.83";"3.9"
"2023-11-11 19:00:00.000";"15.57";"98.00";"2.75";"1.00";"0.0"
"2023-11-11 20:00:00.000";"16.05";"97.17";"3.90";"1.00";"0.0"
"2023-11-11 21:00:00.000";"16.22";"95.50";"4.28";"0.00";"0.0"
"2023-11-11 22:00:00.000";"16.10";"96.50";"2.92";"0.00";"0.0"
"2023-11-11 23:00:00.000";"15.62";"95.00";"3.25";"0.00";"0.0"
"2023-11-12 00:00:00.000";"15.30";"90.17";"2.08";"0.00";"0.0"
"2023-11-12 01:00:00.000";"14.38";"89.83";"0.33";"0.00";"0.0"
"2023-11-12 02:00:00.000";"13.42";"96.83";"0.12";"0.00";"0.0"
"2023-11-12 03:00:00.000";"12.55";"97.33";"0.00";"0.00";"0.0"
"2023-11-12 04:00:00.000";"12.02";"99.00";"0.00";"1.00";"0.0"
"2023-11-12 05:00:00.000";"12.43";"99.00";"0.00";"1.00";"0.0"
"2023-11-12 06:00:00.000";"13.77";"96.50";"0.80";"0.00";"0.0"
"2023-11-12 07:00:00.000";"14.58";"92.83";"0.42";"0.00";"0.0"
"2023-11-12 08:00:00.000";"14.32";"89.83";"0.22";"0.00";"0.0"
"2023-11-12 09:00:00.000";"13.98";"84.67";"0.40";"0.00";"0.0"
"2023-11-12 10:00:00.000";"18.60";"62.83";"0.80";"0.00";"0.0"
"2023-11-12 11:00:00.000";"19.52";"54.50";"3.40";"0.00";"0.0"
"2023-11-12 12:00:00.000";"19.73";"48.00";"3.93";"0.00";"0.0"
"2023-11-12 13:00:00.000";"19.58";"55.50";"4.88";"0.00";"0.0"
"2023-11-12 14:00:00.000";"20.52";"56.17";"5.70";"0.00";"0.0"
"2023-11-12 15:00:00.000";"20.25";"54.00";"5.85";"0.00";"0.0"
"2023-11-12 16:00:00.000";"19.32";"67.33";"6.53";"0.00";"0.0"
"2023-11-12 17:00:00.000";"17.87";"76.00";"4.72";"0.00";"0.0"
"2023-11-12 18:00:00.000";"15.98";"87.17";"1.12";"0.00";"0.0"
"2023-11-12 19:00:00.000";"14.57";"92.83";"0.00";"0.00";"0.0"
"2023-11-12 20:00:00.000";"15.03";"90.67";"0.03";"0.00";"0.0"
"2023-11-12 21:00:00.000";"15.43";"89.17";"0.00";"0.00";"0.0"
"2023-11-12 22:00:00.000";"15.38";"95.17";"0.07";"1.00";"0.9"
"2023-11-12 23:00:00.000";"15.05";"98.17";"0.02";"1.00";"9.0"
"2023-11-13 00:00:00.000";"15.82";"99.00";"2.80";"1.00";"3.0"
"2023-11-13 01:00:00.000";"16.05";"99.00";"6.77";"0.83";"0.3"
"2023-11-13 02:00:00.000";"16.37";"99.00";"4.50";"1.00";"0.0"
"2023-11-13 03:00:00.000";"16.05";"99.83";"2.52";"1.00";"13.8"
"2023-11-13 04:00:00.000";"16.60";"100.00";"5.28";"0.83";"0.3"
"2023-11-13 05:00:00.000";"16.97";"100.00";"6.98";"1.00";"0.0"
"2023-11-13 06:00:00.000";"16.87";"100.00";"6.03";"1.00";"2.4"
"2023-11-13 07:00:00.000";"14.80";"98.50";"8.18";"1.00";"0.9"
"2023-11-13 08:00:00.000";"14.20";"94.00";"3.30";"0.83";"0.0"
"2023-11-13 09:00:00.000";"13.93";"96.17";"1.45";"0.67";"0.0"
"2023-11-13 10:00:00.000";"17.62";"76.83";"3.42";"0.00";"0.3"
"2023-11-13 11:00:00.000";"17.22";"73.50";"4.83";"0.00";"0.0"
"2023-11-13 12:00:00.000";"18.82";"56.33";"3.65";"0.00";"0.0"
"2023-11-13 13:00:00.000";"18.52";"67.00";"5.68";"0.00";"0.0"
"2023-11-13 14:00:00.000";"17.92";"72.67";"6.50";"0.00";"0.0"
"2023-11-13 15:00:00.000";"17.90";"75.00";"6.20";"0.00";"0.0"
"2023-11-13 16:00:00.000";"19.15";"72.33";"5.15";"0.00";"0.0"
"2023-11-13 17:00:00.000";"17.88";"76.33";"6.42";"0.00";"0.0"
"2023-11-13 18:00:00.000";"15.70";"79.67";"4.55";"0.00";"0.0"
"2023-11-13 19:00:00.000";"15.63";"79.17";"6.33";"0.00";"0.0"
"2023-11-13 20:00:00.000";"15.47";"73.67";"5.58";"0.00";"0.0"
"2023-11-13 21:00:00.000";"15.68";"68.17";"3.08";"0.00";"0.0"
"2023-11-13 22:00:00.000";"12.82";"81.67";"0.45";"0.00";"0.0"
"2023-11-13 23:00:00.000";"12.35";"76.83";"0.25";"0.00";"0.0"
"2023-11-14 00:00:00.000";"10.70";"89.67";"0.03";"0.00";"0.0"
"2023-11-14 01:00:00.000";"10.22";"91.17";"0.00";"0.00";"0.0"
"2023-11-14 02:00:00.000";"10.25";"81.17";"0.00";"0.00";"0.0"
"2023-11-14 03:00:00.000";"10.22";"79.83";"0.17";"0.00";"0.0"
"2023-11-14 04:00:00.000";"10.30";"78.17";"0.07";"0.00";"0.0"
"2023-11-14 05:00:00.000";"10.35";"78.33";"0.13";"0.00";"0.0"
"2023-11-14 06:00:00.000";"10.00";"76.83";"0.00";"0.00";"0.0"
"2023-11-14 07:00:00.000";"9.13";"76.67";"0.00";"0.00";"0.0"
"2023-11-14 08:00:00.000";"10.40";"77.67";"0.55";"0.00";"0.0"
"2023-11-14 09:00:00.000";"15.53";"66.67";"2.57";"0.00";"0.0"
"2023-11-14 10:00:00.000";"18.27";"63.33";"3.57";"0.00";"0.0"
"2023-11-14 11:00:00.000";"19.48";"58.00";"2.97";"0.00";"0.0"
"2023-11-14 12:00:00.000";"19.50";"51.17";"4.70";"0.00";"0.0"
"2023-11-14 13:00:00.000";"20.08";"53.33";"4.48";"0.00";"0.0"
"2023-11-14 14:00:00.000";"20.83";"51.67";"4.52";"0.00";"0.0"
"2023-11-14 15:00:00.000";"20.67";"50.33";"5.25";"0.00";"0.0"
"2023-11-14 16:00:00.000";"19.43";"68.33";"4.93";"0.00";"0.0"
"2023-11-14 17:00:00.000";"17.70";"77.67";"3.90";"0.00";"0.0"
"2023-11-14 18:00:00.000";"16.93";"83.67";"2.38";"0.00";"0.0"
"2023-11-14 19:00:00.000";"16.67";"84.17";"1.62";"0.00";"0.0"
"2023-11-14 20:00:00.000";"15.42";"90.17";"0.43";"0.00";"0.0"
"2023-11-14 21:00:00.000";"13.75";"95.83";"0.00";"0.00";"0.0"
"2023-11-14 22:00:00.000";"12.17";"91.00";"0.00";"0.00";"0.0"
"2023-11-14 23:00:00.000";"12.15";"89.50";"0.00";"0.00";"0.0"
"2023-11-15 00:00:00.000";"11.73";"94.00";"0.03";"0.00";"0.0"
"2023-11-15 01:00:00.000";"11.12";"96.67";"0.00";"0.17";"0.0"
"2023-11-15 02:00:00.000";"10.68";"98.00";"0.00";"1.00";"0.0"
"2023-11-15 03:00:00.000";"10.93";"99.00";"0.00";"1.00";"0.0"
"2023-11-15 04:00:00.000";"11.55";"96.17";"0.17";"0.33";"0.0"
"2023-11-15 05:00:00.000";"14.42";"80.00";"2.47";"0.00";"0.0"
"2023-11-15 06:00:00.000";"14.55";"75.83";"2.85";"0.00";"0.0"
"2023-11-15 07:00:00.000";"13.13";"84.83";"0.10";"0.00";"0.0"
"2023-11-15 08:00:00.000";"14.12";"86.33";"0.87";"0.00";"0.0"
"2023-11-15 09:00:00.000";"16.67";"77.50";"2.23";"0.00";"0.0"
"2023-11-15 10:00:00.000";"18.60";"68.17";"3.35";"0.00";"0.0"
"2023-11-15 11:00:00.000";"19.57";"62.67";"3.37";"0.00";"0.0"
"2023-11-15 12:00:00.000";"20.20";"57.17";"3.73";"0.00";"0.0"
"2023-11-15 13:00:00.000";"20.42";"64.17";"5.50";"0.00";"0.0"
"2023-11-15 14:00:00.000";"21.18";"66.83";"5.13";"0.00";"0.0"
"2023-11-15 15:00:00.000";"21.37";"67.00";"6.10";"0.00";"0.0"
"2023-11-15 16:00:00.000";"21.27";"73.17";"4.40";"0.00";"0.0"
"2023-11-15 17:00:00.000";"19.85";"77.33";"2.77";"0.00";"0.0"
"2023-11-15 18:00:00.000";"16.47";"90.00";"1.27";"0.00";"0.0"
"2023-11-15 19:00:00.000";"15.35";"97.17";"2.05";"0.33";"0.0"
"2023-11-15 20:00:00.000";"15.43";"97.33";"0.80";"0.00";"0.0"
"2023-11-15 21:00:00.000";"14.25";"98.33";"0.07";"1.00";"0.0"
"2023-11-15 22:00:00.000";"15.92";"98.00";"1.30";"0.50";"0.0"
"2023-11-15 23:00:00.000";"15.70";"95.33";"0.15";"0.00";"0.0"
"2023-11-16 00:00:00.000";"13.85";"98.33";"0.00";"0.83";"0.0"
"2023-11-16 01:00:00.000";"14.80";"99.00";"0.03";"0.67";"0.0"
"2023-11-16 02:00:00.000";"15.48";"98.50";"0.33";"0.00";"0.0"
"2023-11-16 03:00:00.000";"16.60";"95.00";"1.72";"0.00";"0.0"
"2023-11-16 04:00:00.000";"15.98";"92.67";"0.75";"0.00";"0.0"
"2023-11-16 05:00:00.000";"14.03";"95.50";"0.00";"0.00";"0.0"
"2023-11-16 06:00:00.000";"12.87";"97.17";"0.00";"0.00";"0.0"
"2023-11-16 07:00:00.000";"12.57";"97.83";"0.00";"0.00";"0.0"
"2023-11-16 08:00:00.000";"12.47";"99.00";"0.00";"0.00";"0.0"
"2023-11-16 09:00:00.000";"17.42";"90.17";"0.05";"0.00";"0.0"
"2023-11-16 10:00:00.000";"20.67";"69.67";"1.88";"0.00";"0.0"
"2023-11-16 11:00:00.000";"21.22";"63.50";"3.27";"0.00";"0.0"
"2023-11-16 12:00:00.000";"22.50";"53.33";"2.25";"0.00";"0.0"
"2023-11-16 13:00:00.000";"22.58";"64.33";"2.73";"0.00";"0.0"
"2023-11-16 14:00:00.000";"23.12";"62.33";"2.97";"0.00";"0.0"
"2023-11-16 15:00:00.000";"22.98";"63.17";"2.88";"0.00";"0.0"
"2023-11-16 16:00:00.000";"22.90";"67.00";"2.27";"0.00";"0.0"
"2023-11-16 17:00:00.000";"22.38";"69.00";"0.90";"0.00";"0.0"
"2023-11-16 18:00:00.000";"16.68";"83.50";"0.55";"0.00";"0.0"
"2023-11-16 19:00:00.000";"15.72";"71.50";"0.28";"0.00";"0.0"
"2023-11-16 20:00:00.000";"16.67";"89.00";"1.75";"0.00";"0.0"
"2023-11-16 21:00:00.000";"15.77";"94.50";"1.03";"0.00";"0.0"
"2023-11-16 22:00:00.000";"13.80";"97.33";"0.17";"0.17";"0.0"
"2023-11-16 23:00:00.000";"12.90";"98.00";"0.07";"0.00";"0.0"
"2023-11-17 00:00:00.000";"12.85";"98.00";"0.00";"0.00";"0.0"
"2023-11-17 01:00:00.000";"12.42";"98.83";"0.00";"1.00";"0.0"
"2023-11-17 02:00:00.000";"11.60";"99.00";"0.00";"1.00";"0.0"
"2023-11-17 03:00:00.000";"11.80";"99.00";"0.00";"1.00";"0.0"
"2023-11-17 04:00:00.000";"12.08";"99.00";"0.00";"1.00";"0.0"
"2023-11-17 05:00:00.000";"11.45";"99.83";"0.00";"1.00";"0.0"
"2023-11-17 06:00:00.000";"11.18";"100.00";"0.00";"1.00";"0.0"
"2023-11-17 07:00:00.000";"10.80";"100.00";"0.00";"1.00";"0.0"
"2023-11-17 08:00:00.000";"10.78";"100.00";"0.00";"1.00";"0.0"
"2023-11-17 09:00:00.000";"14.40";"100.00";"0.33";"1.00";"0.3"
"2023-11-17 10:00:00.000";"18.18";"73.50";"1.35";"0.00";"0.0"
"2023-11-17 11:00:00.000";"18.48";"61.83";"4.58";"0.00";"0.0"
"2023-11-17 12:00:00.000";"18.88";"55.00";"5.58";"0.00";"0.0"
"2023-11-17 13:00:00.000";"19.33";"59.17";"6.67";"0.00";"0.0"
"2023-11-17 14:00:00.000";"20.23";"57.83";"4.42";"0.00";"0.0"
"2023-11-17 15:00:00.000";"19.50";"61.17";"3.50";"0.00";"0.0"
"2023-11-17 16:00:00.000";"18.47";"68.67";"8.08";"0.00";"0.0"
"2023-11-17 17:00:00.000";"17.22";"78.50";"4.63";"0.00";"0.0"
"2023-11-17 18:00:00.000";"16.18";"86.67";"2.92";"0.00";"0.0"
"2023-11-17 19:00:00.000";"16.00";"88.67";"1.57";"0.00";"0.0"
"2023-11-17 20:00:00.000";"16.02";"90.17";"1.23";"0.00";"0.0"
"2023-11-17 21:00:00.000";"16.10";"92.50";"1.18";"0.50";"0.0"
"2023-11-17 22:00:00.000";"16.12";"94.67";"5.03";"1.00";"0.0"
"2023-11-17 23:00:00.000";"16.07";"95.50";"4.58";"0.83";"0.0"
"2023-11-18 00:00:00.000";"16.02";"94.83";"5.75";"0.00";"0.0"
"2023-11-18 01:00:00.000";"16.03";"93.83";"6.47";"0.00";"0.0"
"2023-11-18 02:00:00.000";"16.00";"94.00";"6.53";"0.00";"0.0"
"2023-11-18 03:00:00.000";"16.10";"95.00";"6.27";"0.00";"0.0"
"2023-11-18 04:00:00.000";"16.22";"96.00";"4.57";"0.00";"0.0"
"2023-11-18 05:00:00.000";"15.58";"96.67";"5.73";"0.67";"4.8"
"2023-11-18 06:00:00.000";"14.62";"98.83";"6.88";"1.00";"0.3"
"2023-11-18 07:00:00.000";"13.92";"96.67";"5.28";"0.83";"0.6"
"2023-11-18 08:00:00.000";"14.23";"89.50";"11.60";"0.33";"0.0"
"2023-11-18 09:00:00.000";"12.28";"83.00";"11.30";"0.67";"0.3"
"2023-11-18 10:00:00.000";"13.72";"68.33";"9.75";"0.00";"0.0"
"2023-11-18 11:00:00.000";"14.32";"63.50";"10.37";"0.00";"0.0"
"2023-11-18 12:00:00.000";"14.28";"60.67";"13.02";"0.00";"0.0"
"2023-11-18 13:00:00.000";"14.23";"55.33";"13.72";"0.00";"0.0"
"2023-11-18 14:00:00.000";"14.17";"56.00";"14.75";"0.00";"0.0"
"2023-11-18 15:00:00.000";"14.73";"59.83";"11.45";"0.00";"0.0"
"2023-11-18 16:00:00.000";"13.57";"67.00";"8.10";"0.00";"0.0"
"2023-11-18 17:00:00.000";"12.42";"69.50";"5.23";"0.17";"0.0"
"2023-11-18 18:00:00.000";"11.52";"66.67";"4.57";"0.00";"0.0"
"2023-11-18 19:00:00.000";"11.22";"66.00";"4.43";"0.00";"0.0"
"2023-11-18 20:00:00.000";"11.38";"67.83";"4.30";"0.00";"0.0"
"2023-11-18 21:00:00.000";"11.23";"67.83";"3.38";"0.00";"0.0"
"2023-11-18 22:00:00.000";"10.98";"65.67";"3.08";"0.00";"0.0"
"2023-11-18 23:00:00.000";"10.72";"63.33";"4.02";"0.00";"0.0"
"2023-11-19 00:00:00.000";"10.48";"62.00";"6.05";"0.00";"0.0"
"2023-11-19 01:00:00.000";"9.55";"60.33";"3.27";"0.00";"0.0"
"2023-11-19 02:00:00.000";"9.07";"56.83";"3.48";"0.00";"0.0"
"2023-11-19 03:00:00.000";"9.13";"53.83";"6.47";"0.00";"0.0"
"2023-11-19 04:00:00.000";"9.12";"54.67";"4.82";"0.00";"0.0"
"2023-11-19 05:00:00.000";"8.98";"56.83";"4.87";"0.00";"0.0"
"2023-11-19 06:00:00.000";"8.03";"55.50";"1.58";"0.00";"0.0"
"2023-11-19 07:00:00.000";"7.95";"57.33";"2.98";"0.00";"0.0"
"2023-11-19 08:00:00.000";"8.25";"52.17";"3.90";"0.00";"0.0"
"2023-11-19 09:00:00.000";"9.72";"40.17";"3.80";"0.00";"0.0"
"2023-11-19 10:00:00.000";"11.28";"32.33";"2.88";"0.00";"0.0"
"2023-11-19 11:00:00.000";"12.17";"33.33";"3.25";"0.00";"0.0"
"2023-11-19 12:00:00.000";"12.82";"30.17";"2.92";"0.00";"0.0"
"2023-11-19 13:00:00.000";"12.92";"37.67";"3.23";"0.00";"0.0"
"2023-11-19 14:00:00.000";"13.38";"41.17";"3.67";"0.00";"0.0"
"2023-11-19 15:00:00.000";"14.43";"38.67";"2.30";"0.00";"0.0"
"2023-11-19 16:00:00.000";"13.98";"45.50";"2.02";"0.00";"0.0"
"2023-11-19 17:00:00.000";"13.05";"48.83";"0.28";"0.00";"0.0"
"2023-11-19 18:00:00.000";"8.35";"63.33";"0.02";"0.00";"0.0"
"2023-11-19 19:00:00.000";"5.55";"75.33";"0.02";"0.00";"0.0"
"2023-11-19 20:00:00.000";"4.90";"74.67";"0.00";"0.00";"0.0"
"2023-11-19 21:00:00.000";"4.70";"73.50";"0.08";"0.00";"0.0"
"2023-11-19 22:00:00.000";"6.37";"65.17";"0.37";"0.00";"0.0"
"2023-11-19 23:00:00.000";"9.48";"59.83";"1.52";"0.00";"0.0"
"2023-11-20 00:00:00.000";"8.10";"68.00";"0.37";"0.00";"0.0"
"2023-11-20 01:00:00.000";"6.23";"76.00";"0.03";"0.00";"0.0"
"2023-11-20 02:00:00.000";"6.55";"76.83";"0.03";"0.00";"0.0"
"2023-11-20 03:00:00.000";"6.65";"77.33";"0.00";"0.00";"0.0"
"2023-11-20 04:00:00.000";"6.33";"78.50";"0.00";"0.00";"0.0"
"2023-11-20 05:00:00.000";"7.38";"71.00";"0.37";"0.00";"0.0"
"2023-11-20 06:00:00.000";"8.17";"64.83";"0.07";"0.00";"0.0"
"2023-11-20 07:00:00.000";"7.08";"71.50";"0.02";"0.00";"0.0"
"2023-11-20 08:00:00.000";"7.62";"72.83";"0.12";"0.00";"0.0"
"2023-11-20 09:00:00.000";"12.93";"63.50";"0.20";"0.00";"0.0"
"2023-11-20 10:00:00.000";"15.68";"48.83";"0.95";"0.00";"0.0"
"2023-11-20 11:00:00.000";"17.02";"40.50";"3.17";"0.00";"0.0"
"2023-11-20 12:00:00.000";"17.33";"35.50";"3.73";"0.00";"0.0"
"2023-11-20 13:00:00.000";"17.23";"42.83";"3.95";"0.00";"0.0"
"2023-11-20 14:00:00.000";"17.42";"49.00";"3.68";"0.00";"0.0"
"2023-11-20 15:00:00.000";"17.68";"51.33";"3.58";"0.00";"0.0"
"2023-11-20 16:00:00.000";"16.85";"62.50";"3.87";"0.00";"0.0"
"2023-11-20 17:00:00.000";"15.37";"70.50";"3.20";"0.00";"0.0"
"2023-11-20 18:00:00.000";"12.65";"83.50";"2.07";"0.00";"0.0"
"2023-11-20 19:00:00.000";"11.68";"87.67";"1.92";"0.00";"0.0"
"2023-11-20 20:00:00.000";"11.23";"88.33";"1.57";"0.00";"0.0"
"2023-11-20 21:00:00.000";"11.15";"88.17";"0.88";"0.00";"0.0"
"2023-11-20 22:00:00.000";"10.83";"89.50";"0.93";"0.00";"0.0"
"2023-11-20 23:00:00.000";"10.57";"93.50";"0.00";"0.00";"0.0"
"2023-11-21 00:00:00.000";"10.33";"95.33";"0.05";"0.83";"0.0"
"2023-11-21 01:00:00.000";"12.08";"88.33";"0.15";"0.00";"0.0"
"2023-11-21 02:00:00.000";"10.10";"93.67";"0.00";"0.00";"0.0"
"2023-11-21 03:00:00.000";"8.85";"96.67";"0.00";"1.00";"0.0"
"2023-11-21 04:00:00.000";"8.92";"96.17";"0.00";"0.83";"0.0"
"2023-11-21 05:00:00.000";"7.95";"97.33";"0.02";"1.00";"0.0"
"2023-11-21 06:00:00.000";"7.85";"98.00";"0.05";"1.00";"0.0"
"2023-11-21 07:00:00.000";"7.82";"98.00";"0.17";"1.00";"0.0"
"2023-11-21 08:00:00.000";"7.77";"99.00";"0.05";"1.00";"0.0"
"2023-11-21 09:00:00.000";"13.40";"90.50";"0.00";"0.33";"0.0"
"2023-11-21 10:00:00.000";"16.35";"63.17";"0.45";"0.00";"0.0"
"2023-11-21 11:00:00.000";"16.72";"63.17";"2.73";"0.00";"0.0"
"2023-11-21 12:00:00.000";"16.43";"64.00";"5.73";"0.00";"0.0"
"2023-11-21 13:00:00.000";"16.53";"68.83";"6.03";"0.00";"0.0"
"2023-11-21 14:00:00.000";"16.42";"68.83";"4.98";"0.00";"0.0"
"2023-11-21 15:00:00.000";"17.80";"60.50";"4.05";"0.00";"0.0"
"2023-11-21 16:00:00.000";"18.55";"62.67";"3.47";"0.00";"0.0"
"2023-11-21 17:00:00.000";"17.85";"69.33";"0.98";"0.00";"0.0"
"2023-11-21 18:00:00.000";"13.90";"84.50";"0.35";"0.00";"0.0"
"2023-11-21 19:00:00.000";"13.32";"85.67";"0.42";"0.00";"0.0"
"2023-11-21 20:00:00.000";"12.98";"84.33";"0.45";"0.00";"0.0"
"2023-11-21 21:00:00.000";"13.78";"78.33";"0.13";"0.00";"0.0"
"2023-11-21 22:00:00.000";"13.65";"78.00";"0.25";"0.00";"0.0"
"2023-11-21 23:00:00.000";"14.28";"78.17";"0.37";"0.00";"0.0"
"2023-11-22 00:00:00.000";"14.37";"84.17";"0.18";"0.00";"0.0"
"2023-11-22 01:00:00.000";"14.47";"87.17";"0.67";"0.50";"0.0"
"2023-11-22 02:00:00.000";"13.97";"90.50";"0.63";"0.00";"0.0"
"2023-11-22 03:00:00.000";"14.00";"92.67";"0.38";"0.00";"0.0"
"2023-11-22 04:00:00.000";"14.15";"93.83";"0.67";"0.17";"0.0"
"2023-11-22 05:00:00.000";"14.15";"97.00";"0.57";"1.00";"0.0"
"2023-11-22 06:00:00.000";"14.53";"98.00";"0.13";"1.00";"0.0"
"2023-11-22 07:00:00.000";"14.68";"98.00";"0.07";"1.00";"0.0"
"2023-11-22 08:00:00.000";"14.63";"98.50";"0.43";"1.00";"0.6"
"2023-11-22 09:00:00.000";"14.70";"99.00";"0.57";"1.00";"1.5"
"2023-11-22 10:00:00.000";"15.02";"99.00";"1.57";"1.00";"0.6"
"2023-11-22 11:00:00.000";"16.55";"95.33";"0.80";"0.67";"0.0"
"2023-11-22 12:00:00.000";"16.77";"90.50";"3.15";"0.00";"0.0"
"2023-11-22 13:00:00.000";"17.28";"89.50";"1.87";"0.00";"0.0"
"2023-11-22 14:00:00.000";"17.15";"92.17";"2.72";"1.00";"0.9"
"2023-11-22 15:00:00.000";"18.02";"82.33";"2.65";"0.33";"0.0"
"2023-11-22 16:00:00.000";"16.32";"96.00";"1.22";"1.00";"2.7"
"2023-11-22 17:00:00.000";"16.25";"96.33";"1.23";"1.00";"0.6"
"2023-11-22 18:00:00.000";"15.53";"97.17";"1.37";"1.00";"0.0"
"2023-11-22 19:00:00.000";"15.22";"97.00";"1.62";"0.67";"2.1"
"2023-11-22 20:00:00.000";"14.78";"98.83";"1.27";"1.00";"0.6"
"2023-11-22 21:00:00.000";"14.35";"99.00";"1.27";"1.00";"0.9"
"2023-11-22 22:00:00.000";"14.25";"99.00";"1.23";"1.00";"0.0"
"2023-11-22 23:00:00.000";"13.95";"99.33";"1.45";"1.00";"1.2"
"2023-11-23 00:00:00.000";"14.42";"100.00";"5.55";"1.00";"0.3"
"2023-11-23 01:00:00.000";"13.78";"99.33";"4.53";"1.00";"1.8"
"2023-11-23 02:00:00.000";"13.75";"99.67";"2.45";"1.00";"1.8"
"2023-11-23 03:00:00.000";"13.82";"100.00";"2.75";"1.00";"0.0"
"2023-11-23 04:00:00.000";"13.73";"100.00";"2.70";"1.00";"0.0"
"2023-11-23 05:00:00.000";"13.80";"100.00";"4.98";"1.00";"0.0"
"2023-11-23 06:00:00.000";"13.72";"99.50";"5.22";"1.00";"0.3"
"2023-11-23 07:00:00.000";"13.90";"99.00";"5.65";"1.00";"0.0"
"2023-11-23 08:00:00.000";"13.75";"98.83";"4.78";"0.00";"0.0"
"2023-11-23 09:00:00.000";"15.00";"93.33";"4.60";"0.00";"0.0"
"2023-11-23 10:00:00.000";"16.90";"81.17";"4.97";"0.00";"0.0"
"2023-11-23 11:00:00.000";"17.43";"79.00";"6.43";"0.00";"0.0"
"2023-11-23 12:00:00.000";"18.30";"68.33";"8.10";"0.00";"0.0"
"2023-11-23 13:00:00.000";"18.60";"67.17";"7.33";"0.00";"0.0"
"2023-11-23 14:00:00.000";"18.97";"64.33";"7.17";"0.00";"0.0"
"2023-11-23 15:00:00.000";"19.13";"64.00";"6.22";"0.00";"0.0"
"2023-11-23 16:00:00.000";"18.68";"66.00";"6.28";"0.00";"0.0"
"2023-11-23 17:00:00.000";"17.55";"72.17";"3.78";"0.00";"0.0"
"2023-11-23 18:00:00.000";"15.52";"81.67";"1.47";"0.00";"0.0"
"2023-11-23 19:00:00.000";"14.75";"82.33";"2.75";"0.00";"0.0"
"2023-11-23 20:00:00.000";"14.90";"83.17";"2.50";"0.00";"0.0"
"2023-11-23 21:00:00.000";"15.63";"79.50";"2.52";"0.00";"0.0"
"2023-11-23 22:00:00.000";"14.67";"81.00";"0.30";"0.00";"0.0"
"2023-11-23 23:00:00.000";"13.35";"87.50";"0.02";"0.00";"0.0"
"2023-11-24 00:00:00.000";"13.30";"91.83";"0.10";"0.00";"0.0"
"2023-11-24 01:00:00.000";"12.63";"96.67";"0.02";"0.00";"0.0"
"2023-11-24 02:00:00.000";"13.30";"97.17";"0.25";"0.00";"0.0"
"2023-11-24 03:00:00.000";"14.42";"94.50";"2.00";"0.00";"0.0"
"2023-11-24 04:00:00.000";"14.62";"89.83";"3.82";"0.00";"0.0"
"2023-11-24 05:00:00.000";"14.53";"87.00";"3.77";"0.00";"0.0"
"2023-11-24 06:00:00.000";"14.65";"85.00";"2.83";"0.00";"0.0"
"2023-11-24 07:00:00.000";"14.43";"85.00";"2.23";"0.00";"0.0"
"2023-11-24 08:00:00.000";"13.22";"89.50";"0.10";"0.00";"0.0"
"2023-11-24 09:00:00.000";"14.63";"87.00";"0.00";"0.00";"0.0"
"2023-11-24 10:00:00.000";"16.30";"81.83";"0.30";"0.00";"0.0"
"2023-11-24 11:00:00.000";"16.82";"78.50";"3.40";"0.00";"0.0"
"2023-11-24 12:00:00.000";"17.58";"72.00";"5.20";"0.00";"0.0"
"2023-11-24 13:00:00.000";"17.82";"72.33";"4.53";"0.00";"0.0"
"2023-11-24 14:00:00.000";"17.92";"72.50";"2.62";"0.00";"0.0"
"2023-11-24 15:00:00.000";"17.40";"78.33";"1.20";"0.00";"0.0"
"2023-11-24 16:00:00.000";"17.12";"82.83";"1.57";"0.00";"0.0"
"2023-11-24 17:00:00.000";"15.73";"91.83";"1.65";"0.00";"0.0"
"2023-11-24 18:00:00.000";"14.63";"96.50";"0.07";"0.00";"0.0"
"2023-11-24 19:00:00.000";"12.97";"94.00";"3.52";"0.83";"2.7"
"2023-11-24 20:00:00.000";"11.63";"97.83";"0.57";"1.00";"0.0"
"2023-11-24 21:00:00.000";"12.63";"96.83";"1.28";"1.00";"0.9"
"2023-11-24 22:00:00.000";"12.37";"96.00";"1.47";"0.67";"0.3"
"2023-11-24 23:00:00.000";"11.78";"93.33";"1.80";"0.00";"0.0"
"2023-11-25 00:00:00.000";"11.92";"86.00";"2.40";"0.00";"0.0"
"2023-11-25 01:00:00.000";"11.62";"95.00";"2.78";"0.83";"3.9"
"2023-11-25 02:00:00.000";"10.57";"98.00";"0.20";"0.83";"0.0"
"2023-11-25 03:00:00.000";"11.27";"99.00";"1.52";"1.00";"6.0"
"2023-11-25 04:00:00.000";"11.80";"99.00";"2.92";"1.00";"0.0"
"2023-11-25 05:00:00.000";"11.97";"98.17";"3.82";"0.33";"0.0"
"2023-11-25 06:00:00.000";"11.65";"96.33";"2.58";"0.00";"0.0"
"2023-11-25 07:00:00.000";"11.17";"94.17";"2.05";"0.33";"6.0"
"2023-11-25 08:00:00.000";"9.60";"98.17";"0.47";"1.00";"0.3"
"2023-11-25 09:00:00.000";"11.35";"98.33";"2.38";"1.00";"2.7"
"2023-11-25 10:00:00.000";"11.62";"96.67";"3.52";"0.67";"2.1"
"2023-11-25 11:00:00.000";"14.30";"85.33";"6.02";"0.00";"0.0"
"2023-11-25 12:00:00.000";"14.80";"76.50";"10.42";"0.00";"0.0"
"2023-11-25 13:00:00.000";"14.13";"85.83";"9.40";"0.50";"0.0"
"2023-11-25 14:00:00.000";"15.15";"79.00";"11.55";"0.17";"0.0"
"2023-11-25 15:00:00.000";"13.70";"91.83";"9.83";"0.83";"0.3"
"2023-11-25 16:00:00.000";"14.80";"82.67";"12.25";"0.00";"0.0"
"2023-11-25 17:00:00.000";"13.42";"92.17";"12.28";"0.83";"2.1"
"2023-11-25 18:00:00.000";"12.53";"98.00";"9.20";"1.00";"0.9"
"2023-11-25 19:00:00.000";"12.93";"99.00";"12.00";"1.00";"3.9"
"2023-11-25 20:00:00.000";"12.85";"99.00";"10.52";"1.00";"3.0"
"2023-11-25 21:00:00.000";"12.03";"98.83";"11.02";"1.00";"3.6"
"2023-11-25 22:00:00.000";"10.90";"93.33";"9.32";"0.67";"0.3"
"2023-11-25 23:00:00.000";"10.68";"80.67";"6.08";"0.00";"0.3"
"2023-11-26 00:00:00.000";"10.45";"78.67";"9.43";"0.33";"0.0"
"2023-11-26 01:00:00.000";"9.25";"82.67";"6.43";"0.33";"0.0"
"2023-11-26 02:00:00.000";"8.58";"81.67";"10.28";"0.83";"0.6"
"2023-11-26 03:00:00.000";"7.28";"89.00";"8.97";"0.67";"1.8"
"2023-11-26 04:00:00.000";"7.52";"81.67";"6.52";"0.50";"0.0"
"2023-11-26 05:00:00.000";"8.40";"74.17";"9.72";"0.00";"0.0"
"2023-11-26 06:00:00.000";"6.75";"84.00";"9.10";"1.00";"0.9"
"2023-11-26 07:00:00.000";"6.82";"76.33";"12.57";"0.17";"0.3"
"2023-11-26 08:00:00.000";"6.22";"80.50";"9.70";"0.83";"0.3"
"2023-11-26 09:00:00.000";"5.75";"81.33";"10.78";"0.33";"0.0"
"2023-11-26 10:00:00.000";"4.97";"90.67";"5.73";"1.00";"3.9"
"2023-11-26 11:00:00.000";"6.85";"80.83";"7.95";"0.50";"0.3"
"2023-11-26 12:00:00.000";"7.83";"69.83";"10.38";"0.00";"0.0"
"2023-11-26 13:00:00.000";"8.83";"60.50";"10.87";"0.00";"0.0"
"2023-11-26 14:00:00.000";"8.57";"66.17";"10.48";"0.17";"0.0"
"2023-11-26 15:00:00.000";"7.15";"78.00";"6.58";"0.67";"1.5"
"2023-11-26 16:00:00.000";"6.13";"83.67";"6.45";"0.67";"2.4"
"2023-11-26 17:00:00.000";"6.50";"74.67";"5.35";"0.00";"0.0"
"2023-11-26 18:00:00.000";"5.02";"85.17";"5.57";"1.00";"0.9"
"2023-11-26 19:00:00.000";"5.70";"69.00";"3.73";"0.00";"0.0"
"2023-11-26 20:00:00.000";"6.58";"59.00";"5.08";"0.00";"0.0"
"2023-11-26 21:00:00.000";"6.73";"60.33";"2.80";"0.00";"0.0"
"2023-11-26 22:00:00.000";"6.07";"60.50";"1.40";"0.00";"0.0"
"2023-11-26 23:00:00.000";"6.57";"62.33";"1.93";"0.00";"0.0"
"2023-11-27 00:00:00.000";"6.23";"67.17";"1.22";"0.00";"0.0"
"2023-11-27 01:00:00.000";"5.62";"75.50";"2.30";"0.67";"0.3"
"2023-11-27 02:00:00.000";"5.57";"72.33";"2.05";"0.00";"0.0"
"2023-11-27 03:00:00.000";"5.65";"73.83";"0.82";"0.00";"0.0"
"2023-11-27 04:00:00.000";"5.67";"76.83";"1.53";"0.50";"0.0"
"2023-11-27 05:00:00.000";"4.70";"79.67";"1.58";"0.00";"0.0"
"2023-11-27 06:00:00.000";"5.08";"69.00";"0.70";"0.00";"0.0"
"2023-11-27 07:00:00.000";"5.67";"71.83";"0.98";"0.00";"0.0"
"2023-11-27 08:00:00.000";"6.33";"73.00";"1.13";"0.00";"0.0"
"2023-11-27 09:00:00.000";"8.30";"70.33";"0.38";"0.00";"0.0"
"2023-11-27 10:00:00.000";"9.52";"64.33";"0.82";"0.00";"0.0"
"2023-11-27 11:00:00.000";"10.82";"58.50";"1.78";"0.00";"0.0"
"2023-11-27 12:00:00.000";"11.30";"50.50";"4.70";"0.00";"0.0"
"2023-11-27 13:00:00.000";"12.12";"54.00";"1.73";"0.00";"0.0"
"2023-11-27 14:00:00.000";"11.87";"56.33";"4.28";"0.00";"0.0"
"2023-11-27 15:00:00.000";"11.65";"60.33";"2.98";"0.00";"0.0"
"2023-11-27 16:00:00.000";"11.05";"66.50";"1.58";"0.00";"0.0"
"2023-11-27 17:00:00.000";"11.42";"66.50";"0.08";"0.00";"0.0"
"2023-11-27 18:00:00.000";"9.10";"79.17";"0.25";"0.00";"0.0"
"2023-11-27 19:00:00.000";"9.05";"78.17";"0.42";"0.00";"0.0"
"2023-11-27 20:00:00.000";"8.92";"84.50";"0.58";"1.00";"0.0"
"2023-11-27 21:00:00.000";"8.80";"85.50";"1.20";"1.00";"0.3"
"2023-11-27 22:00:00.000";"8.10";"93.83";"0.72";"1.00";"0.3"
"2023-11-27 23:00:00.000";"8.23";"95.00";"1.50";"1.00";"0.0"
"2023-11-28 00:00:00.000";"8.60";"94.83";"1.33";"1.00";"0.6"
"2023-11-28 01:00:00.000";"8.43";"96.00";"1.08";"1.00";"0.0"
"2023-11-28 02:00:00.000";"8.25";"97.00";"0.00";"1.00";"0.0"
"2023-11-28 03:00:00.000";"8.42";"97.83";"0.17";"1.00";"2.7"
"2023-11-28 04:00:00.000";"9.55";"98.50";"1.48";"1.00";"10.2"
"2023-11-28 05:00:00.000";"10.00";"99.00";"0.08";"1.00";"0.0"
"2023-11-28 06:00:00.000";"10.83";"99.00";"0.37";"1.00";"0.6"
"2023-11-28 07:00:00.000";"11.03";"99.00";"0.22";"1.00";"0.0"
"2023-11-28 08:00:00.000";"11.30";"99.00";"0.83";"0.83";"0.9"
"2023-11-28 09:00:00.000";"11.70";"99.00";"0.43";"1.00";"0.0"
"2023-11-28 10:00:00.000";"12.40";"99.00";"4.17";"1.00";"0.3"
"2023-11-28 11:00:00.000";"12.65";"98.50";"0.65";"0.50";"0.0"
"2023-11-28 12:00:00.000";"14.20";"93.67";"7.93";"0.00";"0.0"
"2023-11-28 13:00:00.000";"14.60";"90.50";"9.67";"0.00";"0.0"
"2023-11-28 14:00:00.000";"15.20";"86.33";"12.05";"0.00";"0.0"
"2023-11-28 15:00:00.000";"15.32";"88.33";"13.48";"0.00";"0.0"
"2023-11-28 16:00:00.000";"14.77";"95.50";"15.80";"0.67";"0.6"
"2023-11-28 17:00:00.000";"15.20";"93.17";"14.82";"0.00";"0.0"
"2023-11-28 18:00:00.000";"15.32";"93.00";"15.98";"0.33";"0.0"
"2023-11-28 19:00:00.000";"15.45";"93.50";"15.87";"0.00";"0.0"
"2023-11-28 20:00:00.000";"15.15";"97.17";"14.35";"0.83";"2.7"
"2023-11-28 21:00:00.000";"15.10";"98.83";"12.62";"1.00";"0.0"
"2023-11-28 22:00:00.000";"14.67";"97.67";"10.43";"0.67";"0.0"
"2023-11-28 23:00:00.000";"14.53";"98.67";"7.82";"1.00";"0.0"
"2023-11-29 00:00:00.000";"14.63";"98.67";"8.20";"1.00";"0.0"
"2023-11-29 01:00:00.000";"14.67";"98.00";"7.83";"1.00";"0.0"
"2023-11-29 02:00:00.000";"14.58";"96.50";"7.68";"0.00";"0.0"
"2023-11-29 03:00:00.000";"14.73";"96.33";"9.67";"0.17";"0.0"
"2023-11-29 04:00:00.000";"14.60";"97.00";"9.82";"1.00";"0.0"
"2023-11-29 05:00:00.000";"14.47";"95.50";"6.50";"0.00";"0.0"
"2023-11-29 06:00:00.000";"14.43";"96.00";"6.35";"0.00";"0.0"
"2023-11-29 07:00:00.000";"14.38";"96.00";"5.77";"0.00";"0.0"
"2023-11-29 08:00:00.000";"14.30";"97.33";"8.05";"0.83";"0.3"
"2023-11-29 09:00:00.000";"13.82";"95.50";"5.37";"1.00";"0.0"
"2023-11-29 10:00:00.000";"14.68";"93.83";"4.88";"0.00";"0.0"
"2023-11-29 11:00:00.000";"15.23";"93.67";"6.12";"0.00";"0.0"
"2023-11-29 12:00:00.000";"15.67";"93.33";"11.65";"0.17";"2.4"
"2023-11-29 13:00:00.000";"14.70";"98.17";"8.15";"1.00";"0.0"
"2023-11-29 14:00:00.000";"14.57";"98.33";"6.37";"1.00";"0.6"
"2023-11-29 15:00:00.000";"14.93";"98.33";"9.83";"1.00";"0.9"
"2023-11-29 16:00:00.000";"14.48";"96.83";"6.73";"0.83";"0.6"
"2023-11-29 17:00:00.000";"14.73";"94.67";"6.03";"0.00";"0.0"
"2023-11-29 18:00:00.000";"13.87";"97.00";"7.20";"0.67";"1.2"
"2023-11-29 19:00:00.000";"13.93";"97.00";"7.05";"0.00";"0.0"
"2023-11-29 20:00:00.000";"13.82";"97.00";"5.82";"0.00";"0.0"
"2023-11-29 21:00:00.000";"13.42";"97.00";"4.32";"0.00";"0.0"
"2023-11-29 22:00:00.000";"13.52";"96.83";"3.55";"0.00";"0.0"
"2023-11-29 23:00:00.000";"12.92";"97.00";"0.68";"0.00";"0.0"
"2023-11-30 00:00:00.000";"11.93";"98.83";"0.18";"0.83";"0.0"
"2023-11-30 01:00:00.000";"11.63";"99.00";"0.17";"1.00";"0.0"
"2023-11-30 02:00:00.000";"10.40";"99.50";"0.00";"1.00";"0.0"
"2023-11-30 03:00:00.000";"9.70";"97.33";"0.00";"0.17";"0.0"
"2023-11-30 04:00:00.000";"9.37";"96.00";"0.00";"0.00";"0.0"
"2023-11-30 05:00:00.000";"9.17";"96.33";"0.10";"0.00";"0.0"
"2023-11-30 06:00:00.000";"9.00";"97.83";"0.33";"0.00";"0.0"
"2023-11-30 07:00:00.000";"8.50";"96.00";"0.85";"0.00";"0.0"
"2023-11-30 08:00:00.000";"8.20";"92.50";"0.08";"0.00";"0.0"
"2023-11-30 09:00:00.000";"11.77";"83.67";"0.07";"0.00";"0.0"
"2023-11-30 10:00:00.000";"16.42";"59.67";"0.28";"0.00";"0.0"
"2023-11-30 11:00:00.000";"17.00";"57.00";"0.87";"0.00";"0.0"
"2023-11-30 12:00:00.000";"16.78";"51.00";"3.40";"0.00";"0.0"
"2023-11-30 13:00:00.000";"16.80";"56.33";"4.73";"0.00";"0.0"
"2023-11-30 14:00:00.000";"17.12";"62.50";"3.95";"0.00";"0.0"
"2023-11-30 15:00:00.000";"17.30";"63.83";"2.72";"0.00";"0.0"
"2023-11-30 16:00:00.000";"17.15";"67.83";"1.70";"0.00";"0.0"
"2023-11-30 17:00:00.000";"16.97";"70.50";"0.48";"0.00";"0.0"
"2023-11-30 18:00:00.000";"11.75";"84.17";"0.00";"0.00";"0.0"
"2023-11-30 19:00:00.000";"9.97";"89.33";"0.02";"0.00";"0.0"
"2023-11-30 20:00:00.000";"9.70";"93.33";"0.00";"0.00";"0.0"
"2023-11-30 21:00:00.000";"9.72";"96.00";"0.00";"0.00";"0.0"
"2023-11-30 22:00:00.000";"9.38";"97.83";"0.00";"0.83";"0.0"
"2023-11-30 23:00:00.000";"9.07";"98.50";"0.00";"1.00";"0.0"
"2023-12-01 00:00:00.000";"9.20";"99.00";"0.00";"1.00";"0.0"
"2023-12-01 01:00:00.000";"9.17";"99.00";"0.05";"1.00";"0.0"
"2023-12-01 02:00:00.000";"10.05";"99.00";"0.00";"1.00";"0.0"
"2023-12-01 03:00:00.000";"10.75";"99.00";"0.03";"1.00";"0.0"
"2023-12-01 04:00:00.000";"11.72";"99.67";"0.12";"1.00";"0.0"
"2023-12-01 05:00:00.000";"10.95";"100.00";"0.00";"1.00";"0.0"
"2023-12-01 06:00:00.000";"10.85";"100.00";"0.00";"1.00";"0.0"
"2023-12-01 07:00:00.000";"10.57";"100.00";"0.00";"1.00";"0.0"
"2023-12-01 08:00:00.000";"10.57";"100.00";"0.05";"1.00";"0.0"
"2023-12-01 09:00:00.000";"12.03";"100.00";"0.12";"1.00";"0.0"
"2023-12-01 10:00:00.000";"15.43";"88.20";"2.53";"0.00";"0.0"
"2023-12-01 11:00:00.000";"16.47";"79.17";"4.65";"0.00";"0.0"
"2023-12-01 12:00:00.000";"17.65";"66.50";"4.65";"0.00";"0.0"
"2023-12-01 13:00:00.000";"18.27";"67.33";"5.28";"0.00";"0.0"
"2023-12-01 14:00:00.000";"18.77";"70.17";"4.52";"0.00";"0.0"
"2023-12-01 15:00:00.000";"19.33";"70.67";"3.50";"0.00";"0.0"
"2023-12-01 16:00:00.000";"19.47";"72.00";"3.67";"0.00";"0.0"
"2023-12-01 17:00:00.000";"18.50";"74.00";"1.18";"0.00";"0.0"
"2023-12-01 18:00:00.000";"13.83";"91.33";"0.03";"0.00";"0.0"
"2023-12-01 19:00:00.000";"12.15";"97.33";"0.00";"1.00";"0.0"
"2023-12-01 20:00:00.000";"11.52";"98.00";"0.10";"1.00";"0.0"
"2023-12-01 21:00:00.000";"12.68";"99.00";"0.07";"1.00";"0.0"
"2023-12-01 22:00:00.000";"13.75";"99.00";"0.00";"1.00";"0.0"
"2023-12-01 23:00:00.000";"14.07";"99.00";"0.00";"1.00";"0.0"
"2023-12-02 00:00:00.000";"14.02";"99.00";"0.00";"1.00";"0.0"
"2023-12-02 01:00:00.000";"13.92";"99.83";"0.00";"1.00";"0.0"
"2023-12-02 02:00:00.000";"13.85";"100.00";"0.00";"1.00";"0.0"
"2023-12-02 03:00:00.000";"13.85";"100.00";"0.00";"1.00";"0.0"
"2023-12-02 04:00:00.000";"13.80";"100.00";"0.93";"1.00";"0.0"
"2023-12-02 05:00:00.000";"13.87";"100.00";"2.28";"1.00";"0.0"
"2023-12-02 06:00:00.000";"13.85";"100.00";"1.63";"1.00";"0.0"
"2023-12-02 07:00:00.000";"13.90";"99.00";"2.00";"1.00";"0.0"
"2023-12-02 08:00:00.000";"13.90";"99.00";"0.70";"1.00";"0.3"
"2023-12-02 09:00:00.000";"14.27";"99.00";"0.80";"1.00";"0.0"
"2023-12-02 10:00:00.000";"15.62";"99.00";"1.57";"0.67";"0.0"
"2023-12-02 11:00:00.000";"17.12";"91.17";"0.98";"0.00";"0.0"
"2023-12-02 12:00:00.000";"18.25";"78.33";"1.72";"0.00";"0.0"
"2023-12-02 13:00:00.000";"19.23";"73.67";"4.02";"0.00";"0.0"
"2023-12-02 14:00:00.000";"18.68";"79.83";"2.88";"0.00";"0.0"
"2023-12-02 15:00:00.000";"18.68";"79.50";"2.37";"0.00";"0.0"
"2023-12-02 16:00:00.000";"18.83";"80.17";"2.35";"0.00";"0.0"
"2023-12-02 17:00:00.000";"16.87";"87.50";"0.27";"0.00";"0.0"
"2023-12-02 18:00:00.000";"15.12";"97.50";"0.22";"0.83";"0.0"
"2023-12-02 19:00:00.000";"14.83";"98.83";"0.15";"1.00";"0.0"
"2023-12-02 20:00:00.000";"14.40";"99.00";"0.17";"1.00";"0.0"
"2023-12-02 21:00:00.000";"14.32";"99.00";"0.25";"1.00";"0.0"
"2023-12-02 22:00:00.000";"14.28";"99.17";"0.27";"1.00";"0.0"
"2023-12-02 23:00:00.000";"14.68";"99.50";"0.30";"1.00";"0.0"
"2023-12-03 00:00:00.000";"14.30";"99.00";"0.08";"1.00";"0.0"
"2023-12-03 01:00:00.000";"14.30";"99.00";"0.02";"1.00";"0.0"
"2023-12-03 02:00:00.000";"14.57";"98.67";"0.10";"1.00";"0.0"
"2023-12-03 03:00:00.000";"14.85";"97.17";"0.13";"0.00";"0.0"
"2023-12-03 04:00:00.000";"15.03";"97.00";"0.02";"0.00";"0.0"
"2023-12-03 05:00:00.000";"15.08";"96.33";"0.13";"0.00";"0.0"
"2023-12-03 06:00:00.000";"15.03";"95.67";"0.10";"0.00";"0.0"
"2023-12-03 07:00:00.000";"14.52";"97.67";"0.02";"0.50";"0.0"
"2023-12-03 08:00:00.000";"14.32";"99.00";"0.00";"1.00";"0.0"
"2023-12-03 09:00:00.000";"15.25";"98.17";"0.55";"0.33";"0.0"
"2023-12-03 10:00:00.000";"16.73";"90.17";"1.43";"0.00";"0.0"
"2023-12-03 11:00:00.000";"17.10";"89.00";"1.98";"0.00";"0.0"
"2023-12-03 12:00:00.000";"17.37";"86.33";"3.87";"0.00";"0.0"
"2023-12-03 13:00:00.000";"18.22";"80.67";"3.97";"0.00";"0.0"
"2023-12-03 14:00:00.000";"17.75";"84.33";"4.27";"0.00";"0.0"
"2023-12-03 15:00:00.000";"17.98";"84.00";"4.90";"0.00";"0.0"
"2023-12-03 16:00:00.000";"17.03";"90.33";"2.55";"0.00";"0.0"
"2023-12-03 17:00:00.000";"16.70";"93.50";"1.17";"0.33";"0.0"
"2023-12-03 18:00:00.000";"16.10";"97.17";"1.15";"1.00";"0.0"
"2023-12-03 19:00:00.000";"15.42";"98.67";"0.18";"1.00";"0.0"
"2023-12-03 20:00:00.000";"15.03";"99.00";"0.02";"1.00";"0.0"
"2023-12-03 21:00:00.000";"14.97";"99.33";"0.07";"1.00";"0.0"
"2023-12-03 22:00:00.000";"15.05";"100.00";"0.05";"1.00";"0.0"
"2023-12-03 23:00:00.000";"14.92";"100.00";"0.03";"1.00";"0.0"
"2023-12-04 00:00:00.000";"13.88";"100.00";"0.00";"1.00";"0.0"
"2023-12-04 01:00:00.000";"13.03";"100.00";"0.00";"1.00";"0.0"
"2023-12-04 02:00:00.000";"13.08";"99.00";"0.05";"1.00";"0.0"
"2023-12-04 03:00:00.000";"14.08";"99.00";"0.78";"1.00";"0.6"
"2023-12-04 04:00:00.000";"13.85";"99.00";"0.38";"1.00";"1.8"
"2023-12-04 05:00:00.000";"12.43";"100.00";"4.73";"1.00";"0.0"
"2023-12-04 06:00:00.000";"11.85";"98.33";"3.05";"0.00";"0.0"
"2023-12-04 07:00:00.000";"12.13";"93.33";"2.50";"0.00";"0.0"
"2023-12-04 08:00:00.000";"11.88";"91.50";"0.38";"0.00";"0.0"
"2023-12-04 09:00:00.000";"11.70";"95.00";"0.28";"0.00";"0.0"
"2023-12-04 10:00:00.000";"14.02";"83.50";"0.63";"0.00";"0.0"
"2023-12-04 11:00:00.000";"15.20";"76.83";"2.37";"0.00";"0.0"
"2023-12-04 12:00:00.000";"16.22";"66.83";"4.00";"0.00";"0.0"
"2023-12-04 13:00:00.000";"16.18";"72.67";"4.00";"0.00";"0.0"
"2023-12-04 14:00:00.000";"15.50";"81.33";"3.60";"0.00";"0.0"
"2023-12-04 15:00:00.000";"16.17";"80.00";"2.57";"0.00";"0.0"
"2023-12-04 16:00:00.000";"16.38";"79.17";"3.03";"0.00";"0.0"
"2023-12-04 17:00:00.000";"15.47";"84.00";"1.17";"0.00";"0.0"
"2023-12-04 18:00:00.000";"12.67";"95.50";"0.00";"0.33";"0.0"
"2023-12-04 19:00:00.000";"12.35";"98.00";"0.35";"1.00";"0.0"
"2023-12-04 20:00:00.000";"12.70";"97.17";"0.12";"0.17";"0.0"
"2023-12-04 21:00:00.000";"11.37";"98.33";"0.00";"1.00";"0.0"
"2023-12-04 22:00:00.000";"10.82";"99.00";"0.00";"1.00";"0.0"
"2023-12-04 23:00:00.000";"10.57";"99.00";"0.00";"1.00";"0.0"
"2023-12-05 00:00:00.000";"11.55";"99.00";"0.03";"1.00";"0.0"
"2023-12-05 01:00:00.000";"10.48";"99.83";"0.00";"1.00";"0.0"
"2023-12-05 02:00:00.000";"10.63";"100.00";"0.00";"1.00";"0.0"
"2023-12-05 03:00:00.000";"11.45";"100.00";"0.00";"1.00";"0.0"
"2023-12-05 04:00:00.000";"11.67";"100.00";"0.00";"1.00";"0.0"
"2023-12-05 05:00:00.000";"10.93";"100.00";"0.00";"1.00";"0.0"
"2023-12-05 06:00:00.000";"10.72";"100.00";"0.05";"1.00";"0.0"
"2023-12-05 07:00:00.000";"11.08";"100.00";"0.05";"1.00";"0.0"
"2023-12-05 08:00:00.000";"11.02";"99.00";"0.08";"1.00";"0.3"
"2023-12-05 09:00:00.000";"11.92";"99.00";"0.22";"1.00";"0.0"
"2023-12-05 10:00:00.000";"13.38";"96.75";"0.00";"0.00";"0.0"
"2023-12-05 11:00:00.000";"14.92";"82.83";"0.10";"0.00";"0.0"
"2023-12-05 12:00:00.000";"14.68";"81.00";"1.67";"0.00";"0.0"
"2023-12-05 13:00:00.000";"13.37";"90.83";"2.65";"0.33";"0.0"
"2023-12-05 14:00:00.000";"13.22";"92.33";"0.20";"1.00";"0.0"
"2023-12-05 15:00:00.000";"13.45";"89.17";"0.85";"1.00";"0.0"
"2023-12-05 16:00:00.000";"12.62";"92.67";"3.25";"0.00";"0.0"
"2023-12-05 17:00:00.000";"12.07";"95.50";"2.07";"0.00";"0.0"
"2023-12-05 18:00:00.000";"11.52";"97.33";"0.00";"0.67";"0.0"
"2023-12-05 19:00:00.000";"11.65";"98.00";"1.23";"1.00";"0.0"
"2023-12-05 20:00:00.000";"11.40";"93.83";"3.23";"0.83";"0.0"
"2023-12-05 21:00:00.000";"11.50";"88.17";"2.10";"0.00";"0.0"
"2023-12-05 22:00:00.000";"10.90";"93.00";"0.05";"0.00";"0.0"
"2023-12-05 23:00:00.000";"10.45";"95.83";"0.18";"0.83";"3.0"
"2023-12-06 00:00:00.000";"9.68";"98.17";"0.00";"0.00";"1.8"
"2023-12-06 01:00:00.000";"10.13";"99.00";"0.52";"0.00";"3.0"
"2023-12-06 02:00:00.000";"10.28";"99.00";"1.17";"0.33";"0.6"
"2023-12-06 03:00:00.000";"10.37";"99.00";"0.03";"0.33";"0.0"
"2023-12-06 04:00:00.000";"10.10";"99.67";"0.07";"1.00";"0.0"
"2023-12-06 05:00:00.000";"9.93";"100.00";"0.08";"1.00";"0.0"
"2023-12-06 06:00:00.000";"10.63";"100.00";"1.78";"1.00";"0.0"
"2023-12-06 07:00:00.000";"11.30";"99.33";"7.13";"1.00";"0.0"
"2023-12-06 08:00:00.000";"11.43";"97.33";"7.62";"0.17";"0.0"
"2023-12-06 09:00:00.000";"11.72";"93.83";"5.00";"0.67";"0.0"
"2023-12-06 10:00:00.000";"12.43";"85.67";"3.35";"0.00";"0.0"
"2023-12-06 11:00:00.000";"13.38";"79.17";"2.82";"0.00";"0.0"
"2023-12-06 12:00:00.000";"13.87";"73.00";"3.88";"0.00";"0.0"
"2023-12-06 13:00:00.000";"14.77";"70.00";"4.13";"0.00";"0.0"
"2023-12-06 14:00:00.000";"13.08";"86.33";"5.40";"0.67";"0.3"
"2023-12-06 15:00:00.000";"13.57";"82.00";"4.38";"0.00";"0.0"
"2023-12-06 16:00:00.000";"13.10";"82.33";"1.92";"0.00";"0.0"
"2023-12-06 17:00:00.000";"12.18";"82.00";"1.30";"0.00";"0.0"
"2023-12-06 18:00:00.000";"10.93";"90.50";"0.13";"0.00";"0.0"
"2023-12-06 19:00:00.000";"10.67";"93.83";"0.05";"0.00";"0.0"
"2023-12-06 20:00:00.000";"10.25";"95.83";"0.02";"0.00";"0.0"
"2023-12-06 21:00:00.000";"10.30";"95.83";"0.00";"0.00";"0.0"
"2023-12-06 22:00:00.000";"9.98";"96.50";"0.00";"0.00";"0.0"
"2023-12-06 23:00:00.000";"9.93";"97.17";"0.00";"0.17";"0.0"
"2023-12-07 00:00:00.000";"9.88";"97.67";"0.02";"0.67";"0.0"
"2023-12-07 01:00:00.000";"10.05";"95.67";"0.00";"0.17";"0.0"
"2023-12-07 02:00:00.000";"10.23";"97.33";"0.00";"1.00";"0.6"
"2023-12-07 03:00:00.000";"10.02";"98.67";"0.00";"1.00";"0.0"
"2023-12-07 04:00:00.000";"8.98";"99.00";"0.00";"1.00";"0.0"
"2023-12-07 05:00:00.000";"8.05";"99.00";"0.00";"1.00";"0.0"
"2023-12-07 06:00:00.000";"7.92";"99.00";"0.13";"1.00";"0.0"
"2023-12-07 07:00:00.000";"7.95";"99.00";"0.02";"1.00";"0.0"
"2023-12-07 08:00:00.000";"8.57";"99.00";"0.05";"1.00";"0.0"
"2023-12-07 09:00:00.000";"9.10";"99.00";"0.37";"1.00";"1.8"
"2023-12-07 10:00:00.000";"10.75";"98.17";"0.02";"1.00";"0.0"
"2023-12-07 11:00:00.000";"12.00";"89.83";"0.18";"0.00";"0.0"
"2023-12-07 12:00:00.000";"12.08";"84.17";"1.42";"0.50";"0.3"
"2023-12-07 13:00:00.000";"11.73";"90.00";"0.75";"0.33";"0.0"
"2023-12-07 14:00:00.000";"12.30";"87.33";"0.45";"0.67";"0.0"
"2023-12-07 15:00:00.000";"13.92";"73.17";"2.95";"0.00";"0.0"
"2023-12-07 16:00:00.000";"12.08";"82.83";"2.40";"0.00";"0.0"
"2023-12-07 17:00:00.000";"13.05";"83.83";"2.02";"0.00";"0.0"
"2023-12-07 18:00:00.000";"10.90";"93.00";"0.57";"0.00";"0.0"
"2023-12-07 19:00:00.000";"9.67";"97.67";"0.00";"0.67";"0.0"
"2023-12-07 20:00:00.000";"8.20";"98.67";"0.00";"1.00";"0.0"
"2023-12-07 21:00:00.000";"6.95";"99.00";"0.00";"1.00";"0.0"
"2023-12-07 22:00:00.000";"8.38";"98.50";"0.23";"0.83";"0.3"
"2023-12-07 23:00:00.000";"8.50";"97.00";"0.38";"0.50";"0.0"
"2023-12-08 00:00:00.000";"9.03";"86.50";"0.87";"0.00";"0.0"
"2023-12-08 01:00:00.000";"9.00";"85.50";"1.18";"0.00";"0.0"
"2023-12-08 02:00:00.000";"9.40";"86.50";"1.55";"0.00";"0.0"
"2023-12-08 03:00:00.000";"8.60";"88.33";"1.02";"0.67";"0.3"
"2023-12-08 04:00:00.000";"7.83";"85.33";"2.30";"0.00";"0.0"
"2023-12-08 05:00:00.000";"7.68";"84.00";"1.98";"0.00";"0.0"
"2023-12-08 06:00:00.000";"8.27";"85.83";"2.75";"0.00";"0.0"
"2023-12-08 07:00:00.000";"7.72";"81.00";"1.60";"0.00";"0.0"
"2023-12-08 08:00:00.000";"7.30";"83.17";"2.35";"1.00";"0.3"
"2023-12-08 09:00:00.000";"8.65";"77.50";"2.68";"0.00";"0.0"
"2023-12-08 10:00:00.000";"10.17";"67.17";"4.37";"0.00";"0.0"
"2023-12-08 11:00:00.000";"9.88";"68.17";"4.62";"0.00";"0.0"
"2023-12-08 12:00:00.000";"10.17";"66.33";"5.07";"0.00";"0.0"
"2023-12-08 13:00:00.000";"10.63";"62.33";"6.57";"0.00";"0.0"
"2023-12-08 14:00:00.000";"11.42";"66.00";"6.78";"0.00";"0.0"
"2023-12-08 15:00:00.000";"12.00";"63.00";"6.08";"0.00";"0.0"
"2023-12-08 16:00:00.000";"12.42";"61.67";"4.63";"0.00";"0.0"
"2023-12-08 17:00:00.000";"10.95";"67.33";"3.45";"0.00";"0.0"
"2023-12-08 18:00:00.000";"8.30";"73.83";"2.20";"0.00";"0.0"
"2023-12-08 19:00:00.000";"8.38";"76.50";"2.45";"0.00";"0.0"
"2023-12-08 20:00:00.000";"6.40";"86.17";"0.13";"0.00";"0.0"
"2023-12-08 21:00:00.000";"5.57";"92.33";"0.00";"0.00";"0.0"
"2023-12-08 22:00:00.000";"5.13";"94.50";"0.02";"0.00";"0.0"
"2023-12-08 23:00:00.000";"4.75";"96.67";"0.00";"0.00";"0.0"
"2023-12-09 00:00:00.000";"4.67";"96.50";"0.00";"0.33";"0.0"
"2023-12-09 01:00:00.000";"4.43";"97.83";"0.10";"0.83";"0.0"
"2023-12-09 02:00:00.000";"3.92";"98.00";"0.00";"0.00";"0.0"
"2023-12-09 03:00:00.000";"3.92";"97.67";"0.15";"0.33";"0.0"
"2023-12-09 04:00:00.000";"3.48";"96.33";"0.05";"0.00";"0.0"
"2023-12-09 05:00:00.000";"2.90";"97.00";"0.25";"0.00";"0.0"
"2023-12-09 06:00:00.000";"2.43";"95.50";"0.02";"0.00";"0.0"
"2023-12-09 07:00:00.000";"7.22";"68.17";"3.87";"0.00";"0.0"
"2023-12-09 08:00:00.000";"7.58";"55.50";"3.20";"0.00";"0.0"
"2023-12-09 09:00:00.000";"6.52";"58.67";"0.50";"0.00";"0.0"
"2023-12-09 10:00:00.000";"6.78";"72.67";"0.00";"0.00";"0.0"
"2023-12-09 11:00:00.000";"8.68";"67.33";"0.20";"0.00";"0.0"
"2023-12-09 12:00:00.000";"9.03";"63.67";"1.63";"0.00";"0.0"
"2023-12-09 13:00:00.000";"10.02";"65.00";"2.28";"0.00";"0.0"
"2023-12-09 14:00:00.000";"10.15";"65.33";"1.93";"0.00";"0.0"
"2023-12-09 15:00:00.000";"9.47";"70.00";"1.75";"0.00";"0.0"
"2023-12-09 16:00:00.000";"9.35";"72.50";"1.10";"0.00";"0.0"
"2023-12-09 17:00:00.000";"9.23";"75.33";"0.35";"0.00";"0.0"
"2023-12-09 18:00:00.000";"9.00";"70.67";"0.53";"0.00";"0.0"
"2023-12-09 19:00:00.000";"9.02";"67.33";"2.85";"0.00";"0.0"
"2023-12-09 20:00:00.000";"7.50";"74.67";"0.18";"0.00";"0.0"
"2023-12-09 21:00:00.000";"5.45";"82.67";"0.00";"0.00";"0.0"
"2023-12-09 22:00:00.000";"4.53";"86.50";"0.02";"0.00";"0.0"
"2023-12-09 23:00:00.000";"4.35";"86.00";"0.02";"0.00";"0.0"
"2023-12-10 00:00:00.000";"3.87";"87.67";"0.02";"0.00";"0.0"
"2023-12-10 01:00:00.000";"3.88";"87.67";"0.00";"0.00";"0.0"
"2023-12-10 02:00:00.000";"3.60";"91.00";"0.00";"0.00";"0.0"
"2023-12-10 03:00:00.000";"4.48";"89.00";"0.30";"0.00";"0.0"
"2023-12-10 04:00:00.000";"4.47";"87.00";"0.02";"0.00";"0.0"
"2023-12-10 05:00:00.000";"4.85";"85.17";"0.07";"0.00";"0.0"
"2023-12-10 06:00:00.000";"5.05";"84.00";"0.08";"0.00";"0.0"
"2023-12-10 07:00:00.000";"5.02";"83.33";"0.00";"0.00";"0.0"
"2023-12-10 08:00:00.000";"7.77";"77.50";"1.13";"0.00";"0.0"
"2023-12-10 09:00:00.000";"8.30";"80.67";"0.02";"0.00";"0.0"
"2023-12-10 10:00:00.000";"10.00";"76.33";"0.00";"0.00";"0.0"
"2023-12-10 11:00:00.000";"12.17";"65.17";"0.62";"0.00";"0.0"
"2023-12-10 12:00:00.000";"12.73";"59.17";"2.75";"0.00";"0.0"
"2023-12-10 13:00:00.000";"12.78";"58.83";"2.03";"0.00";"0.0"
"2023-12-10 14:00:00.000";"13.38";"57.17";"1.52";"0.00";"0.0"
"2023-12-10 15:00:00.000";"11.93";"66.50";"1.42";"0.00";"0.0"
"2023-12-10 16:00:00.000";"10.87";"73.67";"1.35";"0.00";"0.0"
"2023-12-10 17:00:00.000";"9.98";"77.83";"1.53";"0.17";"0.0"
"2023-12-10 18:00:00.000";"8.53";"90.83";"0.87";"1.00";"0.6"
"2023-12-10 19:00:00.000";"8.28";"92.17";"1.93";"1.00";"0.6"
"2023-12-10 20:00:00.000";"8.42";"90.67";"4.42";"0.17";"0.0"
"2023-12-10 21:00:00.000";"8.20";"95.00";"6.35";"1.00";"2.1"
"2023-12-10 22:00:00.000";"8.45";"94.50";"8.50";"1.00";"0.6"
"2023-12-10 23:00:00.000";"8.90";"96.50";"10.27";"1.00";"0.9"
"2023-12-11 00:00:00.000";"8.75";"96.50";"8.70";"0.67";"3.6"
"2023-12-11 01:00:00.000";"8.55";"96.17";"11.37";"1.00";"0.6"
"2023-12-11 02:00:00.000";"8.27";"93.00";"10.65";"0.00";"0.3"
"2023-12-11 03:00:00.000";"9.12";"84.33";"9.20";"0.00";"0.0"
"2023-12-11 04:00:00.000";"10.05";"81.33";"7.43";"0.00";"0.0"
"2023-12-11 05:00:00.000";"10.67";"77.83";"5.92";"0.00";"0.0"
"2023-12-11 06:00:00.000";"10.73";"77.00";"2.62";"0.00";"0.0"
"2023-12-11 07:00:00.000";"9.47";"88.67";"0.72";"0.67";"0.0"
"2023-12-11 08:00:00.000";"8.77";"94.17";"0.65";"0.00";"0.3"
"2023-12-11 09:00:00.000";"10.18";"84.67";"1.27";"0.00";"0.0"
"2023-12-11 10:00:00.000";"13.22";"66.33";"0.77";"0.00";"0.0"
"2023-12-11 11:00:00.000";"14.77";"61.83";"2.58";"0.00";"0.0"
"2023-12-11 12:00:00.000";"14.70";"56.17";"5.45";"0.00";"0.0"
"2023-12-11 13:00:00.000";"15.20";"54.83";"5.75";"0.00";"0.0"
"2023-12-11 14:00:00.000";"16.20";"58.00";"3.17";"0.00";"0.0"
"2023-12-11 15:00:00.000";"16.68";"58.17";"3.48";"0.00";"0.0"
"2023-12-11 16:00:00.000";"14.65";"71.50";"2.65";"0.00";"0.0"
"2023-12-11 17:00:00.000";"14.28";"81.83";"0.37";"0.00";"0.0"
"2023-12-11 18:00:00.000";"10.78";"91.50";"0.02";"0.00";"0.0"
"2023-12-11 19:00:00.000";"8.83";"94.83";"0.00";"0.00";"0.0"
"2023-12-11 20:00:00.000";"8.27";"96.00";"0.07";"0.00";"0.0"
"2023-12-11 21:00:00.000";"7.47";"97.00";"0.00";"0.00";"0.0"
"2023-12-11 22:00:00.000";"7.25";"98.00";"0.02";"0.00";"0.0"
"2023-12-11 23:00:00.000";"8.37";"92.83";"0.25";"0.00";"0.0"
"2023-12-12 00:00:00.000";"7.78";"92.17";"0.12";"0.00";"0.0"
"2023-12-12 01:00:00.000";"7.77";"96.17";"0.02";"0.00";"0.0"
"2023-12-12 02:00:00.000";"8.67";"96.83";"0.63";"0.00";"0.0"
"2023-12-12 03:00:00.000";"9.82";"93.83";"1.33";"0.00";"0.0"
"2023-12-12 04:00:00.000";"9.98";"93.00";"0.50";"0.00";"0.0"
"2023-12-12 05:00:00.000";"10.60";"92.67";"1.37";"0.00";"0.0"
"2023-12-12 06:00:00.000";"10.92";"90.50";"1.60";"0.00";"0.0"
"2023-12-12 07:00:00.000";"10.88";"88.67";"2.02";"0.00";"0.0"
"2023-12-12 08:00:00.000";"10.58";"82.83";"1.83";"0.00";"0.0"
"2023-12-12 09:00:00.000";"11.62";"80.67";"1.20";"0.00";"0.0"
"2023-12-12 10:00:00.000";"11.65";"88.33";"1.37";"0.50";"0.0"
"2023-12-12 11:00:00.000";"12.27";"89.33";"0.55";"0.00";"0.0"
"2023-12-12 12:00:00.000";"13.95";"77.00";"2.07";"0.00";"0.0"
"2023-12-12 13:00:00.000";"15.30";"68.33";"3.53";"0.00";"0.0"
"2023-12-12 14:00:00.000";"15.80";"70.83";"3.50";"0.00";"0.0"
"2023-12-12 15:00:00.000";"15.77";"71.17";"2.65";"0.00";"0.0"
"2023-12-12 16:00:00.000";"15.98";"73.00";"2.98";"0.00";"0.0"
"2023-12-12 17:00:00.000";"15.30";"77.33";"1.57";"0.00";"0.0"
"2023-12-12 18:00:00.000";"11.03";"92.33";"0.00";"0.00";"0.0"
"2023-12-12 19:00:00.000";"9.95";"96.00";"0.07";"0.00";"0.0"
"2023-12-12 20:00:00.000";"8.98";"96.67";"0.02";"0.00";"0.0"
"2023-12-12 21:00:00.000";"8.48";"95.17";"0.15";"0.00";"0.0"
"2023-12-12 22:00:00.000";"9.05";"86.83";"0.38";"0.00";"0.0"
"2023-12-12 23:00:00.000";"7.95";"90.50";"0.12";"0.00";"0.0"
"2023-12-13 00:00:00.000";"7.85";"92.33";"0.00";"0.00";"0.0"
"2023-12-13 01:00:00.000";"7.90";"93.50";"0.00";"0.00";"0.0"
"2023-12-13 02:00:00.000";"7.83";"93.50";"0.03";"0.00";"0.0"
"2023-12-13 03:00:00.000";"7.92";"93.33";"0.07";"0.00";"0.0"
"2023-12-13 04:00:00.000";"8.10";"95.00";"0.62";"0.00";"0.0"
"2023-12-13 05:00:00.000";"7.68";"96.33";"0.43";"0.00";"0.0"
"2023-12-13 06:00:00.000";"7.65";"95.67";"0.12";"0.00";"0.0"
"2023-12-13 07:00:00.000";"7.77";"97.17";"0.00";"0.00";"0.0"
"2023-12-13 08:00:00.000";"7.82";"98.00";"0.25";"0.00";"0.0"
"2023-12-13 09:00:00.000";"10.73";"94.50";"0.00";"0.00";"0.0"
"2023-12-13 10:00:00.000";"14.77";"66.00";"0.95";"0.00";"0.0"
"2023-12-13 11:00:00.000";"15.15";"72.67";"1.90";"0.00";"0.0"
"2023-12-13 12:00:00.000";"16.10";"62.00";"2.58";"0.00";"0.0"
"2023-12-13 13:00:00.000";"16.33";"61.50";"3.70";"0.00";"0.0"
"2023-12-13 14:00:00.000";"15.95";"76.17";"4.30";"0.00";"0.0"
"2023-12-13 15:00:00.000";"15.65";"78.33";"2.82";"0.00";"0.0"
"2023-12-13 16:00:00.000";"15.32";"80.83";"1.48";"0.00";"0.0"
"2023-12-13 17:00:00.000";"15.03";"85.67";"1.20";"0.00";"0.0"
"2023-12-13 18:00:00.000";"14.25";"92.33";"0.08";"0.00";"0.0"
"2023-12-13 19:00:00.000";"13.13";"95.33";"0.00";"0.00";"0.0"
"2023-12-13 20:00:00.000";"12.22";"96.33";"0.00";"0.00";"0.0"
"2023-12-13 21:00:00.000";"12.68";"95.67";"0.00";"0.00";"0.0"
"2023-12-13 22:00:00.000";"12.47";"97.33";"0.00";"0.17";"0.0"
"2023-12-13 23:00:00.000";"12.33";"98.33";"0.00";"1.00";"0.0"
"2023-12-14 00:00:00.000";"12.22";"99.00";"0.00";"1.00";"0.0"
"2023-12-14 01:00:00.000";"12.18";"99.00";"0.03";"1.00";"0.0"
"2023-12-14 02:00:00.000";"12.10";"99.00";"0.22";"1.00";"0.0"
"2023-12-14 03:00:00.000";"12.25";"99.33";"0.00";"1.00";"0.0"
"2023-12-14 04:00:00.000";"11.28";"100.00";"0.00";"1.00";"0.0"
"2023-12-14 05:00:00.000";"10.67";"100.00";"0.00";"1.00";"0.0"
"2023-12-14 06:00:00.000";"10.95";"100.00";"0.02";"1.00";"0.0"
"2023-12-14 07:00:00.000";"11.13";"100.00";"0.00";"1.00";"0.0"
"2023-12-14 08:00:00.000";"11.88";"100.00";"0.00";"1.00";"0.0"
"2023-12-14 09:00:00.000";"12.97";"100.00";"0.02";"1.00";"0.0"
"2023-12-14 10:00:00.000";"14.70";"99.00";"1.02";"0.83";"0.0"
"2023-12-14 11:00:00.000";"17.33";"84.67";"1.22";"0.00";"0.0"
"2023-12-14 12:00:00.000";"17.48";"78.00";"3.62";"0.00";"0.0"
"2023-12-14 13:00:00.000";"17.25";"82.67";"2.40";"0.00";"0.0"
"2023-12-14 14:00:00.000";"18.38";"78.00";"2.75";"0.00";"0.0"
"2023-12-14 15:00:00.000";"18.90";"76.67";"3.62";"0.00";"0.0"
"2023-12-14 16:00:00.000";"17.87";"82.83";"1.95";"0.00";"0.0"
"2023-12-14 17:00:00.000";"17.97";"85.50";"0.35";"0.00";"0.0"
"2023-12-14 18:00:00.000";"14.67";"96.83";"0.13";"0.67";"0.0"
"2023-12-14 19:00:00.000";"14.18";"98.67";"0.97";"1.00";"0.0"
"2023-12-14 20:00:00.000";"14.42";"99.00";"1.95";"1.00";"0.0"
"2023-12-14 21:00:00.000";"14.32";"99.00";"0.27";"1.00";"0.0"
"2023-12-14 22:00:00.000";"14.10";"99.67";"0.18";"1.00";"0.0"
"2023-12-14 23:00:00.000";"14.85";"100.00";"0.35";"1.00";"0.0"
"2023-12-15 00:00:00.000";"15.03";"100.00";"1.27";"1.00";"0.0"
"2023-12-15 01:00:00.000";"14.83";"100.00";"1.10";"1.00";"0.0"
"2023-12-15 02:00:00.000";"14.22";"100.00";"0.30";"1.00";"0.0"
"2023-12-15 03:00:00.000";"13.15";"100.00";"0.07";"1.00";"0.0"
"2023-12-15 04:00:00.000";"12.93";"100.00";"0.02";"1.00";"0.0"
"2023-12-15 05:00:00.000";"13.03";"99.00";"0.02";"1.00";"0.0"
"2023-12-15 06:00:00.000";"13.05";"99.00";"0.00";"1.00";"0.0"
"2023-12-15 07:00:00.000";"12.93";"99.00";"0.03";"1.00";"0.3"
"2023-12-15 08:00:00.000";"12.25";"99.00";"0.02";"1.00";"0.0"
"2023-12-15 09:00:00.000";"13.08";"99.00";"0.35";"1.00";"0.0"
"2023-12-15 10:00:00.000";"14.90";"97.50";"0.53";"0.83";"0.0"
"2023-12-15 11:00:00.000";"17.18";"82.17";"2.75";"0.00";"0.0"
"2023-12-15 12:00:00.000";"16.70";"78.00";"2.23";"0.00";"0.0"
"2023-12-15 13:00:00.000";"17.28";"74.00";"2.77";"0.00";"0.0"
"2023-12-15 14:00:00.000";"16.65";"82.83";"2.58";"0.00";"0.0"
"2023-12-15 15:00:00.000";"15.75";"86.67";"3.37";"0.00";"0.0"
"2023-12-15 16:00:00.000";"15.52";"89.50";"2.95";"0.00";"0.0"
"2023-12-15 17:00:00.000";"15.10";"92.83";"3.22";"0.00";"0.0"
"2023-12-15 18:00:00.000";"14.55";"96.33";"0.82";"0.00";"0.0"
"2023-12-15 19:00:00.000";"14.10";"97.67";"0.03";"0.83";"0.0"
"2023-12-15 20:00:00.000";"14.08";"98.67";"1.33";"1.00";"0.0"
"2023-12-15 21:00:00.000";"13.98";"99.00";"2.40";"1.00";"2.4"
"2023-12-15 22:00:00.000";"13.20";"99.00";"2.60";"1.00";"0.0"
"2023-12-15 23:00:00.000";"12.27";"99.50";"0.68";"1.00";"0.0"
"2023-12-16 00:00:00.000";"11.53";"100.00";"0.12";"1.00";"0.0"
"2023-12-16 01:00:00.000";"11.03";"100.00";"0.65";"1.00";"0.0"
"2023-12-16 02:00:00.000";"10.38";"100.00";"0.48";"1.00";"0.0"
"2023-12-16 03:00:00.000";"9.30";"100.00";"0.03";"1.00";"0.0"
"2023-12-16 04:00:00.000";"8.32";"100.00";"0.13";"1.00";"0.0"
"2023-12-16 05:00:00.000";"7.90";"100.00";"0.02";"1.00";"0.0"
"2023-12-16 06:00:00.000";"7.45";"100.00";"0.00";"1.00";"0.0"
"2023-12-16 07:00:00.000";"7.37";"99.00";"0.00";"0.00";"0.0"
"2023-12-16 08:00:00.000";"8.33";"99.00";"0.17";"0.33";"0.0"
"2023-12-16 09:00:00.000";"10.25";"99.00";"0.88";"1.00";"0.0"
"2023-12-16 10:00:00.000";"12.38";"95.67";"3.98";"0.00";"0.0"
"2023-12-16 11:00:00.000";"12.47";"92.67";"3.70";"0.17";"0.0"
"2023-12-16 12:00:00.000";"11.70";"93.83";"2.62";"0.50";"0.9"
"2023-12-16 13:00:00.000";"11.75";"93.83";"4.23";"0.83";"0.3"
"2023-12-16 14:00:00.000";"12.23";"91.17";"4.25";"0.50";"0.0"
"2023-12-16 15:00:00.000";"12.97";"90.83";"5.45";"0.00";"0.0"
"2023-12-16 16:00:00.000";"12.95";"89.00";"5.63";"0.00";"0.0"
"2023-12-16 17:00:00.000";"12.37";"93.50";"3.05";"0.00";"0.0"
"2023-12-16 18:00:00.000";"11.23";"97.50";"0.75";"0.00";"0.0"
"2023-12-16 19:00:00.000";"10.50";"98.33";"1.57";"0.67";"0.0"
"2023-12-16 20:00:00.000";"10.32";"87.67";"7.87";"0.00";"0.0"
"2023-12-16 21:00:00.000";"9.95";"88.17";"7.70";"0.00";"0.0"
"2023-12-16 22:00:00.000";"10.00";"84.67";"8.68";"0.00";"0.0"
"2023-12-16 23:00:00.000";"10.07";"78.33";"8.73";"0.00";"0.0"
"2023-12-17 00:00:00.000";"10.28";"75.00";"8.13";"0.17";"0.0"
"2023-12-17 01:00:00.000";"9.63";"79.50";"7.08";"0.00";"0.3"
"2023-12-17 02:00:00.000";"9.60";"75.33";"11.88";"0.00";"0.0"
"2023-12-17 03:00:00.000";"9.33";"75.83";"10.83";"0.00";"0.0"
"2023-12-17 04:00:00.000";"9.08";"75.50";"10.38";"0.00";"0.0"
"2023-12-17 05:00:00.000";"8.93";"74.67";"9.97";"0.00";"0.0"
"2023-12-17 06:00:00.000";"8.90";"73.00";"9.08";"0.00";"0.0"
"2023-12-17 07:00:00.000";"8.85";"71.83";"9.72";"0.00";"0.0"
"2023-12-17 08:00:00.000";"8.42";"72.17";"12.23";"0.00";"0.0"
"2023-12-17 09:00:00.000";"9.32";"67.50";"10.10";"0.00";"0.0"
"2023-12-17 10:00:00.000";"10.55";"60.50";"6.87";"0.00";"0.0"
"2023-12-17 11:00:00.000";"11.03";"59.50";"6.72";"0.00";"0.0"
"2023-12-17 12:00:00.000";"11.83";"55.33";"5.58";"0.00";"0.0"
"2023-12-17 13:00:00.000";"12.28";"55.00";"6.93";"0.00";"0.0"
"2023-12-17 14:00:00.000";"13.02";"56.50";"4.38";"0.00";"0.0"
"2023-12-17 15:00:00.000";"13.17";"56.67";"4.18";"0.00";"0.0"
"2023-12-17 16:00:00.000";"11.80";"61.17";"7.05";"0.00";"0.0"
"2023-12-17 17:00:00.000";"11.32";"63.00";"5.40";"0.00";"0.0"
"2023-12-17 18:00:00.000";"10.23";"66.83";"3.53";"0.00";"0.0"
"2023-12-17 19:00:00.000";"9.45";"70.33";"2.75";"0.00";"0.0"
"2023-12-17 20:00:00.000";"8.68";"71.00";"5.28";"0.00";"0.0"
"2023-12-17 21:00:00.000";"7.38";"80.33";"1.40";"0.00";"0.0"
"2023-12-17 22:00:00.000";"5.32";"93.83";"0.00";"0.00";"0.0"
"2023-12-17 23:00:00.000";"6.40";"94.33";"0.07";"0.00";"0.0"
"2023-12-18 00:00:00.000";"5.32";"96.17";"0.00";"0.50";"0.0"
"2023-12-18 01:00:00.000";"4.72";"97.83";"0.00";"1.00";"0.0"
"2023-12-18 02:00:00.000";"4.32";"98.00";"0.00";"1.00";"0.0"
"2023-12-18 03:00:00.000";"4.62";"98.83";"0.00";"1.00";"0.0"
"2023-12-18 04:00:00.000";"5.05";"99.00";"0.05";"1.00";"0.0"
"2023-12-18 05:00:00.000";"5.15";"99.00";"0.10";"1.00";"0.0"
"2023-12-18 06:00:00.000";"4.37";"99.00";"0.07";"1.00";"0.0"
"2023-12-18 07:00:00.000";"4.08";"99.00";"0.00";"1.00";"0.0"
"2023-12-18 08:00:00.000";"4.08";"99.00";"0.02";"1.00";"0.0"
"2023-12-18 09:00:00.000";"6.57";"99.67";"0.28";"1.00";"0.0"
"2023-12-18 10:00:00.000";"12.48";"73.33";"0.22";"0.00";"0.0"
"2023-12-18 11:00:00.000";"13.05";"60.17";"1.32";"0.00";"0.0"
"2023-12-18 12:00:00.000";"12.90";"54.83";"4.73";"0.00";"0.0"
"2023-12-18 13:00:00.000";"13.23";"55.33";"6.47";"0.00";"0.0"
"2023-12-18 14:00:00.000";"13.92";"64.00";"5.82";"0.00";"0.0"
"2023-12-18 15:00:00.000";"13.65";"67.83";"7.82";"0.00";"0.0"
"2023-12-18 16:00:00.000";"13.73";"71.17";"5.87";"0.00";"0.0"
"2023-12-18 17:00:00.000";"12.70";"77.33";"3.42";"0.00";"0.0"
"2023-12-18 18:00:00.000";"8.97";"90.00";"0.08";"0.00";"0.0"
"2023-12-18 19:00:00.000";"5.88";"96.67";"0.13";"1.00";"0.0"
"2023-12-18 20:00:00.000";"4.90";"97.50";"0.00";"1.00";"0.0"
"2023-12-18 21:00:00.000";"4.47";"98.00";"0.02";"0.50";"0.0"
"2023-12-18 22:00:00.000";"4.48";"93.33";"0.00";"0.00";"0.0"
"2023-12-18 23:00:00.000";"5.07";"94.17";"0.00";"0.00";"0.0"
"2023-12-19 00:00:00.000";"4.12";"94.50";"0.00";"0.00";"0.0"
"2023-12-19 01:00:00.000";"4.42";"95.50";"0.00";"0.00";"0.0"
"2023-12-19 02:00:00.000";"4.65";"85.50";"0.00";"0.00";"0.0"
"2023-12-19 03:00:00.000";"5.87";"90.17";"0.00";"0.00";"0.0"
"2023-12-19 04:00:00.000";"5.93";"97.17";"0.00";"0.67";"0.0"
"2023-12-19 05:00:00.000";"5.20";"98.00";"0.13";"1.00";"0.0"
"2023-12-19 06:00:00.000";"4.55";"98.33";"0.00";"1.00";"0.0"
"2023-12-19 07:00:00.000";"4.32";"99.00";"0.00";"1.00";"0.0"
"2023-12-19 08:00:00.000";"4.37";"99.00";"0.00";"1.00";"0.0"
"2023-12-19 09:00:00.000";"7.57";"94.17";"0.10";"0.33";"0.0"
"2023-12-19 10:00:00.000";"12.27";"60.67";"0.73";"0.00";"0.0"
"2023-12-19 11:00:00.000";"12.43";"60.67";"2.12";"0.00";"0.0"
"2023-12-19 12:00:00.000";"13.42";"54.50";"2.57";"0.00";"0.0"
"2023-12-19 13:00:00.000";"13.90";"51.50";"4.07";"0.00";"0.0"
"2023-12-19 14:00:00.000";"14.48";"62.00";"4.23";"0.00";"0.0"
"2023-12-19 15:00:00.000";"14.65";"63.67";"5.02";"0.00";"0.0"
"2023-12-19 16:00:00.000";"14.22";"68.67";"5.90";"0.00";"0.0"
"2023-12-19 17:00:00.000";"12.67";"78.17";"4.10";"0.00";"0.0"
"2023-12-19 18:00:00.000";"9.97";"88.67";"0.90";"0.00";"0.0"
"2023-12-19 19:00:00.000";"8.20";"94.33";"0.08";"0.00";"0.0"
"2023-12-19 20:00:00.000";"7.67";"97.00";"0.12";"0.00";"0.0"
"2023-12-19 21:00:00.000";"7.15";"98.00";"0.05";"0.67";"0.0"
"2023-12-19 22:00:00.000";"6.07";"98.17";"0.00";"1.00";"0.0"
"2023-12-19 23:00:00.000";"5.92";"99.00";"0.02";"1.00";"0.0"
"2023-12-20 00:00:00.000";"5.45";"99.00";"0.00";"1.00";"0.0"
"2023-12-20 01:00:00.000";"5.98";"99.00";"0.23";"1.00";"0.0"
"2023-12-20 02:00:00.000";"6.27";"99.00";"0.03";"1.00";"0.0"
"2023-12-20 03:00:00.000";"7.00";"99.00";"0.17";"1.00";"0.0"
"2023-12-20 04:00:00.000";"7.08";"99.00";"0.27";"1.00";"0.0"
"2023-12-20 05:00:00.000";"7.15";"99.33";"0.67";"1.00";"0.0"
"2023-12-20 06:00:00.000";"9.48";"94.33";"4.47";"0.17";"0.0"
"2023-12-20 07:00:00.000";"9.90";"80.33";"4.23";"0.00";"0.0"
"2023-12-20 08:00:00.000";"10.23";"75.17";"3.57";"0.00";"0.0"
"2023-12-20 09:00:00.000";"11.33";"71.50";"4.93";"0.00";"0.0"
"2023-12-20 10:00:00.000";"12.33";"71.50";"5.23";"0.00";"0.0"
"2023-12-20 11:00:00.000";"13.25";"70.83";"5.47";"0.00";"0.0"
"2023-12-20 12:00:00.000";"12.42";"77.83";"4.75";"0.00";"0.0"
"2023-12-20 13:00:00.000";"12.33";"81.50";"5.48";"0.00";"0.0"
"2023-12-20 14:00:00.000";"13.02";"78.33";"6.00";"0.00";"0.0"
"2023-12-20 15:00:00.000";"12.12";"84.17";"5.12";"0.00";"0.0"
"2023-12-20 16:00:00.000";"11.23";"92.00";"4.30";"0.67";"0.9"
"2023-12-20 17:00:00.000";"10.75";"96.17";"6.17";"0.00";"0.0"
"2023-12-20 18:00:00.000";"10.38";"97.83";"5.03";"0.50";"0.0"
"2023-12-20 19:00:00.000";"10.30";"98.00";"4.25";"0.00";"0.0"
"2023-12-20 20:00:00.000";"10.23";"95.50";"4.05";"0.00";"0.0"
"2023-12-20 21:00:00.000";"10.33";"94.83";"1.87";"1.00";"0.3"
"2023-12-20 22:00:00.000";"10.13";"96.67";"0.80";"1.00";"0.6"
"2023-12-20 23:00:00.000";"10.48";"96.50";"1.78";"1.00";"1.2"
"2023-12-21 00:00:00.000";"9.97";"97.33";"2.17";"0.50";"0.3"
"2023-12-21 01:00:00.000";"10.33";"96.33";"2.10";"0.67";"0.0"
"2023-12-21 02:00:00.000";"9.83";"97.00";"1.95";"0.00";"0.0"
"2023-12-21 03:00:00.000";"9.92";"96.67";"1.30";"0.00";"0.0"
"2023-12-21 04:00:00.000";"10.07";"96.17";"1.52";"0.00";"0.0"
"2023-12-21 05:00:00.000";"9.75";"96.17";"0.10";"0.00";"0.0"
"2023-12-21 06:00:00.000";"8.98";"97.67";"0.12";"0.00";"0.0"
"2023-12-21 07:00:00.000";"8.73";"98.00";"0.28";"0.00";"0.0"
"2023-12-21 08:00:00.000";"8.30";"97.83";"0.13";"0.00";"0.0"
"2023-12-21 09:00:00.000";"8.25";"97.33";"0.13";"0.00";"0.0"
"2023-12-21 10:00:00.000";"12.38";"76.67";"1.10";"0.00";"0.0"
"2023-12-21 11:00:00.000";"14.02";"71.17";"0.03";"0.00";"0.0"
"2023-12-21 12:00:00.000";"15.48";"62.33";"1.23";"0.00";"0.0"
"2023-12-21 13:00:00.000";"14.67";"70.50";"0.90";"0.00";"0.0"
"2023-12-21 14:00:00.000";"16.25";"63.33";"2.57";"0.00";"0.0"
"2023-12-21 15:00:00.000";"16.65";"65.17";"2.45";"0.00";"0.0"
"2023-12-21 16:00:00.000";"15.23";"72.83";"3.92";"0.00";"0.0"
"2023-12-21 17:00:00.000";"13.17";"79.83";"4.90";"0.00";"0.0"
"2023-12-21 18:00:00.000";"11.32";"83.67";"3.68";"0.00";"0.0"
"2023-12-21 19:00:00.000";"10.58";"82.67";"1.03";"0.00";"0.0"
"2023-12-21 20:00:00.000";"10.47";"85.50";"0.53";"0.00";"0.0"
"2023-12-21 21:00:00.000";"9.75";"90.67";"0.27";"0.00";"0.0"
"2023-12-21 22:00:00.000";"9.85";"93.67";"0.42";"0.00";"0.0"
"2023-12-21 23:00:00.000";"10.87";"91.50";"2.28";"0.00";"0.0"
"2023-12-22 00:00:00.000";"10.88";"89.50";"3.10";"0.67";"0.0"
"2023-12-22 01:00:00.000";"10.83";"84.33";"3.13";"0.00";"0.0"
"2023-12-22 02:00:00.000";"11.05";"85.17";"3.15";"0.00";"0.0"
"2023-12-22 03:00:00.000";"10.80";"89.33";"3.30";"0.00";"0.0"
"2023-12-22 04:00:00.000";"10.58";"88.83";"3.12";"0.00";"0.0"
"2023-12-22 05:00:00.000";"10.20";"88.83";"1.37";"0.00";"0.0"
"2023-12-22 06:00:00.000";"10.17";"88.83";"1.50";"0.00";"0.0"
"2023-12-22 07:00:00.000";"10.27";"89.33";"1.50";"0.50";"0.0"
"2023-12-22 08:00:00.000";"10.27";"93.17";"3.00";"1.00";"0.3"
"2023-12-22 09:00:00.000";"10.37";"95.33";"2.68";"1.00";"0.0"
"2023-12-22 10:00:00.000";"11.33";"89.50";"4.50";"0.00";"0.0"
"2023-12-22 11:00:00.000";"11.83";"86.33";"4.17";"0.00";"0.0"
"2023-12-22 12:00:00.000";"11.72";"87.17";"4.80";"0.33";"0.3"
"2023-12-22 13:00:00.000";"11.85";"88.33";"7.38";"0.67";"0.0"
"2023-12-22 14:00:00.000";"12.92";"77.83";"8.73";"0.00";"0.0"
"2023-12-22 15:00:00.000";"13.28";"70.33";"9.27";"0.00";"0.0"
"2023-12-22 16:00:00.000";"12.85";"77.17";"7.70";"0.00";"0.0"
"2023-12-22 17:00:00.000";"12.32";"79.83";"5.68";"0.00";"0.0"
"2023-12-22 18:00:00.000";"11.78";"85.00";"5.13";"0.00";"0.0"
"2023-12-22 19:00:00.000";"11.52";"85.83";"2.47";"0.00";"0.0"
"2023-12-22 20:00:00.000";"11.78";"88.17";"5.20";"0.00";"0.0"
"2023-12-22 21:00:00.000";"12.00";"88.17";"2.33";"0.00";"0.0"
"2023-12-22 22:00:00.000";"12.10";"86.00";"2.02";"0.00";"0.0"
"2023-12-22 23:00:00.000";"11.78";"88.50";"1.63";"0.00";"0.0"
"2023-12-23 00:00:00.000";"11.52";"84.50";"1.73";"0.00";"0.0"
"2023-12-23 01:00:00.000";"11.00";"85.33";"1.02";"0.00";"0.0"
"2023-12-23 02:00:00.000";"8.98";"89.50";"0.08";"0.00";"0.0"
"2023-12-23 03:00:00.000";"9.22";"91.83";"0.10";"0.00";"0.0"
"2023-12-23 04:00:00.000";"9.42";"95.50";"0.17";"0.00";"0.0"
"2023-12-23 05:00:00.000";"9.23";"97.50";"0.00";"0.83";"0.0"
"2023-12-23 06:00:00.000";"9.00";"98.00";"0.00";"1.00";"0.0"
"2023-12-23 07:00:00.000";"8.73";"99.00";"0.00";"1.00";"0.0"
"2023-12-23 08:00:00.000";"9.08";"99.00";"0.17";"1.00";"0.0"
"2023-12-23 09:00:00.000";"10.62";"99.00";"0.28";"1.00";"0.0"
"2023-12-23 10:00:00.000";"13.18";"93.17";"2.43";"0.33";"0.0"
"2023-12-23 11:00:00.000";"15.18";"73.33";"2.48";"0.00";"0.0"
"2023-12-23 12:00:00.000";"15.93";"62.00";"3.62";"0.00";"0.0"
"2023-12-23 13:00:00.000";"16.28";"56.50";"4.10";"0.00";"0.0"
"2023-12-23 14:00:00.000";"16.80";"58.50";"3.52";"0.00";"0.0"
"2023-12-23 15:00:00.000";"17.40";"51.00";"3.72";"0.00";"0.0"
"2023-12-23 16:00:00.000";"17.25";"52.00";"4.02";"0.00";"0.0"
"2023-12-23 17:00:00.000";"15.70";"62.17";"2.52";"0.00";"0.0"
"2023-12-23 18:00:00.000";"11.42";"78.67";"0.58";"0.00";"0.0"
"2023-12-23 19:00:00.000";"8.95";"86.50";"0.05";"0.00";"0.0"
"2023-12-23 20:00:00.000";"8.05";"92.17";"0.00";"0.00";"0.0"
"2023-12-23 21:00:00.000";"8.57";"93.50";"0.03";"0.00";"0.0"
"2023-12-23 22:00:00.000";"10.08";"90.83";"0.88";"0.00";"0.0"
"2023-12-23 23:00:00.000";"11.07";"91.67";"1.12";"0.00";"0.0"
"2023-12-24 00:00:00.000";"11.92";"91.33";"0.75";"0.00";"0.0"
"2023-12-24 01:00:00.000";"12.18";"92.50";"2.68";"0.00";"0.0"
"2023-12-24 02:00:00.000";"12.22";"91.33";"2.65";"0.00";"0.0"
"2023-12-24 03:00:00.000";"12.08";"91.50";"1.33";"0.00";"0.0"
"2023-12-24 04:00:00.000";"11.83";"92.00";"0.77";"0.00";"0.0"
"2023-12-24 05:00:00.000";"11.08";"93.33";"0.17";"0.00";"0.0"
"2023-12-24 06:00:00.000";"9.75";"93.17";"0.00";"0.00";"0.0"
"2023-12-24 07:00:00.000";"7.85";"95.50";"0.00";"0.33";"0.0"
"2023-12-24 08:00:00.000";"7.37";"97.83";"0.00";"1.00";"0.0"
"2023-12-24 09:00:00.000";"10.07";"96.00";"0.48";"0.00";"0.0"
"2023-12-24 10:00:00.000";"14.17";"72.67";"1.47";"0.00";"0.0"
"2023-12-24 11:00:00.000";"14.75";"71.33";"5.85";"0.00";"0.0"
"2023-12-24 12:00:00.000";"15.23";"66.50";"7.65";"0.00";"0.0"
"2023-12-24 13:00:00.000";"15.85";"61.67";"6.98";"0.00";"0.0"
"2023-12-24 14:00:00.000";"16.65";"68.67";"6.78";"0.00";"0.0"
"2023-12-24 15:00:00.000";"16.82";"68.17";"7.18";"0.00";"0.0"
"2023-12-24 16:00:00.000";"16.03";"74.17";"6.60";"0.00";"0.0"
"2023-12-24 17:00:00.000";"14.75";"78.33";"4.27";"0.00";"0.0"
"2023-12-24 18:00:00.000";"12.07";"88.50";"1.47";"0.00";"0.0"
"2023-12-24 19:00:00.000";"10.30";"94.50";"0.63";"0.00";"0.0"
"2023-12-24 20:00:00.000";"8.70";"95.00";"1.37";"0.00";"0.0"
"2023-12-24 21:00:00.000";"7.70";"95.33";"0.48";"0.00";"0.0"
"2023-12-24 22:00:00.000";"7.52";"96.33";"0.47";"0.00";"0.0"
"2023-12-24 23:00:00.000";"7.97";"95.67";"1.25";"0.00";"0.0"
"2023-12-25 00:00:00.000";"9.77";"97.83";"0.62";"0.83";"0.0"
"2023-12-25 01:00:00.000";"9.65";"98.00";"0.60";"0.83";"0.0"
"2023-12-25 02:00:00.000";"10.10";"97.00";"0.85";"0.00";"0.0"
"2023-12-25 03:00:00.000";"9.05";"97.67";"0.30";"0.33";"0.0"
"2023-12-25 04:00:00.000";"8.43";"98.67";"0.32";"1.00";"0.0"
"2023-12-25 05:00:00.000";"8.40";"99.00";"0.08";"1.00";"0.0"
"2023-12-25 06:00:00.000";"10.05";"98.00";"0.37";"0.50";"0.0"
"2023-12-25 07:00:00.000";"10.75";"93.67";"0.45";"0.00";"0.0"
"2023-12-25 08:00:00.000";"10.72";"92.00";"0.08";"0.00";"0.0"
"2023-12-25 09:00:00.000";"11.02";"90.67";"0.17";"0.00";"0.0"
"2023-12-25 10:00:00.000";"12.53";"83.17";"0.62";"0.00";"0.0"
"2023-12-25 11:00:00.000";"13.58";"77.33";"1.43";"0.00";"0.0"
"2023-12-25 12:00:00.000";"14.32";"73.67";"1.28";"0.00";"0.0"
"2023-12-25 13:00:00.000";"14.93";"69.17";"2.10";"0.00";"0.0"
"2023-12-25 14:00:00.000";"14.98";"70.67";"1.50";"0.00";"0.0"
"2023-12-25 15:00:00.000";"15.52";"70.17";"1.67";"0.00";"0.0"
"2023-12-25 16:00:00.000";"13.93";"78.00";"2.63";"0.00";"0.0"
"2023-12-25 17:00:00.000";"12.42";"85.17";"0.32";"0.00";"0.0"
"2023-12-25 18:00:00.000";"10.57";"91.50";"0.12";"0.00";"0.0"
"2023-12-25 19:00:00.000";"10.33";"92.83";"0.07";"0.00";"0.0"
"2023-12-25 20:00:00.000";"9.73";"94.83";"0.00";"0.00";"0.0"
"2023-12-25 21:00:00.000";"10.82";"90.67";"0.00";"0.00";"0.0"
"2023-12-25 22:00:00.000";"10.95";"89.17";"0.00";"0.00";"0.0"
"2023-12-25 23:00:00.000";"11.03";"87.83";"0.05";"0.00";"0.0"
"2023-12-26 00:00:00.000";"11.03";"87.67";"0.00";"0.00";"0.0"
"2023-12-26 01:00:00.000";"11.55";"84.17";"0.03";"0.00";"0.0"
"2023-12-26 02:00:00.000";"11.10";"86.00";"0.00";"0.00";"0.0"
"2023-12-26 03:00:00.000";"10.48";"88.17";"0.00";"0.00";"0.0"
"2023-12-26 04:00:00.000";"10.42";"88.67";"0.00";"0.00";"0.0"
"2023-12-26 05:00:00.000";"9.58";"90.83";"0.00";"0.00";"0.0"
"2023-12-26 06:00:00.000";"8.80";"93.67";"0.00";"0.00";"0.0"
"2023-12-26 07:00:00.000";"8.15";"96.00";"0.00";"0.00";"0.0"
"2023-12-26 08:00:00.000";"7.95";"96.50";"0.00";"0.00";"0.0"
"2023-12-26 09:00:00.000";"9.77";"94.00";"0.03";"0.00";"0.0"
"2023-12-26 10:00:00.000";"13.87";"72.67";"0.60";"0.00";"0.0"
"2023-12-26 11:00:00.000";"14.52";"66.83";"1.53";"0.00";"0.0"
"2023-12-26 12:00:00.000";"15.52";"60.67";"1.05";"0.00";"0.0"
"2023-12-26 13:00:00.000";"16.17";"59.33";"1.90";"0.00";"0.0"
"2023-12-26 14:00:00.000";"15.22";"68.50";"4.37";"0.00";"0.0"
"2023-12-26 15:00:00.000";"15.02";"71.17";"3.23";"0.00";"0.0"
"2023-12-26 16:00:00.000";"14.37";"70.33";"2.13";"0.00";"0.0"
"2023-12-26 17:00:00.000";"13.50";"73.17";"1.12";"0.00";"0.0"
"2023-12-26 18:00:00.000";"12.58";"76.00";"1.18";"0.00";"0.0"
"2023-12-26 19:00:00.000";"11.80";"78.00";"0.02";"0.00";"0.0"
"2023-12-26 20:00:00.000";"11.60";"76.00";"0.15";"0.00";"0.0"
"2023-12-26 21:00:00.000";"11.73";"71.83";"0.57";"0.00";"0.0"
"2023-12-26 22:00:00.000";"10.37";"77.50";"0.27";"0.00";"0.0"
"2023-12-26 23:00:00.000";"8.92";"84.33";"0.43";"0.00";"0.0"
"2023-12-27 00:00:00.000";"7.22";"91.33";"0.05";"0.00";"0.0"
"2023-12-27 01:00:00.000";"7.88";"95.33";"0.02";"0.00";"0.0"
"2023-12-27 02:00:00.000";"8.10";"92.00";"0.00";"0.00";"0.0"
"2023-12-27 03:00:00.000";"8.68";"88.17";"0.13";"0.00";"0.0"
"2023-12-27 04:00:00.000";"7.90";"93.00";"0.03";"0.00";"0.0"
"2023-12-27 05:00:00.000";"7.17";"95.50";"0.00";"0.00";"0.0"
"2023-12-27 06:00:00.000";"7.88";"95.17";"0.02";"0.00";"0.0"
"2023-12-27 07:00:00.000";"9.02";"86.17";"0.37";"0.00";"0.0"
"2023-12-27 08:00:00.000";"7.62";"88.33";"0.02";"0.00";"0.0"
"2023-12-27 09:00:00.000";"9.10";"87.33";"0.27";"0.00";"0.0"
"2023-12-27 10:00:00.000";"13.78";"64.83";"0.97";"0.00";"0.0"
"2023-12-27 11:00:00.000";"14.77";"60.83";"1.82";"0.00";"0.0"
"2023-12-27 12:00:00.000";"16.02";"51.00";"1.32";"0.00";"0.0"
"2023-12-27 13:00:00.000";"16.52";"50.00";"2.13";"0.00";"0.0"
"2023-12-27 14:00:00.000";"17.02";"56.33";"1.48";"0.00";"0.0"
"2023-12-27 15:00:00.000";"17.15";"52.67";"1.42";"0.00";"0.0"
"2023-12-27 16:00:00.000";"17.25";"56.50";"1.18";"0.00";"0.0"
"2023-12-27 17:00:00.000";"16.42";"68.83";"1.12";"0.00";"0.0"
"2023-12-27 18:00:00.000";"11.45";"83.50";"0.30";"0.00";"0.0"
"2023-12-27 19:00:00.000";"9.62";"90.33";"0.10";"0.00";"0.0"
"2023-12-27 20:00:00.000";"10.00";"87.50";"0.30";"0.00";"0.0"
"2023-12-27 21:00:00.000";"10.25";"88.17";"0.28";"0.00";"0.0"
"2023-12-27 22:00:00.000";"8.47";"95.00";"0.08";"0.00";"0.0"
"2023-12-27 23:00:00.000";"7.48";"97.33";"0.00";"1.00";"0.0"
"2023-12-28 00:00:00.000";"7.43";"98.00";"0.00";"1.00";"0.0"
"2023-12-28 01:00:00.000";"7.92";"98.33";"0.02";"1.00";"0.0"
"2023-12-28 02:00:00.000";"7.87";"99.00";"0.05";"1.00";"0.0"
"2023-12-28 03:00:00.000";"7.00";"99.00";"0.00";"1.00";"0.0"
"2023-12-28 04:00:00.000";"7.27";"99.00";"0.03";"1.00";"0.0"
"2023-12-28 05:00:00.000";"7.53";"99.00";"0.18";"1.00";"0.0"
"2023-12-28 06:00:00.000";"7.48";"99.00";"0.38";"1.00";"0.0"
"2023-12-28 07:00:00.000";"6.63";"99.00";"0.00";"1.00";"0.0"
"2023-12-28 08:00:00.000";"6.13";"99.00";"0.00";"1.00";"0.0"
"2023-12-28 09:00:00.000";"8.37";"99.50";"0.05";"1.00";"0.0"
"2023-12-28 10:00:00.000";"15.70";"78.50";"0.00";"0.00";"0.0"
"2023-12-28 11:00:00.000";"15.95";"59.00";"0.58";"0.00";"0.0"
"2023-12-28 12:00:00.000";"15.20";"55.17";"3.93";"0.00";"0.0"
"2023-12-28 13:00:00.000";"15.55";"53.83";"4.68";"0.00";"0.0"
"2023-12-28 14:00:00.000";"16.27";"61.33";"5.12";"0.00";"0.0"
"2023-12-28 15:00:00.000";"16.72";"62.83";"4.88";"0.00";"0.0"
"2023-12-28 16:00:00.000";"16.30";"67.83";"4.30";"0.00";"0.0"
"2023-12-28 17:00:00.000";"14.65";"74.17";"3.77";"0.00";"0.0"
"2023-12-28 18:00:00.000";"11.42";"84.67";"0.22";"0.00";"0.0"
"2023-12-28 19:00:00.000";"9.42";"88.17";"0.13";"0.00";"0.0"
"2023-12-28 20:00:00.000";"8.65";"90.50";"0.07";"0.00";"0.0"
"2023-12-28 21:00:00.000";"7.63";"92.83";"0.00";"0.00";"0.0"
"2023-12-28 22:00:00.000";"7.25";"95.83";"0.00";"0.00";"0.0"
"2023-12-28 23:00:00.000";"6.87";"97.33";"0.00";"1.00";"0.0"
"2023-12-29 00:00:00.000";"6.78";"98.00";"1.42";"1.00";"0.0"
"2023-12-29 01:00:00.000";"6.52";"98.00";"1.08";"0.50";"0.0"
"2023-12-29 02:00:00.000";"6.48";"98.67";"0.05";"1.00";"0.0"
"2023-12-29 03:00:00.000";"6.80";"99.00";"0.20";"1.00";"0.0"
"2023-12-29 04:00:00.000";"6.28";"99.00";"0.00";"1.00";"0.0"
"2023-12-29 05:00:00.000";"6.03";"99.00";"0.00";"1.00";"0.0"
"2023-12-29 06:00:00.000";"6.45";"99.00";"0.13";"1.00";"0.0"
"2023-12-29 07:00:00.000";"7.53";"99.00";"0.23";"1.00";"0.0"
"2023-12-29 08:00:00.000";"7.65";"99.50";"0.13";"1.00";"0.0"
"2023-12-29 09:00:00.000";"9.53";"99.00";"0.25";"0.67";"0.3"
"2023-12-29 10:00:00.000";"13.40";"72.67";"0.43";"0.00";"0.0"
"2023-12-29 11:00:00.000";"14.33";"61.00";"1.67";"0.00";"0.0"
"2023-12-29 12:00:00.000";"15.15";"56.00";"3.63";"0.00";"0.0"
"2023-12-29 13:00:00.000";"15.23";"55.00";"4.03";"0.00";"0.0"
"2023-12-29 14:00:00.000";"14.70";"65.00";"4.62";"0.00";"0.0"
"2023-12-29 15:00:00.000";"15.10";"66.00";"5.35";"0.00";"0.0"
"2023-12-29 16:00:00.000";"14.43";"68.17";"5.02";"0.00";"0.0"
"2023-12-29 17:00:00.000";"12.70";"79.17";"2.78";"0.00";"0.0"
"2023-12-29 18:00:00.000";"10.63";"87.50";"1.22";"0.00";"0.0"
"2023-12-29 19:00:00.000";"10.15";"89.50";"0.52";"0.00";"0.0"
"2023-12-29 20:00:00.000";"11.40";"87.33";"0.95";"0.00";"0.0"
"2023-12-29 21:00:00.000";"11.55";"86.83";"1.75";"0.00";"0.0"
"2023-12-29 22:00:00.000";"11.15";"86.17";"0.32";"0.00";"0.0"
"2023-12-29 23:00:00.000";"11.25";"83.50";"1.23";"0.00";"0.0"
"2023-12-30 00:00:00.000";"10.07";"83.00";"0.10";"0.00";"0.0"
"2023-12-30 01:00:00.000";"10.32";"83.33";"0.05";"0.00";"0.0"
"2023-12-30 02:00:00.000";"11.17";"82.33";"1.87";"0.00";"0.0"
"2023-12-30 03:00:00.000";"11.20";"81.67";"1.17";"0.00";"0.0"
"2023-12-30 04:00:00.000";"10.93";"81.83";"0.40";"0.00";"0.0"
"2023-12-30 05:00:00.000";"11.12";"80.17";"0.28";"0.00";"0.0"
"2023-12-30 06:00:00.000";"11.25";"81.17";"0.58";"0.00";"0.0"
"2023-12-30 07:00:00.000";"11.37";"79.50";"0.83";"0.00";"0.0"
"2023-12-30 08:00:00.000";"11.08";"79.83";"0.30";"0.00";"0.0"
"2023-12-30 09:00:00.000";"11.13";"79.00";"0.33";"0.00";"0.0"
"2023-12-30 10:00:00.000";"11.73";"76.67";"0.58";"0.00";"0.0"
"2023-12-30 11:00:00.000";"12.32";"77.00";"0.68";"0.00";"0.0"
"2023-12-30 12:00:00.000";"13.02";"75.50";"0.60";"0.00";"0.0"
"2023-12-30 13:00:00.000";"13.32";"75.33";"1.33";"0.00";"0.0"
"2023-12-30 14:00:00.000";"13.68";"73.67";"3.02";"0.00";"0.0"
"2023-12-30 15:00:00.000";"13.55";"74.17";"3.57";"0.00";"0.0"
"2023-12-30 16:00:00.000";"13.40";"76.83";"2.88";"0.00";"0.0"
"2023-12-30 17:00:00.000";"13.32";"78.33";"3.55";"0.00";"0.0"
"2023-12-30 18:00:00.000";"11.60";"87.33";"0.88";"0.00";"0.0"
"2023-12-30 19:00:00.000";"9.27";"93.67";"0.00";"0.00";"0.0"
"2023-12-30 20:00:00.000";"8.23";"95.17";"0.00";"0.00";"0.0"
"2023-12-30 21:00:00.000";"8.70";"95.83";"0.02";"0.00";"0.0"
"2023-12-30 22:00:00.000";"8.92";"93.00";"0.32";"0.00";"0.0"
"2023-12-30 23:00:00.000";"8.27";"93.00";"0.00";"0.00";"0.0"
"2023-12-31 00:00:00.000";"9.05";"89.67";"0.07";"0.00";"0.0"
"2023-12-31 01:00:00.000";"9.02";"88.67";"0.02";"0.00";"0.0"
"2023-12-31 02:00:00.000";"9.72";"85.50";"0.12";"0.00";"0.0"
"2023-12-31 03:00:00.000";"10.00";"81.50";"0.00";"0.00";"0.0"
"2023-12-31 04:00:00.000";"10.72";"76.17";"0.02";"0.00";"0.0"
"2023-12-31 05:00:00.000";"10.30";"78.17";"0.00";"0.00";"0.0"
"2023-12-31 06:00:00.000";"9.88";"81.00";"0.00";"0.00";"0.0"
"2023-12-31 07:00:00.000";"9.78";"83.67";"0.00";"0.00";"0.0"
"2023-12-31 08:00:00.000";"9.90";"83.67";"0.00";"0.00";"0.0"
"2023-12-31 09:00:00.000";"10.17";"85.00";"0.00";"0.00";"0.0"
"2023-12-31 10:00:00.000";"11.97";"77.50";"0.00";"0.00";"0.0"
"2023-12-31 11:00:00.000";"13.00";"74.83";"0.95";"0.00";"0.0"
"2023-12-31 12:00:00.000";"13.77";"71.83";"1.42";"0.00";"0.0"
"2023-12-31 13:00:00.000";"14.23";"65.50";"2.32";"0.00";"0.0"
"2023-12-31 14:00:00.000";"14.58";"66.17";"2.20";"0.00";"0.0"
"2023-12-31 15:00:00.000";"14.12";"66.67";"3.45";"0.00";"0.0"
"2023-12-31 16:00:00.000";"13.35";"74.00";"0.92";"0.00";"0.0"
"2023-12-31 17:00:00.000";"12.23";"79.83";"0.37";"0.00";"0.0"
"2023-12-31 18:00:00.000";"10.72";"84.50";"0.00";"0.00";"0.0"
"2023-12-31 19:00:00.000";"9.90";"85.17";"0.00";"0.00";"0.0"
"2023-12-31 20:00:00.000";"9.12";"89.17";"0.02";"0.00";"0.0"
"2023-12-31 21:00:00.000";"8.93";"89.83";"0.02";"0.00";"0.0"
"2023-12-31 22:00:00.000";"8.45";"91.33";"0.00";"0.00";"0.0"
"2023-12-31 23:00:00.000";"8.47";"92.67";"0.00";"0.00";"0.0"