"timestamp";"temperature";"humidity";"windstrength";"leafwtness";"rain"
"2023-01-05 00:00:00.000";"6.62";"95.83";"0.00";"0.83";"0.0"
"2023-01-05 01:00:00.000";"7.65";"96.17";"0.00";"0.33";"0.0"
"2023-01-05 02:00:00.000";"7.23";"95.83";"0.00";"0.00";"0.0"
"2023-01-05 03:00:00.000";"6.40";"96.00";"0.00";"0.00";"0.0"
"2023-01-05 04:00:00.000";"5.73";"96.00";"0.00";"0.17";"0.0"
"2023-01-05 05:00:00.000";"6.43";"97.00";"0.00";"1.00";"0.0"
"2023-01-05 06:00:00.000";"6.78";"97.00";"0.02";"1.00";"0.0"
"2023-01-05 07:00:00.000";"6.04";"97.00";"0.02";"1.00";"0.0"
"2023-01-05 08:00:00.000";"7.30";"97.00";"0.00";"1.00";"0.0"
"2023-01-05 09:00:00.000";"9.27";"95.00";"0.00";"0.50";"0.0"
"2023-01-05 10:00:00.000";"14.37";"73.17";"0.00";"0.00";"0.0"
"2023-01-05 11:00:00.000";"15.77";"67.33";"1.03";"0.00";"0.0"
"2023-01-05 12:00:00.000";"16.00";"71.00";"1.95";"0.00";"0.0"
"2023-01-05 13:00:00.000";"15.70";"72.00";"2.45";"0.00";"0.0"
"2023-01-05 14:00:00.000";"15.32";"74.00";"1.68";"0.00";"0.0"
"2023-01-05 15:00:00.000";"15.92";"70.00";"2.20";"0.00";"0.0"
"2023-01-05 16:00:00.000";"16.77";"64.50";"4.05";"0.00";"0.0"
"2023-01-05 17:00:00.000";"15.87";"68.83";"3.60";"0.00";"0.0"
"2023-01-05 18:00:00.000";"12.37";"79.67";"0.27";"0.00";"0.0"
"2023-01-05 19:00:00.000";"9.90";"88.67";"0.00";"0.00";"0.0"
"2023-01-05 20:00:00.000";"9.17";"90.67";"0.00";"0.00";"0.0"
"2023-01-05 21:00:00.000";"8.37";"94.33";"0.00";"0.33";"0.0"
"2023-01-05 22:00:00.000";"8.57";"96.17";"0.00";"1.00";"0.0"
"2023-01-05 23:00:00.000";"9.85";"97.00";"0.00";"1.00";"0.0"
"2023-01-06 00:00:00.000";"10.05";"97.00";"0.00";"1.00";"0.0"
"2023-01-06 01:00:00.000";"10.15";"97.00";"0.03";"1.00";"0.0"
"2023-01-06 02:00:00.000";"11.23";"91.17";"1.73";"0.00";"0.0"
"2023-01-06 03:00:00.000";"9.00";"93.00";"0.00";"0.00";"0.0"
"2023-01-06 04:00:00.000";"9.18";"94.50";"0.00";"0.00";"0.0"
"2023-01-06 05:00:00.000";"9.12";"93.67";"0.25";"0.00";"0.0"
"2023-01-06 06:00:00.000";"7.90";"95.00";"0.00";"0.33";"0.0"
"2023-01-06 07:00:00.000";"7.78";"96.67";"0.00";"1.00";"0.0"
"2023-01-06 08:00:00.000";"6.23";"97.00";"0.00";"1.00";"0.0"
"2023-01-06 09:00:00.000";"7.85";"97.33";"0.00";"1.00";"0.0"
"2023-01-06 10:00:00.000";"12.53";"84.50";"1.67";"0.17";"0.0"
"2023-01-06 11:00:00.000";"14.68";"79.17";"2.05";"0.00";"0.0"
"2023-01-06 12:00:00.000";"15.77";"68.17";"5.27";"0.00";"0.0"
"2023-01-06 13:00:00.000";"16.38";"64.83";"5.32";"0.00";"0.0"
"2023-01-06 14:00:00.000";"16.58";"61.83";"5.87";"0.00";"0.0"
"2023-01-06 15:00:00.000";"16.58";"61.33";"4.67";"0.00";"0.0"
"2023-01-06 16:00:00.000";"16.48";"57.33";"4.63";"0.00";"0.0"
"2023-01-06 17:00:00.000";"15.75";"63.17";"2.52";"0.00";"0.0"
"2023-01-06 18:00:00.000";"13.28";"73.33";"0.53";"0.00";"0.0"
"2023-01-06 19:00:00.000";"10.43";"83.33";"0.22";"0.00";"0.0"
"2023-01-06 20:00:00.000";"8.70";"87.67";"0.00";"0.00";"0.0"
"2023-01-06 21:00:00.000";"7.27";"89.17";"0.03";"0.00";"0.0"
"2023-01-06 22:00:00.000";"6.38";"92.83";"0.00";"0.00";"0.0"
"2023-01-06 23:00:00.000";"6.37";"94.83";"0.00";"0.00";"0.0"
"2023-01-07 00:00:00.000";"6.53";"95.50";"0.00";"0.00";"0.0"
"2023-01-07 01:00:00.000";"8.58";"93.50";"0.00";"0.00";"0.0"
"2023-01-07 02:00:00.000";"8.52";"92.17";"0.00";"0.00";"0.0"
"2023-01-07 03:00:00.000";"8.58";"92.50";"0.00";"0.00";"0.0"
"2023-01-07 04:00:00.000";"7.42";"94.00";"0.00";"0.17";"0.0"
"2023-01-07 05:00:00.000";"6.15";"96.00";"0.00";"1.00";"0.0"
"2023-01-07 06:00:00.000";"5.15";"96.00";"0.00";"1.00";"0.0"
"2023-01-07 07:00:00.000";"5.40";"96.50";"0.00";"1.00";"0.0"
"2023-01-07 08:00:00.000";"5.90";"97.00";"0.00";"1.00";"0.3"
"2023-01-07 09:00:00.000";"7.60";"97.33";"0.00";"1.00";"0.0"
"2023-01-07 10:00:00.000";"14.03";"75.33";"0.00";"0.33";"0.0"
"2023-01-07 11:00:00.000";"17.28";"64.50";"0.50";"0.00";"0.0"
"2023-01-07 12:00:00.000";"17.32";"53.00";"1.95";"0.00";"0.0"
"2023-01-07 13:00:00.000";"17.77";"45.50";"2.08";"0.00";"0.0"
"2023-01-07 14:00:00.000";"18.08";"45.17";"2.55";"0.00";"0.0"
"2023-01-07 15:00:00.000";"16.40";"52.67";"4.28";"0.00";"0.0"
"2023-01-07 16:00:00.000";"15.08";"61.33";"1.03";"0.00";"0.0"
"2023-01-07 17:00:00.000";"15.58";"59.00";"0.33";"0.00";"0.0"
"2023-01-07 18:00:00.000";"13.63";"64.33";"0.00";"0.00";"0.0"
"2023-01-07 19:00:00.000";"10.82";"77.17";"0.00";"0.00";"0.0"
"2023-01-07 20:00:00.000";"9.43";"82.33";"0.00";"0.00";"0.0"
"2023-01-07 21:00:00.000";"9.02";"83.50";"0.00";"0.00";"0.0"
"2023-01-07 22:00:00.000";"10.65";"79.00";"0.00";"0.00";"0.0"
"2023-01-07 23:00:00.000";"9.27";"82.67";"0.00";"0.00";"0.0"
"2023-01-08 00:00:00.000";"8.52";"85.67";"0.00";"0.00";"0.0"
"2023-01-08 01:00:00.000";"7.03";"90.17";"0.00";"0.00";"0.0"
"2023-01-08 02:00:00.000";"6.45";"95.17";"0.00";"0.00";"0.0"
"2023-01-08 03:00:00.000";"6.82";"95.33";"0.00";"0.00";"0.0"
"2023-01-08 04:00:00.000";"5.92";"95.83";"0.00";"0.83";"0.0"
"2023-01-08 05:00:00.000";"6.55";"95.67";"0.00";"0.83";"0.0"
"2023-01-08 06:00:00.000";"6.90";"95.00";"0.00";"0.00";"0.0"
"2023-01-08 07:00:00.000";"7.72";"94.67";"0.00";"0.00";"0.0"
"2023-01-08 08:00:00.000";"8.57";"93.67";"0.00";"0.00";"0.0"
"2023-01-08 09:00:00.000";"9.78";"91.67";"0.00";"0.00";"0.0"
"2023-01-08 10:00:00.000";"14.06";"74.00";"0.00";"0.00";"0.0"
"2023-01-08 11:00:00.000";"15.53";"70.33";"0.72";"0.00";"0.0"
"2023-01-08 12:00:00.000";"15.58";"73.17";"1.20";"0.00";"0.0"
"2023-01-08 13:00:00.000";"15.50";"74.83";"1.65";"0.00";"0.0"
"2023-01-08 14:00:00.000";"16.22";"72.67";"4.03";"0.00";"0.0"
"2023-01-08 15:00:00.000";"16.60";"71.00";"1.97";"0.00";"0.0"
"2023-01-08 16:00:00.000";"16.92";"67.00";"2.18";"0.00";"0.0"
"2023-01-08 17:00:00.000";"16.17";"69.00";"0.58";"0.00";"0.0"
"2023-01-08 18:00:00.000";"13.52";"77.33";"0.07";"0.00";"0.0"
"2023-01-08 19:00:00.000";"10.00";"89.50";"0.00";"0.00";"0.0"
"2023-01-08 20:00:00.000";"10.07";"94.33";"0.00";"0.00";"0.0"
"2023-01-08 21:00:00.000";"8.66";"93.20";"0.00";"0.00";"0.0"
"2023-01-08 22:00:00.000";"8.53";"94.00";"0.00";"0.00";"0.0"
"2023-01-08 23:00:00.000";"8.53";"93.50";"0.00";"0.00";"0.0"
"2023-01-09 00:00:00.000";"8.67";"94.00";"0.00";"0.00";"0.0"
"2023-01-09 01:00:00.000";"8.17";"95.50";"0.00";"0.00";"0.0"
"2023-01-09 02:00:00.000";"8.05";"95.67";"0.00";"0.00";"0.0"
"2023-01-09 03:00:00.000";"7.72";"90.67";"0.00";"0.00";"0.0"
"2023-01-09 04:00:00.000";"8.03";"84.83";"0.00";"0.00";"0.0"
"2023-01-09 05:00:00.000";"7.85";"83.67";"0.00";"0.00";"0.0"
"2023-01-09 06:00:00.000";"7.55";"88.83";"0.00";"0.00";"0.0"
"2023-01-09 07:00:00.000";"6.95";"92.17";"0.00";"0.00";"0.0"
"2023-01-09 08:00:00.000";"5.33";"94.67";"0.00";"0.00";"0.0"
"2023-01-09 09:00:00.000";"7.00";"94.33";"0.00";"0.67";"0.0"
"2023-01-09 10:00:00.000";"14.15";"68.50";"0.00";"0.00";"0.0"
"2023-01-09 11:00:00.000";"15.42";"67.00";"0.90";"0.00";"0.0"
"2023-01-09 12:00:00.000";"15.95";"67.50";"2.70";"0.00";"0.0"
"2023-01-09 13:00:00.000";"16.33";"66.83";"2.20";"0.00";"0.0"
"2023-01-09 14:00:00.000";"16.44";"64.60";"3.44";"0.00";"0.0"
"2023-01-09 15:00:00.000";"16.47";"64.83";"2.30";"0.00";"0.0"
"2023-01-09 16:00:00.000";"16.62";"56.83";"1.73";"0.00";"0.0"
"2023-01-09 17:00:00.000";"16.20";"56.00";"0.97";"0.00";"0.0"
"2023-01-09 18:00:00.000";"13.00";"65.00";"0.02";"0.00";"0.0"
"2023-01-09 19:00:00.000";"8.70";"79.33";"0.00";"0.00";"0.0"
"2023-01-09 20:00:00.000";"7.38";"88.50";"0.00";"0.00";"0.0"
"2023-01-09 21:00:00.000";"8.76";"89.80";"0.00";"0.00";"0.0"
"2023-01-09 22:00:00.000";"10.83";"83.83";"0.00";"0.00";"0.0"
"2023-01-09 23:00:00.000";"11.28";"82.17";"0.00";"0.00";"0.0"
"2023-01-10 00:00:00.000";"11.80";"81.67";"0.00";"0.00";"0.0"
"2023-01-10 01:00:00.000";"11.80";"81.83";"0.00";"0.00";"0.0"
"2023-01-10 02:00:00.000";"12.28";"83.17";"0.00";"0.00";"0.0"
"2023-01-10 03:00:00.000";"13.63";"81.67";"1.85";"0.00";"0.0"
"2023-01-10 04:00:00.000";"15.03";"76.00";"7.17";"0.00";"0.0"
"2023-01-10 05:00:00.000";"15.08";"76.00";"10.00";"0.20";"0.0"
"2023-01-10 06:00:00.000";"14.37";"88.50";"13.82";"0.67";"3.0"
"2023-01-10 07:00:00.000";"13.48";"97.00";"15.02";"1.00";"3.3"
"2023-01-10 08:00:00.000";"12.34";"97.00";"2.06";"1.00";"0.0"
"2023-01-10 09:00:00.000";"13.05";"95.83";"7.17";"1.00";"0.0"
"2023-01-10 10:00:00.000";"11.34";"94.00";"6.36";"1.00";"3.0"
"2023-01-10 11:00:00.000";"10.48";"96.83";"0.15";"1.00";"3.9"
"2023-01-10 12:00:00.000";"10.92";"96.50";"0.00";"1.00";"0.3"
"2023-01-10 13:00:00.000";"13.14";"91.40";"0.96";"1.00";"0.3"
"2023-01-10 14:00:00.000";"14.03";"81.17";"7.80";"0.00";"0.0"
"2023-01-10 15:00:00.000";"11.98";"81.00";"3.73";"0.17";"0.0"
"2023-01-10 16:00:00.000";"12.35";"83.33";"4.10";"0.67";"1.5"
"2023-01-10 17:00:00.000";"11.40";"78.33";"2.07";"0.00";"0.0"
"2023-01-10 18:00:00.000";"11.35";"78.50";"5.57";"0.17";"0.0"
"2023-01-10 19:00:00.000";"9.05";"91.83";"3.70";"1.00";"1.5"
"2023-01-10 20:00:00.000";"8.62";"95.00";"5.63";"1.00";"9.0"
"2023-01-10 21:00:00.000";"8.47";"95.00";"2.68";"1.00";"0.3"
"2023-01-10 22:00:00.000";"9.20";"94.20";"1.12";"1.00";"0.3"
"2023-01-10 23:00:00.000";"8.68";"94.33";"0.33";"1.00";"0.3"
"2023-01-11 00:00:00.000";"7.53";"95.50";"0.00";"1.00";"0.3"
"2023-01-11 01:00:00.000";"6.52";"96.17";"0.23";"1.00";"1.8"
"2023-01-11 02:00:00.000";"7.12";"96.50";"0.08";"1.00";"0.3"
"2023-01-11 03:00:00.000";"6.60";"96.50";"0.00";"1.00";"1.2"
"2023-01-11 04:00:00.000";"7.72";"96.33";"0.02";"1.00";"2.4"
"2023-01-11 05:00:00.000";"7.45";"95.17";"0.20";"1.00";"0.9"
"2023-01-11 06:00:00.000";"6.45";"95.33";"0.00";"1.00";"0.3"
"2023-01-11 07:00:00.000";"6.30";"96.00";"0.00";"1.00";"0.0"
"2023-01-11 08:00:00.000";"7.20";"95.00";"0.17";"1.00";"0.3"
"2023-01-11 09:00:00.000";"6.28";"95.67";"0.00";"1.00";"0.0"
"2023-01-11 10:00:00.000";"10.04";"75.60";"0.06";"0.60";"0.0"
"2023-01-11 11:00:00.000";"11.06";"78.20";"0.78";"0.00";"0.0"
"2023-01-11 12:00:00.000";"12.58";"73.00";"0.97";"0.00";"0.0"
"2023-01-11 13:00:00.000";"13.07";"71.00";"1.57";"0.00";"0.0"
"2023-01-11 14:00:00.000";"13.38";"67.33";"2.52";"0.00";"0.0"
"2023-01-11 15:00:00.000";"13.93";"61.67";"1.35";"0.00";"0.0"
"2023-01-11 16:00:00.000";"13.50";"57.67";"2.62";"0.00";"0.0"
"2023-01-11 17:00:00.000";"12.50";"64.00";"1.07";"0.00";"0.0"
"2023-01-11 18:00:00.000";"10.05";"72.17";"0.18";"0.00";"0.0"
"2023-01-11 19:00:00.000";"6.82";"82.67";"0.00";"0.00";"0.0"
"2023-01-11 20:00:00.000";"6.92";"80.80";"0.00";"0.00";"0.0"
"2023-01-11 21:00:00.000";"7.93";"78.67";"0.00";"0.00";"0.0"
"2023-01-11 22:00:00.000";"9.62";"73.83";"0.00";"0.00";"0.0"
"2023-01-11 23:00:00.000";"8.90";"79.33";"0.73";"0.67";"0.9"
"2023-01-12 00:00:00.000";"7.42";"89.60";"0.00";"1.00";"0.3"
"2023-01-12 01:00:00.000";"7.30";"91.83";"0.00";"1.00";"0.0"
"2023-01-12 02:00:00.000";"7.17";"92.00";"0.00";"1.00";"0.0"
"2023-01-12 03:00:00.000";"6.75";"91.33";"0.00";"1.00";"0.0"
"2023-01-12 04:00:00.000";"5.68";"94.40";"0.00";"0.00";"0.0"
"2023-01-12 05:00:00.000";"5.12";"95.00";"0.00";"0.00";"0.0"
"2023-01-12 06:00:00.000";"4.92";"95.00";"0.00";"0.00";"0.0"
"2023-01-12 07:00:00.000";"4.38";"94.33";"0.00";"0.00";"0.0"
"2023-01-12 08:00:00.000";"3.48";"95.00";"0.00";"0.00";"0.0"
"2023-01-12 09:00:00.000";"4.93";"92.50";"0.00";"0.00";"0.0"
"2023-01-12 10:00:00.000";"10.77";"74.33";"0.00";"0.00";"0.0"
"2023-01-12 11:00:00.000";"13.23";"62.33";"0.03";"0.00";"0.0"
"2023-01-12 12:00:00.000";"13.45";"64.50";"0.12";"0.00";"0.0"
"2023-01-12 13:00:00.000";"12.68";"68.50";"0.38";"0.00";"0.0"
"2023-01-12 14:00:00.000";"13.60";"65.33";"2.60";"0.00";"0.0"
"2023-01-12 15:00:00.000";"12.23";"70.33";"2.55";"0.00";"0.0"
"2023-01-12 16:00:00.000";"11.27";"74.33";"0.00";"0.00";"0.0"
"2023-01-12 17:00:00.000";"10.87";"76.67";"0.00";"0.00";"0.0"
"2023-01-12 18:00:00.000";"9.72";"80.20";"0.00";"0.00";"0.0"
"2023-01-12 19:00:00.000";"7.47";"86.83";"0.00";"0.00";"0.0"
"2023-01-12 20:00:00.000";"7.40";"86.50";"0.00";"0.00";"0.0"
"2023-01-12 21:00:00.000";"7.65";"85.33";"0.00";"0.00";"0.0"
"2023-01-12 22:00:00.000";"6.35";"88.83";"0.00";"0.00";"0.0"
"2023-01-12 23:00:00.000";"5.75";"90.83";"0.00";"0.00";"0.0"
"2023-01-13 00:00:00.000";"4.16";"90.20";"0.00";"0.00";"0.0"
"2023-01-13 01:00:00.000";"5.25";"90.50";"0.00";"0.00";"0.0"
"2023-01-13 02:00:00.000";"4.65";"90.00";"0.00";"0.00";"0.0"
"2023-01-13 03:00:00.000";"4.47";"91.67";"0.00";"0.00";"0.0"
"2023-01-13 04:00:00.000";"4.73";"89.33";"0.00";"0.00";"0.0"
"2023-01-13 05:00:00.000";"3.98";"89.33";"0.00";"0.00";"0.0"
"2023-01-13 06:00:00.000";"2.83";"92.67";"0.00";"0.00";"0.0"
"2023-01-13 07:00:00.000";"3.03";"93.67";"0.00";"0.00";"0.0"
"2023-01-13 08:00:00.000";"2.90";"94.00";"0.00";"0.00";"0.0"
"2023-01-13 09:00:00.000";"4.32";"89.67";"0.00";"0.00";"0.0"
"2023-01-13 10:00:00.000";"11.48";"59.00";"0.00";"0.00";"0.0"
"2023-01-13 11:00:00.000";"15.17";"47.00";"0.02";"0.00";"0.0"
"2023-01-13 12:00:00.000";"14.25";"48.83";"0.12";"0.00";"0.0"
"2023-01-13 13:00:00.000";"15.38";"47.00";"0.62";"0.00";"0.0"
"2023-01-13 14:00:00.000";"15.05";"53.00";"3.12";"0.00";"0.0"
"2023-01-13 15:00:00.000";"14.80";"50.83";"2.32";"0.00";"0.0"
"2023-01-13 16:00:00.000";"14.05";"49.67";"2.50";"0.00";"0.0"
"2023-01-13 17:00:00.000";"13.45";"55.67";"2.25";"0.00";"0.0"
"2023-01-13 18:00:00.000";"11.54";"53.20";"1.12";"0.00";"0.0"
"2023-01-13 19:00:00.000";"7.55";"69.00";"0.02";"0.00";"0.0"
"2023-01-13 20:00:00.000";"5.05";"78.17";"0.00";"0.00";"0.0"
"2023-01-13 21:00:00.000";"4.10";"83.00";"0.00";"0.00";"0.0"
"2023-01-13 22:00:00.000";"4.42";"78.00";"0.00";"0.00";"0.0"
"2023-01-13 23:00:00.000";"5.68";"77.67";"0.00";"0.00";"0.0"
"2023-01-14 00:00:00.000";"4.80";"82.25";"0.00";"0.00";"0.0"
"2023-01-14 01:00:00.000";"4.28";"86.00";"0.00";"0.00";"0.0"
"2023-01-14 02:00:00.000";"4.10";"90.50";"0.00";"0.00";"0.0"
"2023-01-14 03:00:00.000";"4.75";"93.00";"0.00";"0.00";"0.0"
"2023-01-14 04:00:00.000";"3.88";"93.50";"0.00";"0.00";"0.0"
"2023-01-14 05:00:00.000";"3.83";"94.83";"0.00";"0.00";"0.0"
"2023-01-14 06:00:00.000";"3.35";"95.00";"0.00";"0.00";"0.0"
"2023-01-14 07:00:00.000";"3.63";"95.00";"0.00";"0.00";"0.0"
"2023-01-14 08:00:00.000";"3.25";"95.00";"0.00";"0.00";"0.0"
"2023-01-14 09:00:00.000";"5.08";"93.67";"0.00";"0.00";"0.0"
"2023-01-14 10:00:00.000";"12.93";"63.83";"0.00";"0.00";"0.0"
"2023-01-14 11:00:00.000";"12.28";"65.17";"0.07";"0.00";"0.0"
"2023-01-14 12:00:00.000";"13.17";"64.33";"0.03";"0.00";"0.0"
"2023-01-14 13:00:00.000";"14.50";"58.00";"0.64";"0.00";"0.0"
"2023-01-14 14:00:00.000";"14.92";"55.00";"0.87";"0.00";"0.0"
"2023-01-14 15:00:00.000";"13.55";"58.17";"0.90";"0.00";"0.0"
"2023-01-14 16:00:00.000";"14.92";"50.50";"0.85";"0.00";"0.0"
"2023-01-14 17:00:00.000";"13.58";"57.80";"0.32";"0.00";"0.0"
"2023-01-14 18:00:00.000";"11.52";"63.50";"0.00";"0.00";"0.0"
"2023-01-14 19:00:00.000";"7.54";"77.60";"0.00";"0.00";"0.0"
"2023-01-14 20:00:00.000";"6.45";"83.33";"0.00";"0.00";"0.0"
"2023-01-14 21:00:00.000";"6.87";"83.00";"0.00";"0.00";"0.0"
"2023-01-14 22:00:00.000";"7.02";"80.00";"0.00";"0.00";"0.0"
"2023-01-14 23:00:00.000";"6.68";"80.17";"0.00";"0.00";"0.0"
"2023-01-15 00:00:00.000";"7.68";"77.83";"0.00";"0.00";"0.0"
"2023-01-15 01:00:00.000";"8.42";"75.67";"0.00";"0.00";"0.0"
"2023-01-15 02:00:00.000";"8.93";"74.83";"0.00";"0.00";"0.0"
"2023-01-15 03:00:00.000";"8.72";"77.17";"0.00";"0.00";"0.0"
"2023-01-15 04:00:00.000";"8.23";"80.67";"0.00";"0.00";"0.0"
"2023-01-15 05:00:00.000";"7.92";"87.00";"0.00";"0.00";"0.0"
"2023-01-15 06:00:00.000";"7.45";"92.00";"0.00";"0.00";"0.0"
"2023-01-15 07:00:00.000";"6.95";"94.33";"0.00";"0.00";"0.0"
"2023-01-15 08:00:00.000";"6.72";"93.80";"0.00";"0.00";"0.0"
"2023-01-15 09:00:00.000";"6.35";"89.50";"0.00";"0.00";"0.0"
"2023-01-15 10:00:00.000";"9.25";"76.67";"0.18";"0.00";"0.0"
"2023-01-15 11:00:00.000";"11.55";"65.00";"0.12";"0.00";"0.0"
"2023-01-15 12:00:00.000";"13.40";"53.33";"0.43";"0.00";"0.0"
"2023-01-15 13:00:00.000";"14.14";"59.60";"0.36";"0.00";"0.0"
"2023-01-15 14:00:00.000";"14.98";"62.50";"1.33";"0.00";"0.0"
"2023-01-15 15:00:00.000";"14.90";"60.33";"1.68";"0.00";"0.0"
"2023-01-15 16:00:00.000";"15.12";"56.17";"0.82";"0.00";"0.0"
"2023-01-15 17:00:00.000";"14.62";"60.00";"0.35";"0.00";"0.0"
"2023-01-15 18:00:00.000";"11.88";"64.83";"0.00";"0.00";"0.0"
"2023-01-15 19:00:00.000";"7.77";"77.50";"0.00";"0.00";"0.0"
"2023-01-15 20:00:00.000";"6.37";"80.33";"0.00";"0.00";"0.0"
"2023-01-15 21:00:00.000";"5.88";"79.50";"0.00";"0.00";"0.0"
"2023-01-15 22:00:00.000";"4.85";"83.33";"0.00";"0.00";"0.0"
"2023-01-15 23:00:00.000";"4.25";"90.17";"0.00";"0.00";"0.0"
"2023-01-16 00:00:00.000";"4.22";"93.67";"0.00";"0.00";"0.0"
"2023-01-16 01:00:00.000";"3.98";"94.17";"0.00";"0.00";"0.0"
"2023-01-16 02:00:00.000";"4.33";"95.00";"0.00";"0.67";"0.0"
"2023-01-16 03:00:00.000";"4.05";"95.00";"0.00";"0.00";"0.0"
"2023-01-16 04:00:00.000";"4.03";"95.00";"0.00";"0.00";"0.0"
"2023-01-16 05:00:00.000";"4.14";"94.80";"0.00";"0.00";"0.0"
"2023-01-16 06:00:00.000";"3.23";"94.50";"0.00";"0.00";"0.0"
"2023-01-16 07:00:00.000";"3.37";"95.50";"0.00";"0.83";"0.0"
"2023-01-16 08:00:00.000";"4.07";"96.00";"0.00";"1.00";"0.0"
"2023-01-16 09:00:00.000";"5.45";"95.00";"0.00";"0.67";"0.0"
"2023-01-16 10:00:00.000";"13.40";"67.00";"0.00";"0.00";"0.0"
"2023-01-16 11:00:00.000";"15.20";"63.00";"0.12";"0.00";"0.0"
"2023-01-16 12:00:00.000";"15.18";"64.00";"0.78";"0.00";"0.0"
"2023-01-16 13:00:00.000";"14.88";"66.50";"1.48";"0.00";"0.0"
"2023-01-16 14:00:00.000";"14.55";"67.33";"2.80";"0.00";"0.0"
"2023-01-16 15:00:00.000";"15.08";"61.83";"3.10";"0.00";"0.0"
"2023-01-16 16:00:00.000";"14.45";"65.00";"2.70";"0.00";"0.0"
"2023-01-16 17:00:00.000";"14.93";"69.17";"1.03";"0.00";"0.0"
"2023-01-16 18:00:00.000";"12.52";"77.67";"0.02";"0.00";"0.0"
"2023-01-16 19:00:00.000";"11.73";"82.33";"0.00";"0.00";"0.0"
"2023-01-16 20:00:00.000";"12.73";"81.50";"0.10";"0.00";"0.0"
"2023-01-16 21:00:00.000";"13.68";"80.83";"1.92";"0.00";"0.0"
"2023-01-16 22:00:00.000";"14.00";"77.60";"2.66";"0.00";"0.0"
"2023-01-16 23:00:00.000";"14.20";"78.40";"4.54";"0.00";"0.0"
"2023-01-17 00:00:00.000";"14.20";"78.50";"3.50";"0.00";"0.0"
"2023-01-17 01:00:00.000";"14.50";"77.50";"7.43";"0.00";"0.0"
"2023-01-17 02:00:00.000";"14.28";"79.50";"10.82";"0.17";"1.8"
"2023-01-17 03:00:00.000";"12.55";"95.83";"2.87";"1.00";"0.0"
"2023-01-17 04:00:00.000";"13.40";"92.67";"5.15";"0.50";"0.0"
"2023-01-17 05:00:00.000";"13.30";"91.17";"3.82";"0.00";"0.0"
"2023-01-17 06:00:00.000";"13.93";"85.67";"6.27";"0.00";"0.0"
"2023-01-17 07:00:00.000";"14.03";"85.17";"6.08";"0.00";"0.0"
"2023-01-17 08:00:00.000";"14.25";"86.00";"5.58";"0.00";"0.0"
"2023-01-17 09:00:00.000";"14.20";"85.00";"3.42";"0.00";"0.0"
"2023-01-17 10:00:00.000";"14.75";"84.67";"3.40";"0.00";"0.0"
"2023-01-17 11:00:00.000";"15.43";"78.17";"6.22";"0.00";"0.0"
"2023-01-17 12:00:00.000";"16.05";"78.17";"8.77";"0.00";"0.0"
"2023-01-17 13:00:00.000";"16.23";"77.33";"11.32";"0.00";"0.0"
"2023-01-17 14:00:00.000";"16.73";"75.50";"11.05";"0.00";"0.0"
"2023-01-17 15:00:00.000";"16.77";"73.33";"11.53";"0.00";"0.0"
"2023-01-17 16:00:00.000";"16.47";"72.67";"9.60";"0.00";"0.0"
"2023-01-17 17:00:00.000";"16.60";"75.17";"5.32";"0.00";"0.0"
"2023-01-17 18:00:00.000";"15.13";"80.50";"2.23";"0.00";"0.0"
"2023-01-17 19:00:00.000";"14.18";"85.50";"0.40";"0.00";"0.0"
"2023-01-17 20:00:00.000";"13.94";"85.00";"0.08";"0.00";"0.0"
"2023-01-17 21:00:00.000";"14.17";"85.00";"0.73";"0.00";"0.0"
"2023-01-17 22:00:00.000";"14.57";"84.25";"1.58";"0.00";"0.0"
"2023-01-17 23:00:00.000";"14.75";"82.17";"3.17";"0.00";"0.0"
"2023-01-18 00:00:00.000";"14.77";"81.33";"4.70";"0.00";"0.0"
"2023-01-18 01:00:00.000";"15.02";"78.33";"8.03";"0.00";"0.0"
"2023-01-18 02:00:00.000";"15.02";"77.67";"6.77";"0.00";"0.0"
"2023-01-18 03:00:00.000";"14.88";"79.00";"5.58";"0.00";"0.0"
"2023-01-18 04:00:00.000";"14.85";"79.25";"4.08";"0.00";"0.0"
"2023-01-18 05:00:00.000";"13.92";"81.83";"1.27";"0.00";"0.0"
"2023-01-18 06:00:00.000";"11.18";"89.00";"0.02";"0.00";"0.0"
"2023-01-18 07:00:00.000";"10.35";"91.83";"0.00";"0.00";"0.0"
"2023-01-18 08:00:00.000";"10.14";"92.60";"0.00";"0.00";"0.0"
"2023-01-18 09:00:00.000";"11.22";"92.33";"0.00";"0.00";"0.0"
"2023-01-18 10:00:00.000";"15.45";"88.17";"2.60";"0.00";"0.0"
"2023-01-18 11:00:00.000";"16.68";"84.33";"6.83";"0.00";"0.0"
"2023-01-18 12:00:00.000";"17.42";"81.20";"7.42";"0.00";"0.0"
"2023-01-18 13:00:00.000";"17.63";"80.17";"9.37";"0.00";"0.0"
"2023-01-18 14:00:00.000";"17.57";"79.83";"9.63";"0.00";"0.0"
"2023-01-18 15:00:00.000";"17.72";"78.83";"8.73";"0.00";"0.0"
"2023-01-18 16:00:00.000";"17.52";"79.83";"9.27";"0.00";"0.0"
"2023-01-18 17:00:00.000";"17.33";"80.67";"7.07";"0.00";"0.0"
"2023-01-18 18:00:00.000";"15.92";"86.83";"2.50";"0.00";"0.0"
"2023-01-18 19:00:00.000";"15.08";"91.00";"0.72";"0.00";"0.0"
"2023-01-18 20:00:00.000";"15.10";"92.17";"2.00";"0.00";"0.0"
"2023-01-18 21:00:00.000";"15.03";"92.17";"2.68";"0.00";"0.0"
"2023-01-18 22:00:00.000";"15.08";"92.83";"2.08";"0.00";"0.0"
"2023-01-18 23:00:00.000";"15.07";"91.83";"1.87";"0.00";"0.0"
"2023-01-19 00:00:00.000";"14.97";"90.33";"1.58";"0.00";"0.0"
"2023-01-19 01:00:00.000";"14.70";"89.17";"1.62";"0.00";"0.0"
"2023-01-19 02:00:00.000";"14.78";"88.00";"2.65";"0.00";"0.0"
"2023-01-19 03:00:00.000";"14.42";"88.33";"1.37";"0.00";"0.0"
"2023-01-19 04:00:00.000";"14.30";"86.67";"2.87";"0.00";"0.0"
"2023-01-19 05:00:00.000";"13.88";"85.00";"1.63";"0.00";"0.0"
"2023-01-19 06:00:00.000";"13.97";"82.33";"2.35";"0.00";"0.0"
"2023-01-19 07:00:00.000";"13.83";"83.00";"2.20";"0.00";"0.0"
"2023-01-19 08:00:00.000";"13.88";"83.17";"2.37";"0.00";"0.0"
"2023-01-19 09:00:00.000";"14.48";"82.83";"1.72";"0.00";"0.0"
"2023-01-19 10:00:00.000";"16.52";"75.17";"4.32";"0.00";"0.0"
"2023-01-19 11:00:00.000";"17.68";"74.83";"7.33";"0.00";"0.0"
"2023-01-19 12:00:00.000";"18.03";"73.33";"7.90";"0.00";"0.0"
"2023-01-19 13:00:00.000";"17.82";"74.17";"8.10";"0.00";"0.0"
"2023-01-19 14:00:00.000";"18.38";"71.83";"8.62";"0.00";"0.0"
"2023-01-19 15:00:00.000";"17.82";"72.67";"8.65";"0.00";"0.0"
"2023-01-19 16:00:00.000";"18.02";"70.83";"7.38";"0.00";"0.0"
"2023-01-19 17:00:00.000";"16.88";"74.83";"6.45";"0.00";"0.0"
"2023-01-19 18:00:00.000";"15.20";"80.67";"4.67";"0.00";"0.0"
"2023-01-19 19:00:00.000";"14.55";"83.00";"6.38";"0.00";"0.0"
"2023-01-19 20:00:00.000";"14.72";"81.83";"6.78";"0.00";"0.0"
"2023-01-19 21:00:00.000";"14.95";"81.67";"8.02";"0.00";"0.0"
"2023-01-19 22:00:00.000";"14.97";"82.67";"7.73";"0.00";"0.0"
"2023-01-19 23:00:00.000";"14.75";"83.67";"8.17";"0.00";"0.0"
"2023-01-20 00:00:00.000";"14.85";"83.50";"10.85";"0.00";"0.0"
"2023-01-20 01:00:00.000";"14.87";"85.17";"11.73";"0.17";"0.0"
"2023-01-20 02:00:00.000";"11.85";"95.50";"5.47";"1.00";"3.6"
"2023-01-20 03:00:00.000";"11.23";"94.17";"6.73";"1.00";"0.0"
"2023-01-20 04:00:00.000";"10.93";"89.00";"6.95";"0.67";"0.0"
"2023-01-20 05:00:00.000";"10.90";"82.00";"8.07";"0.17";"0.0"
"2023-01-20 06:00:00.000";"10.10";"85.83";"1.93";"0.50";"0.3"
"2023-01-20 07:00:00.000";"9.58";"89.67";"3.75";"1.00";"1.2"
"2023-01-20 08:00:00.000";"9.23";"85.17";"5.02";"1.00";"0.0"
"2023-01-20 09:00:00.000";"7.52";"88.00";"0.67";"0.17";"0.3"
"2023-01-20 10:00:00.000";"8.73";"86.83";"0.13";"1.00";"0.0"
"2023-01-20 11:00:00.000";"11.90";"78.33";"4.50";"0.00";"0.0"
"2023-01-20 12:00:00.000";"12.90";"68.50";"10.78";"0.00";"0.0"
"2023-01-20 13:00:00.000";"13.58";"65.67";"12.32";"0.00";"0.0"
"2023-01-20 14:00:00.000";"13.77";"65.33";"11.18";"0.00";"0.0"
"2023-01-20 15:00:00.000";"13.42";"60.83";"9.85";"0.00";"0.0"
"2023-01-20 16:00:00.000";"12.87";"59.17";"3.97";"0.00";"0.0"
"2023-01-20 17:00:00.000";"13.07";"58.00";"4.95";"0.00";"0.0"
"2023-01-20 18:00:00.000";"11.65";"60.67";"1.70";"0.00";"0.0"
"2023-01-20 19:00:00.000";"10.32";"67.67";"0.35";"0.00";"0.0"
"2023-01-20 20:00:00.000";"7.18";"78.00";"0.00";"0.00";"0.0"
"2023-01-20 21:00:00.000";"7.00";"83.83";"0.00";"0.00";"0.0"
"2023-01-20 22:00:00.000";"7.13";"84.17";"0.00";"0.00";"0.0"
"2023-01-20 23:00:00.000";"7.05";"88.17";"0.00";"0.33";"0.0"
"2023-01-21 00:00:00.000";"8.87";"82.33";"0.00";"0.00";"0.0"
"2023-01-21 01:00:00.000";"9.78";"84.17";"0.08";"0.50";"1.5"
"2023-01-21 02:00:00.000";"9.28";"94.50";"0.22";"1.00";"4.8"
"2023-01-21 03:00:00.000";"8.47";"95.83";"0.00";"1.00";"0.3"
"2023-01-21 04:00:00.000";"9.52";"96.00";"0.00";"1.00";"0.0"
"2023-01-21 05:00:00.000";"9.97";"95.00";"0.23";"1.00";"0.6"
"2023-01-21 06:00:00.000";"10.43";"91.17";"0.30";"1.00";"0.0"
"2023-01-21 07:00:00.000";"11.05";"89.00";"1.87";"1.00";"0.6"
"2023-01-21 08:00:00.000";"11.12";"89.67";"2.60";"0.83";"0.0"
"2023-01-21 09:00:00.000";"10.70";"93.33";"8.20";"0.83";"5.4"
"2023-01-21 10:00:00.000";"10.58";"96.00";"5.07";"1.00";"3.0"
"2023-01-21 11:00:00.000";"10.70";"96.00";"4.53";"1.00";"0.6"
"2023-01-21 12:00:00.000";"10.23";"95.00";"1.12";"1.00";"1.5"
"2023-01-21 13:00:00.000";"11.17";"95.00";"0.00";"1.00";"0.0"
"2023-01-21 14:00:00.000";"12.33";"91.83";"0.00";"1.00";"0.0"
"2023-01-21 15:00:00.000";"12.72";"88.17";"0.28";"1.00";"0.0"
"2023-01-21 16:00:00.000";"12.38";"89.33";"0.00";"0.00";"0.0"
"2023-01-21 17:00:00.000";"11.70";"88.00";"2.33";"0.33";"0.0"
"2023-01-21 18:00:00.000";"10.28";"94.67";"0.25";"1.00";"0.6"
"2023-01-21 19:00:00.000";"9.97";"94.17";"0.02";"1.00";"0.0"
"2023-01-21 20:00:00.000";"9.62";"95.50";"0.12";"1.00";"0.9"
"2023-01-21 21:00:00.000";"9.32";"96.00";"0.00";"1.00";"0.0"
"2023-01-21 22:00:00.000";"8.97";"96.00";"0.00";"1.00";"0.0"
"2023-01-21 23:00:00.000";"9.12";"96.00";"0.00";"1.00";"0.0"
"2023-01-22 00:00:00.000";"8.15";"96.00";"0.00";"1.00";"0.0"
"2023-01-22 01:00:00.000";"8.00";"96.50";"0.00";"1.00";"0.0"
"2023-01-22 02:00:00.000";"8.50";"97.00";"0.00";"1.00";"0.0"
"2023-01-22 03:00:00.000";"8.70";"97.00";"0.00";"1.00";"0.0"
"2023-01-22 04:00:00.000";"9.03";"97.00";"0.00";"1.00";"0.0"
"2023-01-22 05:00:00.000";"9.33";"96.17";"0.00";"1.00";"0.6"
"2023-01-22 06:00:00.000";"8.90";"96.50";"0.00";"1.00";"0.0"
"2023-01-22 07:00:00.000";"9.08";"97.00";"0.00";"1.00";"5.1"
"2023-01-22 08:00:00.000";"8.73";"97.00";"0.00";"1.00";"0.0"
"2023-01-22 09:00:00.000";"9.40";"97.17";"0.00";"1.00";"0.0"
"2023-01-22 10:00:00.000";"13.15";"82.50";"0.10";"0.33";"0.0"
"2023-01-22 11:00:00.000";"15.48";"74.67";"0.38";"0.00";"0.0"
"2023-01-22 12:00:00.000";"16.10";"68.83";"1.00";"0.00";"0.0"
"2023-01-22 13:00:00.000";"15.28";"69.83";"2.05";"0.00";"0.0"
"2023-01-22 14:00:00.000";"13.72";"78.00";"0.73";"0.00";"0.0"
"2023-01-22 15:00:00.000";"15.18";"72.67";"3.20";"0.00";"0.0"
"2023-01-22 16:00:00.000";"12.35";"85.67";"2.85";"0.00";"0.3"
"2023-01-22 17:00:00.000";"12.53";"83.33";"0.65";"0.00";"0.0"
"2023-01-22 18:00:00.000";"12.83";"81.00";"1.08";"0.00";"0.0"
"2023-01-22 19:00:00.000";"11.67";"86.33";"0.17";"0.17";"0.6"
"2023-01-22 20:00:00.000";"11.62";"89.83";"1.00";"1.00";"0.3"
"2023-01-22 21:00:00.000";"12.48";"84.17";"2.75";"0.00";"0.0"
"2023-01-22 22:00:00.000";"12.32";"78.50";"1.88";"0.00";"0.0"
"2023-01-22 23:00:00.000";"12.48";"75.33";"3.23";"0.00";"0.0"
"2023-01-23 00:00:00.000";"12.48";"74.83";"2.20";"0.00";"0.0"
"2023-01-23 01:00:00.000";"12.18";"75.17";"1.43";"0.00";"0.0"
"2023-01-23 02:00:00.000";"11.78";"75.33";"0.83";"0.00";"0.0"
"2023-01-23 03:00:00.000";"11.88";"73.33";"1.17";"0.00";"0.0"
"2023-01-23 04:00:00.000";"12.15";"74.67";"1.13";"0.00";"0.0"
"2023-01-23 05:00:00.000";"12.33";"72.67";"1.08";"0.00";"0.0"
"2023-01-23 06:00:00.000";"12.45";"74.17";"1.10";"0.00";"0.0"
"2023-01-23 07:00:00.000";"12.33";"76.17";"0.85";"0.00";"0.0"
"2023-01-23 08:00:00.000";"12.48";"77.17";"0.53";"0.00";"0.0"
"2023-01-23 09:00:00.000";"12.82";"75.50";"0.42";"0.00";"0.0"
"2023-01-23 10:00:00.000";"15.00";"68.67";"0.63";"0.00";"0.0"
"2023-01-23 11:00:00.000";"16.62";"64.17";"3.48";"0.00";"0.0"
"2023-01-23 12:00:00.000";"16.03";"62.83";"5.02";"0.00";"0.0"
"2023-01-23 13:00:00.000";"17.17";"55.83";"6.23";"0.00";"0.0"
"2023-01-23 14:00:00.000";"16.98";"57.17";"4.93";"0.00";"0.0"
"2023-01-23 15:00:00.000";"16.28";"59.80";"5.46";"0.00";"0.0"
"2023-01-23 16:00:00.000";"15.53";"66.67";"3.62";"0.00";"0.0"
"2023-01-23 17:00:00.000";"15.08";"68.50";"2.17";"0.00";"0.0"
"2023-01-23 18:00:00.000";"13.62";"73.17";"0.38";"0.00";"0.0"
"2023-01-23 19:00:00.000";"11.68";"76.33";"1.18";"0.33";"0.6"
"2023-01-23 20:00:00.000";"9.63";"92.67";"0.63";"1.00";"6.9"
"2023-01-23 21:00:00.000";"9.60";"96.00";"0.18";"1.00";"2.4"
"2023-01-23 22:00:00.000";"9.00";"96.00";"0.00";"1.00";"0.0"
"2023-01-23 23:00:00.000";"8.97";"95.83";"0.00";"1.00";"0.0"
"2023-01-24 00:00:00.000";"8.33";"95.50";"0.00";"1.00";"0.0"
"2023-01-24 01:00:00.000";"8.57";"96.00";"0.00";"1.00";"0.0"
"2023-01-24 02:00:00.000";"9.43";"94.83";"0.00";"1.00";"0.0"
"2023-01-24 03:00:00.000";"10.13";"93.33";"0.00";"1.00";"0.0"
"2023-01-24 04:00:00.000";"9.97";"95.00";"0.28";"1.00";"5.1"
"2023-01-24 05:00:00.000";"9.38";"96.00";"0.00";"1.00";"0.3"
"2023-01-24 06:00:00.000";"8.23";"96.00";"0.00";"1.00";"0.0"
"2023-01-24 07:00:00.000";"6.87";"96.00";"0.00";"1.00";"0.0"
"2023-01-24 08:00:00.000";"5.92";"96.00";"0.00";"1.00";"0.0"
"2023-01-24 09:00:00.000";"7.30";"96.67";"0.00";"1.00";"0.0"
"2023-01-24 10:00:00.000";"12.87";"82.33";"0.00";"0.83";"0.0"
"2023-01-24 11:00:00.000";"16.90";"67.50";"0.00";"0.00";"0.0"
"2023-01-24 12:00:00.000";"15.50";"73.67";"0.00";"0.00";"0.0"
"2023-01-24 13:00:00.000";"15.53";"73.67";"0.00";"0.00";"0.0"
"2023-01-24 14:00:00.000";"14.57";"78.67";"0.00";"0.00";"0.0"
"2023-01-24 15:00:00.000";"15.33";"76.33";"0.00";"0.00";"0.0"
"2023-01-24 16:00:00.000";"16.43";"72.17";"0.43";"0.00";"0.0"
"2023-01-24 17:00:00.000";"16.52";"74.83";"0.82";"0.00";"0.0"
"2023-01-24 18:00:00.000";"13.80";"81.83";"0.00";"0.00";"0.0"
"2023-01-24 19:00:00.000";"10.55";"91.00";"0.00";"0.00";"0.0"
"2023-01-24 20:00:00.000";"8.87";"94.50";"0.00";"0.50";"0.0"
"2023-01-24 21:00:00.000";"8.53";"96.00";"0.00";"1.00";"0.0"
"2023-01-24 22:00:00.000";"9.15";"96.00";"0.00";"1.00";"0.0"
"2023-01-24 23:00:00.000";"8.62";"96.00";"0.00";"1.00";"0.0"
"2023-01-25 00:00:00.000";"9.80";"95.83";"0.00";"0.67";"0.0"
"2023-01-25 01:00:00.000";"9.93";"93.83";"0.00";"0.00";"0.0"
"2023-01-25 02:00:00.000";"9.97";"93.17";"0.00";"0.00";"0.0"
"2023-01-25 03:00:00.000";"11.83";"87.67";"0.05";"0.00";"0.0"
"2023-01-25 04:00:00.000";"10.65";"89.00";"0.00";"0.00";"0.0"
"2023-01-25 05:00:00.000";"11.43";"84.83";"0.05";"0.00";"0.0"
"2023-01-25 06:00:00.000";"11.80";"84.00";"0.02";"0.00";"0.0"
"2023-01-25 07:00:00.000";"11.97";"84.67";"0.42";"0.00";"0.0"
"2023-01-25 08:00:00.000";"11.98";"83.17";"0.43";"0.00";"0.0"
"2023-01-25 09:00:00.000";"11.72";"82.00";"0.03";"0.00";"0.0"
"2023-01-25 10:00:00.000";"12.98";"82.67";"0.02";"0.00";"0.0"
"2023-01-25 11:00:00.000";"14.73";"73.50";"2.13";"0.00";"0.0"
"2023-01-25 12:00:00.000";"14.92";"72.50";"2.42";"0.00";"0.0"
"2023-01-25 13:00:00.000";"15.18";"70.67";"2.90";"0.00";"0.0"
"2023-01-25 14:00:00.000";"14.82";"70.17";"3.40";"0.00";"0.0"
"2023-01-25 15:00:00.000";"15.00";"69.67";"4.05";"0.00";"0.0"
"2023-01-25 16:00:00.000";"14.77";"69.00";"2.92";"0.00";"0.0"
"2023-01-25 17:00:00.000";"14.82";"68.50";"3.73";"0.00";"0.0"
"2023-01-25 18:00:00.000";"13.27";"72.67";"3.02";"0.00";"0.0"
"2023-01-25 19:00:00.000";"13.03";"72.50";"4.87";"0.00";"0.0"
"2023-01-25 20:00:00.000";"12.90";"72.33";"3.72";"0.00";"0.0"
"2023-01-25 21:00:00.000";"12.18";"74.33";"0.52";"0.00";"0.0"
"2023-01-25 22:00:00.000";"12.32";"73.83";"0.38";"0.00";"0.0"
"2023-01-25 23:00:00.000";"12.52";"74.33";"0.97";"0.00";"0.0"
"2023-01-26 00:00:00.000";"13.30";"72.00";"5.48";"0.00";"0.0"
"2023-01-26 01:00:00.000";"13.08";"74.17";"6.95";"0.00";"0.0"
"2023-01-26 02:00:00.000";"12.87";"75.83";"5.23";"0.00";"0.0"
"2023-01-26 03:00:00.000";"11.68";"85.00";"2.93";"0.17";"0.6"
"2023-01-26 04:00:00.000";"12.85";"80.00";"7.62";"0.00";"0.0"
"2023-01-26 05:00:00.000";"11.98";"91.33";"8.32";"0.67";"3.6"
"2023-01-26 06:00:00.000";"10.02";"96.50";"3.17";"1.00";"18.0"
"2023-01-26 07:00:00.000";"10.57";"97.00";"1.83";"1.00";"9.6"
"2023-01-26 08:00:00.000";"10.22";"97.00";"0.52";"1.00";"3.6"
"2023-01-26 09:00:00.000";"10.57";"97.00";"1.03";"1.00";"1.8"
"2023-01-26 10:00:00.000";"10.15";"97.00";"0.13";"1.00";"1.2"
"2023-01-26 11:00:00.000";"9.97";"97.00";"0.35";"1.00";"0.3"
"2023-01-26 12:00:00.000";"9.83";"97.00";"1.18";"1.00";"0.3"
"2023-01-26 13:00:00.000";"9.78";"95.83";"3.58";"1.00";"0.9"
"2023-01-26 14:00:00.000";"10.15";"96.17";"0.67";"1.00";"1.8"
"2023-01-26 15:00:00.000";"12.55";"90.00";"0.38";"0.67";"0.0"
"2023-01-26 16:00:00.000";"12.03";"88.17";"0.33";"0.00";"0.0"
"2023-01-26 17:00:00.000";"14.25";"80.50";"0.03";"0.00";"0.0"
"2023-01-26 18:00:00.000";"12.17";"88.17";"0.00";"0.00";"0.0"
"2023-01-26 19:00:00.000";"10.07";"93.17";"0.00";"0.00";"0.0"
"2023-01-26 20:00:00.000";"8.05";"95.50";"0.00";"0.50";"0.0"
"2023-01-26 21:00:00.000";"7.98";"96.00";"0.00";"1.00";"0.0"
"2023-01-26 22:00:00.000";"7.88";"96.00";"0.00";"1.00";"0.0"
"2023-01-26 23:00:00.000";"8.68";"96.67";"0.00";"0.00";"0.0"
"2023-01-27 00:00:00.000";"8.48";"95.83";"0.97";"0.67";"1.5"
"2023-01-27 01:00:00.000";"7.68";"95.17";"0.00";"1.00";"0.0"
"2023-01-27 02:00:00.000";"7.93";"94.83";"0.00";"1.00";"0.0"
"2023-01-27 03:00:00.000";"8.23";"93.83";"0.00";"0.00";"0.0"
"2023-01-27 04:00:00.000";"7.83";"94.00";"0.00";"0.33";"0.3"
"2023-01-27 05:00:00.000";"7.65";"95.67";"0.00";"1.00";"0.0"
"2023-01-27 06:00:00.000";"7.62";"96.00";"0.00";"1.00";"0.0"
"2023-01-27 07:00:00.000";"7.35";"96.00";"0.00";"1.00";"0.0"
"2023-01-27 08:00:00.000";"6.68";"96.00";"0.00";"1.00";"0.0"
"2023-01-27 09:00:00.000";"7.65";"95.33";"0.00";"1.00";"0.3"
"2023-01-27 10:00:00.000";"9.90";"86.50";"0.63";"0.83";"0.0"
"2023-01-27 11:00:00.000";"8.77";"89.50";"1.85";"0.33";"0.3"
"2023-01-27 12:00:00.000";"12.28";"78.00";"0.47";"0.00";"0.0"
"2023-01-27 13:00:00.000";"12.85";"73.83";"4.25";"0.00";"0.0"
"2023-01-27 14:00:00.000";"12.87";"70.50";"1.87";"0.00";"0.0"
"2023-01-27 15:00:00.000";"13.58";"63.50";"2.07";"0.00";"0.0"
"2023-01-27 16:00:00.000";"12.93";"58.00";"1.08";"0.00";"0.0"
"2023-01-27 17:00:00.000";"12.35";"63.17";"0.03";"0.00";"0.0"
"2023-01-27 18:00:00.000";"9.82";"76.33";"0.00";"0.00";"0.0"
"2023-01-27 19:00:00.000";"8.78";"80.67";"0.53";"0.67";"0.6"
"2023-01-27 20:00:00.000";"7.92";"92.67";"0.07";"1.00";"1.5"
"2023-01-27 21:00:00.000";"7.60";"94.67";"0.00";"1.00";"0.0"
"2023-01-27 22:00:00.000";"7.60";"93.50";"0.05";"1.00";"0.0"
"2023-01-27 23:00:00.000";"8.05";"93.17";"0.00";"1.00";"0.0"
"2023-01-28 00:00:00.000";"7.77";"94.17";"0.00";"1.00";"0.0"
"2023-01-28 01:00:00.000";"7.83";"95.00";"0.00";"1.00";"0.0"
"2023-01-28 02:00:00.000";"7.55";"95.00";"0.08";"1.00";"0.0"
"2023-01-28 03:00:00.000";"6.93";"95.00";"0.00";"1.00";"0.0"
"2023-01-28 04:00:00.000";"5.08";"95.17";"0.00";"1.00";"0.3"
"2023-01-28 05:00:00.000";"4.32";"95.00";"0.00";"1.00";"0.0"
"2023-01-28 06:00:00.000";"3.90";"95.67";"0.00";"1.00";"0.0"
"2023-01-28 07:00:00.000";"3.37";"96.00";"0.00";"1.00";"0.0"
"2023-01-28 08:00:00.000";"2.87";"96.00";"0.00";"1.00";"0.0"
"2023-01-28 09:00:00.000";"4.65";"96.33";"0.00";"1.00";"0.0"
"2023-01-28 10:00:00.000";"10.98";"74.50";"0.00";"0.00";"0.0"
"2023-01-28 11:00:00.000";"12.13";"68.17";"0.20";"0.00";"0.0"
"2023-01-28 12:00:00.000";"12.32";"69.67";"0.05";"0.00";"0.0"
"2023-01-28 13:00:00.000";"12.47";"71.50";"0.70";"0.00";"0.0"
"2023-01-28 14:00:00.000";"13.67";"66.33";"2.17";"0.00";"0.0"
"2023-01-28 15:00:00.000";"13.27";"68.00";"1.00";"0.00";"0.0"
"2023-01-28 16:00:00.000";"12.38";"70.17";"0.23";"0.00";"0.0"
"2023-01-28 17:00:00.000";"11.42";"75.33";"0.00";"0.00";"0.0"
"2023-01-28 18:00:00.000";"10.12";"80.17";"0.00";"0.00";"0.0"
"2023-01-28 19:00:00.000";"8.87";"82.00";"0.02";"0.00";"0.0"
"2023-01-28 20:00:00.000";"6.72";"85.17";"0.00";"0.00";"0.0"
"2023-01-28 21:00:00.000";"5.25";"88.67";"0.00";"0.00";"0.0"
"2023-01-28 22:00:00.000";"6.17";"88.67";"0.00";"0.00";"0.0"
"2023-01-28 23:00:00.000";"6.97";"90.00";"0.00";"1.00";"0.3"
"2023-01-29 00:00:00.000";"6.98";"91.67";"0.00";"1.00";"0.0"
"2023-01-29 01:00:00.000";"6.13";"94.67";"0.00";"1.00";"0.0"
"2023-01-29 02:00:00.000";"6.65";"95.00";"0.00";"1.00";"0.0"
"2023-01-29 03:00:00.000";"7.62";"94.17";"0.02";"1.00";"1.5"
"2023-01-29 04:00:00.000";"7.07";"95.67";"0.00";"1.00";"0.0"
"2023-01-29 05:00:00.000";"5.90";"95.67";"0.00";"1.00";"0.0"
"2023-01-29 06:00:00.000";"5.65";"95.50";"0.00";"1.00";"0.0"
"2023-01-29 07:00:00.000";"7.28";"94.33";"0.15";"1.00";"0.6"
"2023-01-29 08:00:00.000";"6.37";"94.83";"0.00";"1.00";"0.9"
"2023-01-29 09:00:00.000";"6.08";"94.83";"0.00";"1.00";"0.3"
"2023-01-29 10:00:00.000";"10.07";"81.83";"0.00";"0.50";"0.0"
"2023-01-29 11:00:00.000";"12.18";"74.67";"0.00";"0.00";"0.0"
"2023-01-29 12:00:00.000";"14.50";"64.00";"0.50";"0.00";"0.0"
"2023-01-29 13:00:00.000";"13.77";"67.33";"0.15";"0.00";"0.0"
"2023-01-29 14:00:00.000";"12.38";"72.50";"0.43";"0.00";"0.0"
"2023-01-29 15:00:00.000";"12.18";"71.83";"0.15";"0.00";"0.0"
"2023-01-29 16:00:00.000";"11.42";"74.33";"0.18";"0.00";"0.0"
"2023-01-29 17:00:00.000";"11.17";"71.50";"0.00";"0.00";"0.0"
"2023-01-29 18:00:00.000";"10.75";"72.67";"0.00";"0.00";"0.0"
"2023-01-29 19:00:00.000";"7.00";"88.50";"0.00";"0.00";"0.0"
"2023-01-29 20:00:00.000";"5.43";"89.50";"0.00";"0.00";"0.0"
"2023-01-29 21:00:00.000";"4.77";"91.67";"0.00";"0.00";"0.0"
"2023-01-29 22:00:00.000";"5.15";"94.17";"0.00";"0.00";"0.0"
"2023-01-29 23:00:00.000";"5.65";"91.83";"0.00";"0.00";"0.0"
"2023-01-30 00:00:00.000";"6.10";"90.50";"0.02";"0.00";"0.0"
"2023-01-30 01:00:00.000";"6.50";"88.33";"0.00";"0.00";"0.0"
"2023-01-30 02:00:00.000";"5.17";"91.50";"0.00";"0.00";"0.0"
"2023-01-30 03:00:00.000";"3.83";"93.00";"0.00";"0.00";"0.0"
"2023-01-30 04:00:00.000";"3.78";"94.67";"0.00";"0.00";"0.0"
"2023-01-30 05:00:00.000";"3.02";"94.50";"0.00";"0.00";"0.0"
"2023-01-30 06:00:00.000";"4.32";"93.17";"0.00";"0.00";"0.0"
"2023-01-30 07:00:00.000";"4.37";"93.67";"0.00";"0.00";"0.0"
"2023-01-30 08:00:00.000";"4.88";"93.83";"0.00";"0.00";"0.0"
"2023-01-30 09:00:00.000";"6.38";"90.67";"0.00";"0.00";"0.0"
"2023-01-30 10:00:00.000";"7.90";"90.50";"0.02";"0.00";"0.0"
"2023-01-30 11:00:00.000";"11.40";"76.83";"0.00";"0.00";"0.0"
"2023-01-30 12:00:00.000";"12.30";"68.17";"0.18";"0.00";"0.0"
"2023-01-30 13:00:00.000";"12.83";"65.50";"2.67";"0.00";"0.0"
"2023-01-30 14:00:00.000";"13.17";"59.17";"3.92";"0.00";"0.0"
"2023-01-30 15:00:00.000";"13.77";"49.00";"3.43";"0.00";"0.0"
"2023-01-30 16:00:00.000";"13.43";"46.33";"1.77";"0.00";"0.0"
"2023-01-30 17:00:00.000";"11.28";"54.67";"0.83";"0.00";"0.0"
"2023-01-30 18:00:00.000";"10.22";"61.67";"0.08";"0.00";"0.0"
"2023-01-30 19:00:00.000";"8.73";"70.00";"0.00";"0.00";"0.0"
"2023-01-30 20:00:00.000";"6.47";"78.83";"0.00";"0.00";"0.0"
"2023-01-30 21:00:00.000";"7.28";"80.00";"0.00";"0.33";"0.0"
"2023-01-30 22:00:00.000";"7.03";"82.00";"0.08";"0.50";"0.0"
"2023-01-30 23:00:00.000";"5.83";"89.00";"0.00";"0.00";"0.0"
"2023-01-31 00:00:00.000";"5.85";"89.83";"0.00";"0.00";"0.0"
"2023-01-31 01:00:00.000";"5.87";"92.50";"0.00";"0.00";"0.0"
"2023-01-31 02:00:00.000";"6.50";"89.67";"0.00";"0.00";"0.0"
"2023-01-31 03:00:00.000";"7.47";"83.83";"1.42";"0.33";"0.3"
"2023-01-31 04:00:00.000";"6.87";"84.00";"0.88";"0.00";"0.0"
"2023-01-31 05:00:00.000";"6.83";"88.17";"0.07";"0.33";"0.0"
"2023-01-31 06:00:00.000";"7.25";"87.83";"0.00";"1.00";"0.6"
"2023-01-31 07:00:00.000";"7.25";"90.50";"0.08";"1.00";"0.3"
"2023-01-31 08:00:00.000";"7.30";"89.33";"1.20";"1.00";"0.6"
"2023-01-31 09:00:00.000";"7.68";"85.67";"2.90";"0.67";"0.0"
"2023-01-31 10:00:00.000";"8.80";"75.50";"0.45";"0.00";"0.0"
"2023-01-31 11:00:00.000";"9.35";"73.33";"0.68";"0.00";"0.0"
"2023-01-31 12:00:00.000";"9.95";"74.00";"0.18";"0.00";"0.0"
"2023-01-31 13:00:00.000";"11.55";"64.33";"1.30";"0.00";"0.0"
"2023-01-31 14:00:00.000";"9.82";"69.00";"0.30";"0.00";"0.3"
"2023-01-31 15:00:00.000";"9.62";"72.17";"1.78";"0.00";"0.0"
"2023-01-31 16:00:00.000";"11.36";"65.80";"1.54";"0.00";"0.0"
"2023-01-31 17:00:00.000";"9.47";"68.17";"2.80";"0.00";"0.0"
"2023-01-31 18:00:00.000";"8.20";"72.50";"0.00";"0.00";"0.0"
"2023-01-31 19:00:00.000";"5.18";"82.00";"0.00";"0.00";"0.0"
"2023-01-31 20:00:00.000";"3.70";"89.00";"0.00";"0.00";"0.0"
"2023-01-31 21:00:00.000";"4.25";"89.00";"0.17";"0.00";"0.0"
"2023-01-31 22:00:00.000";"6.13";"71.83";"2.80";"0.00";"0.0"
"2023-01-31 23:00:00.000";"5.48";"69.83";"2.35";"0.00";"0.0"
"2023-02-01 00:00:00.000";"4.80";"71.17";"1.23";"0.00";"0.0"
"2023-02-01 01:00:00.000";"4.03";"72.50";"0.83";"0.00";"0.0"
"2023-02-01 02:00:00.000";"2.75";"74.17";"0.00";"0.00";"0.0"
"2023-02-01 03:00:00.000";"3.90";"69.50";"0.35";"0.00";"0.0"
"2023-02-01 04:00:00.000";"2.62";"68.00";"0.30";"0.00";"0.0"
"2023-02-01 05:00:00.000";"2.70";"63.83";"0.83";"0.00";"0.0"
"2023-02-01 06:00:00.000";"1.72";"64.00";"0.07";"0.00";"0.0"
"2023-02-01 07:00:00.000";"0.93";"66.33";"0.05";"0.00";"0.0"
"2023-02-01 08:00:00.000";"0.90";"66.17";"0.00";"0.00";"0.0"
"2023-02-01 09:00:00.000";"2.82";"58.67";"0.00";"0.00";"0.0"
"2023-02-01 10:00:00.000";"7.65";"37.50";"0.10";"0.00";"0.0"
"2023-02-01 11:00:00.000";"9.28";"34.50";"1.37";"0.00";"0.0"
"2023-02-01 12:00:00.000";"10.75";"30.67";"0.97";"0.00";"0.0"
"2023-02-01 13:00:00.000";"11.05";"29.33";"1.60";"0.00";"0.0"
"2023-02-01 14:00:00.000";"11.27";"30.83";"1.88";"0.00";"0.0"
"2023-02-01 15:00:00.000";"11.18";"29.83";"3.30";"0.00";"0.0"
"2023-02-01 16:00:00.000";"11.32";"30.17";"2.88";"0.00";"0.0"
"2023-02-01 17:00:00.000";"10.57";"32.67";"2.82";"0.00";"0.0"
"2023-02-01 18:00:00.000";"9.08";"36.83";"0.98";"0.00";"0.0"
"2023-02-01 19:00:00.000";"5.02";"55.17";"0.00";"0.00";"0.0"
"2023-02-01 20:00:00.000";"3.05";"62.00";"0.02";"0.00";"0.0"
"2023-02-01 21:00:00.000";"2.95";"61.33";"0.00";"0.00";"0.0"
"2023-02-01 22:00:00.000";"2.57";"64.00";"0.00";"0.00";"0.0"
"2023-02-01 23:00:00.000";"2.22";"64.00";"0.00";"0.00";"0.0"
"2023-02-02 00:00:00.000";"2.08";"69.00";"0.00";"0.00";"0.0"
"2023-02-02 01:00:00.000";"0.35";"77.50";"0.00";"0.00";"0.0"
"2023-02-02 02:00:00.000";"1.70";"79.00";"0.00";"0.00";"0.0"
"2023-02-02 03:00:00.000";"1.35";"81.00";"0.00";"0.00";"0.0"
"2023-02-02 04:00:00.000";"1.47";"81.00";"0.00";"0.00";"0.0"
"2023-02-02 05:00:00.000";"1.22";"77.33";"0.00";"0.00";"0.0"
"2023-02-02 06:00:00.000";"0.60";"81.50";"0.00";"0.00";"0.0"
"2023-02-02 07:00:00.000";"0.63";"88.17";"0.00";"0.00";"0.0"
"2023-02-02 08:00:00.000";"1.40";"86.00";"0.00";"0.00";"0.0"
"2023-02-02 09:00:00.000";"4.80";"80.67";"0.00";"0.00";"0.0"
"2023-02-02 10:00:00.000";"9.85";"56.50";"0.30";"0.00";"0.0"
"2023-02-02 11:00:00.000";"12.42";"51.50";"0.37";"0.00";"0.0"
"2023-02-02 12:00:00.000";"13.32";"50.83";"1.48";"0.00";"0.0"
"2023-02-02 13:00:00.000";"13.47";"52.50";"2.17";"0.00";"0.0"
"2023-02-02 14:00:00.000";"13.72";"50.00";"2.40";"0.00";"0.0"
"2023-02-02 15:00:00.000";"13.92";"49.67";"1.77";"0.00";"0.0"
"2023-02-02 16:00:00.000";"12.37";"58.00";"0.28";"0.00";"0.0"
"2023-02-02 17:00:00.000";"9.38";"80.83";"0.03";"1.00";"1.5"
"2023-02-02 18:00:00.000";"9.23";"91.67";"0.00";"1.00";"0.3"
"2023-02-02 19:00:00.000";"8.97";"93.50";"0.00";"1.00";"0.9"
"2023-02-02 20:00:00.000";"8.03";"94.17";"0.00";"1.00";"0.6"
"2023-02-02 21:00:00.000";"7.50";"95.00";"0.00";"1.00";"0.3"
"2023-02-02 22:00:00.000";"6.27";"95.00";"0.00";"1.00";"0.0"
"2023-02-02 23:00:00.000";"5.58";"95.17";"0.00";"1.00";"0.0"
"2023-02-03 00:00:00.000";"5.35";"95.83";"0.00";"1.00";"0.0"
"2023-02-03 01:00:00.000";"4.92";"95.50";"0.00";"1.00";"0.0"
"2023-02-03 02:00:00.000";"3.75";"95.00";"0.00";"1.00";"0.0"
"2023-02-03 03:00:00.000";"3.42";"95.00";"0.00";"1.00";"0.3"
"2023-02-03 04:00:00.000";"5.00";"92.00";"0.05";"1.00";"0.0"
"2023-02-03 05:00:00.000";"5.02";"89.67";"0.00";"0.00";"0.0"
"2023-02-03 06:00:00.000";"4.73";"91.00";"0.03";"0.00";"0.0"
"2023-02-03 07:00:00.000";"3.37";"93.67";"0.00";"0.67";"0.0"
"2023-02-03 08:00:00.000";"2.42";"95.00";"0.00";"1.00";"0.0"
"2023-02-03 09:00:00.000";"5.73";"93.83";"0.00";"0.67";"0.0"
"2023-02-03 10:00:00.000";"10.38";"74.17";"1.30";"0.00";"0.0"
"2023-02-03 11:00:00.000";"12.32";"68.00";"0.88";"0.00";"0.0"
"2023-02-03 12:00:00.000";"13.10";"67.33";"2.02";"0.00";"0.0"
"2023-02-03 13:00:00.000";"12.15";"68.67";"5.88";"0.17";"0.0"
"2023-02-03 14:00:00.000";"7.37";"95.67";"2.85";"1.00";"2.4"
"2023-02-03 15:00:00.000";"11.30";"80.00";"2.08";"0.33";"0.0"
"2023-02-03 16:00:00.000";"12.10";"67.83";"4.12";"0.00";"0.0"
"2023-02-03 17:00:00.000";"12.32";"65.33";"2.15";"0.00";"0.0"
"2023-02-03 18:00:00.000";"11.00";"69.33";"0.50";"0.00";"0.0"
"2023-02-03 19:00:00.000";"7.44";"84.20";"0.00";"0.00";"0.0"
"2023-02-03 20:00:00.000";"7.02";"83.67";"0.03";"0.00";"0.0"
"2023-02-03 21:00:00.000";"7.12";"73.50";"0.48";"0.00";"0.0"
"2023-02-03 22:00:00.000";"6.34";"71.80";"0.38";"0.00";"0.0"
"2023-02-03 23:00:00.000";"3.12";"80.67";"0.02";"0.00";"0.0"
"2023-02-04 00:00:00.000";"2.63";"81.00";"0.00";"0.00";"0.0"
"2023-02-04 01:00:00.000";"2.53";"80.67";"0.03";"0.00";"0.0"
"2023-02-04 02:00:00.000";"2.45";"82.00";"0.00";"0.00";"0.0"
"2023-02-04 03:00:00.000";"1.32";"85.00";"0.00";"0.00";"0.0"
"2023-02-04 04:00:00.000";"0.95";"87.00";"0.00";"0.00";"0.0"
"2023-02-04 05:00:00.000";"3.33";"78.83";"0.00";"0.00";"0.0"
"2023-02-04 06:00:00.000";"4.43";"79.67";"0.00";"0.00";"0.0"
"2023-02-04 07:00:00.000";"4.73";"81.83";"0.00";"0.00";"0.0"
"2023-02-04 08:00:00.000";"4.42";"84.17";"0.00";"0.00";"0.0"
"2023-02-04 09:00:00.000";"6.13";"83.50";"0.00";"0.00";"0.0"
"2023-02-04 10:00:00.000";"10.47";"77.83";"0.00";"0.33";"0.0"
"2023-02-04 11:00:00.000";"11.95";"77.67";"1.40";"0.00";"0.0"
"2023-02-04 12:00:00.000";"12.87";"76.00";"7.02";"0.00";"0.0"
"2023-02-04 13:00:00.000";"13.17";"75.33";"4.80";"0.00";"0.0"
"2023-02-04 14:00:00.000";"12.00";"82.50";"4.28";"0.50";"1.8"
"2023-02-04 15:00:00.000";"10.33";"88.50";"3.18";"1.00";"0.9"
"2023-02-04 16:00:00.000";"9.47";"86.67";"0.00";"1.00";"0.0"
"2023-02-04 17:00:00.000";"10.42";"85.50";"0.02";"1.00";"0.0"
"2023-02-04 18:00:00.000";"8.93";"88.33";"0.00";"0.00";"0.0"
"2023-02-04 19:00:00.000";"6.23";"94.00";"0.00";"0.33";"0.0"
"2023-02-04 20:00:00.000";"5.07";"95.33";"0.00";"1.00";"0.0"
"2023-02-04 21:00:00.000";"7.52";"94.00";"8.50";"0.83";"0.6"
"2023-02-04 22:00:00.000";"7.42";"94.83";"0.93";"1.00";"0.0"
"2023-02-04 23:00:00.000";"6.53";"95.00";"0.30";"1.00";"0.0"
"2023-02-05 00:00:00.000";"8.43";"83.00";"3.55";"0.00";"0.0"
"2023-02-05 01:00:00.000";"7.90";"84.00";"0.37";"0.00";"0.0"
"2023-02-05 02:00:00.000";"7.38";"82.67";"5.60";"0.50";"0.3"
"2023-02-05 03:00:00.000";"6.57";"84.83";"0.93";"0.50";"0.6"
"2023-02-05 04:00:00.000";"6.32";"84.83";"3.03";"0.50";"0.0"
"2023-02-05 05:00:00.000";"5.75";"86.17";"4.92";"0.50";"0.6"
"2023-02-05 06:00:00.000";"4.90";"88.67";"1.85";"1.00";"0.0"
"2023-02-05 07:00:00.000";"4.77";"88.83";"0.80";"1.00";"0.3"
"2023-02-05 08:00:00.000";"4.43";"86.33";"0.63";"0.67";"0.0"
"2023-02-05 09:00:00.000";"5.58";"80.00";"2.95";"0.00";"0.0"
"2023-02-05 10:00:00.000";"7.23";"72.33";"7.88";"0.00";"0.0"
"2023-02-05 11:00:00.000";"8.28";"48.50";"10.12";"0.00";"0.0"
"2023-02-05 12:00:00.000";"8.83";"45.67";"12.33";"0.00";"0.0"
"2023-02-05 13:00:00.000";"8.92";"42.83";"10.42";"0.00";"0.0"
"2023-02-05 14:00:00.000";"9.43";"40.33";"8.67";"0.00";"0.0"
"2023-02-05 15:00:00.000";"9.55";"43.00";"8.65";"0.00";"0.0"
"2023-02-05 16:00:00.000";"6.68";"61.20";"7.52";"0.40";"0.0"
"2023-02-05 17:00:00.000";"6.23";"58.50";"6.95";"0.00";"0.0"
"2023-02-05 18:00:00.000";"6.08";"52.17";"8.10";"0.00";"0.0"
"2023-02-05 19:00:00.000";"5.57";"50.00";"6.67";"0.00";"0.0"
"2023-02-05 20:00:00.000";"5.12";"50.50";"6.27";"0.00";"0.0"
"2023-02-05 21:00:00.000";"4.18";"53.00";"4.22";"0.00";"0.0"
"2023-02-05 22:00:00.000";"3.98";"52.83";"4.98";"0.00";"0.0"
"2023-02-05 23:00:00.000";"4.17";"52.33";"6.38";"0.00";"0.0"
"2023-02-06 00:00:00.000";"3.67";"54.17";"3.62";"0.00";"0.0"
"2023-02-06 01:00:00.000";"3.22";"55.33";"0.73";"0.00";"0.0"
"2023-02-06 02:00:00.000";"3.10";"54.83";"0.18";"0.00";"0.0"
"2023-02-06 03:00:00.000";"2.83";"54.67";"0.35";"0.00";"0.0"
"2023-02-06 04:00:00.000";"2.38";"54.67";"0.43";"0.00";"0.0"
"2023-02-06 05:00:00.000";"1.52";"57.17";"0.00";"0.00";"0.0"
"2023-02-06 06:00:00.000";"-0.13";"62.00";"0.00";"0.00";"0.0"
"2023-02-06 07:00:00.000";"2.02";"55.67";"0.38";"0.00";"0.0"
"2023-02-06 08:00:00.000";"3.10";"52.00";"0.25";"0.00";"0.0"
"2023-02-06 09:00:00.000";"3.77";"50.17";"0.50";"0.00";"0.0"
"2023-02-06 10:00:00.000";"5.15";"46.50";"0.80";"0.00";"0.0"
"2023-02-06 11:00:00.000";"6.65";"42.33";"1.10";"0.00";"0.0"
"2023-02-06 12:00:00.000";"7.25";"41.33";"0.68";"0.00";"0.0"
"2023-02-06 13:00:00.000";"9.12";"37.33";"0.65";"0.00";"0.0"
"2023-02-06 14:00:00.000";"9.57";"34.67";"1.22";"0.00";"0.0"
"2023-02-06 15:00:00.000";"9.58";"36.83";"0.62";"0.00";"0.0"
"2023-02-06 16:00:00.000";"7.93";"58.83";"2.30";"0.00";"0.0"
"2023-02-06 17:00:00.000";"6.27";"64.50";"0.40";"0.00";"0.0"
"2023-02-06 18:00:00.000";"5.13";"68.67";"0.00";"0.00";"0.0"
"2023-02-06 19:00:00.000";"4.48";"64.00";"0.30";"0.00";"0.0"
"2023-02-06 20:00:00.000";"4.00";"58.67";"1.85";"0.00";"0.0"
"2023-02-06 21:00:00.000";"3.75";"68.33";"1.12";"0.00";"0.0"
"2023-02-06 22:00:00.000";"3.33";"71.17";"0.13";"0.00";"0.0"
"2023-02-06 23:00:00.000";"3.02";"74.67";"0.00";"0.00";"0.0"
"2023-02-07 00:00:00.000";"3.08";"71.33";"0.00";"0.00";"0.0"
"2023-02-07 01:00:00.000";"3.73";"56.83";"0.02";"0.00";"0.0"
"2023-02-07 02:00:00.000";"4.27";"49.33";"0.80";"0.00";"0.0"
"2023-02-07 03:00:00.000";"4.08";"50.83";"0.17";"0.00";"0.0"
"2023-02-07 04:00:00.000";"3.98";"51.67";"0.28";"0.00";"0.0"
"2023-02-07 05:00:00.000";"4.20";"52.50";"1.65";"0.00";"0.0"
"2023-02-07 06:00:00.000";"3.93";"56.33";"0.83";"0.00";"0.0"
"2023-02-07 07:00:00.000";"3.27";"62.50";"1.30";"0.00";"0.0"
"2023-02-07 08:00:00.000";"2.93";"64.67";"2.47";"0.00";"0.0"
"2023-02-07 09:00:00.000";"2.95";"64.17";"0.83";"0.00";"0.0"
"2023-02-07 10:00:00.000";"2.48";"69.83";"0.75";"0.50";"0.0"
"2023-02-07 11:00:00.000";"2.68";"70.83";"1.17";"0.83";"0.3"
"2023-02-07 12:00:00.000";"3.03";"71.00";"0.18";"0.00";"0.0"
"2023-02-07 13:00:00.000";"3.48";"71.50";"0.05";"0.00";"0.0"
"2023-02-07 14:00:00.000";"3.88";"67.00";"0.18";"0.00";"0.0"
"2023-02-07 15:00:00.000";"4.55";"61.50";"0.77";"0.00";"0.0"
"2023-02-07 16:00:00.000";"5.22";"60.67";"0.03";"0.00";"0.0"
"2023-02-07 17:00:00.000";"5.27";"55.67";"0.20";"0.00";"0.0"
"2023-02-07 18:00:00.000";"4.63";"55.83";"0.32";"0.00";"0.0"
"2023-02-07 19:00:00.000";"3.87";"53.33";"1.72";"0.00";"0.0"
"2023-02-07 20:00:00.000";"3.32";"53.67";"4.97";"0.00";"0.0"
"2023-02-07 21:00:00.000";"3.08";"53.83";"4.23";"0.00";"0.0"
"2023-02-07 22:00:00.000";"3.03";"53.33";"1.50";"0.00";"0.0"
"2023-02-07 23:00:00.000";"3.10";"52.17";"0.90";"0.00";"0.0"
"2023-02-08 00:00:00.000";"2.82";"53.83";"0.22";"0.00";"0.0"
"2023-02-08 01:00:00.000";"2.62";"53.50";"0.57";"0.00";"0.0"
"2023-02-08 02:00:00.000";"2.90";"50.00";"0.93";"0.00";"0.0"
"2023-02-08 03:00:00.000";"2.78";"50.50";"0.02";"0.00";"0.0"
"2023-02-08 04:00:00.000";"2.77";"49.83";"0.13";"0.00";"0.0"
"2023-02-08 05:00:00.000";"2.45";"52.00";"0.00";"0.00";"0.0"
"2023-02-08 06:00:00.000";"2.50";"52.33";"0.05";"0.00";"0.0"
"2023-02-08 07:00:00.000";"3.07";"47.17";"0.37";"0.00";"0.0"
"2023-02-08 08:00:00.000";"2.98";"48.33";"1.75";"0.00";"0.0"
"2023-02-08 09:00:00.000";"3.22";"49.33";"1.12";"0.00";"0.0"
"2023-02-08 10:00:00.000";"3.93";"49.33";"2.93";"0.00";"0.0"
"2023-02-08 11:00:00.000";"4.73";"47.17";"3.62";"0.00";"0.0"
"2023-02-08 12:00:00.000";"5.63";"45.33";"1.17";"0.00";"0.0"
"2023-02-08 13:00:00.000";"6.73";"42.83";"0.73";"0.00";"0.0"
"2023-02-08 14:00:00.000";"6.73";"42.67";"1.62";"0.00";"0.0"
"2023-02-08 15:00:00.000";"6.55";"42.17";"2.60";"0.00";"0.0"
"2023-02-08 16:00:00.000";"6.48";"42.40";"2.48";"0.00";"0.0"
"2023-02-08 17:00:00.000";"5.93";"44.00";"2.67";"0.00";"0.0"
"2023-02-08 18:00:00.000";"5.30";"47.00";"1.83";"0.00";"0.0"
"2023-02-08 19:00:00.000";"4.67";"46.00";"1.55";"0.00";"0.0"
"2023-02-08 20:00:00.000";"4.47";"45.67";"2.90";"0.00";"0.0"
"2023-02-08 21:00:00.000";"4.00";"46.17";"4.73";"0.00";"0.0"
"2023-02-08 22:00:00.000";"3.48";"50.17";"5.52";"0.00";"0.0"
"2023-02-08 23:00:00.000";"3.30";"52.00";"4.23";"0.00";"0.0"
"2023-02-09 00:00:00.000";"3.18";"50.33";"5.65";"0.00";"0.0"
"2023-02-09 01:00:00.000";"3.20";"50.00";"6.92";"0.00";"0.0"
"2023-02-09 02:00:00.000";"3.05";"51.00";"5.82";"0.00";"0.0"
"2023-02-09 03:00:00.000";"3.23";"49.33";"8.05";"0.00";"0.0"
"2023-02-09 04:00:00.000";"3.30";"48.83";"7.80";"0.00";"0.0"
"2023-02-09 05:00:00.000";"3.63";"45.33";"8.02";"0.00";"0.0"
"2023-02-09 06:00:00.000";"4.02";"39.50";"8.42";"0.00";"0.0"
"2023-02-09 07:00:00.000";"4.47";"38.17";"9.82";"0.00";"0.0"
"2023-02-09 08:00:00.000";"4.83";"38.67";"9.28";"0.00";"0.0"
"2023-02-09 09:00:00.000";"5.20";"42.17";"8.50";"0.00";"0.0"
"2023-02-09 10:00:00.000";"5.88";"44.17";"7.93";"0.00";"0.0"
"2023-02-09 11:00:00.000";"6.47";"45.67";"8.62";"0.00";"0.0"
"2023-02-09 12:00:00.000";"7.28";"44.50";"7.42";"0.00";"0.0"
"2023-02-09 13:00:00.000";"7.53";"46.00";"6.65";"0.00";"0.0"
"2023-02-09 14:00:00.000";"8.13";"45.33";"5.77";"0.00";"0.0"
"2023-02-09 15:00:00.000";"9.12";"44.17";"5.77";"0.00";"0.0"
"2023-02-09 16:00:00.000";"8.70";"44.83";"4.05";"0.00";"0.0"
"2023-02-09 17:00:00.000";"8.88";"43.33";"3.33";"0.00";"0.0"
"2023-02-09 18:00:00.000";"7.82";"43.67";"1.92";"0.00";"0.0"
"2023-02-09 19:00:00.000";"6.13";"50.83";"3.67";"0.00";"0.0"
"2023-02-09 20:00:00.000";"5.62";"52.60";"5.02";"0.00";"0.0"
"2023-02-09 21:00:00.000";"5.45";"53.33";"3.83";"0.00";"0.0"
"2023-02-09 22:00:00.000";"5.20";"54.00";"5.90";"0.00";"0.0"
"2023-02-09 23:00:00.000";"5.12";"53.67";"6.38";"0.00";"0.0"
"2023-02-10 00:00:00.000";"5.12";"53.67";"4.70";"0.00";"0.0"
"2023-02-10 01:00:00.000";"4.83";"54.17";"2.80";"0.00";"0.0"
"2023-02-10 02:00:00.000";"4.70";"54.67";"0.88";"0.00";"0.0"
"2023-02-10 03:00:00.000";"4.85";"56.17";"2.08";"0.00";"0.0"
"2023-02-10 04:00:00.000";"5.12";"55.50";"3.95";"0.00";"0.0"
"2023-02-10 05:00:00.000";"5.13";"56.50";"4.67";"0.00";"0.0"
"2023-02-10 06:00:00.000";"4.88";"56.83";"4.88";"0.00";"0.0"
"2023-02-10 07:00:00.000";"4.88";"57.33";"4.02";"0.00";"0.0"
"2023-02-10 08:00:00.000";"4.93";"57.50";"3.07";"0.00";"0.0"
"2023-02-10 09:00:00.000";"5.97";"54.17";"4.00";"0.00";"0.0"
"2023-02-10 10:00:00.000";"8.08";"45.00";"4.92";"0.00";"0.0"
"2023-02-10 11:00:00.000";"9.60";"39.50";"5.18";"0.00";"0.0"
"2023-02-10 12:00:00.000";"11.10";"38.00";"3.15";"0.00";"0.0"
"2023-02-10 13:00:00.000";"11.42";"38.17";"4.37";"0.00";"0.0"
"2023-02-10 14:00:00.000";"11.95";"37.17";"4.92";"0.00";"0.0"
"2023-02-10 15:00:00.000";"12.17";"38.00";"4.33";"0.00";"0.0"
"2023-02-10 16:00:00.000";"11.35";"40.50";"3.02";"0.00";"0.0"
"2023-02-10 17:00:00.000";"10.57";"41.50";"3.13";"0.00";"0.0"
"2023-02-10 18:00:00.000";"8.90";"44.67";"4.88";"0.00";"0.0"
"2023-02-10 19:00:00.000";"6.75";"53.00";"3.33";"0.00";"0.0"
"2023-02-10 20:00:00.000";"5.92";"54.00";"2.88";"0.00";"0.0"
"2023-02-10 21:00:00.000";"5.92";"54.17";"3.10";"0.00";"0.0"
"2023-02-10 22:00:00.000";"5.80";"53.67";"6.48";"0.00";"0.0"
"2023-02-10 23:00:00.000";"5.63";"53.67";"7.42";"0.00";"0.0"
"2023-02-11 00:00:00.000";"5.60";"52.33";"6.05";"0.00";"0.0"
"2023-02-11 01:00:00.000";"5.42";"52.50";"5.17";"0.00";"0.0"
"2023-02-11 02:00:00.000";"5.43";"51.83";"5.25";"0.00";"0.0"
"2023-02-11 03:00:00.000";"5.22";"52.50";"2.30";"0.00";"0.0"
"2023-02-11 04:00:00.000";"4.78";"54.00";"1.70";"0.00";"0.0"
"2023-02-11 05:00:00.000";"4.57";"53.67";"1.58";"0.00";"0.0"
"2023-02-11 06:00:00.000";"3.58";"56.00";"0.53";"0.00";"0.0"
"2023-02-11 07:00:00.000";"1.75";"60.67";"0.00";"0.00";"0.0"
"2023-02-11 08:00:00.000";"0.82";"65.83";"0.00";"0.00";"0.0"
"2023-02-11 09:00:00.000";"3.32";"58.67";"0.02";"0.00";"0.0"
"2023-02-11 10:00:00.000";"7.90";"43.33";"0.00";"0.00";"0.0"
"2023-02-11 11:00:00.000";"11.42";"37.17";"0.30";"0.00";"0.0"
"2023-02-11 12:00:00.000";"12.78";"43.00";"0.23";"0.00";"0.0"
"2023-02-11 13:00:00.000";"11.45";"47.17";"3.80";"0.00";"0.0"
"2023-02-11 14:00:00.000";"11.78";"49.17";"3.52";"0.00";"0.0"
"2023-02-11 15:00:00.000";"11.33";"54.83";"5.38";"0.00";"0.0"
"2023-02-11 16:00:00.000";"10.92";"53.67";"4.50";"0.00";"0.0"
"2023-02-11 17:00:00.000";"12.07";"48.67";"2.25";"0.00";"0.0"
"2023-02-11 18:00:00.000";"11.28";"48.33";"0.35";"0.00";"0.0"
"2023-02-11 19:00:00.000";"6.72";"64.83";"0.00";"0.00";"0.0"
"2023-02-11 20:00:00.000";"3.40";"76.50";"0.00";"0.00";"0.0"
"2023-02-11 21:00:00.000";"2.83";"78.67";"0.00";"0.00";"0.0"
"2023-02-11 22:00:00.000";"2.55";"79.00";"0.00";"0.00";"0.0"
"2023-02-11 23:00:00.000";"1.72";"82.33";"0.00";"0.00";"0.0"
"2023-02-12 00:00:00.000";"0.68";"87.80";"0.00";"0.00";"0.0"
"2023-02-12 01:00:00.000";"-0.12";"91.67";"0.00";"0.00";"0.0"
"2023-02-12 02:00:00.000";"0.07";"87.67";"0.02";"0.00";"0.0"
"2023-02-12 03:00:00.000";"0.08";"86.17";"0.00";"0.00";"0.0"
"2023-02-12 04:00:00.000";"0.28";"79.33";"0.00";"0.00";"0.0"
"2023-02-12 05:00:00.000";"1.92";"75.00";"0.00";"0.00";"0.0"
"2023-02-12 06:00:00.000";"1.50";"76.67";"0.00";"0.00";"0.0"
"2023-02-12 07:00:00.000";"0.30";"81.67";"0.00";"0.00";"0.0"
"2023-02-12 08:00:00.000";"0.13";"83.17";"0.00";"0.00";"0.0"
"2023-02-12 09:00:00.000";"3.77";"78.17";"0.00";"0.00";"0.0"
"2023-02-12 10:00:00.000";"9.53";"61.33";"1.30";"0.00";"0.0"
"2023-02-12 11:00:00.000";"11.12";"56.33";"3.32";"0.00";"0.0"
"2023-02-12 12:00:00.000";"11.88";"53.00";"2.06";"0.00";"0.0"
"2023-02-12 13:00:00.000";"12.37";"49.33";"3.58";"0.00";"0.0"
"2023-02-12 14:00:00.000";"12.77";"44.67";"4.07";"0.00";"0.0"
"2023-02-12 15:00:00.000";"12.50";"44.00";"3.72";"0.00";"0.0"
"2023-02-12 16:00:00.000";"12.77";"42.67";"3.32";"0.00";"0.0"
"2023-02-12 17:00:00.000";"11.83";"46.83";"1.55";"0.00";"0.0"
"2023-02-12 18:00:00.000";"10.10";"54.83";"0.22";"0.00";"0.0"
"2023-02-12 19:00:00.000";"8.33";"61.67";"0.00";"0.00";"0.0"
"2023-02-12 20:00:00.000";"6.28";"68.17";"0.00";"0.00";"0.0"
"2023-02-12 21:00:00.000";"4.78";"72.17";"0.00";"0.00";"0.0"
"2023-02-12 22:00:00.000";"6.15";"72.00";"0.00";"0.00";"0.0"
"2023-02-12 23:00:00.000";"6.95";"69.33";"0.00";"0.00";"0.0"
"2023-02-13 00:00:00.000";"7.03";"68.17";"0.00";"0.00";"0.0"
"2023-02-13 01:00:00.000";"6.10";"67.00";"0.10";"0.00";"0.0"
"2023-02-13 02:00:00.000";"7.75";"54.33";"2.17";"0.00";"0.0"
"2023-02-13 03:00:00.000";"7.77";"49.83";"4.02";"0.00";"0.0"
"2023-02-13 04:00:00.000";"7.47";"51.17";"5.90";"0.00";"0.0"
"2023-02-13 05:00:00.000";"7.37";"53.00";"5.03";"0.00";"0.0"
"2023-02-13 06:00:00.000";"7.55";"52.33";"3.05";"0.00";"0.0"
"2023-02-13 07:00:00.000";"7.52";"52.00";"2.63";"0.00";"0.0"
"2023-02-13 08:00:00.000";"7.53";"52.33";"3.88";"0.00";"0.0"
"2023-02-13 09:00:00.000";"7.87";"51.00";"5.70";"0.00";"0.0"
"2023-02-13 10:00:00.000";"8.85";"49.00";"1.17";"0.00";"0.0"
"2023-02-13 11:00:00.000";"11.48";"41.50";"1.98";"0.00";"0.0"
"2023-02-13 12:00:00.000";"12.68";"39.50";"4.30";"0.00";"0.0"
"2023-02-13 13:00:00.000";"12.63";"40.33";"2.10";"0.00";"0.0"
"2023-02-13 14:00:00.000";"12.95";"39.00";"0.28";"0.00";"0.0"
"2023-02-13 15:00:00.000";"13.27";"41.00";"1.48";"0.00";"0.0"
"2023-02-13 16:00:00.000";"13.68";"44.00";"2.48";"0.00";"0.0"
"2023-02-13 17:00:00.000";"12.72";"46.00";"2.80";"0.00";"0.0"
"2023-02-13 18:00:00.000";"11.62";"49.00";"0.50";"0.00";"0.0"
"2023-02-13 19:00:00.000";"8.10";"62.60";"0.00";"0.00";"0.0"
"2023-02-13 20:00:00.000";"4.50";"75.33";"0.00";"0.00";"0.0"
"2023-02-13 21:00:00.000";"3.98";"72.50";"0.00";"0.00";"0.0"
"2023-02-13 22:00:00.000";"4.25";"69.33";"0.00";"0.00";"0.0"
"2023-02-13 23:00:00.000";"2.92";"73.00";"0.00";"0.00";"0.0"
"2023-02-14 00:00:00.000";"2.18";"74.50";"0.00";"0.00";"0.0"
"2023-02-14 01:00:00.000";"1.93";"76.33";"0.00";"0.00";"0.0"
"2023-02-14 02:00:00.000";"1.95";"75.67";"0.00";"0.00";"0.0"
"2023-02-14 03:00:00.000";"1.92";"75.17";"0.00";"0.00";"0.0"
"2023-02-14 04:00:00.000";"0.05";"79.50";"0.00";"0.00";"0.0"
"2023-02-14 05:00:00.000";"0.10";"79.33";"0.00";"0.00";"0.0"
"2023-02-14 06:00:00.000";"-0.47";"79.33";"0.00";"0.00";"0.0"
"2023-02-14 07:00:00.000";"0.87";"72.00";"0.00";"0.00";"0.0"
"2023-02-14 08:00:00.000";"0.28";"74.33";"0.00";"0.00";"0.0"
"2023-02-14 09:00:00.000";"4.67";"64.17";"0.00";"0.00";"0.0"
"2023-02-14 10:00:00.000";"11.08";"44.33";"0.15";"0.00";"0.0"
"2023-02-14 11:00:00.000";"13.63";"38.83";"0.05";"0.00";"0.0"
"2023-02-14 12:00:00.000";"13.40";"43.17";"1.37";"0.00";"0.0"
"2023-02-14 13:00:00.000";"13.05";"44.83";"2.98";"0.00";"0.0"
"2023-02-14 14:00:00.000";"12.75";"42.00";"3.33";"0.00";"0.0"
"2023-02-14 15:00:00.000";"13.07";"40.50";"1.78";"0.00";"0.0"
"2023-02-14 16:00:00.000";"14.10";"37.33";"1.05";"0.00";"0.0"
"2023-02-14 17:00:00.000";"13.72";"34.83";"2.20";"0.00";"0.0"
"2023-02-14 18:00:00.000";"11.67";"32.67";"0.58";"0.00";"0.0"
"2023-02-14 19:00:00.000";"7.97";"48.50";"0.02";"0.00";"0.0"
"2023-02-14 20:00:00.000";"4.85";"59.83";"0.00";"0.00";"0.0"
"2023-02-14 21:00:00.000";"3.93";"59.83";"0.00";"0.00";"0.0"
"2023-02-14 22:00:00.000";"4.06";"60.60";"0.00";"0.00";"0.0"
"2023-02-14 23:00:00.000";"4.38";"61.67";"0.03";"0.00";"0.0"
"2023-02-15 00:00:00.000";"3.73";"64.00";"0.00";"0.00";"0.0"
"2023-02-15 01:00:00.000";"2.03";"67.67";"0.00";"0.00";"0.0"
"2023-02-15 02:00:00.000";"2.43";"68.00";"0.00";"0.00";"0.0"
"2023-02-15 03:00:00.000";"1.18";"70.33";"0.00";"0.00";"0.0"
"2023-02-15 04:00:00.000";"1.43";"72.33";"0.00";"0.00";"0.0"
"2023-02-15 05:00:00.000";"2.45";"66.67";"0.00";"0.00";"0.0"
"2023-02-15 06:00:00.000";"0.08";"76.50";"0.00";"0.00";"0.0"
"2023-02-15 07:00:00.000";"0.10";"74.67";"0.00";"0.00";"0.0"
"2023-02-15 08:00:00.000";"-0.05";"73.17";"0.00";"0.00";"0.0"
"2023-02-15 09:00:00.000";"4.33";"66.67";"0.00";"0.00";"0.0"
"2023-02-15 10:00:00.000";"11.70";"48.83";"0.07";"0.00";"0.0"
"2023-02-15 11:00:00.000";"13.40";"42.50";"0.32";"0.00";"0.0"
"2023-02-15 12:00:00.000";"14.75";"40.83";"0.17";"0.00";"0.0"
"2023-02-15 13:00:00.000";"14.65";"34.33";"0.17";"0.00";"0.0"
"2023-02-15 14:00:00.000";"14.83";"41.67";"2.13";"0.00";"0.0"
"2023-02-15 15:00:00.000";"14.38";"47.50";"4.83";"0.00";"0.0"
"2023-02-15 16:00:00.000";"13.12";"52.50";"1.60";"0.00";"0.0"
"2023-02-15 17:00:00.000";"11.92";"56.33";"0.37";"0.00";"0.0"
"2023-02-15 18:00:00.000";"11.28";"59.00";"0.00";"0.00";"0.0"
"2023-02-15 19:00:00.000";"9.23";"66.83";"0.00";"0.00";"0.0"
"2023-02-15 20:00:00.000";"7.87";"73.50";"0.00";"0.00";"0.0"
"2023-02-15 21:00:00.000";"8.58";"72.83";"0.00";"0.00";"0.0"
"2023-02-15 22:00:00.000";"9.08";"71.50";"0.00";"0.00";"0.0"
"2023-02-15 23:00:00.000";"8.25";"74.17";"0.00";"0.00";"0.0"
"2023-02-16 00:00:00.000";"6.73";"78.50";"0.00";"0.00";"0.0"
"2023-02-16 01:00:00.000";"6.63";"78.83";"0.00";"0.00";"0.0"
"2023-02-16 02:00:00.000";"5.62";"80.17";"0.00";"0.00";"0.0"
"2023-02-16 03:00:00.000";"4.72";"84.83";"0.00";"0.00";"0.0"
"2023-02-16 04:00:00.000";"4.72";"86.67";"0.00";"0.00";"0.0"
"2023-02-16 05:00:00.000";"4.25";"88.83";"0.00";"0.00";"0.0"
"2023-02-16 06:00:00.000";"5.10";"87.33";"0.00";"0.00";"0.0"
"2023-02-16 07:00:00.000";"5.23";"86.83";"0.00";"0.00";"0.0"
"2023-02-16 08:00:00.000";"5.30";"89.67";"0.00";"0.00";"0.0"
"2023-02-16 09:00:00.000";"7.37";"85.83";"0.00";"0.00";"0.0"
"2023-02-16 10:00:00.000";"12.63";"63.17";"0.02";"0.00";"0.0"
"2023-02-16 11:00:00.000";"13.05";"57.67";"0.10";"0.00";"0.0"
"2023-02-16 12:00:00.000";"14.37";"53.33";"0.45";"0.00";"0.0"
"2023-02-16 13:00:00.000";"15.32";"50.17";"2.18";"0.00";"0.0"
"2023-02-16 14:00:00.000";"15.93";"47.67";"6.48";"0.00";"0.0"
"2023-02-16 15:00:00.000";"15.67";"43.33";"5.32";"0.00";"0.0"
"2023-02-16 16:00:00.000";"15.72";"40.33";"3.48";"0.00";"0.0"
"2023-02-16 17:00:00.000";"15.07";"41.50";"3.03";"0.00";"0.0"
"2023-02-16 18:00:00.000";"13.50";"48.00";"1.23";"0.00";"0.0"
"2023-02-16 19:00:00.000";"10.00";"67.00";"0.03";"0.00";"0.0"
"2023-02-16 20:00:00.000";"6.82";"77.67";"0.00";"0.00";"0.0"
"2023-02-16 21:00:00.000";"6.20";"90.33";"0.00";"0.17";"0.0"
"2023-02-16 22:00:00.000";"6.27";"94.00";"0.00";"1.00";"0.0"
"2023-02-16 23:00:00.000";"5.58";"94.17";"0.00";"1.00";"0.0"
"2023-02-17 00:00:00.000";"6.00";"94.83";"0.00";"1.00";"0.0"
"2023-02-17 01:00:00.000";"5.63";"93.83";"0.00";"0.83";"0.0"
"2023-02-17 02:00:00.000";"5.42";"93.50";"0.00";"0.33";"0.0"
"2023-02-17 03:00:00.000";"5.38";"94.33";"0.00";"1.00";"0.0"
"2023-02-17 04:00:00.000";"5.42";"93.50";"0.00";"0.33";"0.0"
"2023-02-17 05:00:00.000";"5.83";"94.00";"0.00";"1.00";"0.0"
"2023-02-17 06:00:00.000";"4.32";"94.17";"0.00";"0.67";"0.0"
"2023-02-17 07:00:00.000";"5.32";"94.67";"0.00";"1.00";"0.0"
"2023-02-17 08:00:00.000";"5.00";"94.67";"0.00";"1.00";"0.0"
"2023-02-17 09:00:00.000";"8.23";"90.33";"0.10";"0.17";"0.0"
"2023-02-17 10:00:00.000";"11.48";"75.17";"1.33";"0.00";"0.0"
"2023-02-17 11:00:00.000";"12.70";"65.67";"4.58";"0.00";"0.0"
"2023-02-17 12:00:00.000";"13.80";"63.17";"4.18";"0.00";"0.0"
"2023-02-17 13:00:00.000";"14.12";"61.67";"6.35";"0.00";"0.0"
"2023-02-17 14:00:00.000";"13.90";"61.83";"6.13";"0.00";"0.0"
"2023-02-17 15:00:00.000";"14.17";"60.50";"6.32";"0.00";"0.0"
"2023-02-17 16:00:00.000";"13.78";"63.00";"6.18";"0.00";"0.0"
"2023-02-17 17:00:00.000";"12.93";"66.00";"4.25";"0.00";"0.0"
"2023-02-17 18:00:00.000";"12.75";"66.17";"2.92";"0.00";"0.0"
"2023-02-17 19:00:00.000";"10.73";"76.67";"0.57";"0.00";"0.0"
"2023-02-17 20:00:00.000";"9.95";"80.17";"0.42";"0.00";"0.0"
"2023-02-17 21:00:00.000";"9.68";"82.00";"0.33";"0.00";"0.0"
"2023-02-17 22:00:00.000";"10.83";"79.50";"0.33";"0.00";"0.0"
"2023-02-17 23:00:00.000";"9.93";"80.50";"0.03";"0.00";"0.0"
"2023-02-18 00:00:00.000";"7.30";"86.67";"0.00";"0.00";"0.0"
"2023-02-18 01:00:00.000";"6.73";"90.83";"0.00";"0.00";"0.0"
"2023-02-18 02:00:00.000";"6.37";"91.17";"0.00";"0.00";"0.0"
"2023-02-18 03:00:00.000";"5.57";"93.50";"0.00";"0.00";"0.0"
"2023-02-18 04:00:00.000";"3.80";"93.67";"0.00";"0.67";"0.0"
"2023-02-18 05:00:00.000";"3.42";"95.00";"0.00";"1.00";"0.0"
"2023-02-18 06:00:00.000";"3.10";"95.00";"0.00";"1.00";"0.0"
"2023-02-18 07:00:00.000";"3.68";"95.00";"0.00";"1.00";"0.0"
"2023-02-18 08:00:00.000";"5.85";"94.83";"0.10";"0.83";"0.0"
"2023-02-18 09:00:00.000";"10.45";"82.00";"1.63";"0.00";"0.0"
"2023-02-18 10:00:00.000";"12.58";"70.00";"3.98";"0.00";"0.0"
"2023-02-18 11:00:00.000";"13.22";"64.50";"4.98";"0.00";"0.0"
"2023-02-18 12:00:00.000";"13.77";"64.50";"4.77";"0.00";"0.0"
"2023-02-18 13:00:00.000";"14.70";"61.00";"4.35";"0.00";"0.0"
"2023-02-18 14:00:00.000";"15.27";"57.00";"3.80";"0.00";"0.0"
"2023-02-18 15:00:00.000";"15.52";"50.83";"4.77";"0.00";"0.0"
"2023-02-18 16:00:00.000";"15.27";"54.50";"4.15";"0.00";"0.0"
"2023-02-18 17:00:00.000";"14.35";"56.17";"2.42";"0.00";"0.0"
"2023-02-18 18:00:00.000";"12.35";"65.67";"0.92";"0.00";"0.0"
"2023-02-18 19:00:00.000";"11.18";"72.50";"0.42";"0.00";"0.0"
"2023-02-18 20:00:00.000";"10.35";"76.67";"0.05";"0.00";"0.0"
"2023-02-18 21:00:00.000";"8.53";"80.50";"0.00";"0.00";"0.0"
"2023-02-18 22:00:00.000";"6.58";"90.83";"0.00";"0.00";"0.0"
"2023-02-18 23:00:00.000";"8.07";"93.67";"0.05";"0.00";"0.0"
"2023-02-19 00:00:00.000";"8.80";"88.17";"0.00";"0.00";"0.0"
"2023-02-19 01:00:00.000";"10.07";"81.17";"0.07";"0.00";"0.0"
"2023-02-19 02:00:00.000";"9.23";"81.83";"0.02";"0.00";"0.0"
"2023-02-19 03:00:00.000";"8.98";"81.67";"0.00";"0.00";"0.0"
"2023-02-19 04:00:00.000";"7.87";"81.50";"0.00";"0.00";"0.0"
"2023-02-19 05:00:00.000";"6.20";"86.17";"0.00";"0.00";"0.0"
"2023-02-19 06:00:00.000";"5.62";"87.67";"0.00";"0.00";"0.0"
"2023-02-19 07:00:00.000";"4.78";"93.00";"0.00";"0.50";"0.0"
"2023-02-19 08:00:00.000";"5.60";"95.00";"0.00";"1.00";"0.0"
"2023-02-19 09:00:00.000";"8.38";"94.50";"0.13";"0.67";"0.0"
"2023-02-19 10:00:00.000";"12.45";"80.50";"2.87";"0.00";"0.0"
"2023-02-19 11:00:00.000";"13.68";"71.33";"4.08";"0.00";"0.0"
"2023-02-19 12:00:00.000";"13.90";"69.67";"3.25";"0.00";"0.0"
"2023-02-19 13:00:00.000";"13.98";"70.17";"3.20";"0.00";"0.0"
"2023-02-19 14:00:00.000";"14.55";"66.17";"4.03";"0.00";"0.0"
"2023-02-19 15:00:00.000";"13.78";"69.50";"3.80";"0.00";"0.0"
"2023-02-19 16:00:00.000";"13.57";"69.17";"2.95";"0.00";"0.0"
"2023-02-19 17:00:00.000";"13.05";"69.33";"1.38";"0.00";"0.0"
"2023-02-19 18:00:00.000";"12.35";"73.17";"1.13";"0.00";"0.0"
"2023-02-19 19:00:00.000";"11.80";"72.67";"0.53";"0.00";"0.0"
"2023-02-19 20:00:00.000";"11.17";"74.33";"0.07";"0.00";"0.0"
"2023-02-19 21:00:00.000";"10.92";"75.83";"0.00";"0.00";"0.0"
"2023-02-19 22:00:00.000";"10.62";"77.83";"0.00";"0.00";"0.0"
"2023-02-19 23:00:00.000";"11.03";"75.33";"0.10";"0.00";"0.0"
"2023-02-20 00:00:00.000";"10.97";"74.00";"0.03";"0.00";"0.0"
"2023-02-20 01:00:00.000";"10.55";"75.50";"0.00";"0.00";"0.0"
"2023-02-20 02:00:00.000";"10.48";"77.50";"0.00";"0.00";"0.0"
"2023-02-20 03:00:00.000";"10.00";"81.50";"0.00";"0.00";"0.0"
"2023-02-20 04:00:00.000";"10.15";"81.83";"0.00";"0.00";"0.0"
"2023-02-20 05:00:00.000";"10.07";"82.83";"0.00";"0.00";"0.0"
"2023-02-20 06:00:00.000";"10.15";"83.67";"0.00";"0.00";"0.0"
"2023-02-20 07:00:00.000";"9.75";"84.83";"0.00";"0.00";"0.0"
"2023-02-20 08:00:00.000";"7.40";"90.17";"0.00";"0.00";"0.0"
"2023-02-20 09:00:00.000";"9.88";"86.50";"0.22";"0.00";"0.0"
"2023-02-20 10:00:00.000";"13.25";"72.17";"2.28";"0.00";"0.0"
"2023-02-20 11:00:00.000";"14.05";"62.33";"4.62";"0.00";"0.0"
"2023-02-20 12:00:00.000";"14.95";"59.00";"5.93";"0.00";"0.0"
"2023-02-20 13:00:00.000";"15.90";"54.50";"5.62";"0.00";"0.0"
"2023-02-20 14:00:00.000";"16.62";"53.67";"3.62";"0.00";"0.0"
"2023-02-20 15:00:00.000";"16.58";"57.50";"4.65";"0.00";"0.0"
"2023-02-20 16:00:00.000";"16.12";"58.50";"5.13";"0.00";"0.0"
"2023-02-20 17:00:00.000";"16.32";"54.50";"1.73";"0.00";"0.0"
"2023-02-20 18:00:00.000";"15.45";"57.00";"0.22";"0.00";"0.0"
"2023-02-20 19:00:00.000";"11.90";"71.83";"0.03";"0.00";"0.0"
"2023-02-20 20:00:00.000";"8.75";"80.33";"0.00";"0.00";"0.0"
"2023-02-20 21:00:00.000";"6.68";"87.83";"0.00";"0.00";"0.0"
"2023-02-20 22:00:00.000";"6.78";"93.33";"0.00";"0.00";"0.0"
"2023-02-20 23:00:00.000";"6.40";"92.50";"0.00";"0.00";"0.0"
"2023-02-21 00:00:00.000";"5.30";"93.67";"0.00";"0.00";"0.0"
"2023-02-21 01:00:00.000";"4.92";"94.33";"0.00";"0.00";"0.0"
"2023-02-21 02:00:00.000";"5.05";"94.50";"0.00";"0.00";"0.0"
"2023-02-21 03:00:00.000";"5.40";"91.00";"0.00";"0.00";"0.0"
"2023-02-21 04:00:00.000";"5.62";"89.33";"0.00";"0.00";"0.0"
"2023-02-21 05:00:00.000";"5.95";"87.67";"0.00";"0.00";"0.0"
"2023-02-21 06:00:00.000";"5.62";"87.67";"0.00";"0.00";"0.0"
"2023-02-21 07:00:00.000";"5.42";"89.17";"0.00";"0.00";"0.0"
"2023-02-21 08:00:00.000";"5.62";"88.83";"0.00";"0.00";"0.0"
"2023-02-21 09:00:00.000";"9.35";"83.17";"0.00";"0.00";"0.0"
"2023-02-21 10:00:00.000";"15.05";"74.67";"0.00";"0.00";"0.0"
"2023-02-21 11:00:00.000";"17.43";"65.00";"0.08";"0.00";"0.0"
"2023-02-21 12:00:00.000";"17.15";"54.67";"1.07";"0.00";"0.0"
"2023-02-21 13:00:00.000";"16.72";"62.00";"3.83";"0.00";"0.0"
"2023-02-21 14:00:00.000";"16.82";"56.50";"3.87";"0.00";"0.0"
"2023-02-21 15:00:00.000";"17.12";"51.50";"4.38";"0.00";"0.0"
"2023-02-21 16:00:00.000";"17.00";"51.67";"4.32";"0.00";"0.0"
"2023-02-21 17:00:00.000";"16.32";"56.50";"2.72";"0.00";"0.0"
"2023-02-21 18:00:00.000";"15.22";"61.00";"1.55";"0.00";"0.0"
"2023-02-21 19:00:00.000";"11.93";"78.50";"0.32";"0.00";"0.0"
"2023-02-21 20:00:00.000";"10.45";"86.00";"0.00";"0.00";"0.0"
"2023-02-21 21:00:00.000";"8.27";"91.83";"0.00";"0.00";"0.0"
"2023-02-21 22:00:00.000";"6.82";"94.17";"0.00";"0.67";"0.0"
"2023-02-21 23:00:00.000";"6.67";"95.00";"0.00";"1.00";"0.0"
"2023-02-22 00:00:00.000";"6.50";"95.17";"0.00";"1.00";"0.0"
"2023-02-22 01:00:00.000";"7.22";"95.67";"0.00";"1.00";"0.0"
"2023-02-22 02:00:00.000";"7.53";"96.00";"0.00";"1.00";"0.0"
"2023-02-22 03:00:00.000";"7.60";"96.00";"0.00";"1.00";"0.0"
"2023-02-22 04:00:00.000";"7.70";"96.00";"0.00";"1.00";"0.0"
"2023-02-22 05:00:00.000";"7.97";"96.00";"0.00";"1.00";"0.0"
"2023-02-22 06:00:00.000";"7.10";"96.00";"0.00";"1.00";"0.0"
"2023-02-22 07:00:00.000";"6.08";"96.00";"0.00";"1.00";"0.0"
"2023-02-22 08:00:00.000";"6.17";"96.00";"0.00";"1.00";"0.0"
"2023-02-22 09:00:00.000";"9.17";"96.33";"0.02";"1.00";"0.0"
"2023-02-22 10:00:00.000";"12.45";"85.17";"1.27";"0.33";"0.0"
"2023-02-22 11:00:00.000";"14.02";"75.83";"2.60";"0.00";"0.0"
"2023-02-22 12:00:00.000";"14.63";"72.67";"3.13";"0.00";"0.0"
"2023-02-22 13:00:00.000";"15.30";"68.50";"3.17";"0.00";"0.0"
"2023-02-22 14:00:00.000";"14.82";"68.83";"2.87";"0.00";"0.0"
"2023-02-22 15:00:00.000";"14.85";"71.33";"1.60";"0.00";"0.0"
"2023-02-22 16:00:00.000";"14.93";"71.17";"2.60";"0.00";"0.0"
"2023-02-22 17:00:00.000";"14.45";"73.67";"1.38";"0.00";"0.0"
"2023-02-22 18:00:00.000";"15.13";"67.50";"1.28";"0.00";"0.0"
"2023-02-22 19:00:00.000";"12.05";"81.33";"0.00";"0.00";"0.0"
"2023-02-22 20:00:00.000";"9.66";"89.43";"0.00";"0.00";"0.0"
"2023-02-22 21:00:00.000";"8.52";"92.83";"0.00";"0.00";"0.0"
"2023-02-22 22:00:00.000";"8.57";"95.00";"0.00";"1.00";"0.0"
"2023-02-22 23:00:00.000";"7.98";"95.00";"0.00";"1.00";"0.0"
"2023-02-23 00:00:00.000";"8.58";"95.00";"0.00";"1.00";"0.0"
"2023-02-23 01:00:00.000";"8.20";"95.50";"0.00";"1.00";"0.0"
"2023-02-23 02:00:00.000";"8.63";"96.00";"0.00";"1.00";"0.0"
"2023-02-23 03:00:00.000";"7.65";"96.00";"0.00";"1.00";"0.3"
"2023-02-23 04:00:00.000";"7.18";"96.00";"0.00";"1.00";"0.0"
"2023-02-23 05:00:00.000";"6.43";"96.00";"0.00";"1.00";"0.0"
"2023-02-23 06:00:00.000";"6.83";"96.00";"0.00";"1.00";"0.0"
"2023-02-23 07:00:00.000";"6.93";"96.00";"0.00";"1.00";"0.0"
"2023-02-23 08:00:00.000";"6.10";"96.00";"0.00";"1.00";"0.0"
"2023-02-23 09:00:00.000";"8.82";"96.67";"0.00";"1.00";"0.0"
"2023-02-23 10:00:00.000";"13.50";"74.17";"0.02";"0.17";"0.0"
"2023-02-23 11:00:00.000";"14.93";"68.67";"1.40";"0.00";"0.0"
"2023-02-23 12:00:00.000";"15.48";"69.83";"3.03";"0.00";"0.0"
"2023-02-23 13:00:00.000";"16.08";"66.17";"4.10";"0.00";"0.0"
"2023-02-23 14:00:00.000";"15.78";"67.33";"6.63";"0.00";"0.0"
"2023-02-23 15:00:00.000";"16.28";"67.00";"4.73";"0.00";"0.0"
"2023-02-23 16:00:00.000";"16.07";"69.00";"4.80";"0.00";"0.0"
"2023-02-23 17:00:00.000";"15.78";"68.17";"3.82";"0.00";"0.0"
"2023-02-23 18:00:00.000";"14.73";"68.83";"1.20";"0.00";"0.0"
"2023-02-23 19:00:00.000";"11.92";"79.50";"0.03";"0.00";"0.0"
"2023-02-23 20:00:00.000";"9.78";"87.00";"0.00";"0.00";"0.0"
"2023-02-23 21:00:00.000";"7.75";"91.17";"0.00";"0.00";"0.0"
"2023-02-23 22:00:00.000";"7.12";"94.50";"0.00";"0.67";"0.0"
"2023-02-23 23:00:00.000";"6.68";"95.00";"0.00";"1.00";"0.0"
"2023-02-24 00:00:00.000";"6.22";"95.00";"0.00";"1.00";"0.0"
"2023-02-24 01:00:00.000";"6.32";"95.00";"0.00";"1.00";"0.0"
"2023-02-24 02:00:00.000";"6.70";"96.00";"0.00";"1.00";"0.0"
"2023-02-24 03:00:00.000";"6.17";"96.00";"0.00";"1.00";"0.0"
"2023-02-24 04:00:00.000";"5.97";"96.00";"0.00";"1.00";"0.0"
"2023-02-24 05:00:00.000";"5.67";"96.00";"0.00";"1.00";"0.0"
"2023-02-24 06:00:00.000";"5.07";"96.00";"0.00";"1.00";"0.0"
"2023-02-24 07:00:00.000";"4.77";"96.00";"0.00";"1.00";"0.0"
"2023-02-24 08:00:00.000";"5.37";"96.00";"0.00";"1.00";"0.0"
"2023-02-24 09:00:00.000";"8.25";"94.83";"0.00";"0.67";"0.3"
"2023-02-24 10:00:00.000";"13.52";"77.83";"0.00";"0.00";"0.0"
"2023-02-24 11:00:00.000";"14.68";"70.33";"0.27";"0.00";"0.0"
"2023-02-24 12:00:00.000";"14.78";"74.17";"0.57";"0.00";"0.0"
"2023-02-24 13:00:00.000";"15.28";"72.50";"4.72";"0.00";"0.0"
"2023-02-24 14:00:00.000";"14.83";"72.50";"4.25";"0.00";"0.0"
"2023-02-24 15:00:00.000";"14.07";"75.67";"2.97";"0.00";"0.0"
"2023-02-24 16:00:00.000";"13.93";"77.33";"2.97";"0.00";"0.0"
"2023-02-24 17:00:00.000";"14.27";"75.33";"1.17";"0.00";"0.0"
"2023-02-24 18:00:00.000";"13.67";"76.17";"0.25";"0.00";"0.0"
"2023-02-24 19:00:00.000";"12.12";"80.00";"0.00";"0.00";"0.0"
"2023-02-24 20:00:00.000";"9.15";"87.50";"0.00";"0.00";"0.0"
"2023-02-24 21:00:00.000";"8.23";"90.83";"0.00";"0.00";"0.0"
"2023-02-24 22:00:00.000";"7.77";"94.50";"0.00";"0.00";"0.0"
"2023-02-24 23:00:00.000";"7.45";"95.00";"0.00";"0.50";"0.0"
"2023-02-25 00:00:00.000";"6.82";"95.00";"0.00";"1.00";"0.0"
"2023-02-25 01:00:00.000";"5.55";"95.00";"0.00";"1.00";"0.0"
"2023-02-25 02:00:00.000";"5.70";"96.00";"0.00";"1.00";"0.0"
"2023-02-25 03:00:00.000";"5.27";"96.00";"0.00";"1.00";"0.0"
"2023-02-25 04:00:00.000";"4.68";"96.00";"0.00";"1.00";"0.0"
"2023-02-25 05:00:00.000";"4.27";"96.00";"0.00";"1.00";"0.0"
"2023-02-25 06:00:00.000";"4.80";"96.00";"0.00";"1.00";"0.0"
"2023-02-25 07:00:00.000";"4.42";"96.00";"0.00";"1.00";"0.0"
"2023-02-25 08:00:00.000";"5.18";"96.00";"0.00";"1.00";"0.0"
"2023-02-25 09:00:00.000";"9.25";"96.17";"0.00";"1.00";"0.0"
"2023-02-25 10:00:00.000";"13.83";"87.33";"0.15";"0.50";"0.0"
"2023-02-25 11:00:00.000";"15.75";"74.33";"0.97";"0.00";"0.0"
"2023-02-25 12:00:00.000";"17.20";"69.33";"0.88";"0.00";"0.0"
"2023-02-25 13:00:00.000";"17.92";"68.33";"2.42";"0.00";"0.0"
"2023-02-25 14:00:00.000";"17.82";"66.50";"3.67";"0.00";"0.0"
"2023-02-25 15:00:00.000";"18.07";"59.67";"4.38";"0.00";"0.0"
"2023-02-25 16:00:00.000";"17.33";"54.33";"5.92";"0.00";"0.0"
"2023-02-25 17:00:00.000";"15.55";"63.67";"3.38";"0.00";"0.0"
"2023-02-25 18:00:00.000";"14.48";"67.00";"0.13";"0.00";"0.0"
"2023-02-25 19:00:00.000";"11.87";"77.33";"0.02";"0.00";"0.0"
"2023-02-25 20:00:00.000";"11.60";"73.83";"0.08";"0.00";"0.0"
"2023-02-25 21:00:00.000";"11.60";"75.33";"0.18";"0.00";"0.0"
"2023-02-25 22:00:00.000";"12.03";"77.67";"1.20";"0.00";"0.0"
"2023-02-25 23:00:00.000";"12.22";"78.50";"1.52";"0.00";"0.0"
"2023-02-26 00:00:00.000";"11.90";"76.17";"0.20";"0.00";"0.0"
"2023-02-26 01:00:00.000";"12.37";"73.00";"0.47";"0.00";"0.0"
"2023-02-26 02:00:00.000";"12.23";"76.33";"0.45";"0.00";"0.0"
"2023-02-26 03:00:00.000";"12.00";"77.50";"0.33";"0.00";"0.0"
"2023-02-26 04:00:00.000";"12.33";"75.83";"0.48";"0.00";"0.0"
"2023-02-26 05:00:00.000";"12.88";"74.17";"1.13";"0.00";"0.0"
"2023-02-26 06:00:00.000";"13.58";"73.17";"1.72";"0.00";"0.0"
"2023-02-26 07:00:00.000";"14.05";"69.83";"2.92";"0.00";"0.0"
"2023-02-26 08:00:00.000";"14.22";"70.17";"7.17";"0.00";"0.0"
"2023-02-26 09:00:00.000";"14.78";"70.50";"10.83";"0.00";"0.0"
"2023-02-26 10:00:00.000";"15.62";"68.67";"13.28";"0.00";"0.0"
"2023-02-26 11:00:00.000";"16.52";"67.00";"12.48";"0.00";"0.0"
"2023-02-26 12:00:00.000";"17.77";"61.67";"12.67";"0.00";"0.0"
"2023-02-26 13:00:00.000";"18.83";"51.83";"12.87";"0.00";"0.0"
"2023-02-26 14:00:00.000";"18.03";"53.00";"11.30";"0.00";"0.0"
"2023-02-26 15:00:00.000";"17.20";"57.83";"10.02";"0.00";"0.0"
"2023-02-26 16:00:00.000";"17.27";"59.17";"6.75";"0.00";"0.0"
"2023-02-26 17:00:00.000";"16.43";"61.17";"5.53";"0.00";"0.0"
"2023-02-26 18:00:00.000";"15.60";"64.17";"5.73";"0.00";"0.0"
"2023-02-26 19:00:00.000";"15.30";"65.33";"5.42";"0.00";"0.0"
"2023-02-26 20:00:00.000";"15.12";"67.17";"4.80";"0.00";"0.0"
"2023-02-26 21:00:00.000";"14.95";"68.50";"4.55";"0.00";"0.0"
"2023-02-26 22:00:00.000";"14.58";"72.17";"1.48";"0.00";"0.0"
"2023-02-26 23:00:00.000";"14.33";"74.50";"0.57";"0.00";"0.0"
"2023-02-27 00:00:00.000";"14.23";"77.17";"0.28";"0.00";"0.0"
"2023-02-27 01:00:00.000";"13.87";"80.50";"0.08";"0.00";"0.0"
"2023-02-27 02:00:00.000";"12.73";"83.00";"0.00";"0.00";"0.0"
"2023-02-27 03:00:00.000";"12.40";"85.00";"0.00";"0.00";"0.0"
"2023-02-27 04:00:00.000";"12.05";"89.00";"0.00";"0.00";"0.0"
"2023-02-27 05:00:00.000";"10.90";"93.00";"0.00";"0.00";"0.0"
"2023-02-27 06:00:00.000";"10.55";"95.00";"0.00";"0.00";"0.0"
"2023-02-27 07:00:00.000";"10.77";"96.00";"0.00";"0.00";"0.0"
"2023-02-27 08:00:00.000";"10.82";"96.00";"0.00";"1.00";"0.0"
"2023-02-27 09:00:00.000";"12.35";"95.50";"0.00";"0.00";"0.0"
"2023-02-27 10:00:00.000";"15.25";"88.33";"0.00";"0.00";"0.0"
"2023-02-27 11:00:00.000";"18.10";"75.83";"0.22";"0.00";"0.0"
"2023-02-27 12:00:00.000";"19.85";"58.83";"1.97";"0.00";"0.0"
"2023-02-27 13:00:00.000";"20.00";"56.83";"1.98";"0.00";"0.0"
"2023-02-27 14:00:00.000";"20.78";"49.83";"2.60";"0.00";"0.0"
"2023-02-27 15:00:00.000";"19.73";"55.50";"3.62";"0.00";"0.0"
"2023-02-27 16:00:00.000";"18.12";"60.33";"1.93";"0.00";"0.0"
"2023-02-27 17:00:00.000";"17.18";"63.67";"1.03";"0.00";"0.0"
"2023-02-27 18:00:00.000";"15.95";"68.33";"0.83";"0.00";"0.0"
"2023-02-27 19:00:00.000";"14.40";"76.50";"0.13";"0.00";"0.0"
"2023-02-27 20:00:00.000";"13.65";"81.17";"0.00";"0.00";"0.0"
"2023-02-27 21:00:00.000";"14.10";"80.33";"0.00";"0.00";"0.0"
"2023-02-27 22:00:00.000";"14.20";"79.83";"0.28";"0.00";"0.0"
"2023-02-27 23:00:00.000";"14.40";"78.67";"0.15";"0.00";"0.0"
"2023-02-28 00:00:00.000";"14.12";"80.67";"0.12";"0.33";"0.3"
"2023-02-28 01:00:00.000";"14.68";"72.50";"0.80";"0.00";"0.0"
"2023-02-28 02:00:00.000";"15.33";"65.50";"0.23";"0.00";"0.0"
"2023-02-28 03:00:00.000";"14.58";"65.50";"0.00";"0.00";"0.0"
"2023-02-28 04:00:00.000";"14.85";"59.67";"0.02";"0.00";"0.0"
"2023-02-28 05:00:00.000";"15.25";"56.33";"0.00";"0.00";"0.0"
"2023-02-28 06:00:00.000";"14.88";"55.83";"0.03";"0.00";"0.0"
"2023-02-28 07:00:00.000";"13.07";"63.17";"0.00";"0.00";"0.0"
"2023-02-28 08:00:00.000";"12.68";"65.33";"0.00";"0.00";"0.0"
"2023-02-28 09:00:00.000";"14.80";"57.50";"0.00";"0.00";"0.0"
"2023-02-28 10:00:00.000";"17.03";"54.00";"0.00";"0.00";"0.0"
"2023-02-28 11:00:00.000";"19.23";"48.67";"0.10";"0.00";"0.0"
"2023-02-28 12:00:00.000";"20.32";"45.67";"0.35";"0.00";"0.0"
"2023-02-28 13:00:00.000";"20.47";"45.33";"0.67";"0.00";"0.0"
"2023-02-28 14:00:00.000";"21.73";"43.00";"0.77";"0.00";"0.0"
"2023-02-28 15:00:00.000";"22.45";"37.67";"4.85";"0.00";"0.0"
"2023-02-28 16:00:00.000";"21.72";"38.00";"5.07";"0.00";"0.0"
"2023-02-28 17:00:00.000";"20.38";"40.33";"5.52";"0.00";"0.0"
"2023-02-28 18:00:00.000";"18.60";"45.67";"2.18";"0.00";"0.0"
"2023-02-28 19:00:00.000";"16.98";"50.67";"1.15";"0.00";"0.0"
"2023-02-28 20:00:00.000";"16.42";"52.67";"2.52";"0.00";"0.0"
"2023-02-28 21:00:00.000";"16.02";"55.50";"2.23";"0.00";"0.0"
"2023-02-28 22:00:00.000";"15.83";"57.33";"1.30";"0.00";"0.0"
"2023-02-28 23:00:00.000";"15.82";"58.67";"0.95";"0.00";"0.0"
"2023-03-01 00:00:00.000";"15.07";"62.17";"0.85";"0.00";"0.0"
"2023-03-01 01:00:00.000";"12.85";"69.83";"0.00";"0.00";"0.0"
"2023-03-01 02:00:00.000";"12.55";"71.67";"0.03";"0.00";"0.0"
"2023-03-01 03:00:00.000";"12.17";"74.83";"0.00";"0.00";"0.0"
"2023-03-01 04:00:00.000";"11.32";"77.83";"0.08";"0.00";"0.0"
"2023-03-01 05:00:00.000";"11.25";"81.17";"0.00";"0.00";"0.0"
"2023-03-01 06:00:00.000";"11.00";"82.00";"0.00";"0.00";"0.0"
"2023-03-01 07:00:00.000";"11.67";"80.67";"0.00";"0.00";"0.0"
"2023-03-01 08:00:00.000";"12.22";"77.00";"0.00";"0.00";"0.0"
"2023-03-01 09:00:00.000";"13.90";"73.83";"0.00";"0.00";"0.0"
"2023-03-01 10:00:00.000";"16.38";"68.33";"0.00";"0.00";"0.0"
"2023-03-01 11:00:00.000";"18.22";"62.00";"0.42";"0.00";"0.0"
"2023-03-01 12:00:00.000";"18.90";"60.33";"1.87";"0.00";"0.0"
"2023-03-01 13:00:00.000";"19.22";"60.17";"2.17";"0.00";"0.0"
"2023-03-01 14:00:00.000";"19.72";"59.33";"1.10";"0.00";"0.0"
"2023-03-01 15:00:00.000";"18.18";"65.33";"4.28";"0.00";"0.0"
"2023-03-01 16:00:00.000";"18.38";"63.00";"0.75";"0.00";"0.0"
"2023-03-01 17:00:00.000";"18.48";"60.50";"0.42";"0.00";"0.0"
"2023-03-01 18:00:00.000";"16.50";"69.50";"0.45";"0.00";"0.0"
"2023-03-01 19:00:00.000";"13.77";"81.17";"0.05";"0.00";"0.0"
"2023-03-01 20:00:00.000";"12.28";"89.33";"0.00";"0.00";"0.0"
"2023-03-01 21:00:00.000";"12.47";"93.00";"0.00";"0.00";"0.0"
"2023-03-01 22:00:00.000";"12.40";"93.83";"0.00";"0.00";"0.0"
"2023-03-01 23:00:00.000";"12.18";"94.00";"0.00";"0.00";"0.0"
"2023-03-02 00:00:00.000";"12.08";"95.00";"0.00";"0.00";"0.0"
"2023-03-02 01:00:00.000";"11.72";"95.00";"0.00";"0.00";"0.0"
"2023-03-02 02:00:00.000";"11.72";"93.83";"0.00";"0.00";"0.0"
"2023-03-02 03:00:00.000";"11.72";"90.17";"0.00";"0.00";"0.0"
"2023-03-02 04:00:00.000";"11.22";"88.83";"0.00";"0.00";"0.0"
"2023-03-02 05:00:00.000";"10.42";"90.33";"0.00";"0.00";"0.0"
"2023-03-02 06:00:00.000";"9.67";"93.00";"0.00";"0.00";"0.0"
"2023-03-02 07:00:00.000";"8.93";"94.50";"0.00";"0.00";"0.0"
"2023-03-02 08:00:00.000";"9.67";"95.00";"0.00";"0.00";"0.0"
"2023-03-02 09:00:00.000";"11.35";"92.50";"0.00";"0.00";"0.0"
"2023-03-02 10:00:00.000";"15.60";"80.50";"0.13";"0.00";"0.0"
"2023-03-02 11:00:00.000";"15.63";"80.83";"1.02";"0.00";"0.0"
"2023-03-02 12:00:00.000";"15.37";"82.83";"0.92";"0.00";"0.0"
"2023-03-02 13:00:00.000";"13.93";"89.17";"0.27";"0.67";"0.9"
"2023-03-02 14:00:00.000";"13.08";"94.33";"0.02";"1.00";"2.4"
"2023-03-02 15:00:00.000";"12.92";"96.00";"0.00";"1.00";"2.4"
"2023-03-02 16:00:00.000";"11.57";"92.83";"1.22";"1.00";"0.9"
"2023-03-02 17:00:00.000";"10.75";"93.50";"0.02";"1.00";"0.9"
"2023-03-02 18:00:00.000";"12.92";"77.67";"0.00";"1.00";"0.0"
"2023-03-02 19:00:00.000";"10.57";"87.33";"0.00";"0.67";"0.0"
"2023-03-02 20:00:00.000";"7.45";"93.67";"0.00";"1.00";"0.0"
"2023-03-02 21:00:00.000";"6.55";"94.83";"0.00";"1.00";"0.0"
"2023-03-02 22:00:00.000";"6.48";"95.00";"0.00";"1.00";"0.0"
"2023-03-02 23:00:00.000";"6.63";"95.50";"0.00";"1.00";"0.0"
"2023-03-03 00:00:00.000";"5.95";"95.33";"0.00";"1.00";"0.0"
"2023-03-03 01:00:00.000";"6.25";"96.00";"0.00";"1.00";"0.0"
"2023-03-03 02:00:00.000";"6.20";"96.00";"0.00";"1.00";"0.0"
"2023-03-03 03:00:00.000";"6.23";"96.00";"0.00";"1.00";"0.0"
"2023-03-03 04:00:00.000";"5.50";"96.00";"0.00";"1.00";"0.0"
"2023-03-03 05:00:00.000";"5.02";"96.00";"0.00";"1.00";"0.0"
"2023-03-03 06:00:00.000";"4.88";"96.00";"0.00";"1.00";"0.0"
"2023-03-03 07:00:00.000";"5.52";"96.00";"0.00";"1.00";"0.0"
"2023-03-03 08:00:00.000";"5.55";"96.00";"0.00";"1.00";"0.0"
"2023-03-03 09:00:00.000";"9.28";"96.00";"0.00";"1.00";"0.0"
"2023-03-03 10:00:00.000";"13.37";"80.00";"0.00";"0.50";"0.0"
"2023-03-03 11:00:00.000";"13.95";"72.50";"0.37";"0.00";"0.0"
"2023-03-03 12:00:00.000";"14.58";"70.50";"1.97";"0.00";"0.0"
"2023-03-03 13:00:00.000";"15.28";"66.00";"1.92";"0.00";"0.0"
"2023-03-03 14:00:00.000";"15.17";"66.00";"3.45";"0.00";"0.0"
"2023-03-03 15:00:00.000";"15.73";"65.83";"2.98";"0.00";"0.0"
"2023-03-03 16:00:00.000";"15.30";"63.00";"2.53";"0.00";"0.0"
"2023-03-03 17:00:00.000";"15.48";"58.00";"0.87";"0.00";"0.0"
"2023-03-03 18:00:00.000";"14.42";"61.67";"0.20";"0.00";"0.0"
"2023-03-03 19:00:00.000";"11.65";"75.50";"0.00";"0.00";"0.0"
"2023-03-03 20:00:00.000";"10.65";"81.17";"0.00";"0.00";"0.0"
"2023-03-03 21:00:00.000";"10.23";"83.50";"0.00";"0.00";"0.0"
"2023-03-03 22:00:00.000";"10.25";"84.83";"0.00";"0.17";"0.0"
"2023-03-03 23:00:00.000";"9.83";"85.33";"0.00";"0.00";"0.0"
"2023-03-04 00:00:00.000";"9.53";"85.67";"0.00";"0.17";"0.0"
"2023-03-04 01:00:00.000";"9.72";"89.33";"0.00";"1.00";"0.6"
"2023-03-04 02:00:00.000";"9.83";"93.17";"0.03";"1.00";"0.6"
"2023-03-04 03:00:00.000";"9.65";"90.33";"0.78";"1.00";"0.3"
"2023-03-04 04:00:00.000";"10.00";"84.00";"0.55";"1.00";"0.0"
"2023-03-04 05:00:00.000";"10.45";"76.33";"1.78";"0.00";"0.0"
"2023-03-04 06:00:00.000";"10.78";"76.50";"0.68";"0.00";"0.0"
"2023-03-04 07:00:00.000";"10.50";"81.17";"0.07";"0.00";"0.0"
"2023-03-04 08:00:00.000";"10.87";"81.00";"0.00";"0.00";"0.0"
"2023-03-04 09:00:00.000";"11.72";"79.17";"0.23";"0.00";"0.0"
"2023-03-04 10:00:00.000";"14.83";"68.67";"3.13";"0.00";"0.0"
"2023-03-04 11:00:00.000";"16.43";"65.17";"2.68";"0.00";"0.0"
"2023-03-04 12:00:00.000";"16.05";"68.00";"2.48";"0.00";"0.0"
"2023-03-04 13:00:00.000";"16.40";"68.00";"3.15";"0.00";"0.0"
"2023-03-04 14:00:00.000";"16.48";"70.00";"3.23";"0.00";"0.0"
"2023-03-04 15:00:00.000";"17.05";"66.50";"4.42";"0.00";"0.0"
"2023-03-04 16:00:00.000";"17.82";"65.00";"3.03";"0.00";"0.0"
"2023-03-04 17:00:00.000";"16.52";"69.83";"3.22";"0.00";"0.0"
"2023-03-04 18:00:00.000";"13.85";"76.83";"2.85";"0.00";"0.0"
"2023-03-04 19:00:00.000";"12.57";"78.50";"0.43";"0.00";"0.0"
"2023-03-04 20:00:00.000";"11.72";"79.83";"0.00";"0.00";"0.0"
"2023-03-04 21:00:00.000";"10.05";"84.67";"0.00";"0.00";"0.0"
"2023-03-04 22:00:00.000";"8.07";"91.33";"0.00";"0.67";"0.0"
"2023-03-04 23:00:00.000";"7.20";"93.67";"0.00";"1.00";"0.0"
"2023-03-05 00:00:00.000";"7.37";"94.00";"0.00";"1.00";"0.0"
"2023-03-05 01:00:00.000";"8.00";"94.50";"0.00";"1.00";"0.9"
"2023-03-05 02:00:00.000";"8.72";"95.67";"0.20";"1.00";"3.6"
"2023-03-05 03:00:00.000";"8.92";"96.00";"0.00";"1.00";"0.3"
"2023-03-05 04:00:00.000";"8.82";"96.00";"0.00";"1.00";"0.3"
"2023-03-05 05:00:00.000";"8.05";"96.00";"0.00";"1.00";"0.0"
"2023-03-05 06:00:00.000";"7.35";"95.50";"0.00";"1.00";"0.0"
"2023-03-05 07:00:00.000";"7.52";"95.33";"0.00";"1.00";"0.0"
"2023-03-05 08:00:00.000";"7.57";"95.50";"0.00";"1.00";"0.0"
"2023-03-05 09:00:00.000";"9.62";"92.17";"2.23";"0.83";"0.3"
"2023-03-05 10:00:00.000";"8.42";"90.33";"0.58";"1.00";"0.3"
"2023-03-05 11:00:00.000";"12.18";"72.00";"0.30";"0.00";"0.0"
"2023-03-05 12:00:00.000";"11.97";"73.50";"0.92";"0.00";"0.0"
"2023-03-05 13:00:00.000";"11.98";"78.17";"1.42";"0.17";"0.0"
"2023-03-05 14:00:00.000";"12.30";"79.00";"3.13";"0.33";"0.6"
"2023-03-05 15:00:00.000";"12.67";"75.00";"4.87";"0.00";"0.0"
"2023-03-05 16:00:00.000";"13.22";"71.17";"5.53";"0.00";"0.0"
"2023-03-05 17:00:00.000";"12.38";"71.83";"5.57";"0.00";"0.0"
"2023-03-05 18:00:00.000";"11.40";"78.00";"3.75";"0.17";"0.3"
"2023-03-05 19:00:00.000";"10.40";"81.33";"1.82";"0.00";"0.0"
"2023-03-05 20:00:00.000";"10.07";"82.00";"1.63";"0.33";"0.9"
"2023-03-05 21:00:00.000";"8.78";"89.50";"0.72";"1.00";"0.9"
"2023-03-05 22:00:00.000";"8.90";"90.83";"0.07";"1.00";"0.0"
"2023-03-05 23:00:00.000";"8.82";"93.17";"0.07";"1.00";"0.9"
"2023-03-06 00:00:00.000";"8.63";"94.17";"0.02";"1.00";"0.3"
"2023-03-06 01:00:00.000";"8.22";"93.83";"0.00";"1.00";"0.3"
"2023-03-06 02:00:00.000";"8.02";"95.00";"0.00";"1.00";"0.0"
"2023-03-06 03:00:00.000";"7.58";"95.00";"0.00";"1.00";"0.0"
"2023-03-06 04:00:00.000";"7.50";"95.00";"0.00";"1.00";"0.3"
"2023-03-06 05:00:00.000";"7.63";"96.00";"0.00";"1.00";"0.3"
"2023-03-06 06:00:00.000";"7.58";"96.00";"0.00";"1.00";"0.0"
"2023-03-06 07:00:00.000";"6.95";"96.00";"0.00";"1.00";"0.0"
"2023-03-06 08:00:00.000";"7.23";"96.00";"0.00";"1.00";"0.0"
"2023-03-06 09:00:00.000";"10.00";"92.33";"0.08";"1.00";"0.0"
"2023-03-06 10:00:00.000";"13.08";"78.50";"0.28";"0.00";"0.0"
"2023-03-06 11:00:00.000";"14.18";"75.67";"0.67";"0.00";"0.0"
"2023-03-06 12:00:00.000";"14.30";"73.33";"2.82";"0.00";"0.0"
"2023-03-06 13:00:00.000";"14.32";"72.83";"1.53";"0.00";"0.0"
"2023-03-06 14:00:00.000";"14.95";"68.33";"7.02";"0.00";"0.0"
"2023-03-06 15:00:00.000";"14.88";"63.67";"7.82";"0.00";"0.0"
"2023-03-06 16:00:00.000";"14.87";"62.33";"5.27";"0.00";"0.0"
"2023-03-06 17:00:00.000";"15.00";"60.00";"3.38";"0.00";"0.0"
"2023-03-06 18:00:00.000";"13.92";"63.17";"1.17";"0.00";"0.0"
"2023-03-06 19:00:00.000";"11.72";"70.83";"0.08";"0.00";"0.0"
"2023-03-06 20:00:00.000";"8.68";"81.50";"0.00";"0.00";"0.0"
"2023-03-06 21:00:00.000";"9.08";"86.50";"0.02";"0.50";"0.6"
"2023-03-06 22:00:00.000";"8.98";"92.00";"0.00";"1.00";"0.0"
"2023-03-06 23:00:00.000";"7.25";"94.33";"0.00";"1.00";"0.0"
"2023-03-07 00:00:00.000";"7.03";"95.00";"0.00";"1.00";"0.0"
"2023-03-07 01:00:00.000";"7.58";"95.67";"0.00";"1.00";"0.0"
"2023-03-07 02:00:00.000";"6.97";"95.67";"0.00";"1.00";"0.0"
"2023-03-07 03:00:00.000";"7.28";"96.00";"0.00";"1.00";"0.3"
"2023-03-07 04:00:00.000";"7.32";"96.00";"0.00";"1.00";"0.0"
"2023-03-07 05:00:00.000";"7.53";"96.00";"0.00";"1.00";"0.0"
"2023-03-07 06:00:00.000";"7.82";"96.00";"0.00";"1.00";"0.0"
"2023-03-07 07:00:00.000";"8.58";"95.00";"0.00";"1.00";"0.0"
"2023-03-07 08:00:00.000";"9.55";"93.67";"0.00";"0.00";"0.0"
"2023-03-07 09:00:00.000";"11.47";"91.33";"0.08";"0.00";"0.0"
"2023-03-07 10:00:00.000";"12.80";"89.00";"0.03";"0.00";"0.0"
"2023-03-07 11:00:00.000";"12.97";"90.33";"0.22";"0.00";"0.0"
"2023-03-07 12:00:00.000";"13.83";"86.33";"3.10";"0.00";"0.0"
"2023-03-07 13:00:00.000";"14.67";"84.83";"3.90";"0.00";"0.0"
"2023-03-07 14:00:00.000";"15.30";"81.67";"4.78";"0.00";"0.0"
"2023-03-07 15:00:00.000";"14.63";"83.00";"5.05";"0.00";"0.0"
"2023-03-07 16:00:00.000";"14.63";"84.17";"3.88";"0.00";"0.0"
"2023-03-07 17:00:00.000";"14.80";"84.33";"5.98";"0.00";"0.0"
"2023-03-07 18:00:00.000";"14.52";"87.83";"4.12";"0.00";"0.0"
"2023-03-07 19:00:00.000";"14.27";"90.00";"7.97";"0.33";"0.0"
"2023-03-07 20:00:00.000";"14.07";"94.00";"5.23";"1.00";"0.3"
"2023-03-07 21:00:00.000";"14.12";"94.00";"5.82";"0.00";"0.0"
"2023-03-07 22:00:00.000";"13.87";"94.00";"3.27";"0.00";"0.0"
"2023-03-07 23:00:00.000";"13.42";"95.00";"0.03";"0.00";"0.0"
"2023-03-08 00:00:00.000";"12.93";"96.00";"0.00";"0.33";"0.0"
"2023-03-08 01:00:00.000";"12.07";"95.00";"0.00";"0.00";"0.0"
"2023-03-08 02:00:00.000";"10.75";"95.83";"0.00";"1.00";"0.0"
"2023-03-08 03:00:00.000";"8.43";"96.00";"0.00";"1.00";"0.0"
"2023-03-08 04:00:00.000";"7.92";"96.00";"0.00";"1.00";"0.0"
"2023-03-08 05:00:00.000";"9.08";"96.00";"0.00";"1.00";"0.0"
"2023-03-08 06:00:00.000";"9.07";"96.00";"0.00";"1.00";"0.0"
"2023-03-08 07:00:00.000";"8.23";"96.00";"0.00";"1.00";"0.0"
"2023-03-08 08:00:00.000";"8.35";"96.00";"0.00";"1.00";"0.0"
"2023-03-08 09:00:00.000";"10.80";"91.67";"0.00";"0.50";"0.0"
"2023-03-08 10:00:00.000";"14.30";"76.83";"0.47";"0.00";"0.0"
"2023-03-08 11:00:00.000";"14.25";"74.67";"0.98";"0.00";"0.0"
"2023-03-08 12:00:00.000";"14.50";"73.17";"1.58";"0.00";"0.0"
"2023-03-08 13:00:00.000";"15.60";"68.67";"2.93";"0.00";"0.0"
"2023-03-08 14:00:00.000";"15.68";"69.33";"2.72";"0.00";"0.0"
"2023-03-08 15:00:00.000";"15.65";"70.50";"3.70";"0.00";"0.0"
"2023-03-08 16:00:00.000";"16.05";"68.33";"2.82";"0.00";"0.0"
"2023-03-08 17:00:00.000";"15.38";"64.33";"2.15";"0.00";"0.0"
"2023-03-08 18:00:00.000";"14.92";"65.67";"1.23";"0.00";"0.0"
"2023-03-08 19:00:00.000";"12.73";"74.67";"0.40";"0.00";"0.0"
"2023-03-08 20:00:00.000";"9.92";"84.33";"0.00";"0.00";"0.0"
"2023-03-08 21:00:00.000";"8.23";"88.33";"0.00";"0.00";"0.0"
"2023-03-08 22:00:00.000";"8.60";"91.00";"0.00";"0.00";"0.0"
"2023-03-08 23:00:00.000";"7.93";"92.67";"0.00";"0.00";"0.0"
"2023-03-09 00:00:00.000";"7.80";"94.17";"0.00";"0.00";"0.0"
"2023-03-09 01:00:00.000";"8.88";"93.50";"0.00";"0.00";"0.0"
"2023-03-09 02:00:00.000";"9.43";"92.67";"0.00";"0.00";"0.0"
"2023-03-09 03:00:00.000";"8.57";"94.17";"0.00";"0.00";"0.0"
"2023-03-09 04:00:00.000";"8.63";"95.00";"0.00";"0.00";"0.0"
"2023-03-09 05:00:00.000";"7.90";"95.33";"0.00";"0.67";"0.0"
"2023-03-09 06:00:00.000";"7.60";"95.83";"0.00";"1.00";"0.0"
"2023-03-09 07:00:00.000";"7.38";"96.00";"0.00";"1.00";"0.0"
"2023-03-09 08:00:00.000";"7.87";"95.67";"0.00";"1.00";"0.0"
"2023-03-09 09:00:00.000";"11.13";"87.50";"0.00";"0.00";"0.3"
"2023-03-09 10:00:00.000";"14.48";"71.83";"0.05";"0.00";"0.0"
"2023-03-09 11:00:00.000";"15.28";"70.00";"1.55";"0.00";"0.0"
"2023-03-09 12:00:00.000";"16.12";"69.50";"1.57";"0.00";"0.0"
"2023-03-09 13:00:00.000";"16.55";"68.67";"2.77";"0.00";"0.0"
"2023-03-09 14:00:00.000";"16.57";"64.00";"3.50";"0.00";"0.0"
"2023-03-09 15:00:00.000";"16.75";"55.33";"5.88";"0.00";"0.0"
"2023-03-09 16:00:00.000";"16.67";"61.17";"4.77";"0.00";"0.0"
"2023-03-09 17:00:00.000";"15.88";"63.50";"2.80";"0.00";"0.0"
"2023-03-09 18:00:00.000";"15.13";"67.00";"0.40";"0.00";"0.0"
"2023-03-09 19:00:00.000";"13.63";"76.00";"0.03";"0.00";"0.0"
"2023-03-09 20:00:00.000";"13.13";"79.33";"0.00";"0.00";"0.0"
"2023-03-09 21:00:00.000";"12.77";"81.67";"0.00";"0.00";"0.0"
"2023-03-09 22:00:00.000";"10.85";"90.83";"0.00";"0.00";"0.0"
"2023-03-09 23:00:00.000";"9.87";"94.50";"0.00";"0.00";"0.0"
"2023-03-10 00:00:00.000";"10.62";"95.00";"0.00";"0.00";"0.0"
"2023-03-10 01:00:00.000";"11.38";"95.00";"0.00";"0.00";"0.0"
"2023-03-10 02:00:00.000";"11.93";"95.00";"0.00";"0.00";"0.0"
"2023-03-10 03:00:00.000";"11.90";"94.17";"0.00";"0.00";"0.0"
"2023-03-10 04:00:00.000";"11.77";"94.50";"0.00";"0.00";"0.0"
"2023-03-10 05:00:00.000";"11.57";"95.00";"0.00";"0.00";"0.0"
"2023-03-10 06:00:00.000";"11.38";"95.00";"0.00";"0.00";"0.0"
"2023-03-10 07:00:00.000";"10.55";"95.00";"0.00";"0.00";"0.0"
"2023-03-10 08:00:00.000";"11.10";"95.00";"0.00";"0.00";"0.0"
"2023-03-10 09:00:00.000";"13.77";"86.50";"0.00";"0.00";"0.0"
"2023-03-10 10:00:00.000";"17.47";"72.67";"0.05";"0.00";"0.0"
"2023-03-10 11:00:00.000";"16.83";"75.00";"1.10";"0.00";"0.0"
"2023-03-10 12:00:00.000";"16.40";"78.00";"2.83";"0.00";"0.0"
"2023-03-10 13:00:00.000";"17.57";"75.00";"1.85";"0.00";"0.0"
"2023-03-10 14:00:00.000";"17.60";"74.50";"2.18";"0.00";"0.0"
"2023-03-10 15:00:00.000";"18.23";"69.83";"3.25";"0.00";"0.0"
"2023-03-10 16:00:00.000";"16.85";"73.00";"3.65";"0.00";"0.0"
"2023-03-10 17:00:00.000";"16.40";"74.50";"1.48";"0.00";"0.0"
"2023-03-10 18:00:00.000";"15.57";"79.33";"0.05";"0.00";"0.0"
"2023-03-10 19:00:00.000";"14.58";"84.17";"0.00";"0.00";"0.0"
"2023-03-10 20:00:00.000";"13.85";"88.33";"0.00";"0.00";"0.0"
"2023-03-10 21:00:00.000";"13.07";"91.67";"0.00";"0.00";"0.0"
"2023-03-10 22:00:00.000";"12.62";"92.33";"0.00";"0.00";"0.0"
"2023-03-10 23:00:00.000";"12.68";"93.17";"0.00";"0.00";"0.0"
"2023-03-11 00:00:00.000";"13.18";"92.83";"0.00";"0.00";"0.0"
"2023-03-11 01:00:00.000";"12.95";"93.50";"0.00";"0.00";"0.0"
"2023-03-11 02:00:00.000";"12.57";"94.50";"0.00";"0.00";"0.0"
"2023-03-11 03:00:00.000";"12.52";"95.83";"0.00";"0.00";"0.0"
"2023-03-11 04:00:00.000";"13.80";"94.50";"3.10";"0.00";"0.0"
"2023-03-11 05:00:00.000";"13.92";"92.83";"5.70";"0.00";"0.0"
"2023-03-11 06:00:00.000";"13.90";"94.50";"7.23";"0.83";"0.0"
"2023-03-11 07:00:00.000";"13.82";"94.17";"1.87";"1.00";"0.0"
"2023-03-11 08:00:00.000";"13.82";"93.33";"0.13";"0.00";"0.0"
"2023-03-11 09:00:00.000";"14.55";"89.50";"0.50";"0.00";"0.0"
"2023-03-11 10:00:00.000";"15.20";"85.83";"3.45";"0.00";"0.0"
"2023-03-11 11:00:00.000";"16.03";"81.00";"4.25";"0.00";"0.0"
"2023-03-11 12:00:00.000";"16.12";"80.67";"4.72";"0.00";"0.0"
"2023-03-11 13:00:00.000";"16.12";"80.67";"5.60";"0.00";"0.0"
"2023-03-11 14:00:00.000";"15.63";"82.83";"5.18";"0.00";"0.0"
"2023-03-11 15:00:00.000";"15.72";"80.33";"3.55";"0.00";"0.0"
"2023-03-11 16:00:00.000";"15.57";"77.67";"1.95";"0.00";"0.0"
"2023-03-11 17:00:00.000";"16.22";"72.00";"2.22";"0.00";"0.0"
"2023-03-11 18:00:00.000";"14.72";"77.67";"1.65";"0.00";"0.0"
"2023-03-11 19:00:00.000";"13.40";"84.17";"0.08";"0.00";"0.0"
"2023-03-11 20:00:00.000";"12.95";"86.67";"0.00";"0.00";"0.0"
"2023-03-11 21:00:00.000";"12.57";"90.50";"0.00";"0.67";"1.5"
"2023-03-11 22:00:00.000";"12.30";"95.17";"0.00";"1.00";"0.6"
"2023-03-11 23:00:00.000";"12.03";"96.00";"0.00";"1.00";"0.0"
"2023-03-12 00:00:00.000";"12.00";"96.00";"0.00";"1.00";"0.0"
"2023-03-12 01:00:00.000";"11.98";"96.00";"0.00";"1.00";"0.0"
"2023-03-12 02:00:00.000";"11.95";"96.00";"0.00";"1.00";"1.2"
"2023-03-12 03:00:00.000";"11.92";"96.00";"0.00";"1.00";"0.0"
"2023-03-12 04:00:00.000";"11.83";"96.00";"0.00";"1.00";"0.0"
"2023-03-12 05:00:00.000";"12.08";"97.00";"0.00";"1.00";"0.0"
"2023-03-12 06:00:00.000";"12.13";"97.00";"0.00";"1.00";"0.3"
"2023-03-12 07:00:00.000";"11.67";"97.00";"0.00";"1.00";"0.0"
"2023-03-12 08:00:00.000";"11.62";"97.00";"0.00";"1.00";"0.0"
"2023-03-12 09:00:00.000";"13.22";"96.83";"0.00";"1.00";"0.0"
"2023-03-12 10:00:00.000";"15.98";"84.83";"0.00";"0.17";"0.0"
"2023-03-12 11:00:00.000";"17.28";"82.17";"0.07";"0.00";"0.0"
"2023-03-12 12:00:00.000";"17.18";"80.83";"2.00";"0.00";"0.0"
"2023-03-12 13:00:00.000";"17.95";"75.83";"2.67";"0.00";"0.0"
"2023-03-12 14:00:00.000";"17.95";"72.17";"1.97";"0.00";"0.0"
"2023-03-12 15:00:00.000";"19.05";"68.67";"2.78";"0.00";"0.0"
"2023-03-12 16:00:00.000";"18.73";"72.50";"4.38";"0.00";"0.0"
"2023-03-12 17:00:00.000";"17.83";"66.17";"1.73";"0.00";"0.0"
"2023-03-12 18:00:00.000";"17.50";"58.67";"0.90";"0.00";"0.0"
"2023-03-12 19:00:00.000";"14.50";"69.67";"0.30";"0.00";"0.0"
"2023-03-12 20:00:00.000";"12.48";"80.33";"0.07";"0.00";"0.0"
"2023-03-12 21:00:00.000";"11.55";"82.17";"0.00";"0.00";"0.0"
"2023-03-12 22:00:00.000";"10.15";"81.83";"0.00";"0.00";"0.0"
"2023-03-12 23:00:00.000";"9.78";"81.50";"0.00";"0.00";"0.0"
"2023-03-13 00:00:00.000";"9.23";"81.83";"0.00";"0.00";"0.0"
"2023-03-13 01:00:00.000";"8.88";"82.83";"0.00";"0.00";"0.0"
"2023-03-13 02:00:00.000";"9.57";"83.50";"0.00";"0.00";"0.0"
"2023-03-13 03:00:00.000";"9.87";"83.00";"0.00";"0.00";"0.0"
"2023-03-13 04:00:00.000";"9.57";"83.00";"0.00";"0.00";"0.0"
"2023-03-13 05:00:00.000";"9.97";"75.33";"0.00";"0.00";"0.0"
"2023-03-13 06:00:00.000";"10.65";"66.33";"0.00";"0.00";"0.0"
"2023-03-13 07:00:00.000";"9.73";"64.50";"0.75";"0.00";"0.0"
"2023-03-13 08:00:00.000";"10.92";"58.50";"3.33";"0.00";"0.0"
"2023-03-13 09:00:00.000";"11.97";"52.83";"3.58";"0.00";"0.0"
"2023-03-13 10:00:00.000";"13.87";"45.67";"4.15";"0.00";"0.0"
"2023-03-13 11:00:00.000";"15.83";"41.17";"1.55";"0.00";"0.0"
"2023-03-13 12:00:00.000";"15.97";"51.83";"1.58";"0.00";"0.0"
"2023-03-13 13:00:00.000";"15.47";"53.33";"4.63";"0.00";"0.0"
"2023-03-13 14:00:00.000";"15.87";"47.67";"5.52";"0.00";"0.0"
"2023-03-13 15:00:00.000";"16.57";"46.33";"6.40";"0.00";"0.0"
"2023-03-13 16:00:00.000";"15.00";"50.83";"9.60";"0.00";"0.0"
"2023-03-13 17:00:00.000";"16.08";"43.00";"3.60";"0.00";"0.0"
"2023-03-13 18:00:00.000";"16.10";"39.83";"2.28";"0.00";"0.0"
"2023-03-13 19:00:00.000";"13.00";"51.83";"1.33";"0.00";"0.0"
"2023-03-13 20:00:00.000";"10.38";"62.83";"0.23";"0.00";"0.0"
"2023-03-13 21:00:00.000";"7.37";"72.00";"0.00";"0.00";"0.0"
"2023-03-13 22:00:00.000";"6.72";"75.50";"0.00";"0.00";"0.0"
"2023-03-13 23:00:00.000";"5.45";"78.50";"0.00";"0.00";"0.0"
"2023-03-14 00:00:00.000";"7.48";"67.83";"0.02";"0.00";"0.0"
"2023-03-14 01:00:00.000";"8.27";"52.17";"0.02";"0.00";"0.0"
"2023-03-14 02:00:00.000";"8.37";"42.33";"1.23";"0.00";"0.0"
"2023-03-14 03:00:00.000";"8.53";"36.50";"1.07";"0.00";"0.0"
"2023-03-14 04:00:00.000";"8.98";"30.00";"2.70";"0.00";"0.0"
"2023-03-14 05:00:00.000";"6.28";"38.00";"0.12";"0.00";"0.0"
"2023-03-14 06:00:00.000";"3.47";"48.83";"0.00";"0.00";"0.0"
"2023-03-14 07:00:00.000";"2.87";"52.67";"0.00";"0.00";"0.0"
"2023-03-14 08:00:00.000";"4.78";"50.83";"0.00";"0.00";"0.0"
"2023-03-14 09:00:00.000";"11.50";"48.00";"0.00";"0.00";"0.0"
"2023-03-14 10:00:00.000";"14.23";"54.83";"1.15";"0.00";"0.0"
"2023-03-14 11:00:00.000";"15.18";"52.50";"1.65";"0.00";"0.0"
"2023-03-14 12:00:00.000";"15.85";"51.50";"2.15";"0.00";"0.0"
"2023-03-14 13:00:00.000";"16.25";"47.83";"2.12";"0.00";"0.0"
"2023-03-14 14:00:00.000";"15.88";"41.83";"3.25";"0.00";"0.0"
"2023-03-14 15:00:00.000";"16.23";"41.83";"3.20";"0.00";"0.0"
"2023-03-14 16:00:00.000";"16.52";"40.00";"2.48";"0.00";"0.0"
"2023-03-14 17:00:00.000";"16.12";"34.17";"3.05";"0.00";"0.0"
"2023-03-14 18:00:00.000";"14.58";"46.83";"2.15";"0.00";"0.0"
"2023-03-14 19:00:00.000";"12.00";"59.83";"0.28";"0.00";"0.0"
"2023-03-14 20:00:00.000";"8.52";"72.67";"0.00";"0.00";"0.0"
"2023-03-14 21:00:00.000";"6.33";"80.67";"0.00";"0.00";"0.0"
"2023-03-14 22:00:00.000";"5.40";"87.17";"0.00";"0.17";"0.0"
"2023-03-14 23:00:00.000";"5.85";"88.67";"0.00";"1.00";"0.0"
"2023-03-15 00:00:00.000";"6.50";"86.33";"0.00";"0.00";"0.0"
"2023-03-15 01:00:00.000";"6.42";"88.83";"0.00";"0.17";"0.0"
"2023-03-15 02:00:00.000";"5.72";"93.33";"0.00";"1.00";"0.0"
"2023-03-15 03:00:00.000";"6.38";"94.33";"0.00";"1.00";"0.0"
"2023-03-15 04:00:00.000";"5.60";"94.83";"0.00";"1.00";"0.0"
"2023-03-15 05:00:00.000";"6.13";"95.00";"0.00";"1.00";"0.0"
"2023-03-15 06:00:00.000";"6.68";"95.00";"0.00";"1.00";"0.0"
"2023-03-15 07:00:00.000";"7.42";"95.00";"0.00";"1.00";"0.0"
"2023-03-15 08:00:00.000";"8.93";"95.50";"0.00";"1.00";"0.0"
"2023-03-15 09:00:00.000";"11.20";"93.33";"0.02";"0.00";"0.0"
"2023-03-15 10:00:00.000";"11.77";"91.67";"0.00";"0.00";"0.0"
"2023-03-15 11:00:00.000";"13.02";"90.33";"0.97";"0.00";"0.3"
"2023-03-15 12:00:00.000";"14.23";"89.17";"4.10";"0.00";"0.0"
"2023-03-15 13:00:00.000";"14.65";"91.33";"10.12";"0.67";"0.3"
"2023-03-15 14:00:00.000";"15.02";"88.33";"10.72";"0.17";"0.0"
"2023-03-15 15:00:00.000";"16.32";"76.33";"7.48";"0.00";"0.0"
"2023-03-15 16:00:00.000";"15.83";"68.17";"1.82";"0.00";"0.0"
"2023-03-15 17:00:00.000";"15.13";"71.33";"1.20";"0.00";"0.0"
"2023-03-15 18:00:00.000";"13.05";"78.50";"0.90";"0.17";"0.6"
"2023-03-15 19:00:00.000";"11.77";"83.67";"0.00";"0.00";"0.0"
"2023-03-15 20:00:00.000";"9.03";"91.17";"0.00";"0.83";"0.0"
"2023-03-15 21:00:00.000";"8.78";"91.00";"0.00";"0.00";"0.0"
"2023-03-15 22:00:00.000";"8.63";"90.83";"0.00";"0.17";"0.0"
"2023-03-15 23:00:00.000";"8.83";"93.00";"0.00";"0.50";"0.0"
"2023-03-16 00:00:00.000";"9.03";"93.83";"0.00";"0.67";"1.5"
"2023-03-16 01:00:00.000";"9.38";"95.00";"0.70";"1.00";"2.4"
"2023-03-16 02:00:00.000";"8.43";"95.00";"0.00";"1.00";"0.0"
"2023-03-16 03:00:00.000";"8.33";"95.67";"0.00";"1.00";"1.8"
"2023-03-16 04:00:00.000";"8.77";"96.00";"0.00";"1.00";"1.8"
"2023-03-16 05:00:00.000";"8.92";"96.00";"0.00";"1.00";"0.6"
"2023-03-16 06:00:00.000";"8.72";"96.00";"0.00";"1.00";"0.0"
"2023-03-16 07:00:00.000";"8.95";"96.00";"0.00";"1.00";"1.2"
"2023-03-16 08:00:00.000";"9.02";"96.00";"0.00";"1.00";"4.2"
"2023-03-16 09:00:00.000";"9.07";"95.67";"0.00";"1.00";"0.6"
"2023-03-16 10:00:00.000";"10.18";"94.83";"0.00";"1.00";"0.3"
"2023-03-16 11:00:00.000";"12.28";"89.83";"0.02";"1.00";"0.0"
"2023-03-16 12:00:00.000";"13.15";"77.33";"1.05";"0.00";"0.0"
"2023-03-16 13:00:00.000";"14.85";"70.67";"1.08";"0.00";"0.0"
"2023-03-16 14:00:00.000";"14.43";"71.50";"3.03";"0.00";"0.0"
"2023-03-16 15:00:00.000";"14.75";"71.00";"3.42";"0.00";"0.0"
"2023-03-16 16:00:00.000";"13.33";"75.00";"3.03";"0.00";"0.0"
"2023-03-16 17:00:00.000";"12.73";"77.67";"1.45";"0.00";"0.0"
"2023-03-16 18:00:00.000";"12.85";"77.17";"0.53";"0.00";"0.0"
"2023-03-16 19:00:00.000";"12.62";"77.17";"0.00";"0.00";"0.0"
"2023-03-16 20:00:00.000";"10.68";"85.00";"0.00";"0.00";"0.0"
"2023-03-16 21:00:00.000";"8.73";"90.00";"0.00";"0.00";"0.0"
"2023-03-16 22:00:00.000";"8.72";"91.50";"0.00";"0.00";"0.0"
"2023-03-16 23:00:00.000";"7.82";"93.83";"0.00";"0.00";"0.0"
"2023-03-17 00:00:00.000";"8.88";"94.83";"0.00";"0.00";"0.0"
"2023-03-17 01:00:00.000";"9.18";"93.83";"0.00";"0.00";"0.0"
"2023-03-17 02:00:00.000";"9.17";"94.00";"0.00";"0.00";"0.0"
"2023-03-17 03:00:00.000";"9.30";"94.67";"0.00";"0.00";"0.0"
"2023-03-17 04:00:00.000";"9.83";"95.00";"0.00";"0.50";"0.3"
"2023-03-17 05:00:00.000";"9.65";"95.00";"0.00";"1.00";"0.3"
"2023-03-17 06:00:00.000";"9.52";"96.00";"0.18";"1.00";"1.8"
"2023-03-17 07:00:00.000";"9.12";"96.00";"0.00";"1.00";"1.2"
"2023-03-17 08:00:00.000";"9.30";"96.00";"0.00";"1.00";"3.0"
"2023-03-17 09:00:00.000";"9.32";"96.00";"0.00";"1.00";"5.1"
"2023-03-17 10:00:00.000";"9.28";"95.83";"0.22";"1.00";"5.4"
"2023-03-17 11:00:00.000";"8.88";"95.17";"0.27";"1.00";"6.0"
"2023-03-17 12:00:00.000";"8.40";"93.17";"1.77";"1.00";"2.7"
"2023-03-17 13:00:00.000";"8.95";"91.67";"0.33";"1.00";"0.9"
"2023-03-17 14:00:00.000";"10.87";"87.17";"0.23";"1.00";"0.9"
"2023-03-17 15:00:00.000";"12.07";"73.83";"1.27";"0.00";"0.0"
"2023-03-17 16:00:00.000";"14.22";"62.00";"2.95";"0.00";"0.0"
"2023-03-17 17:00:00.000";"14.05";"47.17";"7.28";"0.00";"0.0"
"2023-03-17 18:00:00.000";"12.78";"49.33";"8.55";"0.00";"0.0"
"2023-03-17 19:00:00.000";"10.78";"55.67";"2.87";"0.00";"0.0"
"2023-03-17 20:00:00.000";"9.38";"61.00";"2.42";"0.00";"0.0"
"2023-03-17 21:00:00.000";"9.07";"59.83";"2.90";"0.00";"0.0"
"2023-03-17 22:00:00.000";"8.97";"59.50";"2.80";"0.00";"0.0"
"2023-03-17 23:00:00.000";"8.33";"61.00";"1.45";"0.00";"0.0"
"2023-03-18 00:00:00.000";"7.03";"64.67";"0.07";"0.00";"0.0"
"2023-03-18 01:00:00.000";"5.18";"71.17";"0.00";"0.00";"0.0"
"2023-03-18 02:00:00.000";"5.48";"68.83";"0.00";"0.00";"0.0"
"2023-03-18 03:00:00.000";"6.48";"65.50";"0.42";"0.00";"0.0"
"2023-03-18 04:00:00.000";"6.93";"63.00";"0.03";"0.00";"0.0"
"2023-03-18 05:00:00.000";"7.55";"60.17";"1.28";"0.00";"0.0"
"2023-03-18 06:00:00.000";"4.48";"70.00";"0.00";"0.00";"0.0"
"2023-03-18 07:00:00.000";"5.55";"68.00";"0.02";"0.00";"0.0"
"2023-03-18 08:00:00.000";"5.83";"67.67";"0.00";"0.00";"0.0"
"2023-03-18 09:00:00.000";"10.93";"51.67";"0.00";"0.00";"0.0"
"2023-03-18 10:00:00.000";"13.75";"44.50";"0.00";"0.00";"0.0"
"2023-03-18 11:00:00.000";"14.20";"47.67";"1.57";"0.00";"0.0"
"2023-03-18 12:00:00.000";"14.92";"48.83";"3.08";"0.00";"0.0"
"2023-03-18 13:00:00.000";"15.07";"43.67";"3.57";"0.00";"0.0"
"2023-03-18 14:00:00.000";"14.93";"44.17";"4.93";"0.00";"0.0"
"2023-03-18 15:00:00.000";"15.55";"41.83";"3.70";"0.00";"0.0"
"2023-03-18 16:00:00.000";"15.32";"40.50";"3.20";"0.00";"0.0"
"2023-03-18 17:00:00.000";"14.53";"42.33";"5.43";"0.00";"0.0"
"2023-03-18 18:00:00.000";"13.58";"48.50";"3.80";"0.00";"0.0"
"2023-03-18 19:00:00.000";"11.62";"59.00";"0.82";"0.00";"0.0"
"2023-03-18 20:00:00.000";"9.23";"69.50";"0.00";"0.00";"0.0"
"2023-03-18 21:00:00.000";"7.02";"77.67";"0.00";"0.00";"0.0"
"2023-03-18 22:00:00.000";"7.07";"79.83";"0.00";"0.00";"0.0"
"2023-03-18 23:00:00.000";"8.05";"76.17";"0.00";"0.00";"0.0"
"2023-03-19 00:00:00.000";"8.17";"76.50";"0.00";"0.00";"0.0"
"2023-03-19 01:00:00.000";"6.37";"80.83";"0.00";"0.00";"0.0"
"2023-03-19 02:00:00.000";"5.52";"85.67";"0.00";"0.00";"0.0"
"2023-03-19 03:00:00.000";"5.08";"83.00";"0.00";"0.00";"0.0"
"2023-03-19 04:00:00.000";"4.70";"88.50";"0.00";"0.00";"0.0"
"2023-03-19 05:00:00.000";"5.32";"85.50";"0.00";"0.00";"0.0"
"2023-03-19 06:00:00.000";"4.77";"87.33";"0.00";"0.00";"0.0"
"2023-03-19 07:00:00.000";"4.82";"83.67";"0.00";"0.00";"0.0"
"2023-03-19 08:00:00.000";"6.33";"73.00";"0.00";"0.00";"0.0"
"2023-03-19 09:00:00.000";"11.27";"51.83";"0.00";"0.00";"0.0"
"2023-03-19 10:00:00.000";"14.43";"45.67";"0.00";"0.00";"0.0"
"2023-03-19 11:00:00.000";"15.45";"54.00";"1.68";"0.00";"0.0"
"2023-03-19 12:00:00.000";"14.58";"58.00";"0.93";"0.00";"0.0"
"2023-03-19 13:00:00.000";"15.33";"53.67";"2.92";"0.00";"0.0"
"2023-03-19 14:00:00.000";"15.37";"49.33";"3.22";"0.00";"0.0"
"2023-03-19 15:00:00.000";"16.03";"43.67";"3.05";"0.00";"0.0"
"2023-03-19 16:00:00.000";"16.82";"43.67";"2.03";"0.00";"0.0"
"2023-03-19 17:00:00.000";"16.25";"39.67";"2.73";"0.00";"0.0"
"2023-03-19 18:00:00.000";"15.67";"38.33";"1.05";"0.00";"0.0"
"2023-03-19 19:00:00.000";"12.97";"49.00";"0.00";"0.00";"0.0"
"2023-03-19 20:00:00.000";"8.88";"62.83";"0.00";"0.00";"0.0"
"2023-03-19 21:00:00.000";"7.47";"66.33";"0.00";"0.00";"0.0"
"2023-03-19 22:00:00.000";"5.93";"74.67";"0.00";"0.00";"0.0"
"2023-03-19 23:00:00.000";"5.92";"76.83";"0.00";"0.00";"0.0"
"2023-03-20 00:00:00.000";"5.40";"85.00";"0.00";"0.00";"0.0"
"2023-03-20 01:00:00.000";"4.93";"89.67";"0.00";"0.00";"0.0"
"2023-03-20 02:00:00.000";"4.78";"92.67";"0.00";"0.00";"0.0"
"2023-03-20 03:00:00.000";"4.75";"93.00";"0.00";"0.00";"0.0"
"2023-03-20 04:00:00.000";"4.85";"91.67";"0.00";"0.00";"0.0"
"2023-03-20 05:00:00.000";"4.25";"87.33";"0.00";"0.00";"0.0"
"2023-03-20 06:00:00.000";"3.98";"90.33";"0.00";"0.00";"0.0"
"2023-03-20 07:00:00.000";"4.12";"90.17";"0.00";"0.00";"0.0"
"2023-03-20 08:00:00.000";"7.03";"82.50";"0.00";"0.00";"0.0"
"2023-03-20 09:00:00.000";"13.57";"60.33";"0.07";"0.00";"0.0"
"2023-03-20 10:00:00.000";"14.65";"57.00";"0.03";"0.00";"0.0"
"2023-03-20 11:00:00.000";"15.93";"51.67";"0.15";"0.00";"0.0"
"2023-03-20 12:00:00.000";"16.88";"49.50";"0.32";"0.00";"0.0"
"2023-03-20 13:00:00.000";"17.90";"47.83";"0.25";"0.00";"0.0"
"2023-03-20 14:00:00.000";"17.82";"49.00";"0.27";"0.00";"0.0"
"2023-03-20 15:00:00.000";"18.35";"47.50";"1.12";"0.00";"0.0"
"2023-03-20 16:00:00.000";"17.20";"50.00";"1.53";"0.00";"0.0"
"2023-03-20 17:00:00.000";"17.10";"53.00";"2.58";"0.00";"0.0"
"2023-03-20 18:00:00.000";"18.00";"48.50";"0.00";"0.00";"0.0"
"2023-03-20 19:00:00.000";"14.27";"70.00";"0.00";"0.00";"0.0"
"2023-03-20 20:00:00.000";"11.13";"80.33";"0.00";"0.00";"0.0"
"2023-03-20 21:00:00.000";"9.50";"88.00";"0.00";"0.00";"0.0"
"2023-03-20 22:00:00.000";"8.15";"88.83";"0.00";"0.00";"0.0"
"2023-03-20 23:00:00.000";"7.53";"84.83";"0.00";"0.00";"0.0"
"2023-03-21 00:00:00.000";"7.03";"80.67";"0.00";"0.00";"0.0"
"2023-03-21 01:00:00.000";"7.00";"78.17";"0.00";"0.00";"0.0"
"2023-03-21 02:00:00.000";"7.15";"81.33";"0.00";"0.00";"0.0"
"2023-03-21 03:00:00.000";"7.95";"75.83";"0.00";"0.00";"0.0"
"2023-03-21 04:00:00.000";"7.18";"79.83";"0.00";"0.00";"0.0"
"2023-03-21 05:00:00.000";"7.07";"84.50";"0.00";"0.00";"0.0"
"2023-03-21 06:00:00.000";"8.40";"82.33";"0.00";"0.00";"0.0"
"2023-03-21 07:00:00.000";"8.55";"77.17";"0.00";"0.00";"0.0"
"2023-03-21 08:00:00.000";"9.42";"74.17";"0.00";"0.00";"0.0"
"2023-03-21 09:00:00.000";"11.27";"69.17";"0.00";"0.00";"0.0"
"2023-03-21 10:00:00.000";"13.50";"59.33";"0.10";"0.00";"0.0"
"2023-03-21 11:00:00.000";"15.83";"51.67";"0.13";"0.00";"0.0"
"2023-03-21 12:00:00.000";"16.37";"56.00";"0.67";"0.00";"0.0"
"2023-03-21 13:00:00.000";"14.52";"64.83";"1.30";"0.00";"0.0"
"2023-03-21 14:00:00.000";"14.92";"64.33";"1.28";"0.00";"0.0"
"2023-03-21 15:00:00.000";"15.50";"61.83";"0.38";"0.00";"0.0"
"2023-03-21 16:00:00.000";"14.98";"67.17";"0.02";"0.00";"0.0"
"2023-03-21 17:00:00.000";"15.07";"64.50";"0.05";"0.00";"0.0"
"2023-03-21 18:00:00.000";"14.30";"66.50";"0.23";"0.00";"0.0"
"2023-03-21 19:00:00.000";"13.78";"60.33";"0.00";"0.00";"0.0"
"2023-03-21 20:00:00.000";"13.30";"51.00";"0.00";"0.00";"0.0"
"2023-03-21 21:00:00.000";"13.60";"57.17";"0.72";"0.00";"0.0"
"2023-03-21 22:00:00.000";"11.18";"70.17";"0.00";"0.00";"0.0"
"2023-03-21 23:00:00.000";"8.78";"75.50";"0.00";"0.00";"0.0"
"2023-03-22 00:00:00.000";"7.13";"79.33";"0.00";"0.00";"0.0"
"2023-03-22 01:00:00.000";"6.17";"86.67";"0.00";"0.00";"0.0"
"2023-03-22 02:00:00.000";"6.40";"82.83";"0.00";"0.00";"0.0"
"2023-03-22 03:00:00.000";"6.25";"76.67";"0.00";"0.00";"0.0"
"2023-03-22 04:00:00.000";"4.65";"81.67";"0.00";"0.00";"0.0"
"2023-03-22 05:00:00.000";"5.23";"77.33";"0.00";"0.00";"0.0"
"2023-03-22 06:00:00.000";"6.17";"72.83";"0.00";"0.00";"0.0"
"2023-03-22 07:00:00.000";"6.65";"72.50";"0.00";"0.00";"0.0"
"2023-03-22 08:00:00.000";"8.48";"67.17";"0.00";"0.00";"0.0"
"2023-03-22 09:00:00.000";"13.18";"56.67";"0.00";"0.00";"0.0"
"2023-03-22 10:00:00.000";"15.17";"57.83";"0.28";"0.00";"0.0"
"2023-03-22 11:00:00.000";"17.98";"49.50";"0.10";"0.00";"0.0"
"2023-03-22 12:00:00.000";"18.62";"47.67";"0.50";"0.00";"0.0"
"2023-03-22 13:00:00.000";"18.85";"48.00";"1.10";"0.00";"0.0"
"2023-03-22 14:00:00.000";"19.32";"49.17";"2.43";"0.00";"0.0"
"2023-03-22 15:00:00.000";"19.13";"54.00";"4.17";"0.00";"0.0"
"2023-03-22 16:00:00.000";"20.10";"53.83";"2.73";"0.00";"0.0"
"2023-03-22 17:00:00.000";"17.82";"56.33";"2.48";"0.00";"0.0"
"2023-03-22 18:00:00.000";"18.32";"54.50";"0.18";"0.00";"0.0"
"2023-03-22 19:00:00.000";"15.77";"60.50";"0.00";"0.00";"0.0"
"2023-03-22 20:00:00.000";"11.50";"71.17";"0.00";"0.00";"0.0"
"2023-03-22 21:00:00.000";"9.70";"75.67";"0.00";"0.00";"0.0"
"2023-03-22 22:00:00.000";"8.80";"76.83";"0.00";"0.00";"0.0"
"2023-03-22 23:00:00.000";"8.05";"79.00";"0.00";"0.00";"0.0"
"2023-03-23 00:00:00.000";"8.75";"78.17";"0.00";"0.00";"0.0"
"2023-03-23 01:00:00.000";"9.45";"77.17";"0.00";"0.00";"0.0"
"2023-03-23 02:00:00.000";"8.68";"76.33";"0.00";"0.00";"0.0"
"2023-03-23 03:00:00.000";"9.77";"69.83";"0.03";"0.00";"0.0"
"2023-03-23 04:00:00.000";"10.10";"65.67";"0.22";"0.00";"0.0"
"2023-03-23 05:00:00.000";"12.27";"56.83";"1.53";"0.00";"0.0"
"2023-03-23 06:00:00.000";"9.82";"63.17";"0.00";"0.00";"0.0"
"2023-03-23 07:00:00.000";"8.65";"66.50";"0.00";"0.00";"0.0"
"2023-03-23 08:00:00.000";"9.05";"68.17";"0.00";"0.00";"0.0"
"2023-03-23 09:00:00.000";"14.67";"52.83";"0.00";"0.00";"0.0"
"2023-03-23 10:00:00.000";"17.17";"47.83";"0.07";"0.00";"0.0"
"2023-03-23 11:00:00.000";"17.28";"48.50";"1.97";"0.00";"0.0"
"2023-03-23 12:00:00.000";"17.90";"55.50";"4.08";"0.00";"0.0"
"2023-03-23 13:00:00.000";"17.13";"57.17";"3.00";"0.00";"0.0"
"2023-03-23 14:00:00.000";"17.35";"49.67";"2.37";"0.00";"0.0"
"2023-03-23 15:00:00.000";"17.55";"47.83";"1.57";"0.00";"0.0"
"2023-03-23 16:00:00.000";"17.73";"49.00";"1.10";"0.00";"0.0"
"2023-03-23 17:00:00.000";"17.95";"49.00";"1.42";"0.00";"0.0"
"2023-03-23 18:00:00.000";"15.63";"62.50";"0.68";"0.00";"0.0"
"2023-03-23 19:00:00.000";"14.20";"65.33";"0.03";"0.00";"0.0"
"2023-03-23 20:00:00.000";"12.68";"70.67";"0.00";"0.00";"0.0"
"2023-03-23 21:00:00.000";"12.42";"73.50";"0.00";"0.00";"0.0"
"2023-03-23 22:00:00.000";"10.88";"78.50";"0.00";"0.00";"0.0"
"2023-03-23 23:00:00.000";"10.23";"73.00";"0.03";"0.00";"0.0"
"2023-03-24 00:00:00.000";"10.30";"66.83";"0.00";"0.00";"0.0"
"2023-03-24 01:00:00.000";"11.43";"61.67";"0.03";"0.00";"0.0"
"2023-03-24 02:00:00.000";"10.20";"64.33";"0.00";"0.00";"0.0"
"2023-03-24 03:00:00.000";"10.33";"63.50";"0.00";"0.00";"0.0"
"2023-03-24 04:00:00.000";"10.12";"63.17";"0.00";"0.00";"0.0"
"2023-03-24 05:00:00.000";"10.12";"61.67";"0.25";"0.00";"0.0"
"2023-03-24 06:00:00.000";"10.22";"60.33";"0.45";"0.00";"0.0"
"2023-03-24 07:00:00.000";"10.52";"57.17";"0.58";"0.00";"0.0"
"2023-03-24 08:00:00.000";"12.07";"52.83";"0.05";"0.00";"0.0"
"2023-03-24 09:00:00.000";"15.93";"42.67";"0.20";"0.00";"0.0"
"2023-03-24 10:00:00.000";"17.53";"42.33";"0.53";"0.00";"0.0"
"2023-03-24 11:00:00.000";"18.35";"49.50";"3.00";"0.00";"0.0"
"2023-03-24 12:00:00.000";"16.92";"59.17";"6.37";"0.00";"0.0"
"2023-03-24 13:00:00.000";"17.57";"56.17";"4.55";"0.00";"0.0"
"2023-03-24 14:00:00.000";"17.92";"50.83";"3.17";"0.00";"0.0"
"2023-03-24 15:00:00.000";"18.17";"54.83";"4.12";"0.00";"0.0"
"2023-03-24 16:00:00.000";"19.47";"46.83";"3.10";"0.00";"0.0"
"2023-03-24 17:00:00.000";"19.03";"44.50";"3.02";"0.00";"0.0"
"2023-03-24 18:00:00.000";"18.38";"48.67";"1.10";"0.00";"0.0"
"2023-03-24 19:00:00.000";"15.28";"63.50";"0.20";"0.00";"0.0"
"2023-03-24 20:00:00.000";"11.95";"79.50";"0.00";"0.00";"0.0"
"2023-03-24 21:00:00.000";"9.90";"87.50";"0.00";"0.00";"0.0"
"2023-03-24 22:00:00.000";"8.52";"91.00";"0.00";"0.00";"0.0"
"2023-03-24 23:00:00.000";"7.58";"92.83";"0.00";"0.00";"0.0"
"2023-03-25 00:00:00.000";"7.07";"93.00";"0.00";"0.00";"0.0"
"2023-03-25 01:00:00.000";"6.97";"93.33";"0.00";"0.00";"0.0"
"2023-03-25 02:00:00.000";"7.10";"92.83";"0.00";"0.00";"0.0"
"2023-03-25 03:00:00.000";"9.45";"82.83";"0.00";"0.00";"0.0"
"2023-03-25 04:00:00.000";"7.65";"84.00";"0.00";"0.00";"0.0"
"2023-03-25 05:00:00.000";"6.22";"90.83";"0.00";"0.00";"0.0"
"2023-03-25 06:00:00.000";"8.13";"93.50";"0.00";"0.00";"0.0"
"2023-03-25 07:00:00.000";"6.40";"93.00";"0.00";"0.00";"0.0"
"2023-03-25 08:00:00.000";"8.23";"89.83";"0.00";"0.00";"0.0"
"2023-03-25 09:00:00.000";"13.52";"73.17";"0.25";"0.00";"0.0"
"2023-03-25 10:00:00.000";"16.65";"56.67";"0.53";"0.00";"0.0"
"2023-03-25 11:00:00.000";"18.73";"46.17";"1.85";"0.00";"0.0"
"2023-03-25 12:00:00.000";"17.90";"59.33";"7.82";"0.00";"0.0"
"2023-03-25 13:00:00.000";"17.82";"59.17";"8.02";"0.00";"0.0"
"2023-03-25 14:00:00.000";"18.95";"52.83";"4.60";"0.00";"0.0"
"2023-03-25 15:00:00.000";"18.45";"58.00";"5.82";"0.00";"0.0"
"2023-03-25 16:00:00.000";"17.75";"61.83";"6.47";"0.00";"0.0"
"2023-03-25 17:00:00.000";"17.82";"57.17";"2.90";"0.00";"0.0"
"2023-03-25 18:00:00.000";"16.10";"59.00";"1.68";"0.00";"0.0"
"2023-03-25 19:00:00.000";"13.70";"72.00";"0.13";"0.00";"0.0"
"2023-03-25 20:00:00.000";"10.82";"81.50";"0.00";"0.00";"0.0"
"2023-03-25 21:00:00.000";"10.35";"90.17";"0.00";"0.00";"0.0"
"2023-03-25 22:00:00.000";"11.00";"93.00";"0.00";"0.00";"0.0"
"2023-03-25 23:00:00.000";"10.75";"93.50";"0.00";"0.00";"0.0"
"2023-03-26 00:00:00.000";"10.12";"94.67";"0.00";"0.50";"0.0"
"2023-03-26 01:00:00.000";"9.17";"95.00";"0.00";"1.00";"0.0"
"2023-03-26 02:00:00.000";"8.72";"95.00";"0.00";"1.00";"0.0"
"2023-03-26 04:00:00.000";"8.03";"95.00";"0.00";"1.00";"0.0"
"2023-03-26 05:00:00.000";"8.55";"96.00";"0.00";"1.00";"0.0"
"2023-03-26 06:00:00.000";"7.18";"95.67";"0.00";"1.00";"0.0"
"2023-03-26 07:00:00.000";"8.53";"96.00";"0.00";"1.00";"0.3"
"2023-03-26 08:00:00.000";"9.23";"96.00";"0.00";"1.00";"0.0"
"2023-03-26 09:00:00.000";"10.15";"96.00";"0.00";"1.00";"0.0"
"2023-03-26 10:00:00.000";"13.38";"83.00";"0.62";"0.33";"0.0"
"2023-03-26 11:00:00.000";"17.65";"56.33";"5.27";"0.00";"0.0"
"2023-03-26 12:00:00.000";"19.55";"44.33";"4.80";"0.00";"0.0"
"2023-03-26 13:00:00.000";"20.10";"43.83";"3.60";"0.00";"0.0"
"2023-03-26 14:00:00.000";"20.03";"51.00";"3.92";"0.00";"0.0"
"2023-03-26 15:00:00.000";"20.02";"49.67";"3.52";"0.00";"0.0"
"2023-03-26 16:00:00.000";"20.07";"51.33";"3.30";"0.00";"0.0"
"2023-03-26 17:00:00.000";"19.80";"55.33";"2.58";"0.00";"0.0"
"2023-03-26 18:00:00.000";"18.90";"55.33";"5.23";"0.00";"0.0"
"2023-03-26 19:00:00.000";"17.90";"54.50";"2.50";"0.00";"0.0"
"2023-03-26 20:00:00.000";"15.13";"66.00";"0.67";"0.00";"0.0"
"2023-03-26 21:00:00.000";"12.87";"80.67";"0.03";"0.00";"0.0"
"2023-03-26 22:00:00.000";"11.67";"90.67";"0.00";"0.00";"0.0"
"2023-03-26 23:00:00.000";"11.30";"93.50";"0.00";"0.00";"0.0"
"2023-03-27 00:00:00.000";"11.02";"95.00";"0.00";"0.67";"0.0"
"2023-03-27 01:00:00.000";"11.27";"95.00";"0.00";"1.00";"0.0"
"2023-03-27 02:00:00.000";"9.88";"95.00";"0.00";"1.00";"0.0"
"2023-03-27 03:00:00.000";"9.37";"95.00";"0.00";"1.00";"0.0"
"2023-03-27 04:00:00.000";"9.48";"95.50";"0.00";"1.00";"0.0"
"2023-03-27 05:00:00.000";"10.40";"96.00";"0.00";"1.00";"0.0"
"2023-03-27 06:00:00.000";"10.32";"96.00";"0.00";"1.00";"0.0"
"2023-03-27 07:00:00.000";"10.17";"96.00";"0.00";"1.00";"0.0"
"2023-03-27 08:00:00.000";"9.52";"96.00";"0.00";"1.00";"0.0"
"2023-03-27 09:00:00.000";"10.37";"96.00";"0.00";"0.67";"0.0"
"2023-03-27 10:00:00.000";"13.13";"87.00";"0.00";"0.00";"0.0"
"2023-03-27 11:00:00.000";"15.63";"81.17";"0.17";"0.00";"0.0"
"2023-03-27 12:00:00.000";"18.28";"71.00";"0.75";"0.00";"0.0"
"2023-03-27 13:00:00.000";"17.95";"72.00";"6.48";"0.00";"0.0"
"2023-03-27 14:00:00.000";"18.22";"71.33";"7.90";"0.00";"0.0"
"2023-03-27 15:00:00.000";"18.12";"71.83";"9.25";"0.00";"0.0"
"2023-03-27 16:00:00.000";"17.08";"77.67";"8.33";"0.00";"0.0"
"2023-03-27 17:00:00.000";"16.08";"82.17";"7.27";"0.00";"0.0"
"2023-03-27 18:00:00.000";"15.83";"82.83";"8.28";"0.00";"0.0"
"2023-03-27 19:00:00.000";"15.48";"83.50";"4.85";"0.00";"0.0"
"2023-03-27 20:00:00.000";"15.07";"82.33";"2.93";"0.00";"0.0"
"2023-03-27 21:00:00.000";"13.35";"85.17";"0.15";"0.00";"0.0"
"2023-03-27 22:00:00.000";"11.50";"86.67";"0.02";"0.00";"0.0"
"2023-03-27 23:00:00.000";"9.13";"91.50";"0.00";"0.00";"0.0"
"2023-03-28 00:00:00.000";"10.92";"93.67";"0.12";"0.00";"0.0"
"2023-03-28 01:00:00.000";"13.48";"88.33";"2.57";"0.00";"0.0"
"2023-03-28 02:00:00.000";"13.68";"86.00";"5.57";"0.00";"0.0"
"2023-03-28 03:00:00.000";"11.68";"87.50";"0.68";"0.17";"0.3"
"2023-03-28 04:00:00.000";"10.92";"84.17";"0.30";"0.00";"0.0"
"2023-03-28 05:00:00.000";"10.08";"84.00";"0.12";"0.00";"0.0"
"2023-03-28 06:00:00.000";"9.65";"82.83";"0.08";"0.00";"0.0"
"2023-03-28 07:00:00.000";"7.77";"86.33";"0.00";"0.00";"0.0"
"2023-03-28 08:00:00.000";"6.73";"89.83";"0.00";"0.33";"0.0"
"2023-03-28 09:00:00.000";"9.40";"86.50";"0.45";"0.67";"1.2"
"2023-03-28 10:00:00.000";"8.93";"90.67";"5.10";"1.00";"2.1"
"2023-03-28 11:00:00.000";"10.38";"94.83";"0.00";"1.00";"0.3"
"2023-03-28 12:00:00.000";"11.50";"87.33";"1.37";"0.67";"0.9"
"2023-03-28 13:00:00.000";"14.07";"77.33";"5.87";"0.00";"0.0"
"2023-03-28 14:00:00.000";"14.30";"71.33";"10.37";"0.00";"0.0"
"2023-03-28 15:00:00.000";"14.83";"63.33";"10.80";"0.00";"0.0"
"2023-03-28 16:00:00.000";"14.85";"61.83";"10.83";"0.00";"0.0"
"2023-03-28 17:00:00.000";"13.98";"55.33";"10.05";"0.00";"0.0"
"2023-03-28 18:00:00.000";"13.77";"43.00";"10.92";"0.00";"0.0"
"2023-03-28 19:00:00.000";"12.68";"40.00";"10.50";"0.00";"0.0"
"2023-03-28 20:00:00.000";"10.87";"41.67";"6.30";"0.00";"0.0"
"2023-03-28 21:00:00.000";"9.75";"46.50";"7.40";"0.00";"0.0"
"2023-03-28 22:00:00.000";"9.53";"46.83";"5.83";"0.00";"0.0"
"2023-03-28 23:00:00.000";"9.52";"44.50";"6.90";"0.00";"0.0"
"2023-03-29 00:00:00.000";"9.52";"45.17";"6.93";"0.00";"0.0"
"2023-03-29 01:00:00.000";"9.27";"42.33";"6.63";"0.00";"0.0"
"2023-03-29 02:00:00.000";"8.65";"43.67";"4.73";"0.00";"0.0"
"2023-03-29 03:00:00.000";"7.03";"43.00";"1.82";"0.00";"0.0"
"2023-03-29 04:00:00.000";"6.17";"47.00";"1.67";"0.00";"0.0"
"2023-03-29 05:00:00.000";"2.58";"62.00";"0.00";"0.00";"0.0"
"2023-03-29 06:00:00.000";"3.35";"59.83";"0.05";"0.00";"0.0"
"2023-03-29 07:00:00.000";"2.85";"61.50";"0.15";"0.00";"0.0"
"2023-03-29 08:00:00.000";"1.97";"61.33";"0.00";"0.00";"0.0"
"2023-03-29 09:00:00.000";"5.68";"42.33";"1.57";"0.00";"0.0"
"2023-03-29 10:00:00.000";"9.08";"29.33";"2.28";"0.00";"0.0"
"2023-03-29 11:00:00.000";"10.57";"28.67";"8.17";"0.00";"0.0"
"2023-03-29 12:00:00.000";"11.45";"28.00";"10.12";"0.00";"0.0"
"2023-03-29 13:00:00.000";"11.93";"28.50";"9.80";"0.00";"0.0"
"2023-03-29 14:00:00.000";"12.18";"26.00";"8.80";"0.00";"0.0"
"2023-03-29 15:00:00.000";"12.77";"24.17";"11.25";"0.00";"0.0"
"2023-03-29 16:00:00.000";"13.08";"25.17";"8.87";"0.00";"0.0"
"2023-03-29 17:00:00.000";"13.35";"23.67";"8.67";"0.00";"0.0"
"2023-03-29 18:00:00.000";"13.18";"24.17";"6.93";"0.00";"0.0"
"2023-03-29 19:00:00.000";"12.28";"30.00";"6.17";"0.00";"0.0"
"2023-03-29 20:00:00.000";"11.12";"41.67";"4.38";"0.00";"0.0"
"2023-03-29 21:00:00.000";"9.43";"50.17";"3.15";"0.00";"0.0"
"2023-03-29 22:00:00.000";"8.73";"52.17";"2.42";"0.00";"0.0"
"2023-03-29 23:00:00.000";"8.63";"49.33";"2.43";"0.00";"0.0"
"2023-03-30 00:00:00.000";"8.30";"52.33";"2.20";"0.00";"0.0"
"2023-03-30 01:00:00.000";"8.93";"54.83";"4.00";"0.00";"0.0"
"2023-03-30 02:00:00.000";"8.22";"58.17";"1.10";"0.00";"0.0"
"2023-03-30 03:00:00.000";"6.95";"62.67";"0.83";"0.00";"0.0"
"2023-03-30 04:00:00.000";"7.50";"60.33";"0.92";"0.00";"0.0"
"2023-03-30 05:00:00.000";"6.08";"66.17";"0.00";"0.00";"0.0"
"2023-03-30 06:00:00.000";"6.70";"67.67";"0.00";"0.00";"0.0"
"2023-03-30 07:00:00.000";"7.28";"65.83";"0.22";"0.00";"0.0"
"2023-03-30 08:00:00.000";"7.80";"64.17";"1.23";"0.00";"0.0"
"2023-03-30 09:00:00.000";"9.40";"59.17";"1.42";"0.00";"0.0"
"2023-03-30 10:00:00.000";"11.55";"53.50";"3.68";"0.00";"0.0"
"2023-03-30 11:00:00.000";"12.97";"48.17";"6.47";"0.00";"0.0"
"2023-03-30 12:00:00.000";"14.12";"47.00";"6.82";"0.00";"0.0"
"2023-03-30 13:00:00.000";"15.30";"46.00";"4.58";"0.00";"0.0"
"2023-03-30 14:00:00.000";"15.73";"44.67";"4.55";"0.00";"0.0"
"2023-03-30 15:00:00.000";"15.88";"48.33";"4.60";"0.00";"0.0"
"2023-03-30 16:00:00.000";"16.40";"48.50";"6.33";"0.00";"0.0"
"2023-03-30 17:00:00.000";"16.30";"48.83";"4.30";"0.00";"0.0"
"2023-03-30 18:00:00.000";"16.15";"49.17";"3.78";"0.00";"0.0"
"2023-03-30 19:00:00.000";"14.32";"59.17";"2.37";"0.00";"0.0"
"2023-03-30 20:00:00.000";"13.20";"62.00";"0.40";"0.00";"0.0"
"2023-03-30 21:00:00.000";"10.80";"72.00";"0.02";"0.00";"0.0"
"2023-03-30 22:00:00.000";"8.73";"80.83";"0.00";"0.00";"0.0"
"2023-03-30 23:00:00.000";"8.33";"85.17";"0.00";"0.00";"0.0"
"2023-03-31 00:00:00.000";"8.05";"90.83";"0.00";"0.00";"0.0"
"2023-03-31 01:00:00.000";"8.30";"93.00";"0.00";"0.00";"0.0"
"2023-03-31 02:00:00.000";"8.12";"93.67";"0.00";"0.50";"0.0"
"2023-03-31 03:00:00.000";"7.52";"94.00";"0.00";"1.00";"0.0"
"2023-03-31 04:00:00.000";"7.22";"95.00";"0.00";"1.00";"0.0"
"2023-03-31 05:00:00.000";"7.88";"94.67";"0.00";"1.00";"0.0"
"2023-03-31 06:00:00.000";"7.98";"94.33";"0.00";"1.00";"0.0"
"2023-03-31 07:00:00.000";"6.75";"94.00";"0.00";"1.00";"0.0"
"2023-03-31 08:00:00.000";"6.72";"94.33";"0.00";"1.00";"0.0"
"2023-03-31 09:00:00.000";"8.58";"94.17";"0.00";"0.67";"0.0"
"2023-03-31 10:00:00.000";"12.32";"81.00";"0.15";"0.00";"0.0"
"2023-03-31 11:00:00.000";"14.50";"71.67";"1.02";"0.00";"0.0"
"2023-03-31 12:00:00.000";"15.98";"64.00";"2.25";"0.00";"0.0"
"2023-03-31 13:00:00.000";"16.32";"63.67";"2.27";"0.00";"0.0"
"2023-03-31 14:00:00.000";"16.77";"66.17";"4.38";"0.00";"0.0"
"2023-03-31 15:00:00.000";"16.85";"65.33";"5.18";"0.00";"0.0"
"2023-03-31 16:00:00.000";"17.28";"63.33";"5.50";"0.00";"0.0"
"2023-03-31 17:00:00.000";"15.58";"71.67";"4.87";"0.00";"0.0"
"2023-03-31 18:00:00.000";"15.02";"74.83";"4.07";"0.00";"0.0"
"2023-03-31 19:00:00.000";"14.28";"77.00";"3.32";"0.00";"0.0"
"2023-03-31 20:00:00.000";"13.63";"78.83";"2.53";"0.00";"0.0"
"2023-03-31 21:00:00.000";"12.78";"82.67";"0.20";"0.00";"0.0"
"2023-03-31 22:00:00.000";"11.25";"85.67";"0.00";"0.00";"0.0"
"2023-03-31 23:00:00.000";"10.50";"88.83";"0.00";"0.00";"0.0"
"2023-04-01 00:00:00.000";"10.93";"90.00";"0.00";"0.00";"0.0"
"2023-04-01 01:00:00.000";"10.45";"90.83";"0.00";"0.00";"0.0"
"2023-04-01 02:00:00.000";"9.77";"93.33";"0.00";"0.00";"0.0"
"2023-04-01 03:00:00.000";"9.57";"94.50";"0.00";"0.00";"0.0"
"2023-04-01 04:00:00.000";"10.25";"95.00";"0.00";"0.00";"0.0"
"2023-04-01 05:00:00.000";"10.23";"95.00";"0.00";"0.00";"0.0"
"2023-04-01 06:00:00.000";"11.00";"95.00";"0.00";"0.00";"0.0"
"2023-04-01 07:00:00.000";"11.18";"95.00";"0.00";"0.00";"0.0"
"2023-04-01 08:00:00.000";"10.32";"95.00";"0.00";"0.00";"0.0"
"2023-04-01 09:00:00.000";"12.18";"92.67";"0.00";"0.00";"0.0"
"2023-04-01 10:00:00.000";"15.08";"83.00";"0.30";"0.00";"0.0"
"2023-04-01 11:00:00.000";"16.23";"80.00";"0.73";"0.00";"0.0"
"2023-04-01 12:00:00.000";"17.35";"75.33";"4.72";"0.00";"0.0"
"2023-04-01 13:00:00.000";"18.23";"70.17";"8.15";"0.00";"0.0"
"2023-04-01 14:00:00.000";"17.95";"74.00";"7.77";"0.00";"0.0"
"2023-04-01 15:00:00.000";"17.40";"76.00";"7.12";"0.00";"0.0"
"2023-04-01 16:00:00.000";"17.37";"75.50";"7.12";"0.00";"0.0"
"2023-04-01 17:00:00.000";"17.77";"73.83";"4.50";"0.00";"0.0"
"2023-04-01 18:00:00.000";"17.50";"73.33";"3.47";"0.00";"0.0"
"2023-04-01 19:00:00.000";"15.90";"80.50";"3.42";"0.00";"0.0"
"2023-04-01 20:00:00.000";"15.00";"83.83";"1.62";"0.00";"0.0"
"2023-04-01 21:00:00.000";"14.48";"85.83";"0.10";"0.00";"0.0"
"2023-04-01 22:00:00.000";"14.40";"87.50";"0.12";"0.00";"0.0"
"2023-04-01 23:00:00.000";"13.38";"89.67";"0.00";"0.00";"0.0"
"2023-04-02 00:00:00.000";"11.93";"91.50";"0.00";"0.00";"0.0"
"2023-04-02 01:00:00.000";"10.95";"93.83";"0.00";"0.00";"0.0"
"2023-04-02 02:00:00.000";"10.60";"95.00";"0.00";"0.33";"0.0"
"2023-04-02 03:00:00.000";"9.33";"95.00";"0.00";"1.00";"0.0"
"2023-04-02 04:00:00.000";"8.58";"94.50";"0.00";"1.00";"0.0"
"2023-04-02 05:00:00.000";"8.68";"94.00";"0.00";"0.00";"0.0"
"2023-04-02 06:00:00.000";"8.43";"94.33";"0.00";"0.00";"0.0"
"2023-04-02 07:00:00.000";"9.23";"94.83";"0.00";"0.33";"0.0"
"2023-04-02 08:00:00.000";"11.23";"95.67";"0.00";"1.00";"0.0"
"2023-04-02 09:00:00.000";"12.92";"93.50";"0.02";"0.00";"0.0"
"2023-04-02 10:00:00.000";"14.78";"88.00";"0.02";"0.00";"0.0"
"2023-04-02 11:00:00.000";"14.37";"89.83";"0.00";"0.50";"0.6"
"2023-04-02 12:00:00.000";"14.28";"93.83";"0.15";"1.00";"0.9"
"2023-04-02 13:00:00.000";"14.98";"90.50";"0.23";"1.00";"0.3"
"2023-04-02 14:00:00.000";"14.60";"91.83";"0.23";"1.00";"0.3"
"2023-04-02 15:00:00.000";"15.17";"91.50";"0.03";"1.00";"0.3"
"2023-04-02 16:00:00.000";"14.52";"90.67";"0.00";"1.00";"0.3"
"2023-04-02 17:00:00.000";"14.53";"90.33";"0.28";"1.00";"0.3"
"2023-04-02 18:00:00.000";"14.23";"88.33";"0.00";"0.50";"0.0"
"2023-04-02 19:00:00.000";"13.92";"87.17";"0.20";"0.17";"0.0"
"2023-04-02 20:00:00.000";"13.68";"87.83";"0.02";"0.00";"0.0"
"2023-04-02 21:00:00.000";"14.05";"83.50";"0.00";"0.00";"0.0"
"2023-04-02 22:00:00.000";"13.87";"82.83";"0.00";"0.00";"0.0"
"2023-04-02 23:00:00.000";"13.27";"84.83";"0.05";"0.00";"0.0"
"2023-04-03 00:00:00.000";"13.38";"83.00";"0.18";"0.00";"0.0"
"2023-04-03 01:00:00.000";"12.25";"86.33";"0.02";"0.00";"0.0"
"2023-04-03 02:00:00.000";"12.68";"83.83";"0.03";"0.00";"0.0"
"2023-04-03 03:00:00.000";"14.33";"76.50";"0.05";"0.00";"0.0"
"2023-04-03 04:00:00.000";"13.85";"78.33";"0.47";"0.00";"0.0"
"2023-04-03 05:00:00.000";"12.62";"80.50";"0.02";"0.00";"0.0"
"2023-04-03 06:00:00.000";"13.50";"76.17";"0.08";"0.00";"0.0"
"2023-04-03 07:00:00.000";"13.58";"75.50";"0.00";"0.00";"0.0"
"2023-04-03 08:00:00.000";"13.37";"75.00";"0.00";"0.00";"0.0"
"2023-04-03 09:00:00.000";"13.75";"73.83";"0.00";"0.00";"0.0"
"2023-04-03 10:00:00.000";"14.95";"73.67";"0.52";"0.00";"0.0"
"2023-04-03 11:00:00.000";"15.22";"82.00";"2.35";"0.50";"0.6"
"2023-04-03 12:00:00.000";"14.90";"81.67";"5.75";"0.67";"0.3"
"2023-04-03 13:00:00.000";"15.08";"78.17";"6.87";"0.00";"0.0"
"2023-04-03 14:00:00.000";"14.15";"84.83";"5.70";"0.00";"0.0"
"2023-04-03 15:00:00.000";"15.57";"77.50";"6.10";"0.00";"0.0"
"2023-04-03 16:00:00.000";"15.62";"75.17";"6.55";"0.00";"0.0"
"2023-04-03 17:00:00.000";"15.22";"75.00";"6.82";"0.00";"0.0"
"2023-04-03 18:00:00.000";"15.57";"71.17";"7.70";"0.00";"0.0"
"2023-04-03 19:00:00.000";"15.05";"72.67";"5.35";"0.00";"0.0"
"2023-04-03 20:00:00.000";"13.30";"77.17";"1.58";"0.00";"0.0"
"2023-04-03 21:00:00.000";"11.87";"83.67";"0.00";"0.33";"0.3"
"2023-04-03 22:00:00.000";"11.03";"90.50";"0.10";"1.00";"1.5"
"2023-04-03 23:00:00.000";"10.75";"94.00";"0.67";"1.00";"1.8"
"2023-04-04 00:00:00.000";"10.82";"89.33";"2.35";"1.00";"0.3"
"2023-04-04 01:00:00.000";"10.37";"94.50";"1.23";"1.00";"4.5"
"2023-04-04 02:00:00.000";"9.32";"95.00";"0.00";"1.00";"1.5"
"2023-04-04 03:00:00.000";"8.03";"95.00";"0.00";"1.00";"0.0"
"2023-04-04 04:00:00.000";"7.92";"95.00";"0.00";"1.00";"0.0"
"2023-04-04 05:00:00.000";"8.95";"95.67";"0.00";"1.00";"0.6"
"2023-04-04 06:00:00.000";"9.50";"96.00";"0.42";"1.00";"1.5"
"2023-04-04 07:00:00.000";"9.15";"96.00";"0.00";"1.00";"0.0"
"2023-04-04 08:00:00.000";"9.10";"95.67";"0.40";"1.00";"0.0"
"2023-04-04 09:00:00.000";"9.55";"95.00";"0.00";"1.00";"0.0"
"2023-04-04 10:00:00.000";"11.80";"85.67";"0.00";"0.67";"0.0"
"2023-04-04 11:00:00.000";"13.68";"80.50";"1.17";"0.00";"0.0"
"2023-04-04 12:00:00.000";"14.23";"78.67";"4.38";"0.00";"0.0"
"2023-04-04 13:00:00.000";"15.13";"76.17";"6.80";"0.00";"0.0"
"2023-04-04 14:00:00.000";"15.47";"74.67";"6.75";"0.00";"0.0"
"2023-04-04 15:00:00.000";"15.72";"73.17";"9.05";"0.00";"0.0"
"2023-04-04 16:00:00.000";"16.07";"71.50";"9.43";"0.00";"0.0"
"2023-04-04 17:00:00.000";"15.07";"72.83";"7.52";"0.00";"0.0"
"2023-04-04 18:00:00.000";"13.83";"76.33";"4.85";"0.00";"0.0"
"2023-04-04 19:00:00.000";"12.97";"81.67";"3.03";"0.00";"0.3"
"2023-04-04 20:00:00.000";"12.73";"81.83";"5.30";"0.00";"0.0"
"2023-04-04 21:00:00.000";"12.13";"84.67";"3.32";"0.00";"0.0"
"2023-04-04 22:00:00.000";"11.67";"82.50";"2.68";"0.00";"0.0"
"2023-04-04 23:00:00.000";"11.32";"79.50";"2.75";"0.00";"0.0"
"2023-04-05 00:00:00.000";"10.33";"80.67";"0.33";"0.00";"0.0"
"2023-04-05 01:00:00.000";"9.80";"82.00";"0.50";"0.00";"0.0"
"2023-04-05 02:00:00.000";"9.42";"84.00";"0.17";"0.00";"0.0"
"2023-04-05 03:00:00.000";"7.97";"86.33";"0.00";"0.00";"0.0"
"2023-04-05 04:00:00.000";"5.92";"90.00";"0.00";"0.00";"0.0"
"2023-04-05 05:00:00.000";"5.57";"92.67";"0.00";"0.00";"0.0"
"2023-04-05 06:00:00.000";"5.20";"93.67";"0.00";"0.00";"0.0"
"2023-04-05 07:00:00.000";"4.85";"94.00";"0.00";"0.83";"0.0"
"2023-04-05 08:00:00.000";"5.22";"94.33";"0.00";"1.00";"0.0"
"2023-04-05 09:00:00.000";"7.75";"93.83";"0.18";"0.67";"0.0"
"2023-04-05 10:00:00.000";"11.95";"76.67";"2.12";"0.00";"0.0"
"2023-04-05 11:00:00.000";"13.50";"65.17";"3.30";"0.00";"0.0"
"2023-04-05 12:00:00.000";"14.75";"52.00";"4.95";"0.00";"0.0"
"2023-04-05 13:00:00.000";"15.52";"48.17";"3.73";"0.00";"0.0"
"2023-04-05 14:00:00.000";"15.58";"51.83";"6.32";"0.00";"0.0"
"2023-04-05 15:00:00.000";"15.50";"52.17";"9.15";"0.00";"0.0"
"2023-04-05 16:00:00.000";"15.98";"50.00";"5.58";"0.00";"0.0"
"2023-04-05 17:00:00.000";"15.82";"49.67";"4.20";"0.00";"0.0"
"2023-04-05 18:00:00.000";"15.97";"46.33";"4.72";"0.00";"0.0"
"2023-04-05 19:00:00.000";"15.52";"44.83";"2.17";"0.00";"0.0"
"2023-04-05 20:00:00.000";"12.93";"54.83";"0.42";"0.00";"0.0"
"2023-04-05 21:00:00.000";"9.40";"71.00";"0.00";"0.00";"0.0"
"2023-04-05 22:00:00.000";"9.48";"78.00";"0.00";"0.33";"1.8"
"2023-04-05 23:00:00.000";"9.15";"92.00";"0.50";"1.00";"5.7"
"2023-04-06 00:00:00.000";"7.72";"94.00";"0.05";"1.00";"0.0"
"2023-04-06 01:00:00.000";"7.68";"94.00";"0.00";"1.00";"0.0"
"2023-04-06 02:00:00.000";"7.60";"94.67";"0.00";"1.00";"0.3"
"2023-04-06 03:00:00.000";"8.10";"95.00";"0.00";"1.00";"0.0"
"2023-04-06 04:00:00.000";"8.30";"95.00";"0.00";"1.00";"0.0"
"2023-04-06 05:00:00.000";"8.72";"95.00";"0.00";"1.00";"0.0"
"2023-04-06 06:00:00.000";"9.23";"94.83";"3.20";"1.00";"0.9"
"2023-04-06 07:00:00.000";"9.07";"93.67";"1.00";"1.00";"0.0"
"2023-04-06 08:00:00.000";"9.02";"94.00";"0.00";"1.00";"0.0"
"2023-04-06 09:00:00.000";"9.28";"94.17";"0.02";"1.00";"2.7"
"2023-04-06 10:00:00.000";"10.48";"92.67";"0.15";"1.00";"0.0"
"2023-04-06 11:00:00.000";"10.80";"84.50";"0.28";"0.50";"0.0"
"2023-04-06 12:00:00.000";"12.78";"78.50";"0.78";"0.00";"0.3"
"2023-04-06 13:00:00.000";"13.03";"71.33";"1.42";"0.00";"0.0"
"2023-04-06 14:00:00.000";"14.28";"64.33";"5.42";"0.00";"0.0"
"2023-04-06 15:00:00.000";"13.88";"66.67";"5.47";"0.00";"0.0"
"2023-04-06 16:00:00.000";"13.50";"70.17";"5.68";"0.00";"0.0"
"2023-04-06 17:00:00.000";"12.57";"75.67";"3.77";"0.50";"0.9"
"2023-04-06 18:00:00.000";"13.08";"67.83";"4.70";"0.00";"0.0"
"2023-04-06 19:00:00.000";"11.77";"71.83";"3.98";"0.00";"0.0"
"2023-04-06 20:00:00.000";"11.25";"73.50";"3.85";"0.00";"0.0"
"2023-04-06 21:00:00.000";"10.48";"78.50";"1.55";"0.00";"0.0"
"2023-04-06 22:00:00.000";"10.08";"77.17";"0.87";"0.00";"0.0"
"2023-04-06 23:00:00.000";"9.92";"78.33";"0.37";"0.00";"0.0"
"2023-04-07 00:00:00.000";"9.43";"76.67";"0.50";"0.00";"0.0"
"2023-04-07 01:00:00.000";"9.87";"74.00";"1.33";"0.00";"0.0"
"2023-04-07 02:00:00.000";"8.47";"78.67";"1.13";"0.00";"0.0"
"2023-04-07 03:00:00.000";"7.27";"80.83";"0.03";"0.00";"0.0"
"2023-04-07 04:00:00.000";"7.75";"78.00";"0.08";"0.00";"0.0"
"2023-04-07 05:00:00.000";"7.68";"77.33";"0.02";"0.00";"0.0"
"2023-04-07 06:00:00.000";"8.12";"75.50";"0.15";"0.00";"0.0"
"2023-04-07 07:00:00.000";"7.47";"75.67";"0.08";"0.00";"0.0"
"2023-04-07 08:00:00.000";"6.18";"81.00";"0.00";"0.00";"0.0"
"2023-04-07 09:00:00.000";"9.68";"71.00";"0.72";"0.00";"0.0"
"2023-04-07 10:00:00.000";"11.65";"65.00";"1.57";"0.00";"0.0"
"2023-04-07 11:00:00.000";"12.57";"62.67";"1.95";"0.00";"0.0"
"2023-04-07 12:00:00.000";"13.43";"47.33";"2.32";"0.00";"0.0"
"2023-04-07 13:00:00.000";"14.50";"45.17";"2.75";"0.00";"0.0"
"2023-04-07 14:00:00.000";"15.28";"44.33";"3.10";"0.00";"0.0"
"2023-04-07 15:00:00.000";"15.27";"45.50";"3.77";"0.00";"0.0"
"2023-04-07 16:00:00.000";"15.53";"49.00";"4.47";"0.00";"0.0"
"2023-04-07 17:00:00.000";"15.17";"48.17";"3.40";"0.00";"0.0"
"2023-04-07 18:00:00.000";"15.60";"48.83";"3.48";"0.00";"0.0"
"2023-04-07 19:00:00.000";"14.40";"50.33";"2.33";"0.00";"0.0"
"2023-04-07 20:00:00.000";"12.45";"56.50";"0.37";"0.00";"0.0"
"2023-04-07 21:00:00.000";"9.90";"68.00";"0.00";"0.00";"0.0"
"2023-04-07 22:00:00.000";"8.18";"73.33";"0.00";"0.00";"0.0"
"2023-04-07 23:00:00.000";"6.12";"81.50";"0.00";"0.00";"0.0"
"2023-04-08 00:00:00.000";"5.58";"86.67";"0.00";"0.00";"0.0"
"2023-04-08 01:00:00.000";"5.47";"86.50";"0.00";"0.00";"0.0"
"2023-04-08 02:00:00.000";"5.02";"86.67";"0.00";"0.00";"0.0"
"2023-04-08 03:00:00.000";"4.95";"86.67";"0.00";"0.00";"0.0"
"2023-04-08 04:00:00.000";"5.45";"84.00";"0.00";"0.00";"0.0"
"2023-04-08 05:00:00.000";"6.00";"82.83";"0.00";"0.00";"0.0"
"2023-04-08 06:00:00.000";"5.73";"83.83";"0.00";"0.00";"0.0"
"2023-04-08 07:00:00.000";"5.55";"88.50";"0.00";"0.00";"0.0"
"2023-04-08 08:00:00.000";"5.70";"91.00";"0.00";"0.00";"0.0"
"2023-04-08 09:00:00.000";"8.82";"86.00";"0.00";"0.00";"0.0"
"2023-04-08 10:00:00.000";"12.95";"68.17";"0.02";"0.00";"0.0"
"2023-04-08 11:00:00.000";"15.22";"56.83";"1.00";"0.00";"0.0"
"2023-04-08 12:00:00.000";"16.28";"47.67";"1.27";"0.00";"0.0"
"2023-04-08 13:00:00.000";"17.47";"43.67";"1.08";"0.00";"0.0"
"2023-04-08 14:00:00.000";"18.05";"43.17";"2.83";"0.00";"0.0"
"2023-04-08 15:00:00.000";"18.02";"44.17";"2.48";"0.00";"0.0"
"2023-04-08 16:00:00.000";"16.95";"48.00";"3.60";"0.00";"0.0"
"2023-04-08 17:00:00.000";"16.32";"51.17";"2.92";"0.00";"0.0"
"2023-04-08 18:00:00.000";"15.67";"55.17";"1.57";"0.00";"0.0"
"2023-04-08 19:00:00.000";"15.08";"54.50";"0.95";"0.00";"0.0"
"2023-04-08 20:00:00.000";"13.62";"59.17";"0.02";"0.00";"0.0"
"2023-04-08 21:00:00.000";"10.53";"71.83";"0.00";"0.00";"0.0"
"2023-04-08 22:00:00.000";"8.20";"82.50";"0.00";"0.00";"0.0"
"2023-04-08 23:00:00.000";"7.25";"87.17";"0.00";"0.00";"0.0"
"2023-04-09 00:00:00.000";"6.63";"89.33";"0.00";"0.00";"0.0"
"2023-04-09 01:00:00.000";"6.52";"92.00";"0.00";"0.00";"0.0"
"2023-04-09 02:00:00.000";"7.65";"93.67";"0.00";"0.00";"0.0"
"2023-04-09 03:00:00.000";"7.70";"94.00";"0.00";"0.00";"0.0"
"2023-04-09 04:00:00.000";"7.42";"94.00";"0.00";"0.00";"0.0"
"2023-04-09 05:00:00.000";"7.73";"94.00";"0.00";"0.00";"0.0"
"2023-04-09 06:00:00.000";"8.67";"93.00";"0.00";"0.00";"0.0"
"2023-04-09 07:00:00.000";"8.05";"93.50";"0.00";"0.00";"0.0"
"2023-04-09 08:00:00.000";"6.80";"94.00";"0.00";"0.00";"0.0"
"2023-04-09 09:00:00.000";"10.30";"85.00";"0.00";"0.00";"0.0"
"2023-04-09 10:00:00.000";"14.27";"66.50";"0.00";"0.00";"0.0"
"2023-04-09 11:00:00.000";"16.15";"59.33";"0.03";"0.00";"0.0"
"2023-04-09 12:00:00.000";"16.17";"54.17";"0.58";"0.00";"0.0"
"2023-04-09 13:00:00.000";"16.90";"52.67";"2.50";"0.00";"0.0"
"2023-04-09 14:00:00.000";"17.28";"50.33";"4.33";"0.00";"0.0"
"2023-04-09 15:00:00.000";"17.50";"48.83";"4.52";"0.00";"0.0"
"2023-04-09 16:00:00.000";"17.50";"47.17";"4.43";"0.00";"0.0"
"2023-04-09 17:00:00.000";"17.33";"46.00";"6.98";"0.00";"0.0"
"2023-04-09 18:00:00.000";"17.37";"47.17";"4.68";"0.00";"0.0"
"2023-04-09 19:00:00.000";"16.00";"51.50";"3.63";"0.00";"0.0"
"2023-04-09 20:00:00.000";"13.92";"60.00";"1.73";"0.00";"0.0"
"2023-04-09 21:00:00.000";"11.12";"72.50";"0.00";"0.00";"0.0"
"2023-04-09 22:00:00.000";"9.10";"81.50";"0.00";"0.00";"0.0"
"2023-04-09 23:00:00.000";"8.87";"86.00";"0.00";"0.00";"0.0"
"2023-04-10 00:00:00.000";"9.30";"88.00";"0.00";"0.00";"0.0"
"2023-04-10 01:00:00.000";"8.67";"91.33";"0.00";"0.00";"0.0"
"2023-04-10 02:00:00.000";"8.20";"92.50";"0.00";"0.00";"0.0"
"2023-04-10 03:00:00.000";"8.30";"92.83";"0.00";"0.00";"0.0"
"2023-04-10 04:00:00.000";"8.57";"92.33";"0.00";"0.00";"0.0"
"2023-04-10 05:00:00.000";"9.12";"91.50";"0.00";"0.00";"0.0"
"2023-04-10 06:00:00.000";"8.88";"93.67";"2.18";"1.00";"7.5"
"2023-04-10 07:00:00.000";"8.18";"95.00";"2.20";"1.00";"4.2"
"2023-04-10 08:00:00.000";"7.63";"93.67";"1.12";"1.00";"0.3"
"2023-04-10 09:00:00.000";"8.62";"92.83";"0.00";"1.00";"0.0"
"2023-04-10 10:00:00.000";"10.80";"81.33";"0.00";"0.00";"0.0"
"2023-04-10 11:00:00.000";"13.05";"70.17";"1.63";"0.00";"0.0"
"2023-04-10 12:00:00.000";"13.98";"65.50";"3.95";"0.00";"0.0"
"2023-04-10 13:00:00.000";"13.00";"69.83";"4.95";"0.00";"0.0"
"2023-04-10 14:00:00.000";"14.77";"65.83";"5.93";"0.00";"0.0"
"2023-04-10 15:00:00.000";"15.68";"65.00";"9.12";"0.00";"0.0"
"2023-04-10 16:00:00.000";"15.28";"65.67";"7.13";"0.00";"0.0"
"2023-04-10 17:00:00.000";"14.92";"66.17";"5.40";"0.00";"0.0"
"2023-04-10 18:00:00.000";"15.70";"62.00";"5.47";"0.00";"0.0"
"2023-04-10 19:00:00.000";"14.07";"63.67";"3.23";"0.00";"0.0"
"2023-04-10 20:00:00.000";"12.33";"71.00";"0.78";"0.00";"0.0"
"2023-04-10 21:00:00.000";"10.77";"79.17";"0.03";"0.00";"0.0"
"2023-04-10 22:00:00.000";"10.13";"82.50";"0.00";"0.00";"0.0"
"2023-04-10 23:00:00.000";"9.52";"84.00";"0.27";"0.17";"0.0"
"2023-04-11 00:00:00.000";"8.78";"87.50";"0.35";"1.00";"0.3"
"2023-04-11 01:00:00.000";"7.27";"90.17";"0.00";"1.00";"0.0"
"2023-04-11 02:00:00.000";"6.63";"90.83";"0.00";"1.00";"0.3"
"2023-04-11 03:00:00.000";"7.20";"90.17";"0.00";"1.00";"0.0"
"2023-04-11 04:00:00.000";"6.77";"89.83";"0.00";"0.00";"0.0"
"2023-04-11 05:00:00.000";"6.55";"89.33";"0.00";"0.00";"0.0"
"2023-04-11 06:00:00.000";"7.18";"91.00";"0.00";"0.67";"0.3"
"2023-04-11 07:00:00.000";"7.28";"92.00";"0.00";"1.00";"0.0"
"2023-04-11 08:00:00.000";"7.07";"91.00";"0.00";"1.00";"0.0"
"2023-04-11 09:00:00.000";"10.12";"71.00";"0.32";"0.00";"0.0"
"2023-04-11 10:00:00.000";"12.42";"59.83";"1.13";"0.00";"0.0"
"2023-04-11 11:00:00.000";"12.97";"59.83";"3.10";"0.00";"0.0"
"2023-04-11 12:00:00.000";"13.73";"59.17";"4.35";"0.00";"0.0"
"2023-04-11 13:00:00.000";"14.75";"51.67";"3.43";"0.00";"0.0"
"2023-04-11 14:00:00.000";"15.93";"49.17";"5.17";"0.00";"0.0"
"2023-04-11 15:00:00.000";"16.60";"42.83";"3.18";"0.00";"0.0"
"2023-04-11 16:00:00.000";"16.25";"47.17";"4.43";"0.00";"0.0"
"2023-04-11 17:00:00.000";"16.60";"43.17";"4.32";"0.00";"0.0"
"2023-04-11 18:00:00.000";"15.90";"46.67";"2.97";"0.00";"0.0"
"2023-04-11 19:00:00.000";"14.92";"52.67";"4.17";"0.00";"0.0"
"2023-04-11 20:00:00.000";"13.85";"59.50";"2.18";"0.00";"0.0"
"2023-04-11 21:00:00.000";"11.60";"70.67";"0.35";"0.00";"0.0"
"2023-04-11 22:00:00.000";"8.68";"77.83";"0.00";"0.00";"0.0"
"2023-04-11 23:00:00.000";"8.13";"81.33";"0.00";"0.00";"0.0"
"2023-04-12 00:00:00.000";"10.42";"69.17";"0.08";"0.00";"0.0"
"2023-04-12 01:00:00.000";"9.35";"70.00";"0.00";"0.00";"0.0"
"2023-04-12 02:00:00.000";"7.70";"78.67";"0.00";"0.00";"0.0"
"2023-04-12 03:00:00.000";"9.75";"79.83";"0.05";"0.00";"0.0"
"2023-04-12 04:00:00.000";"8.77";"82.67";"0.00";"0.00";"0.0"
"2023-04-12 05:00:00.000";"8.67";"87.83";"0.00";"0.00";"0.0"
"2023-04-12 06:00:00.000";"8.03";"88.00";"0.00";"0.00";"0.0"
"2023-04-12 07:00:00.000";"7.12";"90.83";"0.00";"0.00";"0.0"
"2023-04-12 08:00:00.000";"8.23";"91.33";"0.00";"0.00";"0.0"
"2023-04-12 09:00:00.000";"10.82";"82.17";"0.38";"0.00";"0.0"
"2023-04-12 10:00:00.000";"13.75";"71.17";"3.28";"0.00";"0.0"
"2023-04-12 11:00:00.000";"14.80";"66.00";"4.05";"0.00";"0.0"
"2023-04-12 12:00:00.000";"15.50";"65.00";"5.38";"0.00";"0.0"
"2023-04-12 13:00:00.000";"16.30";"57.17";"5.93";"0.00";"0.0"
"2023-04-12 14:00:00.000";"16.82";"52.00";"7.38";"0.00";"0.0"
"2023-04-12 15:00:00.000";"16.85";"55.33";"8.12";"0.00";"0.0"
"2023-04-12 16:00:00.000";"16.75";"57.00";"8.05";"0.00";"0.0"
"2023-04-12 17:00:00.000";"16.62";"58.50";"5.28";"0.00";"0.0"
"2023-04-12 18:00:00.000";"15.10";"63.33";"2.55";"0.00";"0.0"
"2023-04-12 19:00:00.000";"14.95";"62.00";"1.52";"0.00";"0.0"
"2023-04-12 20:00:00.000";"13.95";"63.50";"2.40";"0.00";"0.0"
"2023-04-12 21:00:00.000";"12.15";"74.67";"0.32";"0.00";"0.0"
"2023-04-12 22:00:00.000";"10.82";"78.83";"0.02";"0.00";"0.0"
"2023-04-12 23:00:00.000";"10.23";"82.00";"0.00";"0.00";"0.0"
"2023-04-13 00:00:00.000";"9.65";"85.50";"0.00";"0.00";"0.0"
"2023-04-13 01:00:00.000";"10.05";"92.17";"0.00";"0.00";"0.0"
"2023-04-13 02:00:00.000";"9.52";"94.00";"0.00";"0.00";"0.0"
"2023-04-13 03:00:00.000";"8.02";"94.00";"0.00";"0.00";"0.0"
"2023-04-13 04:00:00.000";"7.60";"94.33";"0.00";"0.00";"0.0"
"2023-04-13 05:00:00.000";"7.63";"95.00";"0.00";"0.50";"0.0"
"2023-04-13 06:00:00.000";"6.28";"93.83";"0.00";"0.00";"0.0"
"2023-04-13 07:00:00.000";"5.53";"93.00";"0.00";"0.00";"0.0"
"2023-04-13 08:00:00.000";"5.75";"93.00";"0.00";"0.00";"0.0"
"2023-04-13 09:00:00.000";"10.17";"86.33";"0.00";"0.00";"0.0"
"2023-04-13 10:00:00.000";"14.25";"69.83";"0.62";"0.00";"0.0"
"2023-04-13 11:00:00.000";"16.80";"59.67";"0.87";"0.00";"0.0"
"2023-04-13 12:00:00.000";"18.18";"50.33";"3.32";"0.00";"0.0"
"2023-04-13 13:00:00.000";"18.83";"48.67";"2.85";"0.00";"0.0"
"2023-04-13 14:00:00.000";"19.13";"47.83";"5.55";"0.00";"0.0"
"2023-04-13 15:00:00.000";"18.73";"53.67";"7.20";"0.00";"0.0"
"2023-04-13 16:00:00.000";"18.57";"53.83";"5.65";"0.00";"0.0"
"2023-04-13 17:00:00.000";"18.83";"55.50";"5.22";"0.00";"0.0"
"2023-04-13 18:00:00.000";"18.95";"57.17";"4.70";"0.00";"0.0"
"2023-04-13 19:00:00.000";"18.27";"60.00";"3.00";"0.00";"0.0"
"2023-04-13 20:00:00.000";"15.88";"67.83";"1.05";"0.00";"0.0"
"2023-04-13 21:00:00.000";"13.28";"79.83";"0.00";"0.00";"0.0"
"2023-04-13 22:00:00.000";"11.63";"86.17";"0.00";"0.00";"0.0"
"2023-04-13 23:00:00.000";"10.68";"91.00";"0.00";"0.00";"0.0"
"2023-04-14 00:00:00.000";"10.22";"93.33";"0.00";"0.00";"0.0"
"2023-04-14 01:00:00.000";"11.48";"91.17";"0.53";"0.00";"0.0"
"2023-04-14 02:00:00.000";"11.52";"88.83";"0.13";"0.00";"0.0"
"2023-04-14 03:00:00.000";"11.58";"78.00";"0.03";"0.00";"0.0"
"2023-04-14 04:00:00.000";"11.43";"69.83";"0.02";"0.00";"0.0"
"2023-04-14 05:00:00.000";"11.92";"64.83";"0.03";"0.00";"0.0"
"2023-04-14 06:00:00.000";"12.55";"56.50";"0.13";"0.00";"0.0"
"2023-04-14 07:00:00.000";"11.50";"53.67";"0.02";"0.00";"0.0"
"2023-04-14 08:00:00.000";"12.35";"48.83";"0.00";"0.00";"0.0"
"2023-04-14 09:00:00.000";"16.13";"46.33";"0.23";"0.00";"0.0"
"2023-04-14 10:00:00.000";"17.67";"49.00";"2.17";"0.00";"0.0"
"2023-04-14 11:00:00.000";"19.52";"46.17";"3.78";"0.00";"0.0"
"2023-04-14 12:00:00.000";"21.18";"44.00";"3.87";"0.00";"0.0"
"2023-04-14 13:00:00.000";"21.42";"43.50";"6.88";"0.00";"0.0"
"2023-04-14 14:00:00.000";"21.05";"49.83";"7.18";"0.00";"0.0"
"2023-04-14 15:00:00.000";"21.18";"53.00";"5.55";"0.00";"0.0"
"2023-04-14 16:00:00.000";"21.60";"52.67";"5.83";"0.00";"0.0"
"2023-04-14 17:00:00.000";"20.95";"51.00";"6.83";"0.00";"0.0"
"2023-04-14 18:00:00.000";"20.12";"52.83";"7.02";"0.00";"0.0"
"2023-04-14 19:00:00.000";"17.97";"61.33";"5.52";"0.00";"0.0"
"2023-04-14 20:00:00.000";"16.00";"70.83";"1.47";"0.00";"0.0"
"2023-04-14 21:00:00.000";"14.07";"77.50";"0.00";"0.00";"0.0"
"2023-04-14 22:00:00.000";"13.50";"80.67";"0.00";"0.00";"0.0"
"2023-04-14 23:00:00.000";"12.40";"86.67";"0.00";"0.00";"0.0"
"2023-04-15 00:00:00.000";"12.15";"90.00";"0.00";"0.00";"0.0"
"2023-04-15 01:00:00.000";"12.02";"92.00";"0.00";"0.00";"0.0"
"2023-04-15 02:00:00.000";"12.93";"89.67";"1.32";"0.00";"0.0"
"2023-04-15 03:00:00.000";"12.17";"80.00";"1.60";"0.00";"0.0"
"2023-04-15 04:00:00.000";"10.18";"81.50";"0.00";"0.00";"0.0"
"2023-04-15 05:00:00.000";"9.53";"73.67";"0.07";"0.00";"0.0"
"2023-04-15 06:00:00.000";"9.55";"68.83";"0.42";"0.00";"0.0"
"2023-04-15 07:00:00.000";"6.33";"76.17";"0.00";"0.00";"0.0"
"2023-04-15 08:00:00.000";"5.87";"78.67";"0.00";"0.00";"0.0"
"2023-04-15 09:00:00.000";"8.63";"74.33";"0.00";"0.00";"0.0"
"2023-04-15 10:00:00.000";"14.03";"52.50";"0.35";"0.00";"0.0"
"2023-04-15 11:00:00.000";"17.07";"41.67";"2.53";"0.00";"0.0"
"2023-04-15 12:00:00.000";"18.12";"42.67";"5.02";"0.00";"0.0"
"2023-04-15 13:00:00.000";"18.33";"46.33";"8.30";"0.00";"0.0"
"2023-04-15 14:00:00.000";"18.27";"45.17";"7.75";"0.00";"0.0"
"2023-04-15 15:00:00.000";"18.22";"45.67";"9.00";"0.00";"0.0"
"2023-04-15 16:00:00.000";"16.77";"49.67";"6.95";"0.00";"0.0"
"2023-04-15 17:00:00.000";"16.13";"50.33";"5.40";"0.00";"0.0"
"2023-04-15 18:00:00.000";"16.30";"54.00";"5.00";"0.00";"0.0"
"2023-04-15 19:00:00.000";"14.82";"62.17";"4.03";"0.00";"0.0"
"2023-04-15 20:00:00.000";"13.57";"68.17";"0.58";"0.00";"0.0"
"2023-04-15 21:00:00.000";"12.07";"73.33";"0.07";"0.00";"0.0"
"2023-04-15 22:00:00.000";"11.27";"78.83";"0.00";"0.00";"0.0"
"2023-04-15 23:00:00.000";"11.05";"79.33";"0.00";"0.00";"0.0"
"2023-04-16 00:00:00.000";"9.33";"84.83";"0.00";"0.00";"0.0"
"2023-04-16 01:00:00.000";"8.63";"90.00";"0.00";"0.00";"0.0"
"2023-04-16 02:00:00.000";"10.23";"92.50";"0.00";"0.00";"0.0"
"2023-04-16 03:00:00.000";"10.80";"92.00";"0.00";"0.00";"0.0"
"2023-04-16 04:00:00.000";"10.20";"93.17";"0.00";"0.00";"0.0"
"2023-04-16 05:00:00.000";"9.45";"94.00";"0.00";"0.00";"0.0"
"2023-04-16 06:00:00.000";"8.03";"94.50";"0.00";"0.50";"0.0"
"2023-04-16 07:00:00.000";"7.18";"95.00";"0.00";"1.00";"0.0"
"2023-04-16 08:00:00.000";"7.12";"95.00";"0.00";"1.00";"0.0"
"2023-04-16 09:00:00.000";"11.23";"93.17";"0.00";"0.00";"0.0"
"2023-04-16 10:00:00.000";"14.80";"73.00";"0.03";"0.00";"0.0"
"2023-04-16 11:00:00.000";"16.57";"66.33";"0.28";"0.00";"0.0"
"2023-04-16 12:00:00.000";"18.63";"52.17";"2.68";"0.00";"0.0"
"2023-04-16 13:00:00.000";"17.80";"52.83";"6.20";"0.00";"0.0"
"2023-04-16 14:00:00.000";"17.93";"53.33";"2.82";"0.00";"0.0"
"2023-04-16 15:00:00.000";"18.60";"46.50";"4.80";"0.00";"0.0"
"2023-04-16 16:00:00.000";"17.22";"58.83";"6.83";"0.00";"0.0"
"2023-04-16 17:00:00.000";"16.98";"53.67";"2.57";"0.00";"0.0"
"2023-04-16 18:00:00.000";"15.65";"58.00";"1.63";"0.00";"0.0"
"2023-04-16 19:00:00.000";"14.95";"62.50";"0.20";"0.00";"0.0"
"2023-04-16 20:00:00.000";"14.02";"66.50";"0.00";"0.00";"0.0"
"2023-04-16 21:00:00.000";"12.68";"70.17";"0.00";"0.00";"0.0"
"2023-04-16 22:00:00.000";"11.02";"75.67";"0.00";"0.00";"0.0"
"2023-04-16 23:00:00.000";"10.60";"77.50";"0.00";"0.00";"0.0"
"2023-04-17 00:00:00.000";"11.35";"72.67";"0.00";"0.00";"0.0"
"2023-04-17 01:00:00.000";"12.03";"66.67";"0.15";"0.00";"0.0"
"2023-04-17 02:00:00.000";"12.28";"67.17";"0.15";"0.00";"0.0"
"2023-04-17 03:00:00.000";"12.78";"69.83";"0.03";"0.00";"0.0"
"2023-04-17 04:00:00.000";"12.55";"67.67";"0.30";"0.00";"0.0"
"2023-04-17 05:00:00.000";"12.67";"65.33";"0.48";"0.00";"0.0"
"2023-04-17 06:00:00.000";"13.15";"62.33";"0.27";"0.00";"0.0"
"2023-04-17 07:00:00.000";"12.62";"66.00";"0.08";"0.00";"0.0"
"2023-04-17 08:00:00.000";"11.18";"84.33";"1.77";"0.67";"3.6"
"2023-04-17 09:00:00.000";"11.05";"93.83";"0.08";"1.00";"0.6"
"2023-04-17 10:00:00.000";"12.25";"93.00";"0.00";"1.00";"0.3"
"2023-04-17 11:00:00.000";"13.55";"90.33";"0.00";"1.00";"1.2"
"2023-04-17 12:00:00.000";"14.12";"84.17";"0.32";"0.67";"0.3"
"2023-04-17 13:00:00.000";"15.40";"76.50";"3.80";"0.00";"0.0"
"2023-04-17 14:00:00.000";"17.98";"68.50";"3.73";"0.00";"0.0"
"2023-04-17 15:00:00.000";"17.70";"66.67";"4.77";"0.00";"0.0"
"2023-04-17 16:00:00.000";"17.90";"62.83";"7.22";"0.00";"0.0"
"2023-04-17 17:00:00.000";"17.92";"64.67";"5.78";"0.00";"0.0"
"2023-04-17 18:00:00.000";"17.93";"62.67";"5.12";"0.00";"0.0"
"2023-04-17 19:00:00.000";"15.93";"69.17";"3.60";"0.00";"0.0"
"2023-04-17 20:00:00.000";"14.33";"75.83";"0.05";"0.00";"0.0"
"2023-04-17 21:00:00.000";"12.43";"82.17";"0.00";"0.00";"0.0"
"2023-04-17 22:00:00.000";"11.83";"87.17";"0.17";"0.00";"0.0"
"2023-04-17 23:00:00.000";"11.30";"89.17";"0.00";"0.00";"0.0"
"2023-04-18 00:00:00.000";"10.08";"93.00";"0.00";"0.00";"0.0"
"2023-04-18 01:00:00.000";"9.48";"94.00";"0.00";"0.00";"0.0"
"2023-04-18 02:00:00.000";"9.05";"94.00";"0.00";"0.00";"0.0"
"2023-04-18 03:00:00.000";"9.13";"94.83";"0.00";"0.00";"0.0"
"2023-04-18 04:00:00.000";"8.42";"94.00";"0.00";"0.00";"0.0"
"2023-04-18 05:00:00.000";"7.75";"94.83";"0.00";"0.00";"0.0"
"2023-04-18 06:00:00.000";"7.72";"95.00";"0.00";"0.00";"0.0"
"2023-04-18 07:00:00.000";"7.25";"95.00";"0.00";"0.67";"0.3"
"2023-04-18 08:00:00.000";"7.27";"95.00";"0.00";"1.00";"0.0"
"2023-04-18 09:00:00.000";"11.58";"95.00";"0.00";"0.33";"0.0"
"2023-04-18 10:00:00.000";"13.50";"87.67";"0.48";"0.00";"0.0"
"2023-04-18 11:00:00.000";"15.10";"73.00";"1.90";"0.00";"0.0"
"2023-04-18 12:00:00.000";"16.08";"66.00";"3.85";"0.00";"0.0"
"2023-04-18 13:00:00.000";"16.23";"67.17";"2.97";"0.00";"0.0"
"2023-04-18 14:00:00.000";"16.88";"61.83";"2.60";"0.00";"0.0"
"2023-04-18 15:00:00.000";"18.00";"47.17";"3.65";"0.00";"0.0"
"2023-04-18 16:00:00.000";"17.72";"47.67";"6.30";"0.00";"0.0"
"2023-04-18 17:00:00.000";"17.70";"50.67";"5.12";"0.00";"0.0"
"2023-04-18 18:00:00.000";"17.45";"52.67";"6.83";"0.00";"0.0"
"2023-04-18 19:00:00.000";"16.25";"55.50";"5.22";"0.00";"0.0"
"2023-04-18 20:00:00.000";"14.52";"59.33";"2.30";"0.00";"0.0"
"2023-04-18 21:00:00.000";"12.03";"71.17";"0.12";"0.00";"0.0"
"2023-04-18 22:00:00.000";"10.23";"79.67";"0.00";"0.00";"0.0"
"2023-04-18 23:00:00.000";"9.43";"83.67";"0.00";"0.00";"0.0"
"2023-04-19 00:00:00.000";"8.77";"84.83";"0.00";"0.00";"0.0"
"2023-04-19 01:00:00.000";"9.02";"88.00";"0.00";"0.00";"0.0"
"2023-04-19 02:00:00.000";"9.17";"90.83";"0.00";"0.00";"0.0"
"2023-04-19 03:00:00.000";"8.98";"92.67";"0.00";"0.00";"0.0"
"2023-04-19 04:00:00.000";"8.90";"92.67";"0.00";"0.00";"0.0"
"2023-04-19 05:00:00.000";"9.70";"93.17";"0.00";"0.00";"0.0"
"2023-04-19 06:00:00.000";"8.58";"94.00";"0.00";"1.00";"0.0"
"2023-04-19 07:00:00.000";"8.02";"94.33";"0.00";"1.00";"0.0"
"2023-04-19 08:00:00.000";"8.18";"95.00";"0.00";"1.00";"0.3"
"2023-04-19 09:00:00.000";"11.38";"90.50";"0.35";"0.00";"0.0"
"2023-04-19 10:00:00.000";"14.25";"77.83";"1.83";"0.00";"0.0"
"2023-04-19 11:00:00.000";"15.30";"71.83";"1.92";"0.00";"0.0"
"2023-04-19 12:00:00.000";"14.38";"75.67";"2.65";"0.00";"0.0"
"2023-04-19 13:00:00.000";"16.17";"70.67";"4.33";"0.00";"0.0"
"2023-04-19 14:00:00.000";"14.02";"80.17";"3.33";"0.33";"0.6"
"2023-04-19 15:00:00.000";"15.52";"71.17";"4.12";"0.00";"0.0"
"2023-04-19 16:00:00.000";"17.20";"66.17";"3.20";"0.00";"0.0"
"2023-04-19 17:00:00.000";"17.68";"51.33";"5.75";"0.00";"0.0"
"2023-04-19 18:00:00.000";"16.72";"52.17";"5.62";"0.00";"0.0"
"2023-04-19 19:00:00.000";"15.78";"56.50";"4.75";"0.00";"0.0"
"2023-04-19 20:00:00.000";"14.63";"61.83";"2.07";"0.00";"0.0"
"2023-04-19 21:00:00.000";"12.85";"72.67";"0.10";"0.00";"0.0"
"2023-04-19 22:00:00.000";"12.50";"77.67";"0.00";"0.00";"0.0"
"2023-04-19 23:00:00.000";"11.15";"84.33";"0.00";"0.00";"0.0"
"2023-04-20 00:00:00.000";"10.52";"91.17";"0.00";"0.00";"0.0"
"2023-04-20 01:00:00.000";"9.90";"94.00";"0.00";"0.00";"0.0"
"2023-04-20 02:00:00.000";"9.08";"94.00";"0.00";"0.17";"0.0"
"2023-04-20 03:00:00.000";"8.85";"94.00";"0.00";"1.00";"0.0"
"2023-04-20 04:00:00.000";"8.45";"94.50";"0.00";"1.00";"0.0"
"2023-04-20 05:00:00.000";"8.33";"95.00";"0.00";"1.00";"0.0"
"2023-04-20 06:00:00.000";"7.30";"95.00";"0.00";"1.00";"0.0"
"2023-04-20 07:00:00.000";"7.77";"95.00";"0.00";"1.00";"0.0"
"2023-04-20 08:00:00.000";"8.15";"95.00";"0.00";"1.00";"0.0"
"2023-04-20 09:00:00.000";"11.12";"94.33";"0.00";"0.33";"0.0"
"2023-04-20 10:00:00.000";"13.92";"77.67";"0.12";"0.00";"0.0"
"2023-04-20 11:00:00.000";"16.73";"67.67";"2.63";"0.00";"0.0"
"2023-04-20 12:00:00.000";"16.67";"69.50";"6.27";"0.00";"0.0"
"2023-04-20 13:00:00.000";"17.38";"67.67";"5.27";"0.00";"0.0"
"2023-04-20 14:00:00.000";"17.53";"65.17";"6.67";"0.00";"0.0"
"2023-04-20 15:00:00.000";"17.68";"66.50";"4.90";"0.00";"0.0"
"2023-04-20 16:00:00.000";"18.02";"67.67";"4.42";"0.00";"0.0"
"2023-04-20 17:00:00.000";"18.80";"65.00";"3.38";"0.00";"0.0"
"2023-04-20 18:00:00.000";"18.50";"56.33";"4.78";"0.00";"0.0"
"2023-04-20 19:00:00.000";"15.25";"67.00";"4.37";"0.00";"0.0"
"2023-04-20 20:00:00.000";"14.12";"72.50";"0.40";"0.00";"0.0"
"2023-04-20 21:00:00.000";"13.40";"75.00";"0.02";"0.00";"0.0"
"2023-04-20 22:00:00.000";"12.30";"78.33";"0.00";"0.00";"0.0"
"2023-04-20 23:00:00.000";"10.28";"85.83";"0.00";"0.00";"0.0"
"2023-04-21 00:00:00.000";"9.28";"91.67";"0.00";"0.00";"0.0"
"2023-04-21 01:00:00.000";"8.40";"93.00";"0.00";"0.00";"0.0"
"2023-04-21 02:00:00.000";"8.17";"94.00";"0.00";"0.00";"0.0"
"2023-04-21 03:00:00.000";"7.87";"94.67";"0.00";"0.00";"0.0"
"2023-04-21 04:00:00.000";"7.28";"94.83";"0.00";"0.17";"0.0"
"2023-04-21 05:00:00.000";"7.15";"95.00";"0.00";"1.00";"0.0"
"2023-04-21 06:00:00.000";"7.37";"95.00";"0.00";"1.00";"0.0"
"2023-04-21 07:00:00.000";"6.52";"95.00";"0.00";"1.00";"0.0"
"2023-04-21 08:00:00.000";"8.18";"95.33";"0.00";"1.00";"0.0"
"2023-04-21 09:00:00.000";"13.42";"87.50";"0.85";"0.00";"0.0"
"2023-04-21 10:00:00.000";"16.52";"71.00";"1.35";"0.00";"0.0"
"2023-04-21 11:00:00.000";"20.63";"41.67";"0.80";"0.00";"0.0"
"2023-04-21 12:00:00.000";"19.27";"53.33";"5.37";"0.00";"0.0"
"2023-04-21 13:00:00.000";"19.45";"58.67";"3.45";"0.00";"0.0"
"2023-04-21 14:00:00.000";"19.60";"56.33";"4.50";"0.00";"0.0"
"2023-04-21 15:00:00.000";"21.43";"44.00";"2.53";"0.00";"0.0"
"2023-04-21 16:00:00.000";"19.68";"51.67";"6.08";"0.00";"0.0"
"2023-04-21 17:00:00.000";"19.12";"54.83";"1.17";"0.00";"0.0"
"2023-04-21 18:00:00.000";"18.23";"63.00";"1.00";"0.00";"0.0"
"2023-04-21 19:00:00.000";"16.68";"61.83";"2.38";"0.00";"0.0"
"2023-04-21 20:00:00.000";"15.40";"67.33";"0.05";"0.00";"0.0"
"2023-04-21 21:00:00.000";"12.72";"75.83";"0.00";"0.00";"0.0"
"2023-04-21 22:00:00.000";"11.77";"78.83";"0.00";"0.00";"0.0"
"2023-04-21 23:00:00.000";"12.52";"75.00";"0.00";"0.00";"0.0"
"2023-04-22 00:00:00.000";"11.32";"78.33";"0.00";"0.00";"0.0"
"2023-04-22 01:00:00.000";"10.38";"84.17";"0.00";"0.00";"0.0"
"2023-04-22 02:00:00.000";"9.85";"83.00";"0.00";"0.00";"0.0"
"2023-04-22 03:00:00.000";"8.98";"89.00";"0.00";"0.00";"0.0"
"2023-04-22 04:00:00.000";"8.72";"86.50";"0.00";"0.00";"0.0"
"2023-04-22 05:00:00.000";"9.17";"83.33";"0.00";"0.00";"0.0"
"2023-04-22 06:00:00.000";"9.30";"86.17";"0.00";"0.00";"0.0"
"2023-04-22 07:00:00.000";"9.08";"90.33";"0.00";"0.00";"0.0"
"2023-04-22 08:00:00.000";"9.78";"91.83";"0.00";"0.00";"0.0"
"2023-04-22 09:00:00.000";"13.63";"79.33";"0.00";"0.00";"0.0"
"2023-04-22 10:00:00.000";"16.63";"63.50";"0.13";"0.00";"0.0"
"2023-04-22 11:00:00.000";"18.67";"59.00";"2.05";"0.00";"0.0"
"2023-04-22 12:00:00.000";"18.15";"63.33";"5.48";"0.00";"0.0"
"2023-04-22 13:00:00.000";"18.50";"64.00";"5.78";"0.00";"0.0"
"2023-04-22 14:00:00.000";"18.90";"62.83";"4.40";"0.00";"0.0"
"2023-04-22 15:00:00.000";"20.05";"58.83";"4.28";"0.00";"0.0"
"2023-04-22 16:00:00.000";"19.95";"57.17";"5.68";"0.00";"0.0"
"2023-04-22 17:00:00.000";"19.83";"54.50";"4.10";"0.00";"0.0"
"2023-04-22 18:00:00.000";"20.07";"50.17";"3.53";"0.00";"0.0"
"2023-04-22 19:00:00.000";"18.73";"50.67";"3.72";"0.00";"0.0"
"2023-04-22 20:00:00.000";"17.47";"53.00";"0.50";"0.00";"0.0"
"2023-04-22 21:00:00.000";"14.12";"65.33";"0.00";"0.00";"0.0"
"2023-04-22 22:00:00.000";"12.07";"79.83";"0.00";"0.00";"0.0"
"2023-04-22 23:00:00.000";"11.58";"89.33";"0.00";"0.00";"0.0"
"2023-04-23 00:00:00.000";"10.13";"90.83";"0.00";"0.00";"0.0"
"2023-04-23 01:00:00.000";"10.83";"94.50";"0.00";"0.50";"0.0"
"2023-04-23 02:00:00.000";"9.70";"94.00";"0.00";"1.00";"0.0"
"2023-04-23 03:00:00.000";"9.45";"95.00";"0.00";"1.00";"0.0"
"2023-04-23 04:00:00.000";"8.98";"95.00";"0.00";"1.00";"0.0"
"2023-04-23 05:00:00.000";"7.90";"94.33";"0.00";"1.00";"0.0"
"2023-04-23 06:00:00.000";"7.30";"94.00";"0.00";"1.00";"0.0"
"2023-04-23 07:00:00.000";"7.05";"94.50";"0.00";"1.00";"0.0"
"2023-04-23 08:00:00.000";"8.50";"95.00";"0.00";"1.00";"0.0"
"2023-04-23 09:00:00.000";"12.93";"91.67";"0.00";"0.17";"0.3"
"2023-04-23 10:00:00.000";"15.92";"78.67";"0.37";"0.00";"0.0"
"2023-04-23 11:00:00.000";"17.58";"73.17";"2.73";"0.00";"0.0"
"2023-04-23 12:00:00.000";"17.40";"74.17";"3.90";"0.00";"0.0"
"2023-04-23 13:00:00.000";"18.53";"72.50";"3.72";"0.00";"0.0"
"2023-04-23 14:00:00.000";"18.12";"70.67";"3.72";"0.00";"0.0"
"2023-04-23 15:00:00.000";"18.52";"68.33";"3.83";"0.00";"0.0"
"2023-04-23 16:00:00.000";"19.05";"65.83";"4.28";"0.00";"0.0"
"2023-04-23 17:00:00.000";"19.13";"64.67";"3.90";"0.00";"0.0"
"2023-04-23 18:00:00.000";"18.88";"66.17";"1.80";"0.00";"0.0"
"2023-04-23 19:00:00.000";"17.10";"73.33";"1.95";"0.00";"0.0"
"2023-04-23 20:00:00.000";"15.42";"80.17";"0.68";"0.00";"0.0"
"2023-04-23 21:00:00.000";"14.65";"84.00";"0.00";"0.00";"0.0"
"2023-04-23 22:00:00.000";"13.23";"86.67";"0.00";"0.00";"0.0"
"2023-04-23 23:00:00.000";"11.52";"91.50";"0.00";"0.00";"0.0"
"2023-04-24 00:00:00.000";"10.77";"94.00";"0.00";"0.00";"0.0"
"2023-04-24 01:00:00.000";"11.00";"94.67";"0.00";"0.00";"0.0"
"2023-04-24 02:00:00.000";"11.75";"95.00";"0.00";"0.00";"0.0"
"2023-04-24 03:00:00.000";"10.08";"95.00";"0.00";"0.33";"0.0"
"2023-04-24 04:00:00.000";"9.37";"95.00";"0.00";"1.00";"0.0"
"2023-04-24 05:00:00.000";"8.92";"95.00";"0.00";"1.00";"0.0"
"2023-04-24 06:00:00.000";"9.27";"95.00";"0.00";"1.00";"0.0"
"2023-04-24 07:00:00.000";"8.58";"95.00";"0.00";"1.00";"0.0"
"2023-04-24 08:00:00.000";"8.63";"95.33";"0.00";"1.00";"0.0"
"2023-04-24 09:00:00.000";"12.32";"92.83";"0.00";"0.33";"0.0"
"2023-04-24 10:00:00.000";"16.18";"67.17";"0.00";"0.00";"0.0"
"2023-04-24 11:00:00.000";"18.85";"50.00";"0.27";"0.00";"0.0"
"2023-04-24 12:00:00.000";"19.57";"54.83";"1.70";"0.00";"0.0"
"2023-04-24 13:00:00.000";"19.87";"54.00";"3.93";"0.00";"0.0"
"2023-04-24 14:00:00.000";"20.07";"53.17";"6.80";"0.00";"0.0"
"2023-04-24 15:00:00.000";"20.15";"51.83";"6.55";"0.00";"0.0"
"2023-04-24 16:00:00.000";"20.05";"54.00";"6.67";"0.00";"0.0"
"2023-04-24 17:00:00.000";"20.18";"50.50";"6.77";"0.00";"0.0"
"2023-04-24 18:00:00.000";"20.15";"48.83";"4.37";"0.00";"0.0"
"2023-04-24 19:00:00.000";"18.73";"53.83";"3.15";"0.00";"0.0"
"2023-04-24 20:00:00.000";"16.70";"60.33";"2.45";"0.00";"0.0"
"2023-04-24 21:00:00.000";"13.58";"74.50";"0.02";"0.00";"0.0"
"2023-04-24 22:00:00.000";"10.60";"82.17";"0.00";"0.00";"0.0"
"2023-04-24 23:00:00.000";"9.30";"81.33";"0.00";"0.00";"0.0"
"2023-04-25 00:00:00.000";"9.17";"82.00";"0.00";"0.00";"0.0"
"2023-04-25 01:00:00.000";"8.73";"79.00";"0.00";"0.00";"0.0"
"2023-04-25 02:00:00.000";"8.92";"86.67";"0.00";"0.00";"0.0"
"2023-04-25 03:00:00.000";"8.92";"93.50";"0.00";"0.00";"0.0"
"2023-04-25 04:00:00.000";"7.70";"92.00";"0.00";"0.00";"0.0"
"2023-04-25 05:00:00.000";"7.37";"90.33";"0.00";"0.00";"0.0"
"2023-04-25 06:00:00.000";"7.70";"92.67";"0.00";"0.00";"0.0"
"2023-04-25 07:00:00.000";"9.78";"94.00";"0.00";"0.00";"0.0"
"2023-04-25 08:00:00.000";"11.42";"94.67";"0.00";"0.00";"0.0"
"2023-04-25 09:00:00.000";"15.13";"89.17";"0.00";"0.00";"0.0"
"2023-04-25 10:00:00.000";"16.55";"82.67";"1.75";"0.00";"0.0"
"2023-04-25 11:00:00.000";"17.72";"76.83";"5.20";"0.00";"0.0"
"2023-04-25 12:00:00.000";"18.55";"71.83";"5.97";"0.00";"0.0"
"2023-04-25 13:00:00.000";"18.48";"70.17";"4.58";"0.00";"0.0"
"2023-04-25 14:00:00.000";"18.73";"71.83";"2.98";"0.00";"0.0"
"2023-04-25 15:00:00.000";"19.05";"70.00";"5.72";"0.00";"0.0"
"2023-04-25 16:00:00.000";"19.90";"64.00";"3.00";"0.00";"0.0"
"2023-04-25 17:00:00.000";"20.38";"53.83";"3.83";"0.00";"0.0"
"2023-04-25 18:00:00.000";"20.13";"47.67";"5.60";"0.00";"0.0"
"2023-04-25 19:00:00.000";"18.75";"52.83";"5.17";"0.00";"0.0"
"2023-04-25 20:00:00.000";"16.33";"67.00";"3.63";"0.00";"0.0"
"2023-04-25 21:00:00.000";"14.13";"78.33";"0.20";"0.00";"0.0"
"2023-04-25 22:00:00.000";"12.52";"82.67";"0.00";"0.00";"0.0"
"2023-04-25 23:00:00.000";"12.62";"85.33";"0.00";"0.00";"0.0"
"2023-04-26 00:00:00.000";"12.10";"90.67";"0.00";"0.00";"0.0"
"2023-04-26 01:00:00.000";"11.77";"93.33";"0.00";"0.00";"0.0"
"2023-04-26 02:00:00.000";"12.43";"94.00";"0.00";"0.00";"0.0"
"2023-04-26 03:00:00.000";"12.72";"94.00";"0.00";"0.00";"0.0"
"2023-04-26 04:00:00.000";"12.75";"94.33";"0.00";"0.00";"0.0"
"2023-04-26 05:00:00.000";"12.98";"95.00";"0.00";"0.00";"0.0"
"2023-04-26 06:00:00.000";"13.80";"95.00";"0.07";"0.00";"0.0"
"2023-04-26 07:00:00.000";"13.92";"95.00";"0.00";"0.00";"0.0"
"2023-04-26 08:00:00.000";"13.80";"95.00";"0.00";"0.00";"0.0"
"2023-04-26 09:00:00.000";"15.25";"91.33";"0.00";"0.00";"0.0"
"2023-04-26 10:00:00.000";"16.58";"83.67";"0.63";"0.00";"0.0"
"2023-04-26 11:00:00.000";"17.63";"79.00";"2.07";"0.00";"0.0"
"2023-04-26 12:00:00.000";"17.87";"77.50";"4.23";"0.00";"0.0"
"2023-04-26 13:00:00.000";"17.12";"79.17";"1.83";"0.17";"0.0"
"2023-04-26 14:00:00.000";"17.70";"75.83";"2.03";"0.00";"0.0"
"2023-04-26 15:00:00.000";"19.43";"67.17";"5.88";"0.00";"0.0"
"2023-04-26 16:00:00.000";"18.58";"69.17";"3.28";"0.00";"0.0"
"2023-04-26 17:00:00.000";"18.93";"70.67";"4.10";"0.00";"0.0"
"2023-04-26 18:00:00.000";"18.35";"68.33";"3.32";"0.00";"0.0"
"2023-04-26 19:00:00.000";"17.88";"69.67";"3.10";"0.00";"0.0"
"2023-04-26 20:00:00.000";"16.28";"70.00";"3.12";"0.00";"0.0"
"2023-04-26 21:00:00.000";"14.20";"80.83";"0.35";"0.00";"0.0"
"2023-04-26 22:00:00.000";"13.08";"81.50";"0.43";"0.00";"0.0"
"2023-04-26 23:00:00.000";"13.00";"81.83";"0.52";"0.00";"0.0"
"2023-04-27 00:00:00.000";"13.00";"81.33";"0.17";"0.00";"0.0"
"2023-04-27 01:00:00.000";"12.08";"82.50";"0.02";"0.00";"0.0"
"2023-04-27 02:00:00.000";"10.93";"84.67";"0.00";"0.00";"0.0"
"2023-04-27 03:00:00.000";"10.17";"84.33";"0.13";"0.00";"0.0"
"2023-04-27 04:00:00.000";"9.15";"87.50";"0.02";"0.00";"0.0"
"2023-04-27 05:00:00.000";"7.52";"91.67";"0.00";"0.00";"0.0"
"2023-04-27 06:00:00.000";"9.45";"93.67";"0.27";"0.83";"0.0"
"2023-04-27 07:00:00.000";"7.73";"90.00";"0.00";"0.00";"0.0"
"2023-04-27 08:00:00.000";"8.75";"88.33";"0.00";"0.00";"0.0"
"2023-04-27 09:00:00.000";"12.93";"80.50";"0.68";"0.00";"0.0"
"2023-04-27 10:00:00.000";"15.28";"69.83";"0.73";"0.00";"0.0"
"2023-04-27 11:00:00.000";"17.17";"54.00";"1.25";"0.00";"0.0"
"2023-04-27 12:00:00.000";"18.12";"44.00";"2.37";"0.00";"0.0"
"2023-04-27 13:00:00.000";"18.72";"42.67";"2.80";"0.00";"0.0"
"2023-04-27 14:00:00.000";"19.07";"40.00";"3.78";"0.00";"0.0"
"2023-04-27 15:00:00.000";"19.45";"39.83";"4.30";"0.00";"0.0"
"2023-04-27 16:00:00.000";"18.90";"41.50";"5.43";"0.00";"0.0"
"2023-04-27 17:00:00.000";"19.35";"41.83";"4.32";"0.00";"0.0"
"2023-04-27 18:00:00.000";"18.62";"44.17";"3.70";"0.00";"0.0"
"2023-04-27 19:00:00.000";"17.17";"51.67";"3.53";"0.00";"0.0"
"2023-04-27 20:00:00.000";"15.45";"52.83";"2.13";"0.00";"0.0"
"2023-04-27 21:00:00.000";"13.40";"59.17";"0.90";"0.00";"0.0"
"2023-04-27 22:00:00.000";"12.00";"67.00";"0.23";"0.00";"0.0"
"2023-04-27 23:00:00.000";"11.02";"72.50";"0.03";"0.00";"0.0"
"2023-04-28 00:00:00.000";"9.65";"76.67";"0.00";"0.00";"0.0"
"2023-04-28 01:00:00.000";"8.07";"76.67";"0.00";"0.00";"0.0"
"2023-04-28 02:00:00.000";"7.98";"74.83";"0.00";"0.00";"0.0"
"2023-04-28 03:00:00.000";"7.72";"73.17";"0.00";"0.00";"0.0"
"2023-04-28 04:00:00.000";"7.75";"77.67";"0.00";"0.00";"0.0"
"2023-04-28 05:00:00.000";"7.47";"83.83";"0.00";"0.00";"0.0"
"2023-04-28 06:00:00.000";"7.28";"90.50";"0.00";"0.00";"0.0"
"2023-04-28 07:00:00.000";"7.00";"92.83";"0.00";"0.00";"0.0"
"2023-04-28 08:00:00.000";"8.58";"94.17";"0.00";"0.00";"0.0"
"2023-04-28 09:00:00.000";"13.92";"83.33";"0.00";"0.00";"0.0"
"2023-04-28 10:00:00.000";"15.77";"75.00";"0.88";"0.00";"0.0"
"2023-04-28 11:00:00.000";"16.57";"70.50";"4.58";"0.00";"0.0"
"2023-04-28 12:00:00.000";"17.67";"59.33";"6.32";"0.00";"0.0"
"2023-04-28 13:00:00.000";"18.17";"58.33";"5.88";"0.00";"0.0"
"2023-04-28 14:00:00.000";"18.32";"58.50";"8.52";"0.00";"0.0"
"2023-04-28 15:00:00.000";"18.27";"53.67";"8.33";"0.00";"0.0"
"2023-04-28 16:00:00.000";"18.03";"53.50";"8.12";"0.00";"0.0"
"2023-04-28 17:00:00.000";"18.33";"54.83";"6.80";"0.00";"0.0"
"2023-04-28 18:00:00.000";"18.28";"55.83";"6.13";"0.00";"0.0"
"2023-04-28 19:00:00.000";"17.28";"61.17";"5.02";"0.00";"0.0"
"2023-04-28 20:00:00.000";"15.82";"65.67";"2.30";"0.00";"0.0"
"2023-04-28 21:00:00.000";"13.48";"72.00";"0.23";"0.00";"0.0"
"2023-04-28 22:00:00.000";"12.08";"78.33";"0.08";"0.00";"0.0"
"2023-04-28 23:00:00.000";"9.90";"82.67";"0.00";"0.00";"0.0"
"2023-04-29 00:00:00.000";"8.87";"90.00";"0.00";"0.00";"0.0"
"2023-04-29 01:00:00.000";"8.60";"92.67";"0.00";"0.00";"0.0"
"2023-04-29 02:00:00.000";"8.65";"92.17";"0.00";"0.00";"0.0"
"2023-04-29 03:00:00.000";"7.33";"89.67";"0.05";"0.00";"0.0"
"2023-04-29 04:00:00.000";"6.73";"88.50";"0.03";"0.00";"0.0"
"2023-04-29 05:00:00.000";"6.97";"87.00";"0.02";"0.00";"0.0"
"2023-04-29 06:00:00.000";"8.13";"89.17";"0.00";"0.00";"0.0"
"2023-04-29 07:00:00.000";"8.60";"93.33";"0.00";"0.00";"0.0"
"2023-04-29 08:00:00.000";"8.60";"94.00";"0.00";"0.00";"0.0"
"2023-04-29 09:00:00.000";"13.57";"79.50";"0.00";"0.00";"0.0"
"2023-04-29 10:00:00.000";"16.37";"59.83";"0.07";"0.00";"0.0"
"2023-04-29 11:00:00.000";"17.85";"52.17";"1.78";"0.00";"0.0"
"2023-04-29 12:00:00.000";"19.38";"46.83";"3.40";"0.00";"0.0"
"2023-04-29 13:00:00.000";"19.55";"44.67";"3.00";"0.00";"0.0"
"2023-04-29 14:00:00.000";"19.73";"39.50";"5.88";"0.00";"0.0"
"2023-04-29 15:00:00.000";"19.38";"43.33";"6.35";"0.00";"0.0"
"2023-04-29 16:00:00.000";"19.28";"48.67";"7.03";"0.00";"0.0"
"2023-04-29 17:00:00.000";"19.38";"43.50";"6.18";"0.00";"0.0"
"2023-04-29 18:00:00.000";"19.70";"42.67";"6.97";"0.00";"0.0"
"2023-04-29 19:00:00.000";"17.95";"54.83";"4.00";"0.00";"0.0"
"2023-04-29 20:00:00.000";"16.22";"58.17";"2.67";"0.00";"0.0"
"2023-04-29 21:00:00.000";"14.02";"70.83";"0.07";"0.00";"0.0"
"2023-04-29 22:00:00.000";"11.42";"78.50";"0.00";"0.00";"0.0"
"2023-04-29 23:00:00.000";"9.65";"83.33";"0.00";"0.00";"0.0"
"2023-04-30 00:00:00.000";"9.02";"89.50";"0.00";"0.00";"0.0"
"2023-04-30 01:00:00.000";"9.03";"90.00";"0.00";"0.00";"0.0"
"2023-04-30 02:00:00.000";"8.20";"90.33";"0.00";"0.00";"0.0"
"2023-04-30 03:00:00.000";"8.05";"92.17";"0.00";"0.00";"0.0"
"2023-04-30 04:00:00.000";"9.72";"88.17";"0.00";"0.00";"0.0"
"2023-04-30 05:00:00.000";"10.55";"93.17";"0.00";"0.00";"0.0"
"2023-04-30 06:00:00.000";"11.42";"94.00";"0.00";"0.00";"0.0"
"2023-04-30 07:00:00.000";"11.88";"94.00";"0.00";"0.00";"0.0"
"2023-04-30 08:00:00.000";"12.03";"92.83";"0.00";"0.00";"0.0"
"2023-04-30 09:00:00.000";"13.35";"86.50";"0.00";"0.00";"0.0"
"2023-04-30 10:00:00.000";"15.28";"82.50";"0.00";"0.00";"0.0"
"2023-04-30 11:00:00.000";"16.43";"77.50";"0.17";"0.00";"0.0"
"2023-04-30 12:00:00.000";"18.32";"69.67";"1.03";"0.00";"0.0"
"2023-04-30 13:00:00.000";"18.28";"70.00";"1.40";"0.00";"0.0"
"2023-04-30 14:00:00.000";"18.97";"66.83";"1.25";"0.00";"0.0"
"2023-04-30 15:00:00.000";"18.47";"69.00";"2.97";"0.00";"0.0"
"2023-04-30 16:00:00.000";"18.02";"68.00";"1.00";"0.00";"0.0"
"2023-04-30 17:00:00.000";"17.63";"69.33";"2.38";"0.00";"0.0"
"2023-04-30 18:00:00.000";"17.67";"69.33";"1.38";"0.00";"0.0"
"2023-04-30 19:00:00.000";"17.50";"72.67";"0.67";"0.00";"0.0"
"2023-04-30 20:00:00.000";"16.47";"75.83";"0.00";"0.00";"0.0"
"2023-04-30 21:00:00.000";"14.77";"83.50";"0.00";"0.00";"0.0"
"2023-04-30 22:00:00.000";"14.27";"84.50";"0.00";"0.00";"0.0"
"2023-04-30 23:00:00.000";"14.23";"86.00";"0.00";"0.00";"0.0"
"2023-05-01 00:00:00.000";"14.13";"88.83";"0.00";"1.00";"0.3"
"2023-05-01 01:00:00.000";"14.03";"93.33";"0.00";"1.00";"0.6"
"2023-05-01 02:00:00.000";"13.65";"94.67";"0.00";"1.00";"0.9"
"2023-05-01 03:00:00.000";"12.42";"92.83";"0.00";"1.00";"0.6"
"2023-05-01 04:00:00.000";"11.95";"93.00";"0.00";"1.00";"0.9"
"2023-05-01 05:00:00.000";"11.97";"94.00";"0.00";"1.00";"0.6"
"2023-05-01 06:00:00.000";"12.17";"94.83";"0.00";"1.00";"0.6"
"2023-05-01 07:00:00.000";"12.25";"95.00";"0.00";"1.00";"2.7"
"2023-05-01 08:00:00.000";"12.20";"95.00";"0.00";"1.00";"3.9"
"2023-05-01 09:00:00.000";"12.72";"95.83";"0.00";"1.00";"1.8"
"2023-05-01 10:00:00.000";"13.03";"95.50";"0.27";"1.00";"0.6"
"2023-05-01 11:00:00.000";"13.92";"93.83";"0.92";"1.00";"0.0"
"2023-05-01 12:00:00.000";"14.37";"92.00";"0.35";"0.50";"0.3"
"2023-05-01 13:00:00.000";"14.62";"87.83";"0.35";"0.50";"0.0"
"2023-05-01 14:00:00.000";"14.25";"82.50";"1.07";"0.00";"0.0"
"2023-05-01 15:00:00.000";"14.42";"83.67";"0.37";"0.00";"0.0"
"2023-05-01 16:00:00.000";"15.62";"82.33";"0.38";"0.00";"0.0"
"2023-05-01 17:00:00.000";"14.85";"85.00";"0.53";"0.00";"0.0"
"2023-05-01 18:00:00.000";"14.87";"83.00";"0.87";"0.00";"0.0"
"2023-05-01 19:00:00.000";"16.28";"80.00";"1.02";"0.00";"0.0"
"2023-05-01 20:00:00.000";"16.35";"78.67";"0.37";"0.00";"0.0"
"2023-05-01 21:00:00.000";"14.23";"83.17";"0.03";"0.00";"0.0"
"2023-05-01 22:00:00.000";"12.62";"87.67";"0.00";"0.00";"0.0"
"2023-05-01 23:00:00.000";"11.45";"90.17";"0.00";"0.00";"0.0"
"2023-05-02 00:00:00.000";"13.03";"86.67";"0.17";"0.00";"0.0"
"2023-05-02 01:00:00.000";"12.88";"86.50";"0.02";"0.00";"0.0"
"2023-05-02 02:00:00.000";"13.52";"84.83";"0.12";"0.00";"0.0"
"2023-05-02 03:00:00.000";"14.33";"82.67";"0.93";"0.00";"0.0"
"2023-05-02 04:00:00.000";"14.17";"83.33";"0.15";"0.00";"0.0"
"2023-05-02 05:00:00.000";"13.22";"86.50";"0.03";"0.00";"0.0"
"2023-05-02 06:00:00.000";"13.87";"82.83";"1.17";"0.00";"0.0"
"2023-05-02 07:00:00.000";"14.90";"77.33";"5.40";"0.00";"0.0"
"2023-05-02 08:00:00.000";"15.63";"74.50";"4.53";"0.00";"0.0"
"2023-05-02 09:00:00.000";"15.75";"76.83";"0.55";"0.00";"0.0"
"2023-05-02 10:00:00.000";"18.07";"74.17";"0.27";"0.00";"0.0"
"2023-05-02 11:00:00.000";"18.58";"69.00";"1.17";"0.00";"0.0"
"2023-05-02 12:00:00.000";"18.72";"66.33";"2.68";"0.00";"0.0"
"2023-05-02 13:00:00.000";"18.28";"68.67";"3.83";"0.00";"0.3"
"2023-05-02 14:00:00.000";"16.82";"73.17";"3.63";"0.17";"0.6"
"2023-05-02 15:00:00.000";"14.55";"86.67";"1.03";"1.00";"1.8"
"2023-05-02 16:00:00.000";"15.12";"84.00";"4.90";"0.67";"0.3"
"2023-05-02 17:00:00.000";"17.82";"73.00";"5.95";"0.00";"0.0"
"2023-05-02 18:00:00.000";"19.83";"51.67";"10.98";"0.00";"0.0"
"2023-05-02 19:00:00.000";"18.98";"49.17";"13.22";"0.00";"0.0"
"2023-05-02 20:00:00.000";"17.48";"55.50";"13.05";"0.00";"0.0"
"2023-05-02 21:00:00.000";"16.92";"60.50";"9.22";"0.00";"0.0"
"2023-05-02 22:00:00.000";"17.48";"55.33";"6.83";"0.00";"0.0"
"2023-05-02 23:00:00.000";"17.37";"54.33";"5.32";"0.00";"0.0"
"2023-05-03 00:00:00.000";"16.48";"58.67";"4.02";"0.00";"0.0"
"2023-05-03 01:00:00.000";"16.35";"59.17";"5.78";"0.00";"0.0"
"2023-05-03 02:00:00.000";"14.97";"65.17";"1.78";"0.00";"0.0"
"2023-05-03 03:00:00.000";"14.87";"66.83";"2.25";"0.00";"0.0"
"2023-05-03 04:00:00.000";"15.57";"65.67";"3.67";"0.00";"0.0"
"2023-05-03 05:00:00.000";"15.73";"64.33";"5.22";"0.00";"0.0"
"2023-05-03 06:00:00.000";"15.13";"71.33";"6.77";"0.00";"0.0"
"2023-05-03 07:00:00.000";"15.33";"76.67";"6.15";"0.00";"0.0"
"2023-05-03 08:00:00.000";"15.88";"77.33";"5.58";"0.00";"0.0"
"2023-05-03 09:00:00.000";"16.55";"70.17";"6.27";"0.00";"0.0"
"2023-05-03 10:00:00.000";"18.18";"63.33";"6.72";"0.00";"0.0"
"2023-05-03 11:00:00.000";"18.28";"64.33";"6.62";"0.00";"0.0"
"2023-05-03 12:00:00.000";"18.33";"65.83";"7.03";"0.00";"0.0"
"2023-05-03 13:00:00.000";"19.50";"64.33";"8.25";"0.00";"0.0"
"2023-05-03 14:00:00.000";"20.23";"60.00";"5.12";"0.00";"0.0"
"2023-05-03 15:00:00.000";"19.65";"62.00";"6.98";"0.00";"0.0"
"2023-05-03 16:00:00.000";"20.20";"57.50";"8.48";"0.00";"0.0"
"2023-05-03 17:00:00.000";"19.45";"59.00";"6.37";"0.00";"0.0"
"2023-05-03 18:00:00.000";"18.20";"63.50";"6.02";"0.00";"0.0"
"2023-05-03 19:00:00.000";"18.23";"60.67";"4.15";"0.00";"0.0"
"2023-05-03 20:00:00.000";"16.53";"68.17";"1.43";"0.00";"0.0"
"2023-05-03 21:00:00.000";"15.47";"76.00";"1.02";"0.00";"0.0"
"2023-05-03 22:00:00.000";"14.80";"81.33";"0.82";"0.00";"0.0"
"2023-05-03 23:00:00.000";"13.92";"85.83";"0.02";"0.00";"0.0"
"2023-05-04 00:00:00.000";"13.98";"86.67";"0.18";"0.00";"0.0"
"2023-05-04 01:00:00.000";"13.98";"86.33";"0.00";"0.00";"0.0"
"2023-05-04 02:00:00.000";"14.23";"84.00";"0.20";"0.00";"0.0"
"2023-05-04 03:00:00.000";"14.10";"81.33";"0.03";"0.00";"0.0"
"2023-05-04 04:00:00.000";"13.92";"82.00";"0.00";"0.00";"0.0"
"2023-05-04 05:00:00.000";"14.22";"81.00";"0.02";"0.00";"0.0"
"2023-05-04 06:00:00.000";"13.97";"82.50";"0.00";"0.00";"0.0"
"2023-05-04 07:00:00.000";"13.78";"80.83";"0.00";"0.00";"0.0"
"2023-05-04 08:00:00.000";"14.47";"78.33";"0.00";"0.00";"0.0"
"2023-05-04 09:00:00.000";"16.35";"71.17";"0.12";"0.00";"0.0"
"2023-05-04 10:00:00.000";"17.20";"63.33";"0.63";"0.00";"0.0"
"2023-05-04 11:00:00.000";"20.47";"52.17";"0.68";"0.00";"0.0"
"2023-05-04 12:00:00.000";"19.62";"55.50";"2.77";"0.00";"0.0"
"2023-05-04 13:00:00.000";"18.63";"57.50";"2.58";"0.00";"0.0"
"2023-05-04 14:00:00.000";"19.68";"57.33";"7.58";"0.00";"0.0"
"2023-05-04 15:00:00.000";"20.32";"52.00";"8.32";"0.00";"0.0"
"2023-05-04 16:00:00.000";"21.72";"46.17";"6.25";"0.00";"0.0"
"2023-05-04 17:00:00.000";"21.88";"44.17";"6.98";"0.00";"0.0"
"2023-05-04 18:00:00.000";"20.67";"46.83";"6.00";"0.00";"0.0"
"2023-05-04 19:00:00.000";"19.43";"52.17";"3.68";"0.00";"0.0"
"2023-05-04 20:00:00.000";"17.87";"52.83";"1.48";"0.00";"0.0"
"2023-05-04 21:00:00.000";"16.15";"63.00";"0.00";"0.00";"0.0"
"2023-05-04 22:00:00.000";"15.13";"68.17";"0.00";"0.00";"0.0"
"2023-05-04 23:00:00.000";"14.13";"73.17";"0.00";"0.00";"0.0"
"2023-05-05 00:00:00.000";"13.17";"76.50";"0.00";"0.00";"0.0"
"2023-05-05 01:00:00.000";"12.32";"80.33";"0.00";"0.00";"0.0"
"2023-05-05 02:00:00.000";"11.62";"83.50";"0.00";"0.00";"0.0"
"2023-05-05 03:00:00.000";"12.97";"83.00";"0.00";"0.00";"0.0"
"2023-05-05 04:00:00.000";"13.77";"78.00";"0.00";"0.00";"0.0"
"2023-05-05 05:00:00.000";"13.87";"77.00";"0.00";"0.00";"0.0"
"2023-05-05 06:00:00.000";"13.63";"75.50";"0.02";"0.00";"0.0"
"2023-05-05 07:00:00.000";"12.45";"80.33";"0.00";"0.00";"0.0"
"2023-05-05 08:00:00.000";"12.88";"80.00";"0.00";"0.00";"0.0"
"2023-05-05 09:00:00.000";"15.08";"72.17";"0.02";"0.00";"0.0"
"2023-05-05 10:00:00.000";"17.32";"63.67";"0.18";"0.00";"0.0"
"2023-05-05 11:00:00.000";"19.58";"50.83";"0.85";"0.00";"0.0"
"2023-05-05 12:00:00.000";"19.20";"57.67";"2.03";"0.00";"0.0"
"2023-05-05 13:00:00.000";"19.28";"59.67";"2.93";"0.00";"0.0"
"2023-05-05 14:00:00.000";"19.63";"58.50";"2.20";"0.00";"0.0"
"2023-05-05 15:00:00.000";"19.48";"58.50";"4.03";"0.00";"0.0"
"2023-05-05 16:00:00.000";"21.07";"53.50";"1.37";"0.00";"0.0"
"2023-05-05 17:00:00.000";"18.13";"69.00";"2.23";"0.67";"3.6"
"2023-05-05 18:00:00.000";"17.90";"76.50";"0.00";"1.00";"0.0"
"2023-05-05 19:00:00.000";"17.38";"77.50";"0.60";"0.00";"0.0"
"2023-05-05 20:00:00.000";"17.47";"77.17";"0.02";"0.00";"0.0"
"2023-05-05 21:00:00.000";"16.07";"85.00";"0.10";"0.00";"0.0"
"2023-05-05 22:00:00.000";"14.32";"92.67";"0.00";"1.00";"0.0"
"2023-05-05 23:00:00.000";"13.30";"93.67";"0.00";"1.00";"0.0"
"2023-05-06 00:00:00.000";"13.12";"91.50";"0.00";"0.00";"0.0"
"2023-05-06 01:00:00.000";"13.03";"87.67";"0.00";"0.00";"0.0"
"2023-05-06 02:00:00.000";"12.62";"82.67";"0.00";"0.00";"0.0"
"2023-05-06 03:00:00.000";"11.15";"85.50";"0.03";"0.00";"0.0"
"2023-05-06 04:00:00.000";"10.70";"84.33";"0.07";"0.00";"0.0"
"2023-05-06 05:00:00.000";"10.62";"83.00";"0.00";"0.00";"0.0"
"2023-05-06 06:00:00.000";"12.02";"77.67";"0.17";"0.00";"0.0"
"2023-05-06 07:00:00.000";"10.47";"81.00";"0.00";"0.00";"0.0"
"2023-05-06 08:00:00.000";"11.37";"80.83";"0.00";"0.00";"0.0"
"2023-05-06 09:00:00.000";"16.87";"69.83";"0.00";"0.00";"0.0"
"2023-05-06 10:00:00.000";"20.07";"54.67";"0.05";"0.00";"0.0"
"2023-05-06 11:00:00.000";"19.88";"55.00";"5.48";"0.00";"0.0"
"2023-05-06 12:00:00.000";"20.37";"56.67";"5.33";"0.00";"0.0"
"2023-05-06 13:00:00.000";"21.20";"60.00";"5.03";"0.00";"0.0"
"2023-05-06 14:00:00.000";"23.78";"45.50";"3.65";"0.00";"0.0"
"2023-05-06 15:00:00.000";"23.70";"40.33";"6.42";"0.00";"0.0"
"2023-05-06 16:00:00.000";"23.27";"44.33";"4.95";"0.00";"0.0"
"2023-05-06 17:00:00.000";"22.87";"46.50";"5.27";"0.00";"0.0"
"2023-05-06 18:00:00.000";"22.30";"48.33";"2.97";"0.00";"0.0"
"2023-05-06 19:00:00.000";"20.65";"53.00";"0.78";"0.00";"0.0"
"2023-05-06 20:00:00.000";"20.70";"52.83";"0.18";"0.00";"0.0"
"2023-05-06 21:00:00.000";"18.73";"57.67";"0.00";"0.00";"0.0"
"2023-05-06 22:00:00.000";"16.95";"64.00";"0.00";"0.00";"0.0"
"2023-05-06 23:00:00.000";"14.93";"71.50";"0.00";"0.00";"0.0"
"2023-05-07 00:00:00.000";"13.95";"75.50";"0.00";"0.00";"0.0"
"2023-05-07 01:00:00.000";"14.02";"71.67";"0.00";"0.00";"0.0"
"2023-05-07 02:00:00.000";"12.33";"76.67";"0.00";"0.00";"0.0"
"2023-05-07 03:00:00.000";"12.38";"76.50";"0.00";"0.00";"0.0"
"2023-05-07 04:00:00.000";"13.57";"63.83";"0.20";"0.00";"0.0"
"2023-05-07 05:00:00.000";"12.23";"66.67";"0.00";"0.00";"0.0"
"2023-05-07 06:00:00.000";"11.13";"69.17";"0.00";"0.00";"0.0"
"2023-05-07 07:00:00.000";"9.22";"75.50";"0.00";"0.00";"0.0"
"2023-05-07 08:00:00.000";"13.72";"64.17";"0.00";"0.00";"0.0"
"2023-05-07 09:00:00.000";"18.67";"49.83";"0.00";"0.00";"0.0"
"2023-05-07 10:00:00.000";"20.70";"43.00";"0.73";"0.00";"0.0"
"2023-05-07 11:00:00.000";"21.95";"39.83";"2.07";"0.00";"0.0"
"2023-05-07 12:00:00.000";"22.42";"40.67";"4.00";"0.00";"0.0"
"2023-05-07 13:00:00.000";"22.93";"40.50";"3.62";"0.00";"0.0"
"2023-05-07 14:00:00.000";"23.23";"37.50";"6.00";"0.00";"0.0"
"2023-05-07 15:00:00.000";"22.57";"38.50";"5.82";"0.00";"0.0"
"2023-05-07 16:00:00.000";"21.87";"41.50";"5.37";"0.00";"0.0"
"2023-05-07 17:00:00.000";"22.63";"38.67";"7.55";"0.00";"0.0"
"2023-05-07 18:00:00.000";"22.47";"39.17";"5.65";"0.00";"0.0"
"2023-05-07 19:00:00.000";"21.50";"45.00";"3.95";"0.00";"0.0"
"2023-05-07 20:00:00.000";"20.45";"46.50";"0.87";"0.00";"0.0"
"2023-05-07 21:00:00.000";"17.78";"54.33";"0.00";"0.00";"0.0"
"2023-05-07 22:00:00.000";"14.25";"66.83";"0.00";"0.00";"0.0"
"2023-05-07 23:00:00.000";"12.65";"72.33";"0.00";"0.00";"0.0"
"2023-05-08 00:00:00.000";"11.73";"77.17";"0.00";"0.00";"0.0"
"2023-05-08 01:00:00.000";"11.00";"79.67";"0.00";"0.00";"0.0"
"2023-05-08 02:00:00.000";"10.62";"78.83";"0.00";"0.00";"0.0"
"2023-05-08 03:00:00.000";"10.30";"78.67";"0.00";"0.00";"0.0"
"2023-05-08 04:00:00.000";"10.15";"77.67";"0.00";"0.00";"0.0"
"2023-05-08 05:00:00.000";"9.42";"80.50";"0.00";"0.00";"0.0"
"2023-05-08 06:00:00.000";"9.82";"78.17";"0.00";"0.00";"0.0"
"2023-05-08 07:00:00.000";"9.83";"76.17";"0.00";"0.00";"0.0"
"2023-05-08 08:00:00.000";"11.67";"73.50";"0.00";"0.00";"0.0"
"2023-05-08 09:00:00.000";"17.40";"62.00";"0.00";"0.00";"0.0"
"2023-05-08 10:00:00.000";"21.15";"50.00";"0.00";"0.00";"0.0"
"2023-05-08 11:00:00.000";"23.67";"47.17";"2.15";"0.00";"0.0"
"2023-05-08 12:00:00.000";"22.13";"54.83";"4.57";"0.00";"0.0"
"2023-05-08 13:00:00.000";"22.58";"54.67";"4.35";"0.00";"0.0"
"2023-05-08 14:00:00.000";"23.17";"52.33";"4.78";"0.00";"0.0"
"2023-05-08 15:00:00.000";"22.22";"54.67";"3.93";"0.00";"0.0"
"2023-05-08 16:00:00.000";"22.63";"54.83";"2.78";"0.00";"0.0"
"2023-05-08 17:00:00.000";"22.32";"53.67";"3.38";"0.00";"0.0"
"2023-05-08 18:00:00.000";"21.58";"58.67";"2.53";"0.00";"0.0"
"2023-05-08 19:00:00.000";"20.10";"53.17";"3.75";"0.00";"0.0"
"2023-05-08 20:00:00.000";"18.63";"54.50";"0.55";"0.00";"0.0"
"2023-05-08 21:00:00.000";"16.15";"63.50";"0.00";"0.00";"0.0"
"2023-05-08 22:00:00.000";"14.55";"72.50";"0.00";"0.00";"0.0"
"2023-05-08 23:00:00.000";"14.55";"74.17";"0.00";"0.00";"0.0"
"2023-05-09 00:00:00.000";"14.38";"75.67";"0.00";"0.00";"0.0"
"2023-05-09 01:00:00.000";"14.70";"71.50";"0.02";"0.00";"0.0"
"2023-05-09 02:00:00.000";"15.97";"59.67";"0.00";"0.00";"0.0"
"2023-05-09 03:00:00.000";"15.93";"58.33";"0.00";"0.00";"0.0"
"2023-05-09 04:00:00.000";"15.68";"61.00";"0.00";"0.00";"0.0"
"2023-05-09 05:00:00.000";"15.05";"63.50";"0.00";"0.00";"0.0"
"2023-05-09 06:00:00.000";"13.62";"68.33";"0.00";"0.00";"0.0"
"2023-05-09 07:00:00.000";"13.90";"68.00";"0.00";"0.00";"0.0"
"2023-05-09 08:00:00.000";"14.90";"66.50";"0.00";"0.00";"0.0"
"2023-05-09 09:00:00.000";"17.80";"63.00";"0.00";"0.00";"0.0"
"2023-05-09 10:00:00.000";"20.30";"61.17";"0.00";"0.00";"0.0"
"2023-05-09 11:00:00.000";"22.42";"48.00";"0.00";"0.00";"0.0"
"2023-05-09 12:00:00.000";"23.63";"40.00";"0.00";"0.00";"0.0"
"2023-05-09 13:00:00.000";"24.28";"42.67";"0.93";"0.00";"0.0"
"2023-05-09 14:00:00.000";"23.68";"45.00";"2.90";"0.00";"0.0"
"2023-05-09 15:00:00.000";"22.87";"46.83";"3.47";"0.00";"0.0"
"2023-05-09 16:00:00.000";"21.10";"54.00";"0.80";"0.00";"0.0"
"2023-05-09 17:00:00.000";"20.27";"57.17";"0.17";"0.00";"0.0"
"2023-05-09 18:00:00.000";"19.48";"59.50";"0.07";"0.00";"0.0"
"2023-05-09 19:00:00.000";"19.37";"61.00";"0.00";"0.00";"0.0"
"2023-05-09 20:00:00.000";"18.53";"66.17";"0.00";"0.00";"0.0"
"2023-05-09 21:00:00.000";"16.60";"72.50";"0.00";"0.00";"0.0"
"2023-05-09 22:00:00.000";"14.98";"77.33";"0.00";"0.00";"0.0"
"2023-05-09 23:00:00.000";"13.87";"82.17";"0.00";"0.00";"0.0"
"2023-05-10 00:00:00.000";"13.30";"83.67";"0.00";"0.00";"0.0"
"2023-05-10 01:00:00.000";"13.42";"85.00";"0.00";"0.00";"0.0"
"2023-05-10 02:00:00.000";"13.23";"82.33";"0.00";"0.00";"0.0"
"2023-05-10 03:00:00.000";"13.25";"79.00";"0.00";"0.00";"0.0"
"2023-05-10 04:00:00.000";"12.67";"80.00";"0.00";"0.00";"0.0"
"2023-05-10 05:00:00.000";"12.97";"80.33";"0.00";"0.00";"0.0"
"2023-05-10 06:00:00.000";"14.07";"80.83";"0.00";"0.50";"0.0"
"2023-05-10 07:00:00.000";"13.85";"89.17";"0.02";"1.00";"0.3"
"2023-05-10 08:00:00.000";"13.78";"92.00";"0.00";"1.00";"0.0"
"2023-05-10 09:00:00.000";"15.75";"87.33";"0.00";"0.83";"0.0"
"2023-05-10 10:00:00.000";"18.63";"71.83";"0.12";"0.00";"0.0"
"2023-05-10 11:00:00.000";"20.18";"66.67";"1.62";"0.00";"0.0"
"2023-05-10 12:00:00.000";"20.92";"63.83";"3.82";"0.00";"0.0"
"2023-05-10 13:00:00.000";"20.10";"66.33";"3.12";"0.00";"0.0"
"2023-05-10 14:00:00.000";"20.35";"62.33";"3.23";"0.00";"0.0"
"2023-05-10 15:00:00.000";"22.17";"55.67";"3.40";"0.00";"0.0"
"2023-05-10 16:00:00.000";"23.25";"52.50";"2.47";"0.00";"0.0"
"2023-05-10 17:00:00.000";"22.18";"59.00";"3.25";"0.00";"0.0"
"2023-05-10 18:00:00.000";"22.52";"55.50";"2.00";"0.00";"0.0"
"2023-05-10 19:00:00.000";"22.35";"56.17";"2.55";"0.00";"0.0"
"2023-05-10 20:00:00.000";"20.57";"62.83";"0.87";"0.00";"0.0"
"2023-05-10 21:00:00.000";"18.95";"66.67";"0.27";"0.00";"0.0"
"2023-05-10 22:00:00.000";"17.45";"75.67";"2.08";"0.00";"0.0"
"2023-05-10 23:00:00.000";"16.88";"82.00";"2.03";"0.00";"0.0"
"2023-05-11 00:00:00.000";"16.60";"84.00";"0.63";"0.00";"0.0"
"2023-05-11 01:00:00.000";"16.28";"83.00";"0.00";"0.00";"0.0"
"2023-05-11 02:00:00.000";"15.98";"83.50";"0.00";"0.00";"0.0"
"2023-05-11 03:00:00.000";"15.70";"84.83";"0.00";"0.00";"0.0"
"2023-05-11 04:00:00.000";"15.32";"88.50";"0.00";"0.00";"0.0"
"2023-05-11 05:00:00.000";"15.43";"91.00";"0.00";"0.00";"0.0"
"2023-05-11 06:00:00.000";"15.45";"91.00";"0.00";"0.00";"0.0"
"2023-05-11 07:00:00.000";"15.67";"91.00";"0.25";"0.00";"0.0"
"2023-05-11 08:00:00.000";"15.65";"91.17";"0.02";"0.00";"0.0"
"2023-05-11 09:00:00.000";"15.75";"91.00";"0.13";"0.00";"0.0"
"2023-05-11 10:00:00.000";"16.40";"86.29";"0.31";"0.00";"0.0"
"2023-05-11 11:00:00.000";"16.62";"83.00";"0.58";"0.00";"0.0"
"2023-05-11 12:00:00.000";"17.03";"80.17";"1.07";"0.00";"0.0"
"2023-05-11 13:00:00.000";"17.62";"76.83";"1.78";"0.00";"0.0"
"2023-05-11 14:00:00.000";"17.38";"77.33";"1.67";"0.00";"0.0"
"2023-05-11 15:00:00.000";"17.33";"78.17";"2.17";"0.00";"0.0"
"2023-05-11 16:00:00.000";"17.65";"77.17";"2.27";"0.00";"0.0"
"2023-05-11 17:00:00.000";"17.62";"77.33";"2.38";"0.00";"0.0"
"2023-05-11 18:00:00.000";"17.33";"77.50";"1.72";"0.00";"0.0"
"2023-05-11 19:00:00.000";"16.45";"79.83";"1.00";"0.00";"0.0"
"2023-05-11 20:00:00.000";"17.00";"73.67";"0.00";"0.00";"0.0"
"2023-05-11 21:00:00.000";"16.05";"74.33";"0.00";"0.00";"0.0"
"2023-05-11 22:00:00.000";"14.10";"79.67";"0.00";"0.00";"0.0"
"2023-05-11 23:00:00.000";"12.72";"83.00";"0.00";"0.00";"0.0"
"2023-05-12 00:00:00.000";"12.08";"85.83";"0.00";"0.00";"0.0"
"2023-05-12 01:00:00.000";"11.37";"88.33";"0.00";"0.00";"0.0"
"2023-05-12 02:00:00.000";"11.08";"90.33";"0.00";"0.00";"0.0"
"2023-05-12 03:00:00.000";"11.05";"92.50";"0.00";"0.00";"0.0"
"2023-05-12 04:00:00.000";"10.73";"93.67";"0.00";"0.00";"0.0"
"2023-05-12 05:00:00.000";"10.37";"94.00";"0.00";"0.17";"0.0"
"2023-05-12 06:00:00.000";"10.27";"94.67";"0.00";"1.00";"0.0"
"2023-05-12 07:00:00.000";"9.77";"95.00";"0.00";"1.00";"0.0"
"2023-05-12 08:00:00.000";"10.62";"94.67";"0.00";"0.67";"0.0"
"2023-05-12 09:00:00.000";"15.22";"83.50";"0.00";"0.00";"0.0"
"2023-05-12 10:00:00.000";"18.20";"74.83";"0.35";"0.00";"0.0"
"2023-05-12 11:00:00.000";"18.35";"75.67";"3.17";"0.00";"0.0"
"2023-05-12 12:00:00.000";"19.18";"71.17";"4.87";"0.00";"0.0"
"2023-05-12 13:00:00.000";"20.07";"65.00";"3.72";"0.00";"0.0"
"2023-05-12 14:00:00.000";"20.92";"56.50";"5.88";"0.00";"0.0"
"2023-05-12 15:00:00.000";"20.37";"59.83";"7.78";"0.00";"0.0"
"2023-05-12 16:00:00.000";"20.12";"60.17";"5.92";"0.00";"0.0"
"2023-05-12 17:00:00.000";"19.62";"63.33";"5.35";"0.00";"0.0"
"2023-05-12 18:00:00.000";"19.15";"63.33";"4.23";"0.00";"0.0"
"2023-05-12 19:00:00.000";"18.38";"65.50";"4.22";"0.00";"0.0"
"2023-05-12 20:00:00.000";"17.22";"68.50";"1.62";"0.00";"0.0"
"2023-05-12 21:00:00.000";"15.43";"75.33";"0.15";"0.00";"0.0"
"2023-05-12 22:00:00.000";"12.48";"81.50";"0.00";"0.00";"0.0"
"2023-05-12 23:00:00.000";"11.52";"87.33";"0.02";"0.00";"0.0"
"2023-05-13 00:00:00.000";"11.55";"90.83";"0.00";"0.00";"0.0"
"2023-05-13 01:00:00.000";"11.55";"90.33";"0.00";"0.00";"0.0"
"2023-05-13 02:00:00.000";"11.02";"92.50";"0.00";"0.00";"0.0"
"2023-05-13 03:00:00.000";"9.95";"93.00";"0.00";"0.00";"0.0"
"2023-05-13 04:00:00.000";"9.75";"94.00";"0.00";"0.00";"0.0"
"2023-05-13 05:00:00.000";"9.40";"94.00";"0.00";"0.00";"0.0"
"2023-05-13 06:00:00.000";"9.08";"94.33";"0.00";"0.00";"0.0"
"2023-05-13 07:00:00.000";"8.93";"94.83";"0.00";"0.00";"0.0"
"2023-05-13 08:00:00.000";"11.33";"95.00";"0.02";"0.00";"0.3"
"2023-05-13 09:00:00.000";"15.60";"84.17";"0.33";"0.00";"0.0"
"2023-05-13 10:00:00.000";"18.82";"71.17";"0.47";"0.00";"0.0"
"2023-05-13 11:00:00.000";"19.98";"64.67";"0.38";"0.00";"0.0"
"2023-05-13 12:00:00.000";"21.57";"49.17";"1.25";"0.00";"0.0"
"2023-05-13 13:00:00.000";"21.67";"55.33";"4.38";"0.00";"0.0"
"2023-05-13 14:00:00.000";"18.52";"67.67";"4.42";"0.00";"0.0"
"2023-05-13 15:00:00.000";"17.03";"73.83";"5.18";"0.00";"0.0"
"2023-05-13 16:00:00.000";"18.25";"68.17";"0.43";"0.00";"0.0"
"2023-05-13 17:00:00.000";"20.82";"61.33";"1.13";"0.00";"0.0"
"2023-05-13 18:00:00.000";"20.50";"61.83";"1.25";"0.00";"0.0"
"2023-05-13 19:00:00.000";"20.53";"64.33";"1.13";"0.00";"0.0"
"2023-05-13 20:00:00.000";"18.43";"71.33";"0.10";"0.00";"0.0"
"2023-05-13 21:00:00.000";"17.47";"73.33";"0.10";"0.00";"0.0"
"2023-05-13 22:00:00.000";"16.38";"71.67";"0.95";"0.00";"0.0"
"2023-05-13 23:00:00.000";"16.47";"68.33";"1.23";"0.00";"0.0"
"2023-05-14 00:00:00.000";"16.70";"65.33";"1.62";"0.00";"0.0"
"2023-05-14 01:00:00.000";"16.63";"66.83";"0.98";"0.00";"0.0"
"2023-05-14 02:00:00.000";"16.57";"68.67";"0.08";"0.00";"0.0"
"2023-05-14 03:00:00.000";"17.75";"63.00";"0.10";"0.00";"0.0"
"2023-05-14 04:00:00.000";"17.80";"59.67";"0.03";"0.00";"0.0"
"2023-05-14 05:00:00.000";"18.37";"58.17";"0.17";"0.00";"0.0"
"2023-05-14 06:00:00.000";"18.95";"54.83";"0.28";"0.00";"0.0"
"2023-05-14 07:00:00.000";"19.33";"52.50";"0.55";"0.00";"0.0"
"2023-05-14 08:00:00.000";"20.47";"49.50";"0.68";"0.00";"0.0"
"2023-05-14 09:00:00.000";"22.18";"47.00";"0.53";"0.00";"0.0"
"2023-05-14 10:00:00.000";"24.83";"43.00";"0.43";"0.00";"0.0"
"2023-05-14 11:00:00.000";"26.37";"36.00";"4.28";"0.00";"0.0"
"2023-05-14 12:00:00.000";"26.83";"34.17";"7.17";"0.00";"0.0"
"2023-05-14 13:00:00.000";"27.27";"32.50";"7.38";"0.00";"0.0"
"2023-05-14 14:00:00.000";"27.82";"31.00";"6.85";"0.00";"0.0"
"2023-05-14 15:00:00.000";"27.40";"30.50";"6.38";"0.00";"0.0"
"2023-05-14 16:00:00.000";"28.12";"29.00";"7.18";"0.00";"0.0"
"2023-05-14 17:00:00.000";"28.48";"28.00";"5.58";"0.00";"0.0"
"2023-05-14 18:00:00.000";"27.55";"27.00";"4.17";"0.00";"0.0"
"2023-05-14 19:00:00.000";"26.15";"28.50";"4.53";"0.00";"0.0"
"2023-05-14 20:00:00.000";"24.52";"30.17";"3.05";"0.00";"0.0"
"2023-05-14 21:00:00.000";"22.28";"34.50";"0.57";"0.00";"0.0"
"2023-05-14 22:00:00.000";"21.43";"35.50";"0.32";"0.00";"0.0"
"2023-05-14 23:00:00.000";"20.98";"39.33";"0.38";"0.00";"0.0"
"2023-05-15 00:00:00.000";"21.17";"38.50";"0.52";"0.00";"0.0"
"2023-05-15 01:00:00.000";"21.12";"39.00";"0.17";"0.00";"0.0"
"2023-05-15 02:00:00.000";"21.40";"38.17";"0.42";"0.00";"0.0"
"2023-05-15 03:00:00.000";"21.98";"37.00";"0.90";"0.00";"0.0"
"2023-05-15 04:00:00.000";"22.20";"36.33";"1.05";"0.00";"0.0"
"2023-05-15 05:00:00.000";"22.92";"34.17";"1.07";"0.00";"0.0"
"2023-05-15 06:00:00.000";"23.02";"34.00";"1.27";"0.00";"0.0"
"2023-05-15 07:00:00.000";"22.57";"35.33";"0.50";"0.00";"0.0"
"2023-05-15 08:00:00.000";"22.75";"35.50";"0.22";"0.00";"0.0"
"2023-05-15 09:00:00.000";"25.58";"31.83";"1.73";"0.00";"0.0"
"2023-05-15 10:00:00.000";"27.42";"28.50";"2.70";"0.00";"0.0"
"2023-05-15 11:00:00.000";"28.70";"25.67";"6.87";"0.00";"0.0"
"2023-05-15 12:00:00.000";"29.60";"25.50";"7.73";"0.00";"0.0"
"2023-05-15 13:00:00.000";"30.04";"25.20";"9.10";"0.00";"0.0"
"2023-05-15 14:00:00.000";"29.82";"24.67";"8.17";"0.00";"0.0"
"2023-05-15 15:00:00.000";"28.30";"26.50";"10.32";"0.00";"0.0"
"2023-05-15 16:00:00.000";"27.02";"29.00";"8.15";"0.00";"0.0"
"2023-05-15 17:00:00.000";"27.38";"27.83";"7.20";"0.00";"0.0"
"2023-05-15 18:00:00.000";"27.05";"29.00";"6.30";"0.00";"0.0"
"2023-05-15 19:00:00.000";"25.38";"31.00";"8.07";"0.00";"0.0"
"2023-05-15 20:00:00.000";"25.20";"30.83";"5.97";"0.00";"0.0"
"2023-05-15 21:00:00.000";"25.87";"28.17";"7.20";"0.00";"0.0"
"2023-05-15 22:00:00.000";"25.82";"27.83";"8.40";"0.00";"0.0"
"2023-05-15 23:00:00.000";"26.20";"27.17";"9.85";"0.00";"0.0"
"2023-05-16 00:00:00.000";"26.38";"26.50";"6.72";"0.00";"0.0"
"2023-05-16 01:00:00.000";"26.58";"26.50";"6.05";"0.00";"0.0"
"2023-05-16 02:00:00.000";"26.63";"25.33";"7.00";"0.00";"0.0"
"2023-05-16 03:00:00.000";"25.73";"24.00";"6.13";"0.00";"0.0"
"2023-05-16 04:00:00.000";"24.68";"27.00";"6.63";"0.00";"0.0"
"2023-05-16 05:00:00.000";"19.25";"59.67";"4.55";"0.00";"0.0"
"2023-05-16 06:00:00.000";"17.82";"68.00";"0.45";"0.00";"0.0"
"2023-05-16 07:00:00.000";"18.22";"65.67";"0.53";"0.00";"0.0"
"2023-05-16 08:00:00.000";"18.02";"66.50";"0.12";"0.00";"0.0"
"2023-05-16 09:00:00.000";"18.62";"65.00";"0.60";"0.00";"0.0"
"2023-05-16 10:00:00.000";"19.08";"67.00";"0.28";"0.00";"0.0"
"2023-05-16 11:00:00.000";"17.48";"80.83";"0.27";"0.83";"1.5"
"2023-05-16 12:00:00.000";"17.83";"86.00";"0.47";"1.00";"0.3"
"2023-05-16 13:00:00.000";"17.42";"88.00";"1.58";"0.83";"0.3"
"2023-05-16 14:00:00.000";"17.70";"78.00";"1.50";"0.00";"0.0"
"2023-05-16 15:00:00.000";"19.78";"67.20";"2.84";"0.00";"0.0"
"2023-05-16 16:00:00.000";"20.38";"58.17";"3.87";"0.00";"0.0"
"2023-05-16 17:00:00.000";"20.07";"57.83";"4.22";"0.00";"0.0"
"2023-05-16 18:00:00.000";"20.02";"57.67";"4.32";"0.00";"0.0"
"2023-05-16 19:00:00.000";"18.97";"62.67";"4.30";"0.00";"0.0"
"2023-05-16 20:00:00.000";"17.48";"67.17";"2.15";"0.00";"0.0"
"2023-05-16 21:00:00.000";"15.68";"75.17";"0.10";"0.00";"0.0"
"2023-05-16 22:00:00.000";"13.60";"80.50";"0.00";"0.00";"0.0"
"2023-05-16 23:00:00.000";"12.07";"86.67";"0.00";"0.00";"0.0"
"2023-05-17 00:00:00.000";"11.67";"89.67";"0.00";"0.00";"0.0"
"2023-05-17 01:00:00.000";"12.62";"90.83";"0.00";"0.00";"0.0"
"2023-05-17 02:00:00.000";"12.32";"92.33";"0.00";"0.00";"0.0"
"2023-05-17 03:00:00.000";"12.80";"93.50";"0.00";"0.00";"0.0"
"2023-05-17 04:00:00.000";"12.57";"93.00";"0.00";"0.00";"0.0"
"2023-05-17 05:00:00.000";"13.22";"93.67";"0.00";"0.00";"0.0"
"2023-05-17 06:00:00.000";"13.92";"94.00";"0.00";"0.00";"0.0"
"2023-05-17 07:00:00.000";"13.03";"94.00";"0.00";"0.00";"0.0"
"2023-05-17 08:00:00.000";"14.18";"93.17";"0.00";"0.00";"0.0"
"2023-05-17 09:00:00.000";"15.88";"84.00";"0.03";"0.00";"0.3"
"2023-05-17 10:00:00.000";"17.00";"78.00";"0.73";"0.00";"0.0"
"2023-05-17 11:00:00.000";"18.03";"71.67";"5.32";"0.00";"0.0"
"2023-05-17 12:00:00.000";"18.17";"70.50";"5.17";"0.00";"0.0"
"2023-05-17 13:00:00.000";"18.68";"67.33";"6.83";"0.00";"0.0"
"2023-05-17 14:00:00.000";"19.18";"65.67";"8.20";"0.00";"0.0"
"2023-05-17 15:00:00.000";"18.45";"67.83";"6.72";"0.17";"0.0"
"2023-05-17 16:00:00.000";"14.37";"82.33";"0.62";"1.00";"1.5"
"2023-05-17 17:00:00.000";"17.27";"78.00";"0.98";"0.67";"0.0"
"2023-05-17 18:00:00.000";"17.93";"76.00";"3.95";"0.00";"0.0"
"2023-05-17 19:00:00.000";"17.00";"77.83";"3.47";"0.00";"0.0"
"2023-05-17 20:00:00.000";"16.45";"79.67";"2.48";"0.00";"0.0"
"2023-05-17 21:00:00.000";"15.80";"82.83";"0.65";"0.00";"0.0"
"2023-05-17 22:00:00.000";"14.87";"86.17";"0.25";"0.00";"0.0"
"2023-05-17 23:00:00.000";"14.08";"91.50";"0.00";"0.50";"0.0"
"2023-05-18 00:00:00.000";"13.33";"93.83";"0.00";"1.00";"0.0"
"2023-05-18 01:00:00.000";"13.55";"94.50";"0.02";"1.00";"0.0"
"2023-05-18 02:00:00.000";"13.15";"95.00";"0.00";"1.00";"0.3"
"2023-05-18 03:00:00.000";"12.57";"95.00";"0.00";"1.00";"0.0"
"2023-05-18 04:00:00.000";"12.52";"95.00";"0.02";"1.00";"0.0"
"2023-05-18 05:00:00.000";"12.43";"95.17";"0.00";"1.00";"0.0"
"2023-05-18 06:00:00.000";"13.35";"95.83";"0.00";"1.00";"0.0"
"2023-05-18 07:00:00.000";"12.78";"96.00";"0.00";"1.00";"0.0"
"2023-05-18 08:00:00.000";"13.32";"96.00";"0.00";"1.00";"0.0"
"2023-05-18 09:00:00.000";"15.03";"92.17";"0.12";"0.00";"0.0"
"2023-05-18 10:00:00.000";"17.62";"78.67";"1.42";"0.00";"0.0"
"2023-05-18 11:00:00.000";"19.82";"67.33";"3.47";"0.00";"0.0"
"2023-05-18 12:00:00.000";"20.60";"60.00";"3.45";"0.00";"0.0"
"2023-05-18 13:00:00.000";"21.28";"55.67";"5.68";"0.00";"0.0"
"2023-05-18 14:00:00.000";"21.75";"50.00";"2.85";"0.00";"0.0"
"2023-05-18 15:00:00.000";"22.00";"46.00";"3.35";"0.00";"0.0"
"2023-05-18 16:00:00.000";"21.50";"48.83";"5.10";"0.00";"0.0"
"2023-05-18 17:00:00.000";"21.33";"55.00";"2.93";"0.00";"0.0"
"2023-05-18 18:00:00.000";"21.78";"51.00";"1.25";"0.00";"0.0"
"2023-05-18 19:00:00.000";"19.88";"60.67";"2.75";"0.00";"0.0"
"2023-05-18 20:00:00.000";"18.50";"64.67";"2.17";"0.00";"0.0"
"2023-05-18 21:00:00.000";"17.00";"68.50";"0.68";"0.00";"0.0"
"2023-05-18 22:00:00.000";"14.90";"77.00";"0.00";"0.00";"0.0"
"2023-05-18 23:00:00.000";"13.88";"82.17";"0.02";"0.00";"0.0"
"2023-05-19 00:00:00.000";"13.32";"86.17";"0.00";"0.00";"0.0"
"2023-05-19 01:00:00.000";"11.97";"87.33";"0.00";"0.00";"0.0"
"2023-05-19 02:00:00.000";"11.50";"90.00";"0.00";"0.00";"0.0"
"2023-05-19 03:00:00.000";"10.68";"91.00";"0.00";"0.00";"0.0"
"2023-05-19 04:00:00.000";"11.62";"94.00";"0.00";"1.00";"0.0"
"2023-05-19 05:00:00.000";"11.38";"94.83";"0.00";"1.00";"0.0"
"2023-05-19 06:00:00.000";"11.62";"95.00";"0.03";"1.00";"0.0"
"2023-05-19 07:00:00.000";"12.13";"95.00";"0.00";"1.00";"0.0"
"2023-05-19 08:00:00.000";"12.50";"95.17";"0.00";"1.00";"0.0"
"2023-05-19 09:00:00.000";"15.23";"90.00";"0.00";"0.00";"0.0"
"2023-05-19 10:00:00.000";"19.27";"73.00";"0.37";"0.00";"0.0"
"2023-05-19 11:00:00.000";"22.23";"63.33";"1.10";"0.00";"0.0"
"2023-05-19 12:00:00.000";"22.95";"62.50";"5.23";"0.00";"0.0"
"2023-05-19 13:00:00.000";"24.25";"53.83";"3.38";"0.00";"0.0"
"2023-05-19 14:00:00.000";"23.75";"52.00";"6.78";"0.00";"0.0"
"2023-05-19 15:00:00.000";"22.85";"54.17";"6.58";"0.00";"0.0"
"2023-05-19 16:00:00.000";"22.98";"52.17";"4.93";"0.00";"0.0"
"2023-05-19 17:00:00.000";"23.75";"50.83";"4.32";"0.00";"0.0"
"2023-05-19 18:00:00.000";"22.90";"51.17";"6.00";"0.00";"0.0"
"2023-05-19 19:00:00.000";"21.43";"57.67";"4.07";"0.00";"0.0"
"2023-05-19 20:00:00.000";"19.52";"63.67";"1.10";"0.00";"0.0"
"2023-05-19 21:00:00.000";"17.50";"67.33";"0.00";"0.00";"0.0"
"2023-05-19 22:00:00.000";"15.35";"72.67";"0.00";"0.00";"0.0"
"2023-05-19 23:00:00.000";"14.07";"76.67";"0.00";"0.00";"0.0"
"2023-05-20 00:00:00.000";"14.87";"72.33";"0.00";"0.00";"0.0"
"2023-05-20 01:00:00.000";"14.62";"73.00";"0.00";"0.00";"0.0"
"2023-05-20 02:00:00.000";"14.68";"74.33";"0.00";"0.00";"0.0"
"2023-05-20 03:00:00.000";"16.87";"67.17";"0.17";"0.00";"0.0"
"2023-05-20 04:00:00.000";"15.72";"68.17";"0.00";"0.00";"0.0"
"2023-05-20 05:00:00.000";"15.42";"70.83";"0.00";"0.00";"0.0"
"2023-05-20 06:00:00.000";"14.50";"73.33";"0.03";"0.00";"0.0"
"2023-05-20 07:00:00.000";"16.07";"56.17";"0.23";"0.00";"0.0"
"2023-05-20 08:00:00.000";"19.38";"43.33";"1.85";"0.00";"0.0"
"2023-05-20 09:00:00.000";"20.85";"44.00";"0.80";"0.00";"0.0"
"2023-05-20 10:00:00.000";"22.65";"39.00";"1.95";"0.00";"0.0"
"2023-05-20 11:00:00.000";"22.70";"39.00";"2.70";"0.00";"0.0"
"2023-05-20 12:00:00.000";"23.90";"35.33";"6.50";"0.00";"0.0"
"2023-05-20 13:00:00.000";"24.78";"35.50";"1.23";"0.00";"0.0"
"2023-05-20 14:00:00.000";"23.72";"39.50";"0.15";"0.00";"0.0"
"2023-05-20 15:00:00.000";"24.65";"34.00";"2.25";"0.00";"0.0"
"2023-05-20 16:00:00.000";"23.85";"37.00";"0.33";"0.00";"0.0"
"2023-05-20 17:00:00.000";"21.75";"46.83";"0.00";"0.00";"0.0"
"2023-05-20 18:00:00.000";"20.73";"49.83";"0.08";"0.00";"0.0"
"2023-05-20 19:00:00.000";"19.98";"52.83";"0.43";"0.00";"0.0"
"2023-05-20 20:00:00.000";"16.78";"69.00";"0.00";"0.50";"0.9"
"2023-05-20 21:00:00.000";"15.25";"70.33";"4.33";"0.50";"0.3"
"2023-05-20 22:00:00.000";"15.95";"63.00";"3.08";"0.00";"0.0"
"2023-05-20 23:00:00.000";"17.52";"51.67";"2.83";"0.00";"0.0"
"2023-05-21 00:00:00.000";"18.92";"44.00";"9.28";"0.00";"0.0"
"2023-05-21 01:00:00.000";"19.30";"43.17";"5.55";"0.00";"0.0"
"2023-05-21 02:00:00.000";"18.07";"47.67";"0.08";"0.00";"0.0"
"2023-05-21 03:00:00.000";"16.45";"54.33";"0.00";"0.00";"0.0"
"2023-05-21 04:00:00.000";"16.58";"53.83";"0.00";"0.00";"0.0"
"2023-05-21 05:00:00.000";"16.90";"52.83";"0.05";"0.00";"0.0"
"2023-05-21 06:00:00.000";"16.23";"61.00";"0.00";"0.00";"0.0"
"2023-05-21 07:00:00.000";"15.30";"63.17";"0.00";"0.00";"0.0"
"2023-05-21 08:00:00.000";"15.85";"65.33";"0.00";"0.00";"0.0"
"2023-05-21 09:00:00.000";"18.68";"58.17";"0.60";"0.00";"0.0"
"2023-05-21 10:00:00.000";"20.62";"53.67";"0.25";"0.00";"0.0"
"2023-05-21 11:00:00.000";"23.82";"40.50";"0.47";"0.00";"0.0"
"2023-05-21 12:00:00.000";"25.55";"34.67";"1.95";"0.00";"0.0"
"2023-05-21 13:00:00.000";"24.80";"43.50";"4.82";"0.00";"0.0"
"2023-05-21 14:00:00.000";"23.97";"47.50";"3.38";"0.00";"0.0"
"2023-05-21 15:00:00.000";"21.58";"51.83";"3.22";"0.00";"0.0"
"2023-05-21 16:00:00.000";"21.12";"53.33";"2.37";"0.00";"0.0"
"2023-05-21 17:00:00.000";"19.77";"55.17";"0.33";"0.00";"0.0"
"2023-05-21 18:00:00.000";"19.15";"60.17";"0.47";"0.00";"0.0"
"2023-05-21 19:00:00.000";"18.28";"67.50";"0.22";"0.50";"0.6"
"2023-05-21 20:00:00.000";"16.53";"79.50";"0.17";"1.00";"0.0"
"2023-05-21 21:00:00.000";"16.30";"82.17";"0.00";"1.00";"0.0"
"2023-05-21 22:00:00.000";"15.97";"80.17";"0.00";"0.83";"0.0"
"2023-05-21 23:00:00.000";"16.15";"76.50";"0.50";"0.00";"0.0"
"2023-05-22 00:00:00.000";"16.12";"74.33";"0.22";"0.00";"0.0"
"2023-05-22 01:00:00.000";"16.67";"69.33";"0.83";"0.00";"0.0"
"2023-05-22 02:00:00.000";"15.58";"72.17";"0.17";"0.00";"0.0"
"2023-05-22 03:00:00.000";"14.62";"76.50";"0.00";"0.00";"0.0"
"2023-05-22 04:00:00.000";"14.92";"79.33";"0.00";"0.00";"0.0"
"2023-05-22 05:00:00.000";"15.05";"81.00";"0.00";"0.00";"0.0"
"2023-05-22 06:00:00.000";"14.92";"84.00";"0.00";"0.00";"0.0"
"2023-05-22 07:00:00.000";"15.03";"85.50";"0.00";"0.00";"0.0"
"2023-05-22 08:00:00.000";"15.32";"86.00";"0.00";"0.00";"0.0"
"2023-05-22 09:00:00.000";"17.05";"79.00";"0.00";"0.00";"0.0"
"2023-05-22 10:00:00.000";"17.98";"74.67";"0.25";"0.00";"0.0"
"2023-05-22 11:00:00.000";"18.95";"70.50";"0.07";"0.00";"0.0"
"2023-05-22 12:00:00.000";"19.48";"68.17";"1.03";"0.00";"0.0"
"2023-05-22 13:00:00.000";"16.83";"90.17";"0.97";"1.00";"16.5"
"2023-05-22 14:00:00.000";"17.67";"94.83";"0.00";"1.00";"1.2"
"2023-05-22 15:00:00.000";"18.13";"92.50";"1.95";"1.00";"0.0"
"2023-05-22 16:00:00.000";"17.95";"91.00";"2.48";"1.00";"0.6"
"2023-05-22 17:00:00.000";"17.48";"90.83";"0.67";"0.17";"0.0"
"2023-05-22 18:00:00.000";"17.10";"87.67";"0.68";"0.33";"0.0"
"2023-05-22 19:00:00.000";"16.90";"85.17";"0.00";"0.00";"0.0"
"2023-05-22 20:00:00.000";"16.43";"89.33";"0.00";"0.33";"0.3"
"2023-05-22 21:00:00.000";"15.62";"92.33";"0.00";"0.00";"0.0"
"2023-05-22 22:00:00.000";"15.07";"93.67";"0.00";"0.00";"0.0"
"2023-05-22 23:00:00.000";"14.47";"94.00";"0.00";"0.00";"0.0"
"2023-05-23 00:00:00.000";"14.00";"94.00";"0.00";"0.00";"0.0"
"2023-05-23 01:00:00.000";"13.57";"94.00";"0.00";"0.00";"0.0"
"2023-05-23 02:00:00.000";"13.48";"94.00";"0.00";"0.00";"0.0"
"2023-05-23 03:00:00.000";"13.78";"93.00";"0.00";"0.00";"0.0"
"2023-05-23 04:00:00.000";"13.90";"92.83";"0.00";"0.00";"0.0"
"2023-05-23 05:00:00.000";"13.35";"93.67";"0.00";"0.00";"0.0"
"2023-05-23 06:00:00.000";"12.23";"93.17";"0.00";"0.00";"0.0"
"2023-05-23 07:00:00.000";"11.27";"93.00";"0.00";"0.00";"0.0"
"2023-05-23 08:00:00.000";"12.58";"91.83";"0.00";"0.00";"0.0"
"2023-05-23 09:00:00.000";"16.90";"80.33";"0.08";"0.00";"0.0"
"2023-05-23 10:00:00.000";"20.10";"68.50";"1.10";"0.00";"0.0"
"2023-05-23 11:00:00.000";"22.17";"53.33";"0.97";"0.00";"0.0"
"2023-05-23 12:00:00.000";"20.70";"61.17";"1.80";"0.00";"0.0"
"2023-05-23 13:00:00.000";"20.72";"62.17";"1.12";"0.00";"0.0"
"2023-05-23 14:00:00.000";"21.08";"57.67";"2.60";"0.00";"0.0"
"2023-05-23 15:00:00.000";"21.85";"54.33";"3.90";"0.00";"0.0"
"2023-05-23 16:00:00.000";"21.85";"54.67";"3.73";"0.00";"0.0"
"2023-05-23 17:00:00.000";"21.25";"50.50";"0.93";"0.00";"0.0"
"2023-05-23 18:00:00.000";"22.13";"45.33";"0.67";"0.00";"0.0"
"2023-05-23 19:00:00.000";"21.82";"49.00";"1.07";"0.00";"0.0"
"2023-05-23 20:00:00.000";"19.88";"60.00";"0.08";"0.00";"0.0"
"2023-05-23 21:00:00.000";"18.03";"69.67";"0.00";"0.00";"0.0"
"2023-05-23 22:00:00.000";"15.62";"79.00";"0.00";"0.00";"0.0"
"2023-05-23 23:00:00.000";"13.83";"77.67";"0.00";"0.00";"0.0"
"2023-05-24 00:00:00.000";"12.70";"79.67";"0.00";"0.00";"0.0"
"2023-05-24 01:00:00.000";"11.77";"80.83";"0.00";"0.00";"0.0"
"2023-05-24 02:00:00.000";"11.08";"83.67";"0.00";"0.00";"0.0"
"2023-05-24 03:00:00.000";"10.90";"83.67";"0.00";"0.00";"0.0"
"2023-05-24 04:00:00.000";"11.17";"82.33";"0.00";"0.00";"0.0"
"2023-05-24 05:00:00.000";"10.85";"84.83";"0.00";"0.00";"0.0"
"2023-05-24 06:00:00.000";"10.85";"84.50";"0.00";"0.00";"0.0"
"2023-05-24 07:00:00.000";"10.52";"85.17";"0.00";"0.00";"0.0"
"2023-05-24 08:00:00.000";"13.32";"77.83";"0.00";"0.00";"0.0"
"2023-05-24 09:00:00.000";"18.35";"62.33";"0.12";"0.00";"0.0"
"2023-05-24 10:00:00.000";"21.12";"51.17";"1.08";"0.00";"0.0"
"2023-05-24 11:00:00.000";"24.32";"43.83";"0.87";"0.00";"0.0"
"2023-05-24 12:00:00.000";"23.42";"48.50";"4.27";"0.00";"0.0"
"2023-05-24 13:00:00.000";"22.53";"53.83";"4.92";"0.00";"0.0"
"2023-05-24 14:00:00.000";"22.80";"53.33";"4.72";"0.00";"0.0"
"2023-05-24 15:00:00.000";"22.87";"53.00";"5.53";"0.00";"0.0"
"2023-05-24 16:00:00.000";"23.47";"48.83";"3.17";"0.00";"0.0"
"2023-05-24 17:00:00.000";"23.82";"45.17";"2.95";"0.00";"0.0"
"2023-05-24 18:00:00.000";"23.65";"45.00";"2.93";"0.00";"0.0"
"2023-05-24 19:00:00.000";"22.63";"49.33";"0.70";"0.00";"0.0"
"2023-05-24 20:00:00.000";"20.65";"55.67";"0.15";"0.00";"0.0"
"2023-05-24 21:00:00.000";"18.73";"64.67";"0.00";"0.00";"0.0"
"2023-05-24 22:00:00.000";"16.07";"72.33";"0.00";"0.00";"0.0"
"2023-05-24 23:00:00.000";"14.85";"73.67";"0.00";"0.00";"0.0"
"2023-05-25 00:00:00.000";"14.28";"74.67";"0.00";"0.00";"0.0"
"2023-05-25 01:00:00.000";"13.38";"78.00";"0.00";"0.00";"0.0"
"2023-05-25 02:00:00.000";"13.30";"78.83";"0.00";"0.00";"0.0"
"2023-05-25 03:00:00.000";"12.57";"80.17";"0.00";"0.00";"0.0"
"2023-05-25 04:00:00.000";"12.02";"84.00";"0.00";"0.00";"0.0"
"2023-05-25 05:00:00.000";"12.32";"83.67";"0.00";"0.00";"0.0"
"2023-05-25 06:00:00.000";"11.98";"82.17";"0.00";"0.00";"0.0"
"2023-05-25 07:00:00.000";"11.62";"83.50";"0.00";"0.00";"0.0"
"2023-05-25 08:00:00.000";"13.98";"78.50";"0.00";"0.00";"0.0"
"2023-05-25 09:00:00.000";"18.92";"68.17";"0.00";"0.00";"0.0"
"2023-05-25 10:00:00.000";"22.72";"52.67";"0.00";"0.00";"0.0"
"2023-05-25 11:00:00.000";"24.18";"45.80";"0.20";"0.00";"0.0"
"2023-05-25 12:00:00.000";"24.92";"44.83";"0.70";"0.00";"0.0"
"2023-05-25 13:00:00.000";"25.30";"44.33";"1.97";"0.00";"0.0"
"2023-05-25 14:00:00.000";"24.50";"45.83";"5.45";"0.00";"0.0"
"2023-05-25 15:00:00.000";"24.05";"48.00";"2.32";"0.00";"0.0"
"2023-05-25 16:00:00.000";"24.27";"48.50";"2.05";"0.00";"0.0"
"2023-05-25 17:00:00.000";"25.20";"48.50";"0.87";"0.00";"0.0"
"2023-05-25 18:00:00.000";"24.73";"49.67";"0.80";"0.00";"0.0"
"2023-05-25 19:00:00.000";"24.48";"49.33";"0.15";"0.00";"0.0"
"2023-05-25 20:00:00.000";"22.18";"53.33";"0.17";"0.00";"0.0"
"2023-05-25 21:00:00.000";"19.97";"59.17";"0.00";"0.00";"0.0"
"2023-05-25 22:00:00.000";"16.98";"68.67";"0.00";"0.00";"0.0"
"2023-05-25 23:00:00.000";"15.40";"74.50";"0.00";"0.00";"0.0"
"2023-05-26 00:00:00.000";"14.23";"75.50";"0.00";"0.00";"0.0"
"2023-05-26 01:00:00.000";"13.65";"78.00";"0.00";"0.00";"0.0"
"2023-05-26 02:00:00.000";"13.60";"77.67";"0.00";"0.00";"0.0"
"2023-05-26 03:00:00.000";"14.80";"72.67";"0.00";"0.00";"0.0"
"2023-05-26 04:00:00.000";"14.62";"72.33";"0.00";"0.00";"0.0"
"2023-05-26 05:00:00.000";"13.63";"76.17";"0.00";"0.00";"0.0"
"2023-05-26 06:00:00.000";"12.73";"79.33";"0.00";"0.00";"0.0"
"2023-05-26 07:00:00.000";"12.20";"81.17";"0.00";"0.00";"0.0"
"2023-05-26 08:00:00.000";"17.42";"61.83";"0.00";"0.00";"0.0"
"2023-05-26 09:00:00.000";"21.23";"51.83";"0.00";"0.00";"0.0"
"2023-05-26 10:00:00.000";"22.85";"45.50";"3.40";"0.00";"0.0"
"2023-05-26 11:00:00.000";"22.77";"48.67";"7.75";"0.00";"0.0"
"2023-05-26 12:00:00.000";"23.02";"48.50";"8.10";"0.00";"0.0"
"2023-05-26 13:00:00.000";"23.37";"47.17";"8.38";"0.00";"0.0"
"2023-05-26 14:00:00.000";"23.62";"45.50";"5.55";"0.00";"0.0"
"2023-05-26 15:00:00.000";"23.65";"45.50";"3.50";"0.00";"0.0"
"2023-05-26 16:00:00.000";"24.15";"47.17";"3.73";"0.00";"0.0"
"2023-05-26 17:00:00.000";"22.93";"51.83";"3.35";"0.00";"0.0"
"2023-05-26 18:00:00.000";"23.35";"47.33";"2.18";"0.00";"0.0"
"2023-05-26 19:00:00.000";"23.90";"44.50";"1.13";"0.00";"0.0"
"2023-05-26 20:00:00.000";"22.23";"53.00";"0.17";"0.00";"0.0"
"2023-05-26 21:00:00.000";"20.43";"62.67";"0.00";"0.00";"0.0"
"2023-05-26 22:00:00.000";"18.15";"69.17";"0.00";"0.00";"0.0"
"2023-05-26 23:00:00.000";"17.50";"72.50";"0.02";"0.00";"0.0"
"2023-05-27 00:00:00.000";"17.33";"73.33";"0.00";"0.00";"0.0"
"2023-05-27 01:00:00.000";"17.60";"73.67";"0.23";"0.00";"0.0"
"2023-05-27 02:00:00.000";"17.62";"85.50";"0.00";"0.00";"0.0"
"2023-05-27 03:00:00.000";"17.67";"89.33";"0.00";"0.00";"0.0"
"2023-05-27 04:00:00.000";"17.22";"86.33";"0.00";"0.00";"0.0"
"2023-05-27 05:00:00.000";"17.85";"82.83";"0.52";"0.00";"0.0"
"2023-05-27 06:00:00.000";"17.67";"82.00";"0.38";"0.00";"0.0"
"2023-05-27 07:00:00.000";"16.85";"82.17";"0.23";"0.00";"0.0"
"2023-05-27 08:00:00.000";"16.95";"79.33";"0.00";"0.00";"0.0"
"2023-05-27 09:00:00.000";"20.18";"66.33";"0.00";"0.00";"0.0"
"2023-05-27 10:00:00.000";"22.80";"48.33";"2.33";"0.00";"0.0"
"2023-05-27 11:00:00.000";"23.30";"52.33";"3.70";"0.00";"0.0"
"2023-05-27 12:00:00.000";"23.95";"48.83";"5.27";"0.00";"0.0"
"2023-05-27 13:00:00.000";"24.98";"46.67";"3.20";"0.00";"0.0"
"2023-05-27 14:00:00.000";"26.32";"43.67";"5.58";"0.00";"0.0"
"2023-05-27 15:00:00.000";"26.15";"44.33";"7.35";"0.00";"0.0"
"2023-05-27 16:00:00.000";"25.95";"42.67";"6.08";"0.00";"0.0"
"2023-05-27 17:00:00.000";"21.55";"60.17";"0.48";"0.50";"0.0"
"2023-05-27 18:00:00.000";"21.62";"59.83";"0.63";"0.00";"0.0"
"2023-05-27 19:00:00.000";"20.35";"63.17";"0.27";"0.00";"0.0"
"2023-05-27 20:00:00.000";"20.57";"58.00";"0.05";"0.00";"0.0"
"2023-05-27 21:00:00.000";"20.23";"60.00";"0.00";"0.00";"0.0"
"2023-05-27 22:00:00.000";"17.35";"68.67";"0.00";"0.00";"0.0"
"2023-05-27 23:00:00.000";"15.42";"73.33";"0.00";"0.00";"0.0"
"2023-05-28 00:00:00.000";"14.58";"77.33";"0.00";"0.00";"0.0"
"2023-05-28 01:00:00.000";"14.00";"80.83";"0.00";"0.00";"0.0"
"2023-05-28 02:00:00.000";"13.80";"84.33";"0.00";"0.00";"0.0"
"2023-05-28 03:00:00.000";"13.40";"87.00";"0.00";"0.00";"0.0"
"2023-05-28 04:00:00.000";"13.48";"83.33";"0.00";"0.00";"0.0"
"2023-05-28 05:00:00.000";"14.08";"77.83";"0.00";"0.00";"0.0"
"2023-05-28 06:00:00.000";"14.25";"74.17";"0.00";"0.00";"0.0"
"2023-05-28 07:00:00.000";"16.33";"65.17";"0.00";"0.00";"0.0"
"2023-05-28 08:00:00.000";"16.83";"63.17";"0.00";"0.00";"0.0"
"2023-05-28 09:00:00.000";"20.40";"55.33";"0.00";"0.00";"0.0"
"2023-05-28 10:00:00.000";"23.63";"44.67";"0.00";"0.00";"0.0"
"2023-05-28 11:00:00.000";"24.60";"47.50";"2.42";"0.00";"0.0"
"2023-05-28 12:00:00.000";"23.33";"55.00";"4.28";"0.00";"0.0"
"2023-05-28 13:00:00.000";"22.87";"54.17";"5.65";"0.00";"0.0"
"2023-05-28 14:00:00.000";"24.65";"48.00";"7.00";"0.00";"0.0"
"2023-05-28 15:00:00.000";"24.53";"44.50";"7.32";"0.00";"0.0"
"2023-05-28 16:00:00.000";"21.98";"55.17";"1.88";"0.00";"0.0"
"2023-05-28 17:00:00.000";"20.92";"61.17";"0.13";"0.00";"0.0"
"2023-05-28 18:00:00.000";"21.58";"58.67";"0.00";"0.00";"0.0"
"2023-05-28 19:00:00.000";"20.23";"72.50";"0.00";"0.17";"0.0"
"2023-05-28 20:00:00.000";"21.00";"67.17";"0.00";"0.00";"0.0"
"2023-05-28 21:00:00.000";"19.78";"72.17";"0.00";"0.00";"0.0"
"2023-05-28 22:00:00.000";"16.90";"79.00";"0.00";"0.00";"0.0"
"2023-05-28 23:00:00.000";"15.35";"83.33";"0.00";"0.00";"0.0"
"2023-05-29 00:00:00.000";"14.40";"85.00";"0.00";"0.00";"0.0"
"2023-05-29 01:00:00.000";"14.33";"83.83";"0.00";"0.00";"0.0"
"2023-05-29 02:00:00.000";"13.87";"84.00";"0.00";"0.00";"0.0"
"2023-05-29 03:00:00.000";"13.67";"82.00";"0.00";"0.00";"0.0"
"2023-05-29 04:00:00.000";"12.87";"83.83";"0.00";"0.00";"0.3"
"2023-05-29 05:00:00.000";"13.05";"84.50";"0.00";"0.00";"0.0"
"2023-05-29 06:00:00.000";"12.53";"85.00";"0.00";"0.00";"0.0"
"2023-05-29 07:00:00.000";"12.25";"86.50";"0.00";"0.00";"0.0"
"2023-05-29 08:00:00.000";"15.12";"83.17";"0.00";"0.00";"0.0"
"2023-05-29 09:00:00.000";"19.98";"65.50";"0.13";"0.00";"0.0"
"2023-05-29 10:00:00.000";"21.95";"58.17";"1.03";"0.00";"0.0"
"2023-05-29 11:00:00.000";"22.40";"60.83";"2.17";"0.00";"0.0"
"2023-05-29 12:00:00.000";"23.42";"58.33";"1.30";"0.00";"0.0"
"2023-05-29 13:00:00.000";"20.15";"71.33";"1.27";"0.67";"1.5"
"2023-05-29 14:00:00.000";"19.82";"76.83";"0.10";"0.83";"0.6"
"2023-05-29 15:00:00.000";"22.23";"66.17";"3.17";"0.17";"0.0"
"2023-05-29 16:00:00.000";"23.33";"56.33";"8.97";"0.00";"0.0"
"2023-05-29 17:00:00.000";"20.28";"63.83";"2.23";"0.33";"0.3"
"2023-05-29 18:00:00.000";"18.23";"80.50";"0.02";"1.00";"0.9"
"2023-05-29 19:00:00.000";"21.48";"69.33";"0.13";"0.50";"0.0"
"2023-05-29 20:00:00.000";"20.25";"69.33";"0.38";"0.00";"0.0"
"2023-05-29 21:00:00.000";"18.75";"73.83";"0.00";"0.00";"0.0"
"2023-05-29 22:00:00.000";"16.22";"81.33";"0.00";"0.00";"0.0"
"2023-05-29 23:00:00.000";"14.90";"86.33";"0.00";"0.00";"0.0"
"2023-05-30 00:00:00.000";"14.07";"90.50";"0.00";"0.00";"0.0"
"2023-05-30 01:00:00.000";"14.08";"93.00";"0.00";"0.00";"0.0"
"2023-05-30 02:00:00.000";"14.68";"93.50";"0.00";"0.00";"0.0"
"2023-05-30 03:00:00.000";"15.22";"95.00";"0.02";"0.50";"0.0"
"2023-05-30 04:00:00.000";"13.90";"94.50";"0.00";"0.00";"0.3"
"2023-05-30 05:00:00.000";"13.47";"94.00";"0.00";"0.00";"0.0"
"2023-05-30 06:00:00.000";"12.65";"94.00";"0.00";"0.00";"0.0"
"2023-05-30 07:00:00.000";"12.38";"94.00";"0.00";"0.00";"0.0"
"2023-05-30 08:00:00.000";"14.47";"92.17";"0.00";"0.00";"0.0"
"2023-05-30 09:00:00.000";"18.57";"82.00";"0.00";"0.00";"0.0"
"2023-05-30 10:00:00.000";"21.20";"75.17";"0.45";"0.00";"0.0"
"2023-05-30 11:00:00.000";"23.22";"66.17";"0.77";"0.00";"0.0"
"2023-05-30 12:00:00.000";"24.02";"56.50";"2.60";"0.00";"0.0"
"2023-05-30 13:00:00.000";"23.52";"58.67";"4.62";"0.00";"0.0"
"2023-05-30 14:00:00.000";"23.28";"60.33";"4.03";"0.00";"0.0"
"2023-05-30 15:00:00.000";"25.08";"54.83";"3.85";"0.00";"0.0"
"2023-05-30 16:00:00.000";"23.75";"58.17";"7.05";"0.00";"0.0"
"2023-05-30 17:00:00.000";"24.47";"56.00";"4.93";"0.00";"0.0"
"2023-05-30 18:00:00.000";"23.95";"56.00";"3.55";"0.00";"0.0"
"2023-05-30 19:00:00.000";"24.12";"56.67";"2.88";"0.00";"0.0"
"2023-05-30 20:00:00.000";"20.95";"67.67";"0.38";"0.67";"3.3"
"2023-05-30 21:00:00.000";"18.50";"81.17";"0.00";"1.00";"0.0"
"2023-05-30 22:00:00.000";"16.98";"87.17";"0.00";"1.00";"0.0"
"2023-05-30 23:00:00.000";"16.05";"92.00";"0.02";"1.00";"0.0"
"2023-05-31 00:00:00.000";"15.30";"93.00";"0.00";"1.00";"0.0"
"2023-05-31 01:00:00.000";"14.47";"94.00";"0.00";"1.00";"0.0"
"2023-05-31 02:00:00.000";"14.33";"94.00";"0.00";"1.00";"0.0"
"2023-05-31 03:00:00.000";"13.73";"94.00";"0.00";"1.00";"0.0"
"2023-05-31 04:00:00.000";"13.82";"95.00";"0.00";"1.00";"0.0"
"2023-05-31 05:00:00.000";"13.35";"94.17";"0.00";"1.00";"0.0"
"2023-05-31 06:00:00.000";"13.25";"94.67";"0.00";"1.00";"0.0"
"2023-05-31 07:00:00.000";"12.83";"94.50";"0.00";"1.00";"0.0"
"2023-05-31 08:00:00.000";"14.63";"93.17";"0.00";"0.50";"0.0"
"2023-05-31 09:00:00.000";"18.97";"79.33";"0.00";"0.00";"0.0"
"2023-05-31 10:00:00.000";"22.35";"68.17";"0.22";"0.00";"0.0"
"2023-05-31 11:00:00.000";"23.92";"58.83";"3.40";"0.00";"0.0"
"2023-05-31 12:00:00.000";"22.75";"64.50";"5.70";"0.00";"0.0"
"2023-05-31 13:00:00.000";"24.13";"59.83";"2.77";"0.00";"0.0"
"2023-05-31 14:00:00.000";"24.67";"57.33";"2.40";"0.00";"0.0"
"2023-05-31 15:00:00.000";"24.28";"56.33";"4.68";"0.00";"0.0"
"2023-05-31 16:00:00.000";"24.37";"49.83";"2.15";"0.00";"0.0"
"2023-05-31 17:00:00.000";"26.32";"46.33";"4.13";"0.00";"0.0"
"2023-05-31 18:00:00.000";"26.27";"49.50";"2.62";"0.00";"0.0"
"2023-05-31 19:00:00.000";"25.75";"50.67";"1.85";"0.00";"0.0"
"2023-05-31 20:00:00.000";"22.53";"59.17";"4.63";"0.00";"0.0"
"2023-05-31 21:00:00.000";"19.87";"72.33";"2.95";"0.00";"0.0"
"2023-05-31 22:00:00.000";"18.22";"76.00";"0.02";"0.00";"0.0"
"2023-05-31 23:00:00.000";"18.17";"77.33";"0.00";"0.00";"0.0"
"2023-06-01 00:00:00.000";"16.95";"81.50";"0.00";"0.00";"0.0"
"2023-06-01 01:00:00.000";"15.70";"85.33";"0.00";"0.00";"0.0"
"2023-06-01 02:00:00.000";"15.52";"89.83";"0.00";"0.00";"0.0"
"2023-06-01 03:00:00.000";"14.90";"91.00";"0.00";"0.00";"0.0"
"2023-06-01 04:00:00.000";"15.25";"91.50";"0.00";"0.00";"0.0"
"2023-06-01 05:00:00.000";"15.08";"93.17";"0.00";"0.00";"0.0"
"2023-06-01 06:00:00.000";"14.67";"94.00";"0.00";"0.00";"0.0"
"2023-06-01 07:00:00.000";"14.58";"94.00";"0.02";"0.00";"0.0"
"2023-06-01 08:00:00.000";"16.05";"91.67";"0.00";"0.00";"0.0"
"2023-06-01 09:00:00.000";"20.05";"75.67";"0.05";"0.00";"0.0"
"2023-06-01 10:00:00.000";"21.98";"69.17";"1.03";"0.00";"0.0"
"2023-06-01 11:00:00.000";"24.18";"61.50";"0.75";"0.00";"0.0"
"2023-06-01 12:00:00.000";"23.90";"68.00";"4.58";"0.00";"0.0"
"2023-06-01 13:00:00.000";"24.27";"66.83";"4.80";"0.00";"0.0"
"2023-06-01 14:00:00.000";"26.05";"57.50";"5.42";"0.00";"0.0"
"2023-06-01 15:00:00.000";"26.62";"48.50";"7.18";"0.00";"0.0"
"2023-06-01 16:00:00.000";"26.10";"46.00";"4.80";"0.00";"0.0"
"2023-06-01 17:00:00.000";"26.15";"44.67";"3.85";"0.00";"0.0"
"2023-06-01 18:00:00.000";"24.25";"53.00";"1.37";"0.00";"0.0"
"2023-06-01 19:00:00.000";"20.88";"72.00";"0.65";"0.00";"0.0"
"2023-06-01 20:00:00.000";"19.55";"75.50";"0.00";"0.17";"0.0"
"2023-06-01 21:00:00.000";"19.08";"81.67";"0.00";"0.83";"0.3"
"2023-06-01 22:00:00.000";"18.30";"84.33";"0.00";"0.00";"0.0"
"2023-06-01 23:00:00.000";"17.90";"85.33";"0.12";"0.00";"0.0"
"2023-06-02 00:00:00.000";"17.35";"85.50";"0.00";"0.00";"0.0"
"2023-06-02 01:00:00.000";"17.35";"85.67";"0.02";"0.00";"0.0"
"2023-06-02 02:00:00.000";"17.65";"87.33";"0.00";"0.00";"0.0"
"2023-06-02 03:00:00.000";"17.13";"91.00";"0.00";"0.00";"0.0"
"2023-06-02 04:00:00.000";"15.30";"85.67";"0.00";"0.00";"0.0"
"2023-06-02 05:00:00.000";"14.00";"83.00";"0.00";"0.00";"0.0"
"2023-06-02 06:00:00.000";"13.52";"82.33";"0.05";"0.00";"0.0"
"2023-06-02 07:00:00.000";"13.53";"82.50";"0.00";"0.00";"0.0"
"2023-06-02 08:00:00.000";"15.22";"78.50";"0.00";"0.00";"0.0"
"2023-06-02 09:00:00.000";"19.47";"67.00";"0.00";"0.00";"0.0"
"2023-06-02 10:00:00.000";"22.72";"54.50";"0.50";"0.00";"0.0"
"2023-06-02 11:00:00.000";"24.30";"51.33";"1.58";"0.00";"0.0"
"2023-06-02 12:00:00.000";"24.78";"47.83";"4.17";"0.00";"0.0"
"2023-06-02 13:00:00.000";"24.70";"50.83";"7.13";"0.00";"0.0"
"2023-06-02 14:00:00.000";"23.73";"52.50";"7.35";"0.00";"0.0"
"2023-06-02 15:00:00.000";"21.47";"63.33";"1.53";"0.00";"0.0"
"2023-06-02 16:00:00.000";"19.22";"77.00";"0.72";"0.67";"6.9"
"2023-06-02 17:00:00.000";"19.25";"88.83";"0.03";"1.00";"2.1"
"2023-06-02 18:00:00.000";"20.40";"83.83";"0.42";"1.00";"0.3"
"2023-06-02 19:00:00.000";"21.87";"70.83";"0.05";"0.00";"0.0"
"2023-06-02 20:00:00.000";"21.37";"70.00";"0.02";"0.00";"0.0"
"2023-06-02 21:00:00.000";"19.23";"75.17";"0.00";"0.00";"0.0"
"2023-06-02 22:00:00.000";"16.92";"83.17";"0.00";"0.00";"0.0"
"2023-06-02 23:00:00.000";"15.78";"89.17";"0.00";"0.83";"0.0"
"2023-06-03 00:00:00.000";"14.78";"91.33";"0.00";"1.00";"0.0"
"2023-06-03 01:00:00.000";"14.65";"93.83";"0.00";"1.00";"0.0"
"2023-06-03 02:00:00.000";"14.55";"94.67";"0.00";"1.00";"0.0"
"2023-06-03 03:00:00.000";"14.95";"95.00";"0.00";"1.00";"0.0"
"2023-06-03 04:00:00.000";"14.73";"95.00";"0.00";"1.00";"0.0"
"2023-06-03 05:00:00.000";"14.33";"95.00";"0.00";"1.00";"0.0"
"2023-06-03 06:00:00.000";"14.03";"95.00";"0.00";"1.00";"0.0"
"2023-06-03 07:00:00.000";"14.13";"95.00";"0.00";"1.00";"0.0"
"2023-06-03 08:00:00.000";"15.70";"95.00";"0.00";"0.67";"0.0"
"2023-06-03 09:00:00.000";"18.85";"89.67";"0.47";"0.00";"0.0"
"2023-06-03 10:00:00.000";"21.27";"80.83";"0.87";"0.00";"0.0"
"2023-06-03 11:00:00.000";"23.22";"73.50";"1.35";"0.00";"0.0"
"2023-06-03 12:00:00.000";"24.68";"50.00";"2.43";"0.00";"0.0"
"2023-06-03 13:00:00.000";"24.52";"57.17";"6.07";"0.00";"0.0"
"2023-06-03 14:00:00.000";"24.37";"60.00";"6.05";"0.00";"0.0"
"2023-06-03 15:00:00.000";"23.98";"59.67";"5.78";"0.00";"0.0"
"2023-06-03 16:00:00.000";"24.10";"61.00";"3.58";"0.00";"0.0"
"2023-06-03 17:00:00.000";"24.35";"59.17";"2.40";"0.00";"0.0"
"2023-06-03 18:00:00.000";"23.43";"60.83";"2.65";"0.00";"0.0"
"2023-06-03 19:00:00.000";"22.50";"64.33";"1.40";"0.00";"0.0"
"2023-06-03 20:00:00.000";"21.10";"66.67";"0.72";"0.00";"0.0"
"2023-06-03 21:00:00.000";"19.65";"72.50";"0.20";"0.00";"0.0"
"2023-06-03 22:00:00.000";"18.05";"78.50";"0.00";"0.00";"0.0"
"2023-06-03 23:00:00.000";"16.92";"84.00";"0.00";"0.00";"0.0"
"2023-06-04 00:00:00.000";"16.42";"88.67";"0.00";"0.00";"0.0"
"2023-06-04 01:00:00.000";"16.93";"93.83";"0.00";"0.00";"0.0"
"2023-06-04 02:00:00.000";"15.53";"93.17";"0.00";"0.00";"0.0"
"2023-06-04 03:00:00.000";"14.40";"93.00";"0.00";"0.00";"0.0"
"2023-06-04 04:00:00.000";"14.35";"93.50";"0.00";"0.00";"0.0"
"2023-06-04 05:00:00.000";"13.58";"93.17";"0.00";"0.00";"0.0"
"2023-06-04 06:00:00.000";"12.85";"93.83";"0.00";"0.00";"0.3"
"2023-06-04 07:00:00.000";"12.92";"94.00";"0.00";"0.00";"0.0"
"2023-06-04 08:00:00.000";"15.02";"91.00";"0.00";"0.00";"0.0"
"2023-06-04 09:00:00.000";"20.12";"71.83";"0.00";"0.00";"0.0"
"2023-06-04 10:00:00.000";"23.17";"62.67";"0.05";"0.00";"0.0"
"2023-06-04 11:00:00.000";"24.37";"65.33";"0.90";"0.00";"0.0"
"2023-06-04 12:00:00.000";"24.98";"63.00";"2.35";"0.00";"0.0"
"2023-06-04 13:00:00.000";"24.88";"61.33";"2.75";"0.00";"0.0"
"2023-06-04 14:00:00.000";"24.97";"57.17";"3.35";"0.00";"0.0"
"2023-06-04 15:00:00.000";"25.90";"51.33";"2.10";"0.00";"0.0"
"2023-06-04 16:00:00.000";"25.97";"48.50";"4.22";"0.00";"0.0"
"2023-06-04 17:00:00.000";"25.93";"46.00";"4.20";"0.00";"0.0"
"2023-06-04 18:00:00.000";"25.92";"43.33";"1.63";"0.00";"0.0"
"2023-06-04 19:00:00.000";"25.80";"40.17";"2.07";"0.00";"0.0"
"2023-06-04 20:00:00.000";"23.82";"42.17";"1.33";"0.00";"0.0"
"2023-06-04 21:00:00.000";"21.68";"48.67";"0.00";"0.00";"0.0"
"2023-06-04 22:00:00.000";"17.83";"63.17";"0.00";"0.00";"0.0"
"2023-06-04 23:00:00.000";"16.53";"67.00";"0.00";"0.00";"0.0"
"2023-06-05 00:00:00.000";"16.68";"68.17";"0.00";"0.00";"0.0"
"2023-06-05 01:00:00.000";"16.63";"68.17";"0.08";"0.00";"0.0"
"2023-06-05 02:00:00.000";"15.93";"70.50";"0.00";"0.00";"0.0"
"2023-06-05 03:00:00.000";"15.62";"71.50";"0.00";"0.00";"0.0"
"2023-06-05 04:00:00.000";"16.43";"69.33";"0.03";"0.00";"0.0"
"2023-06-05 05:00:00.000";"15.50";"71.83";"0.30";"0.00";"0.0"
"2023-06-05 06:00:00.000";"13.92";"76.33";"0.00";"0.00";"0.0"
"2023-06-05 07:00:00.000";"13.87";"76.83";"0.00";"0.00";"0.0"
"2023-06-05 08:00:00.000";"17.45";"69.00";"0.00";"0.00";"0.0"
"2023-06-05 09:00:00.000";"22.22";"56.50";"0.00";"0.00";"0.0"
"2023-06-05 10:00:00.000";"23.87";"48.00";"0.32";"0.00";"0.0"
"2023-06-05 11:00:00.000";"24.48";"49.33";"3.98";"0.00";"0.0"
"2023-06-05 12:00:00.000";"25.17";"51.00";"3.67";"0.00";"0.0"
"2023-06-05 13:00:00.000";"25.60";"48.33";"3.82";"0.00";"0.0"
"2023-06-05 14:00:00.000";"26.02";"47.00";"3.97";"0.00";"0.0"
"2023-06-05 15:00:00.000";"26.68";"45.00";"4.97";"0.00";"0.0"
"2023-06-05 16:00:00.000";"26.35";"48.33";"3.27";"0.00";"0.0"
"2023-06-05 17:00:00.000";"26.57";"47.67";"3.52";"0.00";"0.0"
"2023-06-05 18:00:00.000";"26.22";"49.33";"4.08";"0.00";"0.0"
"2023-06-05 19:00:00.000";"25.08";"56.00";"2.30";"0.00";"0.0"
"2023-06-05 20:00:00.000";"23.47";"60.33";"0.27";"0.00";"0.0"
"2023-06-05 21:00:00.000";"21.75";"68.00";"0.00";"0.00";"0.0"
"2023-06-05 22:00:00.000";"19.40";"73.33";"0.00";"0.00";"0.0"
"2023-06-05 23:00:00.000";"17.62";"76.17";"0.00";"0.00";"0.0"
"2023-06-06 00:00:00.000";"16.45";"77.67";"0.00";"0.00";"0.0"
"2023-06-06 01:00:00.000";"15.45";"77.17";"0.00";"0.00";"0.0"
"2023-06-06 02:00:00.000";"14.75";"79.67";"0.00";"0.00";"0.0"
"2023-06-06 03:00:00.000";"14.22";"82.67";"0.00";"0.00";"0.0"
"2023-06-06 04:00:00.000";"13.88";"86.83";"0.00";"0.00";"0.0"
"2023-06-06 05:00:00.000";"14.13";"89.83";"0.00";"0.00";"0.0"
"2023-06-06 06:00:00.000";"14.45";"88.00";"0.00";"0.00";"0.0"
"2023-06-06 07:00:00.000";"13.93";"83.83";"0.00";"0.00";"0.0"
"2023-06-06 08:00:00.000";"17.85";"78.83";"0.00";"0.00";"0.0"
"2023-06-06 09:00:00.000";"21.52";"73.50";"0.00";"0.00";"0.0"
"2023-06-06 10:00:00.000";"22.78";"66.33";"0.03";"0.00";"0.0"
"2023-06-06 11:00:00.000";"24.40";"58.83";"1.00";"0.00";"0.0"
"2023-06-06 12:00:00.000";"24.33";"60.33";"2.67";"0.00";"0.0"
"2023-06-06 13:00:00.000";"25.25";"59.00";"2.12";"0.00";"0.0"
"2023-06-06 14:00:00.000";"25.55";"58.50";"2.43";"0.00";"0.0"
"2023-06-06 15:00:00.000";"26.48";"55.00";"1.62";"0.00";"0.0"
"2023-06-06 16:00:00.000";"25.70";"56.33";"2.23";"0.00";"0.0"
"2023-06-06 17:00:00.000";"25.58";"55.83";"2.80";"0.00";"0.0"
"2023-06-06 18:00:00.000";"25.70";"49.33";"2.18";"0.00";"0.0"
"2023-06-06 19:00:00.000";"24.62";"55.67";"0.82";"0.00";"0.0"
"2023-06-06 20:00:00.000";"23.35";"62.67";"0.08";"0.00";"0.0"
"2023-06-06 21:00:00.000";"21.35";"71.33";"0.18";"0.00";"0.0"
"2023-06-06 22:00:00.000";"19.73";"77.17";"0.00";"0.00";"0.0"
"2023-06-06 23:00:00.000";"18.43";"79.67";"0.00";"0.00";"0.0"
"2023-06-07 00:00:00.000";"17.43";"81.67";"0.00";"0.00";"0.0"
"2023-06-07 01:00:00.000";"16.60";"80.50";"0.00";"0.00";"0.0"
"2023-06-07 02:00:00.000";"16.00";"83.17";"0.00";"0.00";"0.0"
"2023-06-07 03:00:00.000";"15.52";"84.33";"0.00";"0.00";"0.0"
"2023-06-07 04:00:00.000";"15.18";"85.00";"0.00";"0.00";"0.0"
"2023-06-07 05:00:00.000";"14.77";"85.00";"0.00";"0.00";"0.0"
"2023-06-07 06:00:00.000";"14.58";"85.00";"0.00";"0.00";"0.0"
"2023-06-07 07:00:00.000";"14.70";"84.33";"0.00";"0.00";"0.0"
"2023-06-07 08:00:00.000";"17.18";"81.83";"0.00";"0.00";"0.0"
"2023-06-07 09:00:00.000";"20.37";"75.33";"0.00";"0.00";"0.0"
"2023-06-07 10:00:00.000";"21.58";"67.00";"0.05";"0.00";"0.0"
"2023-06-07 11:00:00.000";"23.50";"57.00";"0.33";"0.00";"0.0"
"2023-06-07 12:00:00.000";"23.58";"56.33";"0.50";"0.00";"0.0"
"2023-06-07 13:00:00.000";"24.75";"54.67";"0.32";"0.00";"0.0"
"2023-06-07 14:00:00.000";"24.83";"50.00";"0.28";"0.00";"0.0"
"2023-06-07 15:00:00.000";"24.50";"45.33";"0.85";"0.00";"0.0"
"2023-06-07 16:00:00.000";"24.15";"42.83";"0.18";"0.00";"0.0"
"2023-06-07 17:00:00.000";"23.57";"43.83";"0.00";"0.00";"0.0"
"2023-06-07 18:00:00.000";"23.33";"52.00";"0.38";"0.00";"0.0"
"2023-06-07 19:00:00.000";"22.77";"58.50";"0.05";"0.00";"0.0"
"2023-06-07 20:00:00.000";"22.38";"57.83";"0.00";"0.00";"0.0"
"2023-06-07 21:00:00.000";"21.30";"63.33";"0.00";"0.00";"0.0"
"2023-06-07 22:00:00.000";"19.27";"69.33";"0.00";"0.00";"0.0"
"2023-06-07 23:00:00.000";"18.48";"74.67";"0.00";"0.00";"0.0"
"2023-06-08 00:00:00.000";"17.77";"77.50";"0.00";"0.00";"0.0"
"2023-06-08 01:00:00.000";"17.43";"81.50";"0.00";"0.00";"0.0"
"2023-06-08 02:00:00.000";"17.35";"81.83";"0.00";"0.00";"0.0"
"2023-06-08 03:00:00.000";"17.67";"80.50";"0.00";"0.00";"0.0"
"2023-06-08 04:00:00.000";"17.68";"76.50";"0.00";"0.00";"0.0"
"2023-06-08 05:00:00.000";"17.33";"80.00";"0.00";"0.00";"0.0"
"2023-06-08 06:00:00.000";"17.77";"78.17";"0.00";"0.00";"0.0"
"2023-06-08 07:00:00.000";"17.60";"73.83";"0.00";"0.00";"0.0"
"2023-06-08 08:00:00.000";"18.62";"73.33";"0.00";"0.00";"0.0"
"2023-06-08 09:00:00.000";"21.78";"63.50";"0.00";"0.00";"0.0"
"2023-06-08 10:00:00.000";"23.98";"55.33";"0.00";"0.00";"0.0"
"2023-06-08 11:00:00.000";"25.40";"50.67";"0.00";"0.00";"0.0"
"2023-06-08 12:00:00.000";"25.98";"53.67";"3.03";"0.00";"0.0"
"2023-06-08 13:00:00.000";"23.53";"63.17";"1.60";"0.00";"0.0"
"2023-06-08 14:00:00.000";"26.35";"52.17";"1.43";"0.00";"0.0"
"2023-06-08 15:00:00.000";"26.68";"52.67";"4.12";"0.00";"0.0"
"2023-06-08 16:00:00.000";"24.88";"55.17";"1.60";"0.00";"0.0"
"2023-06-08 17:00:00.000";"23.12";"60.50";"0.25";"0.00";"0.0"
"2023-06-08 18:00:00.000";"25.63";"50.83";"0.15";"0.00";"0.0"
"2023-06-08 19:00:00.000";"25.32";"55.83";"0.15";"0.00";"0.0"
"2023-06-08 20:00:00.000";"24.23";"57.83";"0.15";"0.00";"0.0"
"2023-06-08 21:00:00.000";"22.23";"63.33";"0.00";"0.00";"0.0"
"2023-06-08 22:00:00.000";"19.75";"72.00";"0.00";"0.00";"0.0"
"2023-06-08 23:00:00.000";"18.47";"76.83";"0.00";"0.00";"0.0"
"2023-06-09 00:00:00.000";"17.40";"77.50";"0.00";"0.00";"0.0"
"2023-06-09 01:00:00.000";"16.32";"79.17";"0.00";"0.00";"0.0"
"2023-06-09 02:00:00.000";"16.32";"83.83";"0.00";"0.00";"0.0"
"2023-06-09 03:00:00.000";"15.50";"84.17";"0.00";"0.00";"0.0"
"2023-06-09 04:00:00.000";"14.75";"84.17";"0.00";"0.00";"0.0"
"2023-06-09 05:00:00.000";"14.20";"82.00";"0.00";"0.00";"0.0"
"2023-06-09 06:00:00.000";"13.97";"82.50";"0.00";"0.00";"0.0"
"2023-06-09 07:00:00.000";"13.82";"82.83";"0.00";"0.00";"0.0"
"2023-06-09 08:00:00.000";"16.75";"74.83";"0.00";"0.00";"0.0"
"2023-06-09 09:00:00.000";"21.62";"58.83";"0.00";"0.00";"0.0"
"2023-06-09 10:00:00.000";"23.83";"52.83";"0.00";"0.00";"0.0"
"2023-06-09 11:00:00.000";"25.05";"58.00";"1.00";"0.00";"0.0"
"2023-06-09 12:00:00.000";"26.82";"43.00";"0.75";"0.00";"0.0"
"2023-06-09 13:00:00.000";"27.98";"44.33";"1.42";"0.00";"0.0"
"2023-06-09 14:00:00.000";"27.35";"49.67";"4.38";"0.00";"0.0"
"2023-06-09 15:00:00.000";"26.37";"57.17";"7.45";"0.00";"0.0"
"2023-06-09 16:00:00.000";"26.72";"54.50";"5.20";"0.00";"0.0"
"2023-06-09 17:00:00.000";"27.13";"54.50";"4.22";"0.00";"0.0"
"2023-06-09 18:00:00.000";"26.20";"56.00";"4.27";"0.00";"0.0"
"2023-06-09 19:00:00.000";"25.25";"56.33";"1.65";"0.00";"0.0"
"2023-06-09 20:00:00.000";"24.23";"51.83";"0.87";"0.00";"0.0"
"2023-06-09 21:00:00.000";"22.30";"62.33";"0.12";"0.00";"0.0"
"2023-06-09 22:00:00.000";"20.03";"74.00";"0.00";"0.00";"0.0"
"2023-06-09 23:00:00.000";"18.42";"77.17";"0.00";"0.00";"0.0"
"2023-06-10 00:00:00.000";"18.60";"85.67";"0.00";"0.00";"0.0"
"2023-06-10 01:00:00.000";"17.27";"88.17";"0.00";"0.00";"0.0"
"2023-06-10 02:00:00.000";"17.20";"88.33";"0.00";"0.00";"0.0"
"2023-06-10 03:00:00.000";"16.52";"90.33";"0.00";"0.00";"0.0"
"2023-06-10 04:00:00.000";"16.97";"94.50";"0.00";"0.83";"0.0"
"2023-06-10 05:00:00.000";"15.65";"94.17";"0.00";"1.00";"0.0"
"2023-06-10 06:00:00.000";"14.75";"94.33";"0.00";"1.00";"0.0"
"2023-06-10 07:00:00.000";"14.53";"94.83";"0.00";"1.00";"0.0"
"2023-06-10 08:00:00.000";"15.85";"93.00";"0.00";"0.33";"0.0"
"2023-06-10 09:00:00.000";"19.75";"81.83";"0.00";"0.00";"0.0"
"2023-06-10 10:00:00.000";"23.23";"68.33";"0.58";"0.00";"0.0"
"2023-06-10 11:00:00.000";"24.95";"49.50";"1.18";"0.00";"0.0"
"2023-06-10 12:00:00.000";"26.18";"44.50";"1.12";"0.00";"0.0"
"2023-06-10 13:00:00.000";"26.38";"50.67";"2.68";"0.00";"0.0"
"2023-06-10 14:00:00.000";"26.58";"50.67";"2.47";"0.00";"0.0"
"2023-06-10 15:00:00.000";"25.98";"52.33";"3.87";"0.00";"0.0"
"2023-06-10 16:00:00.000";"25.47";"56.83";"4.20";"0.00";"0.0"
"2023-06-10 17:00:00.000";"24.77";"58.83";"1.98";"0.00";"0.0"
"2023-06-10 18:00:00.000";"24.43";"60.83";"1.53";"0.00";"0.0"
"2023-06-10 19:00:00.000";"24.07";"60.00";"0.75";"0.00";"0.0"
"2023-06-10 20:00:00.000";"23.33";"62.50";"0.47";"0.00";"0.0"
"2023-06-10 21:00:00.000";"21.72";"63.50";"0.05";"0.00";"0.0"
"2023-06-10 22:00:00.000";"20.13";"71.17";"0.00";"0.00";"0.0"
"2023-06-10 23:00:00.000";"19.23";"76.17";"0.00";"0.00";"0.0"
"2023-06-11 00:00:00.000";"19.03";"78.33";"0.00";"0.00";"0.0"
"2023-06-11 01:00:00.000";"18.50";"80.83";"0.00";"0.00";"0.0"
"2023-06-11 02:00:00.000";"17.67";"85.67";"0.00";"0.00";"0.0"
"2023-06-11 03:00:00.000";"17.10";"90.00";"0.00";"0.00";"0.0"
"2023-06-11 04:00:00.000";"16.62";"93.67";"0.00";"0.00";"0.0"
"2023-06-11 05:00:00.000";"16.00";"93.67";"0.00";"0.00";"0.0"
"2023-06-11 06:00:00.000";"15.58";"93.33";"0.00";"0.00";"0.0"
"2023-06-11 07:00:00.000";"15.05";"92.50";"0.00";"0.00";"0.0"
"2023-06-11 08:00:00.000";"17.08";"88.17";"0.00";"0.00";"0.0"
"2023-06-11 09:00:00.000";"20.80";"75.17";"0.00";"0.00";"0.0"
"2023-06-11 10:00:00.000";"23.45";"65.67";"0.87";"0.00";"0.0"
"2023-06-11 11:00:00.000";"24.73";"60.50";"3.08";"0.00";"0.0"
"2023-06-11 12:00:00.000";"25.65";"54.33";"1.67";"0.00";"0.0"
"2023-06-11 13:00:00.000";"26.55";"54.33";"4.03";"0.00";"0.0"
"2023-06-11 14:00:00.000";"26.93";"55.83";"5.23";"0.00";"0.0"
"2023-06-11 15:00:00.000";"27.35";"55.83";"7.10";"0.00";"0.0"
"2023-06-11 16:00:00.000";"26.28";"59.17";"9.18";"0.00";"0.0"
"2023-06-11 17:00:00.000";"25.65";"60.50";"5.52";"0.00";"0.0"
"2023-06-11 18:00:00.000";"25.88";"57.33";"2.57";"0.00";"0.0"
"2023-06-11 19:00:00.000";"25.67";"57.00";"1.37";"0.00";"0.0"
"2023-06-11 20:00:00.000";"24.15";"61.83";"0.70";"0.00";"0.0"
"2023-06-11 21:00:00.000";"22.73";"67.67";"0.07";"0.00";"0.0"
"2023-06-11 22:00:00.000";"20.82";"77.33";"0.02";"0.00";"0.0"
"2023-06-11 23:00:00.000";"19.68";"82.00";"0.00";"0.00";"0.0"
"2023-06-12 00:00:00.000";"18.08";"82.33";"0.00";"0.00";"0.0"
"2023-06-12 01:00:00.000";"17.40";"86.83";"0.00";"0.00";"0.0"
"2023-06-12 02:00:00.000";"17.75";"91.67";"0.00";"0.00";"0.0"
"2023-06-12 03:00:00.000";"17.90";"87.67";"0.00";"0.00";"0.0"
"2023-06-12 04:00:00.000";"17.98";"84.83";"0.00";"0.00";"0.0"
"2023-06-12 05:00:00.000";"15.97";"86.17";"0.00";"0.00";"0.0"
"2023-06-12 06:00:00.000";"15.27";"90.33";"0.00";"0.00";"0.0"
"2023-06-12 07:00:00.000";"16.08";"93.83";"0.00";"0.33";"0.0"
"2023-06-12 08:00:00.000";"18.40";"92.33";"0.05";"0.00";"0.0"
"2023-06-12 09:00:00.000";"21.12";"84.17";"0.47";"0.00";"0.0"
"2023-06-12 10:00:00.000";"23.38";"75.83";"0.25";"0.00";"0.0"
"2023-06-12 11:00:00.000";"25.17";"66.17";"0.32";"0.00";"0.0"
"2023-06-12 12:00:00.000";"25.53";"67.17";"3.30";"0.00";"0.0"
"2023-06-12 13:00:00.000";"26.37";"66.00";"6.02";"0.00";"0.0"
"2023-06-12 14:00:00.000";"26.18";"65.67";"7.23";"0.00";"0.0"
"2023-06-12 15:00:00.000";"25.63";"67.50";"5.53";"0.00";"0.0"
"2023-06-12 16:00:00.000";"25.40";"66.33";"5.25";"0.00";"0.0"
"2023-06-12 17:00:00.000";"25.87";"61.50";"1.85";"0.00";"0.0"
"2023-06-12 18:00:00.000";"25.60";"58.33";"1.83";"0.00";"0.0"
"2023-06-12 19:00:00.000";"24.57";"59.00";"2.53";"0.00";"0.0"
"2023-06-12 20:00:00.000";"22.52";"65.50";"1.00";"0.00";"0.0"
"2023-06-12 21:00:00.000";"21.32";"71.17";"0.17";"0.00";"0.0"
"2023-06-12 22:00:00.000";"19.42";"77.00";"0.00";"0.00";"0.0"
"2023-06-12 23:00:00.000";"18.02";"80.50";"0.00";"0.00";"0.0"
"2023-06-13 00:00:00.000";"17.80";"85.33";"0.00";"0.00";"0.0"
"2023-06-13 01:00:00.000";"17.85";"88.83";"0.00";"0.00";"0.0"
"2023-06-13 02:00:00.000";"16.87";"90.50";"0.00";"0.00";"0.0"
"2023-06-13 03:00:00.000";"16.50";"92.83";"0.00";"0.00";"0.0"
"2023-06-13 04:00:00.000";"15.85";"92.67";"0.00";"0.00";"0.0"
"2023-06-13 05:00:00.000";"15.05";"92.33";"0.00";"0.00";"0.0"
"2023-06-13 06:00:00.000";"15.07";"93.33";"0.00";"0.00";"0.0"
"2023-06-13 07:00:00.000";"14.95";"93.33";"0.00";"0.00";"0.0"
"2023-06-13 08:00:00.000";"16.70";"89.33";"0.00";"0.00";"0.0"
"2023-06-13 09:00:00.000";"21.23";"71.83";"0.00";"0.00";"0.0"
"2023-06-13 10:00:00.000";"23.55";"65.00";"0.12";"0.00";"0.0"
"2023-06-13 11:00:00.000";"24.60";"62.33";"1.73";"0.00";"0.0"
"2023-06-13 12:00:00.000";"25.37";"59.67";"3.05";"0.00";"0.0"
"2023-06-13 13:00:00.000";"26.00";"57.00";"5.32";"0.00";"0.0"
"2023-06-13 14:00:00.000";"26.07";"57.17";"4.13";"0.00";"0.0"
"2023-06-13 15:00:00.000";"26.02";"56.83";"6.93";"0.00";"0.0"
"2023-06-13 16:00:00.000";"26.03";"58.50";"5.07";"0.00";"0.0"
"2023-06-13 17:00:00.000";"25.67";"57.50";"2.68";"0.00";"0.0"
"2023-06-13 18:00:00.000";"25.23";"59.67";"4.75";"0.00";"0.0"
"2023-06-13 19:00:00.000";"23.85";"63.17";"6.07";"0.00";"0.0"
"2023-06-13 20:00:00.000";"22.38";"67.33";"2.35";"0.00";"0.0"
"2023-06-13 21:00:00.000";"21.48";"70.50";"0.12";"0.00";"0.0"
"2023-06-13 22:00:00.000";"19.62";"75.50";"0.00";"0.00";"0.0"
"2023-06-13 23:00:00.000";"18.28";"80.17";"0.00";"0.00";"0.0"
"2023-06-14 00:00:00.000";"17.47";"83.83";"0.00";"0.00";"0.0"
"2023-06-14 01:00:00.000";"16.62";"85.33";"0.00";"0.00";"0.0"
"2023-06-14 02:00:00.000";"16.12";"88.17";"0.00";"0.00";"0.0"
"2023-06-14 03:00:00.000";"15.68";"89.67";"0.00";"0.00";"0.0"
"2023-06-14 04:00:00.000";"15.57";"90.50";"0.00";"0.00";"0.0"
"2023-06-14 05:00:00.000";"15.25";"92.33";"0.00";"0.00";"0.0"
"2023-06-14 06:00:00.000";"14.83";"93.50";"0.00";"0.00";"0.0"
"2023-06-14 07:00:00.000";"15.02";"94.00";"0.00";"0.00";"0.0"
"2023-06-14 08:00:00.000";"17.27";"91.17";"0.00";"0.00";"0.0"
"2023-06-14 09:00:00.000";"21.82";"74.33";"0.00";"0.00";"0.0"
"2023-06-14 10:00:00.000";"24.93";"62.00";"0.03";"0.00";"0.0"
"2023-06-14 11:00:00.000";"26.27";"51.50";"0.78";"0.00";"0.0"
"2023-06-14 12:00:00.000";"26.13";"54.17";"3.17";"0.00";"0.0"
"2023-06-14 13:00:00.000";"25.20";"58.67";"6.25";"0.00";"0.0"
"2023-06-14 14:00:00.000";"26.08";"58.17";"3.03";"0.00";"0.0"
"2023-06-14 15:00:00.000";"26.45";"55.67";"2.93";"0.00";"0.0"
"2023-06-14 16:00:00.000";"25.97";"55.33";"4.95";"0.00";"0.0"
"2023-06-14 17:00:00.000";"25.75";"56.83";"4.43";"0.00";"0.0"
"2023-06-14 18:00:00.000";"27.02";"53.67";"1.02";"0.00";"0.0"
"2023-06-14 19:00:00.000";"26.63";"54.83";"0.48";"0.00";"0.0"
"2023-06-14 20:00:00.000";"24.38";"60.00";"0.63";"0.00";"0.0"
"2023-06-14 21:00:00.000";"22.38";"66.00";"0.00";"0.00";"0.0"
"2023-06-14 22:00:00.000";"20.10";"70.83";"0.00";"0.00";"0.0"
"2023-06-14 23:00:00.000";"18.52";"76.00";"0.00";"0.00";"0.0"
"2023-06-15 00:00:00.000";"17.82";"79.83";"0.00";"0.00";"0.0"
"2023-06-15 01:00:00.000";"17.03";"79.67";"0.00";"0.00";"0.0"
"2023-06-15 02:00:00.000";"17.42";"80.00";"0.00";"0.00";"0.0"
"2023-06-15 03:00:00.000";"17.32";"82.67";"0.00";"0.00";"0.0"
"2023-06-15 04:00:00.000";"17.68";"83.33";"0.00";"0.00";"0.0"
"2023-06-15 05:00:00.000";"18.33";"75.83";"0.00";"0.00";"0.0"
"2023-06-15 06:00:00.000";"17.22";"78.33";"0.00";"0.00";"0.0"
"2023-06-15 07:00:00.000";"16.00";"83.00";"0.00";"0.00";"0.0"
"2023-06-15 08:00:00.000";"19.17";"74.83";"0.00";"0.00";"0.0"
"2023-06-15 09:00:00.000";"23.45";"60.67";"0.10";"0.00";"0.0"
"2023-06-15 10:00:00.000";"26.70";"48.67";"0.13";"0.00";"0.0"
"2023-06-15 11:00:00.000";"27.45";"47.50";"0.68";"0.00";"0.0"
"2023-06-15 12:00:00.000";"28.62";"44.17";"0.58";"0.00";"0.0"
"2023-06-15 13:00:00.000";"27.03";"47.17";"0.95";"0.00";"0.0"
"2023-06-15 14:00:00.000";"21.87";"68.83";"0.67";"0.17";"0.0"
"2023-06-15 15:00:00.000";"24.92";"48.33";"0.50";"0.00";"0.0"
"2023-06-15 16:00:00.000";"28.30";"40.83";"2.60";"0.00";"0.0"
"2023-06-15 17:00:00.000";"30.37";"32.50";"5.63";"0.00";"0.0"
"2023-06-15 18:00:00.000";"29.42";"39.17";"6.03";"0.00";"0.0"
"2023-06-15 19:00:00.000";"27.97";"44.83";"1.32";"0.00";"0.0"
"2023-06-15 20:00:00.000";"27.17";"46.83";"0.18";"0.00";"0.0"
"2023-06-15 21:00:00.000";"24.43";"59.17";"0.13";"0.00";"0.0"
"2023-06-15 22:00:00.000";"21.12";"67.00";"0.00";"0.00";"0.0"
"2023-06-15 23:00:00.000";"19.13";"72.67";"0.00";"0.00";"0.0"
"2023-06-16 00:00:00.000";"18.45";"77.50";"0.00";"0.00";"0.0"
"2023-06-16 01:00:00.000";"17.87";"80.17";"0.00";"0.00";"0.0"
"2023-06-16 02:00:00.000";"18.00";"80.17";"0.00";"0.00";"0.0"
"2023-06-16 03:00:00.000";"19.60";"74.00";"0.00";"0.00";"0.0"
"2023-06-16 04:00:00.000";"19.65";"72.83";"0.00";"0.00";"0.0"
"2023-06-16 05:00:00.000";"19.80";"75.33";"0.00";"0.00";"0.0"
"2023-06-16 06:00:00.000";"19.78";"77.17";"0.00";"0.00";"0.0"
"2023-06-16 07:00:00.000";"19.65";"76.17";"0.00";"0.00";"0.0"
"2023-06-16 08:00:00.000";"20.37";"76.33";"0.00";"0.00";"0.0"
"2023-06-16 09:00:00.000";"21.55";"76.00";"0.20";"0.00";"0.0"
"2023-06-16 10:00:00.000";"22.83";"67.67";"1.45";"0.00";"0.0"
"2023-06-16 11:00:00.000";"25.07";"53.17";"2.83";"0.00";"0.0"
"2023-06-16 12:00:00.000";"25.52";"47.17";"2.75";"0.00";"0.0"
"2023-06-16 13:00:00.000";"24.37";"52.50";"1.62";"0.00";"0.0"
"2023-06-16 14:00:00.000";"25.35";"52.00";"4.50";"0.00";"0.0"
"2023-06-16 15:00:00.000";"25.57";"51.50";"3.25";"0.00";"0.0"
"2023-06-16 16:00:00.000";"24.55";"56.67";"4.10";"0.00";"0.0"
"2023-06-16 17:00:00.000";"24.37";"57.17";"2.70";"0.00";"0.0"
"2023-06-16 18:00:00.000";"24.15";"55.50";"3.37";"0.00";"0.0"
"2023-06-16 19:00:00.000";"23.05";"60.50";"3.37";"0.00";"0.0"
"2023-06-16 20:00:00.000";"21.63";"66.00";"2.85";"0.00";"0.0"
"2023-06-16 21:00:00.000";"20.80";"69.17";"2.38";"0.00";"0.0"
"2023-06-16 22:00:00.000";"20.08";"73.17";"1.22";"0.00";"0.0"
"2023-06-16 23:00:00.000";"19.92";"73.67";"0.60";"0.00";"0.0"
"2023-06-17 00:00:00.000";"20.00";"73.50";"0.20";"0.00";"0.0"
"2023-06-17 01:00:00.000";"19.78";"74.67";"0.42";"0.00";"0.0"
"2023-06-17 02:00:00.000";"19.68";"75.83";"0.38";"0.00";"0.0"
"2023-06-17 03:00:00.000";"19.38";"82.33";"1.13";"0.50";"1.2"
"2023-06-17 04:00:00.000";"18.63";"91.00";"0.83";"1.00";"0.0"
"2023-06-17 05:00:00.000";"18.70";"92.17";"2.30";"1.00";"0.3"
"2023-06-17 06:00:00.000";"18.45";"86.83";"1.85";"0.00";"0.0"
"2023-06-17 07:00:00.000";"18.78";"85.33";"2.52";"0.00";"0.0"
"2023-06-17 08:00:00.000";"19.00";"83.17";"2.42";"0.00";"0.0"
"2023-06-17 09:00:00.000";"19.45";"79.17";"1.92";"0.00";"0.0"
"2023-06-17 10:00:00.000";"19.93";"77.83";"1.95";"0.00";"0.0"
"2023-06-17 11:00:00.000";"20.85";"73.33";"3.93";"0.00";"0.0"
"2023-06-17 12:00:00.000";"21.37";"70.67";"4.35";"0.00";"0.0"
"2023-06-17 13:00:00.000";"21.48";"69.67";"3.77";"0.00";"0.0"
"2023-06-17 14:00:00.000";"21.92";"68.17";"4.08";"0.00";"0.0"
"2023-06-17 15:00:00.000";"22.27";"66.83";"5.20";"0.00";"0.0"
"2023-06-17 16:00:00.000";"21.93";"68.17";"4.12";"0.00";"0.0"
"2023-06-17 17:00:00.000";"21.82";"70.00";"5.17";"0.00";"0.0"
"2023-06-17 18:00:00.000";"21.68";"69.33";"5.38";"0.00";"0.0"
"2023-06-17 19:00:00.000";"21.45";"69.00";"3.78";"0.00";"0.0"
"2023-06-17 20:00:00.000";"20.60";"72.67";"3.68";"0.00";"0.0"
"2023-06-17 21:00:00.000";"19.93";"72.50";"2.50";"0.00";"0.0"
"2023-06-17 22:00:00.000";"19.30";"74.83";"0.40";"0.00";"0.0"
"2023-06-17 23:00:00.000";"19.27";"76.67";"0.12";"0.00";"0.0"
"2023-06-18 00:00:00.000";"18.95";"79.00";"0.12";"0.00";"0.0"
"2023-06-18 01:00:00.000";"18.10";"82.00";"0.00";"0.00";"0.0"
"2023-06-18 02:00:00.000";"16.87";"85.83";"0.00";"0.00";"0.0"
"2023-06-18 03:00:00.000";"15.53";"89.50";"0.00";"0.00";"0.0"
"2023-06-18 04:00:00.000";"15.85";"94.00";"0.00";"0.83";"0.0"
"2023-06-18 05:00:00.000";"15.78";"94.50";"0.00";"1.00";"0.0"
"2023-06-18 06:00:00.000";"15.35";"94.17";"0.00";"0.83";"0.0"
"2023-06-18 07:00:00.000";"14.82";"94.33";"0.00";"1.00";"0.0"
"2023-06-18 08:00:00.000";"16.88";"94.67";"0.00";"0.67";"0.0"
"2023-06-18 09:00:00.000";"19.52";"85.17";"0.00";"0.00";"0.0"
"2023-06-18 10:00:00.000";"21.90";"75.83";"0.07";"0.00";"0.0"
"2023-06-18 11:00:00.000";"23.17";"72.33";"1.35";"0.00";"0.0"
"2023-06-18 12:00:00.000";"23.95";"69.33";"2.92";"0.00";"0.0"
"2023-06-18 13:00:00.000";"23.45";"71.17";"6.03";"0.00";"0.0"
"2023-06-18 14:00:00.000";"24.70";"66.33";"2.62";"0.00";"0.0"
"2023-06-18 15:00:00.000";"26.08";"61.17";"4.13";"0.00";"0.0"
"2023-06-18 16:00:00.000";"26.32";"49.83";"2.42";"0.00";"0.0"
"2023-06-18 17:00:00.000";"26.25";"50.00";"2.47";"0.00";"0.0"
"2023-06-18 18:00:00.000";"25.30";"54.00";"2.75";"0.00";"0.0"
"2023-06-18 19:00:00.000";"25.08";"50.50";"2.30";"0.00";"0.0"
"2023-06-18 20:00:00.000";"24.63";"53.67";"0.98";"0.00";"0.0"
"2023-06-18 21:00:00.000";"22.90";"59.50";"0.00";"0.00";"0.0"
"2023-06-18 22:00:00.000";"20.13";"64.33";"0.00";"0.00";"0.0"
"2023-06-18 23:00:00.000";"17.90";"73.50";"0.00";"0.00";"0.0"
"2023-06-19 00:00:00.000";"17.17";"76.83";"0.00";"0.00";"0.0"
"2023-06-19 01:00:00.000";"16.42";"78.00";"0.00";"0.00";"0.0"
"2023-06-19 02:00:00.000";"16.15";"79.83";"0.00";"0.00";"0.0"
"2023-06-19 03:00:00.000";"15.43";"81.50";"0.00";"0.00";"0.0"
"2023-06-19 04:00:00.000";"14.88";"84.33";"0.00";"0.00";"0.0"
"2023-06-19 05:00:00.000";"14.93";"89.67";"0.00";"0.00";"0.0"
"2023-06-19 06:00:00.000";"14.92";"91.50";"0.00";"0.00";"0.0"
"2023-06-19 07:00:00.000";"15.82";"94.00";"0.00";"1.00";"0.0"
"2023-06-19 08:00:00.000";"17.43";"90.50";"0.00";"0.00";"0.0"
"2023-06-19 09:00:00.000";"21.42";"76.50";"0.00";"0.00";"0.0"
"2023-06-19 10:00:00.000";"23.80";"67.67";"0.10";"0.00";"0.0"
"2023-06-19 11:00:00.000";"25.20";"63.67";"0.70";"0.00";"0.0"
"2023-06-19 12:00:00.000";"26.73";"50.17";"0.38";"0.00";"0.0"
"2023-06-19 13:00:00.000";"26.35";"52.33";"4.92";"0.00";"0.0"
"2023-06-19 14:00:00.000";"27.38";"47.67";"1.82";"0.00";"0.0"
"2023-06-19 15:00:00.000";"27.48";"46.50";"3.67";"0.00";"0.0"
"2023-06-19 16:00:00.000";"26.97";"48.00";"4.18";"0.00";"0.0"
"2023-06-19 17:00:00.000";"26.48";"51.67";"5.83";"0.00";"0.0"
"2023-06-19 18:00:00.000";"25.88";"52.00";"6.25";"0.00";"0.0"
"2023-06-19 19:00:00.000";"25.58";"51.67";"4.47";"0.00";"0.0"
"2023-06-19 20:00:00.000";"24.83";"50.17";"0.48";"0.00";"0.0"
"2023-06-19 21:00:00.000";"23.28";"51.67";"0.03";"0.00";"0.0"
"2023-06-19 22:00:00.000";"20.27";"58.17";"0.00";"0.00";"0.0"
"2023-06-19 23:00:00.000";"17.92";"65.17";"0.00";"0.00";"0.0"
"2023-06-20 00:00:00.000";"17.67";"65.67";"0.00";"0.00";"0.0"
"2023-06-20 01:00:00.000";"16.15";"70.67";"0.00";"0.00";"0.0"
"2023-06-20 02:00:00.000";"16.27";"73.33";"0.00";"0.00";"0.0"
"2023-06-20 03:00:00.000";"15.92";"73.67";"0.00";"0.00";"0.0"
"2023-06-20 04:00:00.000";"14.98";"76.67";"0.00";"0.00";"0.0"
"2023-06-20 05:00:00.000";"15.12";"77.17";"0.00";"0.00";"0.0"
"2023-06-20 06:00:00.000";"14.85";"76.67";"0.00";"0.00";"0.0"
"2023-06-20 07:00:00.000";"14.72";"77.00";"0.00";"0.00";"0.0"
"2023-06-20 08:00:00.000";"18.53";"67.83";"0.00";"0.00";"0.0"
"2023-06-20 09:00:00.000";"22.58";"58.67";"0.00";"0.00";"0.0"
"2023-06-20 10:00:00.000";"25.77";"53.67";"0.00";"0.00";"0.0"
"2023-06-20 11:00:00.000";"27.45";"50.83";"0.18";"0.00";"0.0"
"2023-06-20 12:00:00.000";"27.47";"51.00";"1.18";"0.00";"0.0"
"2023-06-20 13:00:00.000";"27.28";"49.83";"2.10";"0.00";"0.0"
"2023-06-20 14:00:00.000";"27.87";"47.67";"4.08";"0.00";"0.0"
"2023-06-20 15:00:00.000";"28.52";"47.00";"3.62";"0.00";"0.0"
"2023-06-20 16:00:00.000";"29.20";"41.83";"2.65";"0.00";"0.0"
"2023-06-20 17:00:00.000";"29.77";"38.00";"2.62";"0.00";"0.0"
"2023-06-20 18:00:00.000";"28.70";"46.17";"3.03";"0.00";"0.0"
"2023-06-20 19:00:00.000";"26.33";"55.50";"2.47";"0.00";"0.0"
"2023-06-20 20:00:00.000";"24.42";"62.83";"0.35";"0.00";"0.0"
"2023-06-20 21:00:00.000";"22.72";"66.67";"0.00";"0.00";"0.0"
"2023-06-20 22:00:00.000";"21.23";"69.50";"0.00";"0.00";"0.0"
"2023-06-20 23:00:00.000";"19.68";"73.67";"0.00";"0.00";"0.0"
"2023-06-21 00:00:00.000";"19.28";"73.67";"0.00";"0.00";"0.0"
"2023-06-21 01:00:00.000";"18.22";"72.33";"0.00";"0.00";"0.0"
"2023-06-21 02:00:00.000";"17.53";"73.50";"0.00";"0.00";"0.0"
"2023-06-21 03:00:00.000";"17.80";"71.17";"0.00";"0.00";"0.0"
"2023-06-21 04:00:00.000";"16.70";"73.17";"0.00";"0.00";"0.0"
"2023-06-21 05:00:00.000";"17.00";"72.67";"0.00";"0.00";"0.0"
"2023-06-21 06:00:00.000";"17.18";"72.67";"0.00";"0.00";"0.0"
"2023-06-21 07:00:00.000";"16.95";"72.67";"0.00";"0.00";"0.0"
"2023-06-21 08:00:00.000";"19.93";"67.33";"0.00";"0.00";"0.0"
"2023-06-21 09:00:00.000";"24.93";"55.67";"0.00";"0.00";"0.0"
"2023-06-21 10:00:00.000";"28.67";"46.67";"0.00";"0.00";"0.0"
"2023-06-21 11:00:00.000";"30.35";"43.83";"0.18";"0.00";"0.0"
"2023-06-21 12:00:00.000";"30.27";"41.50";"1.03";"0.00";"0.0"
"2023-06-21 13:00:00.000";"30.58";"42.00";"1.92";"0.00";"0.0"
"2023-06-21 14:00:00.000";"31.02";"38.50";"2.93";"0.00";"0.0"
"2023-06-21 15:00:00.000";"31.48";"36.83";"3.42";"0.00";"0.0"
"2023-06-21 16:00:00.000";"30.63";"39.17";"4.52";"0.00";"0.0"
"2023-06-21 17:00:00.000";"30.92";"39.50";"5.12";"0.00";"0.0"
"2023-06-21 18:00:00.000";"29.58";"44.67";"4.82";"0.00";"0.0"
"2023-06-21 19:00:00.000";"28.68";"48.00";"2.28";"0.00";"0.0"
"2023-06-21 20:00:00.000";"26.35";"52.67";"0.20";"0.00";"0.0"
"2023-06-21 21:00:00.000";"25.17";"56.50";"0.00";"0.00";"0.0"
"2023-06-21 22:00:00.000";"22.48";"63.67";"0.00";"0.00";"0.0"
"2023-06-21 23:00:00.000";"20.43";"68.33";"0.00";"0.00";"0.0"
"2023-06-22 00:00:00.000";"20.03";"67.67";"0.00";"0.00";"0.0"
"2023-06-22 01:00:00.000";"20.02";"60.33";"0.00";"0.00";"0.0"
"2023-06-22 02:00:00.000";"18.92";"64.83";"0.00";"0.00";"0.0"
"2023-06-22 03:00:00.000";"19.67";"60.83";"0.00";"0.00";"0.0"
"2023-06-22 04:00:00.000";"18.48";"65.67";"0.00";"0.00";"0.0"
"2023-06-22 05:00:00.000";"17.88";"70.33";"0.00";"0.00";"0.0"
"2023-06-22 06:00:00.000";"18.53";"70.00";"0.00";"0.00";"0.0"
"2023-06-22 07:00:00.000";"17.35";"72.17";"0.00";"0.00";"0.0"
"2023-06-22 08:00:00.000";"19.47";"68.00";"0.00";"0.00";"0.0"
"2023-06-22 09:00:00.000";"26.73";"45.83";"0.05";"0.00";"0.0"
"2023-06-22 10:00:00.000";"28.83";"40.67";"0.15";"0.00";"0.0"
"2023-06-22 11:00:00.000";"28.42";"47.83";"1.37";"0.00";"0.0"
"2023-06-22 12:00:00.000";"28.63";"49.83";"1.87";"0.00";"0.0"
"2023-06-22 13:00:00.000";"29.08";"47.00";"2.08";"0.00";"0.0"
"2023-06-22 14:00:00.000";"30.02";"42.83";"1.58";"0.00";"0.0"
"2023-06-22 15:00:00.000";"31.05";"38.00";"2.05";"0.00";"0.0"
"2023-06-22 16:00:00.000";"30.90";"35.33";"2.72";"0.00";"0.0"
"2023-06-22 17:00:00.000";"30.80";"39.00";"2.60";"0.00";"0.0"
"2023-06-22 18:00:00.000";"28.50";"39.50";"3.48";"0.00";"0.0"
"2023-06-22 19:00:00.000";"28.25";"40.00";"1.48";"0.00";"0.0"
"2023-06-22 20:00:00.000";"27.35";"42.67";"0.25";"0.00";"0.0"
"2023-06-22 21:00:00.000";"26.10";"47.67";"0.00";"0.00";"0.0"
"2023-06-22 22:00:00.000";"22.80";"56.50";"0.00";"0.00";"0.0"
"2023-06-22 23:00:00.000";"20.88";"62.00";"0.00";"0.00";"0.0"
"2023-06-23 00:00:00.000";"20.65";"64.33";"0.00";"0.00";"0.0"
"2023-06-23 01:00:00.000";"19.88";"66.00";"0.00";"0.00";"0.0"
"2023-06-23 02:00:00.000";"19.47";"68.33";"0.00";"0.00";"0.0"
"2023-06-23 03:00:00.000";"19.47";"68.17";"0.00";"0.00";"0.0"
"2023-06-23 04:00:00.000";"19.03";"69.17";"0.00";"0.00";"0.0"
"2023-06-23 05:00:00.000";"18.53";"71.17";"0.00";"0.00";"0.0"
"2023-06-23 06:00:00.000";"18.73";"71.50";"0.00";"0.00";"0.0"
"2023-06-23 07:00:00.000";"19.07";"67.67";"0.00";"0.00";"0.0"
"2023-06-23 08:00:00.000";"21.62";"63.17";"0.00";"0.00";"0.0"
"2023-06-23 09:00:00.000";"26.22";"53.67";"0.00";"0.00";"0.0"
"2023-06-23 10:00:00.000";"30.28";"39.00";"0.00";"0.00";"0.0"
"2023-06-23 11:00:00.000";"32.92";"27.83";"0.07";"0.00";"0.0"
"2023-06-23 12:00:00.000";"33.23";"31.83";"0.40";"0.00";"0.0"
"2023-06-23 13:00:00.000";"31.02";"41.17";"4.07";"0.00";"0.0"
"2023-06-23 14:00:00.000";"31.18";"40.17";"4.08";"0.00";"0.0"
"2023-06-23 15:00:00.000";"31.90";"39.00";"4.02";"0.00";"0.0"
"2023-06-23 16:00:00.000";"31.65";"37.33";"3.70";"0.00";"0.0"
"2023-06-23 17:00:00.000";"30.53";"41.67";"2.30";"0.00";"0.0"
"2023-06-23 18:00:00.000";"29.80";"47.50";"1.73";"0.00";"0.0"
"2023-06-23 19:00:00.000";"27.12";"59.50";"0.72";"0.00";"0.0"
"2023-06-23 20:00:00.000";"26.33";"63.00";"0.00";"0.00";"0.0"
"2023-06-23 21:00:00.000";"25.72";"62.00";"0.00";"0.00";"0.0"
"2023-06-23 22:00:00.000";"24.03";"68.00";"0.00";"0.00";"0.0"
"2023-06-23 23:00:00.000";"22.55";"73.67";"0.00";"0.00";"0.0"
"2023-06-24 00:00:00.000";"21.10";"76.50";"0.00";"0.00";"0.0"
"2023-06-24 01:00:00.000";"20.27";"79.33";"0.00";"0.00";"0.0"
"2023-06-24 02:00:00.000";"20.02";"74.33";"0.00";"0.00";"0.0"
"2023-06-24 03:00:00.000";"19.83";"73.67";"0.00";"0.00";"0.0"
"2023-06-24 04:00:00.000";"19.38";"73.67";"0.00";"0.00";"0.0"
"2023-06-24 05:00:00.000";"19.07";"74.33";"0.00";"0.00";"0.0"
"2023-06-24 06:00:00.000";"18.45";"75.50";"0.00";"0.00";"0.0"
"2023-06-24 07:00:00.000";"18.23";"76.33";"0.00";"0.00";"0.0"
"2023-06-24 08:00:00.000";"20.72";"72.17";"0.00";"0.00";"0.0"
"2023-06-24 09:00:00.000";"25.88";"57.67";"0.00";"0.00";"0.0"
"2023-06-24 10:00:00.000";"28.82";"48.83";"0.00";"0.00";"0.0"
"2023-06-24 11:00:00.000";"30.02";"46.67";"0.47";"0.00";"0.0"
"2023-06-24 12:00:00.000";"30.75";"46.17";"1.38";"0.00";"0.0"
"2023-06-24 13:00:00.000";"30.33";"48.67";"1.92";"0.00";"0.0"
"2023-06-24 14:00:00.000";"30.38";"48.83";"2.05";"0.00";"0.0"
"2023-06-24 15:00:00.000";"30.35";"47.67";"1.98";"0.00";"0.0"
"2023-06-24 16:00:00.000";"29.90";"49.17";"2.20";"0.00";"0.0"
"2023-06-24 17:00:00.000";"30.27";"50.17";"1.67";"0.00";"0.0"
"2023-06-24 18:00:00.000";"30.13";"51.33";"1.13";"0.00";"0.0"
"2023-06-24 19:00:00.000";"29.60";"50.00";"0.23";"0.00";"0.0"
"2023-06-24 20:00:00.000";"27.83";"55.00";"0.20";"0.00";"0.0"
"2023-06-24 21:00:00.000";"25.42";"63.50";"0.00";"0.00";"0.0"
"2023-06-24 22:00:00.000";"23.60";"68.83";"0.00";"0.00";"0.0"
"2023-06-24 23:00:00.000";"22.58";"71.00";"0.00";"0.00";"0.0"
"2023-06-25 00:00:00.000";"22.13";"72.33";"0.00";"0.00";"0.0"
"2023-06-25 01:00:00.000";"21.43";"72.33";"0.00";"0.00";"0.0"
"2023-06-25 02:00:00.000";"20.40";"72.50";"0.00";"0.00";"0.0"
"2023-06-25 03:00:00.000";"19.78";"72.83";"0.00";"0.00";"0.0"
"2023-06-25 04:00:00.000";"19.35";"74.00";"0.00";"0.00";"0.0"
"2023-06-25 05:00:00.000";"19.25";"76.17";"0.00";"0.00";"0.0"
"2023-06-25 06:00:00.000";"19.17";"74.00";"0.00";"0.00";"0.0"
"2023-06-25 07:00:00.000";"19.08";"74.17";"0.00";"0.00";"0.0"
"2023-06-25 08:00:00.000";"20.97";"71.67";"0.00";"0.00";"0.0"
"2023-06-25 09:00:00.000";"25.43";"60.50";"0.00";"0.00";"0.0"
"2023-06-25 10:00:00.000";"28.77";"51.00";"0.00";"0.00";"0.0"
"2023-06-25 11:00:00.000";"29.62";"46.50";"0.35";"0.00";"0.0"
"2023-06-25 12:00:00.000";"30.57";"44.17";"0.75";"0.00";"0.0"
"2023-06-25 13:00:00.000";"32.80";"38.50";"0.38";"0.00";"0.0"
"2023-06-25 14:00:00.000";"31.35";"44.00";"2.08";"0.00";"0.0"
"2023-06-25 15:00:00.000";"30.47";"45.50";"1.28";"0.00";"0.0"
"2023-06-25 16:00:00.000";"31.80";"41.17";"3.45";"0.00";"0.0"
"2023-06-25 17:00:00.000";"30.78";"46.17";"5.12";"0.00";"0.0"
"2023-06-25 18:00:00.000";"27.52";"60.50";"5.92";"0.00";"0.0"
"2023-06-25 19:00:00.000";"27.22";"55.83";"1.17";"0.00";"0.0"
"2023-06-25 20:00:00.000";"25.93";"60.67";"0.37";"0.00";"0.0"
"2023-06-25 21:00:00.000";"24.87";"65.67";"0.05";"0.00";"0.0"
"2023-06-25 22:00:00.000";"22.98";"72.50";"0.00";"0.00";"0.0"
"2023-06-25 23:00:00.000";"21.95";"74.83";"0.00";"0.00";"0.0"
"2023-06-26 00:00:00.000";"20.90";"77.17";"0.00";"0.00";"0.0"
"2023-06-26 01:00:00.000";"21.43";"80.00";"0.00";"0.00";"0.0"
"2023-06-26 02:00:00.000";"20.97";"81.00";"0.00";"0.00";"0.0"
"2023-06-26 03:00:00.000";"20.78";"82.00";"0.00";"0.00";"0.0"
"2023-06-26 04:00:00.000";"20.27";"84.33";"0.00";"0.00";"0.0"
"2023-06-26 05:00:00.000";"19.68";"88.17";"0.00";"0.00";"0.0"
"2023-06-26 06:00:00.000";"19.30";"89.83";"0.00";"0.00";"0.0"
"2023-06-26 07:00:00.000";"18.30";"90.17";"0.00";"0.00";"0.0"
"2023-06-26 08:00:00.000";"19.75";"78.00";"0.00";"0.00";"0.0"
"2023-06-26 09:00:00.000";"24.02";"63.00";"0.00";"0.00";"0.0"
"2023-06-26 10:00:00.000";"26.62";"55.00";"0.00";"0.00";"0.0"
"2023-06-26 11:00:00.000";"28.73";"48.83";"0.17";"0.00";"0.0"
"2023-06-26 12:00:00.000";"28.67";"51.00";"2.23";"0.00";"0.0"
"2023-06-26 13:00:00.000";"29.05";"49.67";"2.32";"0.00";"0.0"
"2023-06-26 14:00:00.000";"28.35";"49.67";"3.88";"0.00";"0.0"
"2023-06-26 15:00:00.000";"28.65";"53.33";"3.68";"0.00";"0.0"
"2023-06-26 16:00:00.000";"29.57";"52.00";"6.43";"0.00";"0.0"
"2023-06-26 17:00:00.000";"29.93";"50.83";"4.65";"0.00";"0.0"
"2023-06-26 18:00:00.000";"30.37";"45.83";"1.88";"0.00";"0.0"
"2023-06-26 19:00:00.000";"29.42";"51.83";"2.92";"0.00";"0.0"
"2023-06-26 20:00:00.000";"27.12";"58.00";"0.97";"0.00";"0.0"
"2023-06-26 21:00:00.000";"25.20";"66.83";"0.17";"0.00";"0.0"
"2023-06-26 22:00:00.000";"22.90";"77.33";"0.00";"0.00";"0.0"
"2023-06-26 23:00:00.000";"22.48";"80.83";"0.00";"0.00";"0.0"
"2023-06-27 00:00:00.000";"22.10";"82.33";"0.00";"0.00";"0.0"
"2023-06-27 01:00:00.000";"20.93";"82.83";"0.00";"0.00";"0.0"
"2023-06-27 02:00:00.000";"18.62";"78.17";"0.00";"0.00";"0.0"
"2023-06-27 03:00:00.000";"18.40";"76.17";"0.00";"0.00";"0.0"
"2023-06-27 04:00:00.000";"17.77";"76.33";"0.00";"0.00";"0.0"
"2023-06-27 05:00:00.000";"17.10";"79.50";"0.00";"0.00";"0.0"
"2023-06-27 06:00:00.000";"16.75";"82.00";"0.00";"0.00";"0.0"
"2023-06-27 07:00:00.000";"17.00";"81.83";"0.00";"0.00";"0.0"
"2023-06-27 08:00:00.000";"19.88";"74.67";"0.00";"0.00";"0.0"
"2023-06-27 09:00:00.000";"25.28";"59.33";"0.00";"0.00";"0.0"
"2023-06-27 10:00:00.000";"27.37";"53.33";"0.18";"0.00";"0.0"
"2023-06-27 11:00:00.000";"28.52";"49.83";"1.37";"0.00";"0.0"
"2023-06-27 12:00:00.000";"28.63";"50.83";"2.60";"0.00";"0.0"
"2023-06-27 13:00:00.000";"28.62";"52.00";"4.98";"0.00";"0.0"
"2023-06-27 14:00:00.000";"28.87";"50.83";"5.75";"0.00";"0.0"
"2023-06-27 15:00:00.000";"28.83";"52.00";"6.27";"0.00";"0.0"
"2023-06-27 16:00:00.000";"28.05";"54.67";"6.53";"0.00";"0.0"
"2023-06-27 17:00:00.000";"28.70";"51.83";"2.43";"0.00";"0.0"
"2023-06-27 18:00:00.000";"28.87";"49.33";"1.28";"0.00";"0.0"
"2023-06-27 19:00:00.000";"27.98";"49.33";"0.57";"0.00";"0.0"
"2023-06-27 20:00:00.000";"26.47";"53.33";"0.12";"0.00";"0.0"
"2023-06-27 21:00:00.000";"24.58";"58.67";"0.05";"0.00";"0.0"
"2023-06-27 22:00:00.000";"22.32";"63.67";"0.00";"0.00";"0.0"
"2023-06-27 23:00:00.000";"20.80";"68.83";"0.00";"0.00";"0.0"
"2023-06-28 00:00:00.000";"19.70";"71.17";"0.00";"0.00";"0.0"
"2023-06-28 01:00:00.000";"18.67";"72.83";"0.00";"0.00";"0.0"
"2023-06-28 02:00:00.000";"18.02";"73.17";"0.00";"0.00";"0.0"
"2023-06-28 03:00:00.000";"18.03";"74.50";"0.00";"0.00";"0.0"
"2023-06-28 04:00:00.000";"17.45";"77.00";"0.00";"0.00";"0.0"
"2023-06-28 05:00:00.000";"17.47";"77.33";"0.00";"0.00";"0.0"
"2023-06-28 06:00:00.000";"17.28";"77.83";"0.00";"0.00";"0.0"
"2023-06-28 07:00:00.000";"17.17";"78.33";"0.00";"0.00";"0.0"
"2023-06-28 08:00:00.000";"19.40";"75.33";"0.00";"0.00";"0.0"
"2023-06-28 09:00:00.000";"23.10";"71.50";"0.07";"0.00";"0.0"
"2023-06-28 10:00:00.000";"25.15";"64.00";"0.15";"0.00";"0.0"
"2023-06-28 11:00:00.000";"27.43";"58.67";"0.48";"0.00";"0.0"
"2023-06-28 12:00:00.000";"27.70";"59.00";"3.45";"0.00";"0.0"
"2023-06-28 13:00:00.000";"28.27";"56.67";"3.00";"0.00";"0.0"
"2023-06-28 14:00:00.000";"27.85";"56.83";"4.63";"0.00";"0.0"
"2023-06-28 15:00:00.000";"28.37";"55.83";"4.18";"0.00";"0.0"
"2023-06-28 16:00:00.000";"27.93";"56.83";"3.57";"0.00";"0.0"
"2023-06-28 17:00:00.000";"27.58";"59.67";"5.57";"0.00";"0.0"
"2023-06-28 18:00:00.000";"27.90";"58.50";"4.02";"0.00";"0.0"
"2023-06-28 19:00:00.000";"27.37";"58.67";"3.15";"0.00";"0.0"
"2023-06-28 20:00:00.000";"25.83";"59.17";"1.55";"0.00";"0.0"
"2023-06-28 21:00:00.000";"24.12";"64.00";"0.17";"0.00";"0.0"
"2023-06-28 22:00:00.000";"21.97";"71.50";"0.00";"0.00";"0.0"
"2023-06-28 23:00:00.000";"20.15";"75.50";"0.00";"0.00";"0.0"
"2023-06-29 00:00:00.000";"19.17";"78.17";"0.00";"0.00";"0.0"
"2023-06-29 01:00:00.000";"18.93";"82.33";"0.00";"0.00";"0.0"
"2023-06-29 02:00:00.000";"18.32";"87.50";"0.00";"0.00";"0.0"
"2023-06-29 03:00:00.000";"18.08";"91.33";"0.00";"0.00";"0.0"
"2023-06-29 04:00:00.000";"18.90";"91.83";"0.00";"0.00";"0.0"
"2023-06-29 05:00:00.000";"19.15";"92.33";"0.00";"0.00";"0.0"
"2023-06-29 06:00:00.000";"18.95";"92.50";"0.00";"0.00";"0.0"
"2023-06-29 07:00:00.000";"17.70";"92.67";"0.00";"0.00";"0.0"
"2023-06-29 08:00:00.000";"18.60";"91.50";"0.00";"0.00";"0.0"
"2023-06-29 09:00:00.000";"22.00";"75.33";"0.12";"0.00";"0.0"
"2023-06-29 10:00:00.000";"24.92";"65.67";"0.78";"0.00";"0.0"
"2023-06-29 11:00:00.000";"26.77";"58.67";"3.68";"0.00";"0.0"
"2023-06-29 12:00:00.000";"26.97";"59.67";"6.27";"0.00";"0.0"
"2023-06-29 13:00:00.000";"27.93";"56.67";"4.63";"0.00";"0.0"
"2023-06-29 14:00:00.000";"28.48";"54.33";"5.55";"0.00";"0.0"
"2023-06-29 15:00:00.000";"28.48";"54.83";"7.20";"0.00";"0.0"
"2023-06-29 16:00:00.000";"27.53";"57.83";"6.62";"0.00";"0.0"
"2023-06-29 17:00:00.000";"28.15";"57.17";"4.40";"0.00";"0.0"
"2023-06-29 18:00:00.000";"27.93";"57.33";"3.55";"0.00";"0.0"
"2023-06-29 19:00:00.000";"26.98";"58.50";"2.92";"0.00";"0.0"
"2023-06-29 20:00:00.000";"25.63";"60.33";"1.05";"0.00";"0.0"
"2023-06-29 21:00:00.000";"23.93";"65.00";"0.07";"0.00";"0.0"
"2023-06-29 22:00:00.000";"21.88";"68.33";"0.00";"0.00";"0.0"
"2023-06-29 23:00:00.000";"20.17";"75.17";"0.00";"0.00";"0.0"
"2023-06-30 00:00:00.000";"19.55";"80.33";"0.00";"0.00";"0.0"
"2023-06-30 01:00:00.000";"18.28";"81.17";"0.00";"0.00";"0.0"
"2023-06-30 02:00:00.000";"17.58";"84.83";"0.00";"0.00";"0.0"
"2023-06-30 03:00:00.000";"17.60";"90.17";"0.00";"0.00";"0.0"
"2023-06-30 04:00:00.000";"16.97";"91.17";"0.00";"0.00";"0.0"
"2023-06-30 05:00:00.000";"16.97";"92.67";"0.00";"0.00";"0.0"
"2023-06-30 06:00:00.000";"17.18";"92.83";"0.00";"0.00";"0.0"
"2023-06-30 07:00:00.000";"17.32";"92.33";"0.00";"0.00";"0.0"
"2023-06-30 08:00:00.000";"18.32";"86.17";"0.00";"0.00";"0.0"
"2023-06-30 09:00:00.000";"22.57";"75.17";"0.00";"0.00";"0.0"
"2023-06-30 10:00:00.000";"25.13";"68.50";"0.00";"0.00";"0.0"
"2023-06-30 11:00:00.000";"28.15";"57.50";"0.20";"0.00";"0.0"
"2023-06-30 12:00:00.000";"28.07";"59.33";"2.58";"0.00";"0.0"
"2023-06-30 13:00:00.000";"27.68";"58.83";"4.28";"0.00";"0.0"
"2023-06-30 14:00:00.000";"27.88";"59.33";"4.73";"0.00";"0.0"
"2023-06-30 15:00:00.000";"28.22";"59.67";"4.13";"0.00";"0.0"
"2023-06-30 16:00:00.000";"27.85";"58.00";"3.18";"0.00";"0.0"
"2023-06-30 17:00:00.000";"27.80";"57.50";"3.30";"0.00";"0.0"
"2023-06-30 18:00:00.000";"27.40";"59.17";"2.38";"0.00";"0.0"
"2023-06-30 19:00:00.000";"26.22";"64.00";"1.73";"0.00";"0.0"
"2023-06-30 20:00:00.000";"24.77";"69.83";"0.90";"0.00";"0.0"
"2023-06-30 21:00:00.000";"23.30";"74.67";"0.43";"0.00";"0.0"
"2023-06-30 22:00:00.000";"21.80";"78.83";"0.13";"0.00";"0.0"
"2023-06-30 23:00:00.000";"20.13";"81.33";"0.00";"0.00";"0.0"
"2023-07-01 00:00:00.000";"19.05";"83.67";"0.00";"0.00";"0.0"
"2023-07-01 01:00:00.000";"18.47";"88.17";"0.00";"0.00";"0.0"
"2023-07-01 02:00:00.000";"18.45";"91.50";"0.00";"0.00";"0.0"
"2023-07-01 03:00:00.000";"17.43";"88.83";"0.00";"0.00";"0.0"
"2023-07-01 04:00:00.000";"16.42";"85.17";"0.00";"0.00";"0.0"
"2023-07-01 05:00:00.000";"16.48";"84.50";"0.00";"0.00";"0.0"
"2023-07-01 06:00:00.000";"16.32";"85.00";"0.00";"0.00";"0.0"
"2023-07-01 07:00:00.000";"17.97";"92.00";"0.00";"0.00";"0.0"
"2023-07-01 08:00:00.000";"19.57";"87.67";"0.00";"0.00";"0.0"
"2023-07-01 09:00:00.000";"22.60";"74.67";"0.00";"0.00";"0.0"
"2023-07-01 10:00:00.000";"25.33";"65.17";"0.00";"0.00";"0.0"
"2023-07-01 11:00:00.000";"26.75";"62.83";"0.82";"0.00";"0.0"
"2023-07-01 12:00:00.000";"27.33";"64.00";"1.67";"0.00";"0.0"
"2023-07-01 13:00:00.000";"27.92";"61.00";"2.65";"0.00";"0.0"
"2023-07-01 14:00:00.000";"27.97";"58.83";"4.55";"0.00";"0.0"
"2023-07-01 15:00:00.000";"29.00";"54.00";"3.30";"0.00";"0.0"
"2023-07-01 16:00:00.000";"28.43";"50.50";"6.17";"0.00";"0.0"
"2023-07-01 17:00:00.000";"28.55";"49.00";"4.18";"0.00";"0.0"
"2023-07-01 18:00:00.000";"28.53";"49.00";"3.18";"0.00";"0.0"
"2023-07-01 19:00:00.000";"27.13";"52.50";"2.32";"0.00";"0.0"
"2023-07-01 20:00:00.000";"25.32";"57.83";"2.08";"0.00";"0.0"
"2023-07-01 21:00:00.000";"23.92";"63.33";"0.02";"0.00";"0.0"
"2023-07-01 22:00:00.000";"21.23";"68.50";"0.00";"0.00";"0.0"
"2023-07-01 23:00:00.000";"19.55";"75.17";"0.00";"0.00";"0.0"
"2023-07-02 00:00:00.000";"18.43";"79.67";"0.00";"0.00";"0.0"
"2023-07-02 01:00:00.000";"18.28";"83.67";"0.00";"0.00";"0.0"
"2023-07-02 02:00:00.000";"18.65";"89.17";"0.00";"0.00";"0.0"
"2023-07-02 03:00:00.000";"17.35";"78.67";"0.00";"0.00";"0.0"
"2023-07-02 04:00:00.000";"16.43";"74.50";"0.00";"0.00";"0.0"
"2023-07-02 05:00:00.000";"16.88";"75.83";"0.00";"0.00";"0.0"
"2023-07-02 06:00:00.000";"15.97";"76.83";"0.00";"0.00";"0.0"
"2023-07-02 07:00:00.000";"15.82";"74.67";"0.00";"0.00";"0.0"
"2023-07-02 08:00:00.000";"18.88";"68.83";"0.00";"0.00";"0.0"
"2023-07-02 09:00:00.000";"23.88";"57.50";"0.00";"0.00";"0.0"
"2023-07-02 10:00:00.000";"27.05";"45.67";"0.13";"0.00";"0.0"
"2023-07-02 11:00:00.000";"28.48";"45.50";"1.43";"0.00";"0.0"
"2023-07-02 12:00:00.000";"27.50";"57.33";"4.27";"0.00";"0.0"
"2023-07-02 13:00:00.000";"28.77";"52.83";"5.25";"0.00";"0.0"
"2023-07-02 14:00:00.000";"28.30";"54.67";"6.13";"0.00";"0.0"
"2023-07-02 15:00:00.000";"29.33";"51.17";"2.93";"0.00";"0.0"
"2023-07-02 16:00:00.000";"29.05";"54.33";"3.75";"0.00";"0.0"
"2023-07-02 17:00:00.000";"28.60";"57.00";"3.50";"0.00";"0.0"
"2023-07-02 18:00:00.000";"27.60";"60.17";"3.60";"0.00";"0.0"
"2023-07-02 19:00:00.000";"26.48";"64.17";"3.43";"0.00";"0.0"
"2023-07-02 20:00:00.000";"26.02";"62.67";"1.48";"0.00";"0.0"
"2023-07-02 21:00:00.000";"24.67";"68.67";"0.35";"0.00";"0.0"
"2023-07-02 22:00:00.000";"23.63";"75.00";"0.32";"0.00";"0.0"
"2023-07-02 23:00:00.000";"22.73";"77.17";"0.07";"0.00";"0.0"
"2023-07-03 00:00:00.000";"22.22";"77.83";"0.00";"0.00";"0.0"
"2023-07-03 01:00:00.000";"21.83";"78.00";"0.00";"0.00";"0.0"
"2023-07-03 02:00:00.000";"21.37";"80.83";"0.05";"0.00";"0.0"
"2023-07-03 03:00:00.000";"21.07";"84.17";"0.02";"0.00";"0.0"
"2023-07-03 04:00:00.000";"20.17";"86.67";"0.00";"0.00";"0.0"
"2023-07-03 05:00:00.000";"19.73";"90.33";"0.05";"0.00";"0.0"
"2023-07-03 06:00:00.000";"20.43";"84.67";"0.45";"0.00";"0.0"
"2023-07-03 07:00:00.000";"20.87";"80.17";"1.30";"0.00";"0.0"
"2023-07-03 08:00:00.000";"21.60";"74.00";"1.93";"0.00";"0.0"
"2023-07-03 09:00:00.000";"23.20";"61.17";"3.13";"0.00";"0.0"
"2023-07-03 10:00:00.000";"24.68";"56.33";"3.97";"0.00";"0.0"
"2023-07-03 11:00:00.000";"26.78";"48.33";"2.35";"0.00";"0.0"
"2023-07-03 12:00:00.000";"27.67";"44.83";"2.82";"0.00";"0.0"
"2023-07-03 13:00:00.000";"28.67";"43.67";"2.80";"0.00";"0.0"
"2023-07-03 14:00:00.000";"28.85";"49.33";"4.62";"0.00";"0.0"
"2023-07-03 15:00:00.000";"27.98";"54.33";"5.45";"0.00";"0.0"
"2023-07-03 16:00:00.000";"27.47";"54.00";"5.13";"0.00";"0.0"
"2023-07-03 17:00:00.000";"28.18";"52.17";"4.57";"0.00";"0.0"
"2023-07-03 18:00:00.000";"27.62";"53.00";"2.80";"0.00";"0.0"
"2023-07-03 19:00:00.000";"26.78";"57.17";"1.58";"0.00";"0.0"
"2023-07-03 20:00:00.000";"24.73";"62.67";"1.67";"0.00";"0.0"
"2023-07-03 21:00:00.000";"23.40";"68.00";"0.27";"0.00";"0.0"
"2023-07-03 22:00:00.000";"21.95";"72.50";"0.00";"0.00";"0.0"
"2023-07-03 23:00:00.000";"20.60";"75.17";"0.00";"0.00";"0.0"
"2023-07-04 00:00:00.000";"19.73";"78.17";"0.00";"0.00";"0.0"
"2023-07-04 01:00:00.000";"19.30";"81.67";"0.00";"0.00";"0.0"
"2023-07-04 02:00:00.000";"19.17";"85.00";"0.00";"0.00";"0.0"
"2023-07-04 03:00:00.000";"18.70";"86.33";"0.00";"0.00";"0.0"
"2023-07-04 04:00:00.000";"18.20";"88.00";"0.00";"0.00";"0.0"
"2023-07-04 05:00:00.000";"17.92";"88.00";"0.00";"0.00";"0.0"
"2023-07-04 06:00:00.000";"17.82";"87.50";"0.00";"0.00";"0.0"
"2023-07-04 07:00:00.000";"17.80";"87.83";"0.00";"0.00";"0.0"
"2023-07-04 08:00:00.000";"19.57";"84.83";"0.00";"0.00";"0.0"
"2023-07-04 09:00:00.000";"23.28";"73.17";"0.00";"0.00";"0.0"
"2023-07-04 10:00:00.000";"27.65";"60.33";"0.00";"0.00";"0.0"
"2023-07-04 11:00:00.000";"31.17";"48.17";"0.35";"0.00";"0.0"
"2023-07-04 12:00:00.000";"30.42";"48.33";"2.60";"0.00";"0.0"
"2023-07-04 13:00:00.000";"30.05";"49.83";"4.15";"0.00";"0.0"
"2023-07-04 14:00:00.000";"29.85";"50.83";"3.90";"0.00";"0.0"
"2023-07-04 15:00:00.000";"30.23";"48.50";"2.92";"0.00";"0.0"
"2023-07-04 16:00:00.000";"30.57";"46.17";"1.98";"0.00";"0.0"
"2023-07-04 17:00:00.000";"30.45";"45.67";"2.75";"0.00";"0.0"
"2023-07-04 18:00:00.000";"29.68";"49.33";"1.78";"0.00";"0.0"
"2023-07-04 19:00:00.000";"29.00";"52.17";"1.18";"0.00";"0.0"
"2023-07-04 20:00:00.000";"26.58";"63.00";"0.05";"0.00";"0.0"
"2023-07-04 21:00:00.000";"25.38";"67.33";"0.00";"0.00";"0.0"
"2023-07-04 22:00:00.000";"24.05";"68.00";"0.00";"0.00";"0.0"
"2023-07-04 23:00:00.000";"22.80";"70.67";"0.00";"0.00";"0.0"
"2023-07-05 00:00:00.000";"21.72";"74.83";"0.00";"0.00";"0.0"
"2023-07-05 01:00:00.000";"21.00";"77.33";"0.00";"0.00";"0.0"
"2023-07-05 02:00:00.000";"20.53";"76.00";"0.00";"0.00";"0.0"
"2023-07-05 03:00:00.000";"21.05";"72.67";"0.00";"0.00";"0.0"
"2023-07-05 04:00:00.000";"20.38";"71.50";"0.00";"0.00";"0.0"
"2023-07-05 05:00:00.000";"19.10";"75.33";"0.00";"0.00";"0.0"
"2023-07-05 06:00:00.000";"19.47";"77.83";"0.00";"0.00";"0.0"
"2023-07-05 07:00:00.000";"19.80";"78.83";"0.00";"0.00";"0.0"
"2023-07-05 08:00:00.000";"21.15";"74.50";"0.00";"0.00";"0.0"
"2023-07-05 09:00:00.000";"25.05";"64.67";"0.00";"0.00";"0.0"
"2023-07-05 10:00:00.000";"28.35";"55.50";"0.00";"0.00";"0.0"
"2023-07-05 11:00:00.000";"29.62";"54.00";"0.82";"0.00";"0.0"
"2023-07-05 12:00:00.000";"29.48";"56.83";"4.35";"0.00";"0.0"
"2023-07-05 13:00:00.000";"30.97";"45.67";"2.43";"0.00";"0.0"
"2023-07-05 14:00:00.000";"31.17";"46.33";"2.53";"0.00";"0.0"
"2023-07-05 15:00:00.000";"31.55";"43.67";"2.25";"0.00";"0.0"
"2023-07-05 16:00:00.000";"31.72";"44.50";"2.87";"0.00";"0.0"
"2023-07-05 17:00:00.000";"30.47";"51.50";"5.67";"0.00";"0.0"
"2023-07-05 18:00:00.000";"30.27";"50.50";"5.67";"0.00";"0.0"
"2023-07-05 19:00:00.000";"28.38";"58.33";"3.72";"0.00";"0.0"
"2023-07-05 20:00:00.000";"26.12";"63.33";"1.68";"0.00";"0.0"
"2023-07-05 21:00:00.000";"24.62";"64.50";"1.28";"0.00";"0.0"
"2023-07-05 22:00:00.000";"22.95";"68.83";"0.00";"0.00";"0.0"
"2023-07-05 23:00:00.000";"21.15";"72.50";"0.00";"0.00";"0.0"
"2023-07-06 00:00:00.000";"20.42";"77.00";"0.00";"0.00";"0.0"
"2023-07-06 01:00:00.000";"19.77";"79.50";"0.00";"0.00";"0.0"
"2023-07-06 02:00:00.000";"19.60";"81.67";"0.00";"0.00";"0.0"
"2023-07-06 03:00:00.000";"18.90";"84.17";"0.00";"0.00";"0.0"
"2023-07-06 04:00:00.000";"18.92";"89.67";"0.00";"0.00";"0.0"
"2023-07-06 05:00:00.000";"18.70";"91.50";"0.00";"0.00";"0.0"
"2023-07-06 06:00:00.000";"18.53";"93.17";"0.00";"0.00";"0.0"
"2023-07-06 07:00:00.000";"18.25";"93.00";"0.00";"0.00";"0.0"
"2023-07-06 08:00:00.000";"20.13";"81.83";"0.00";"0.00";"0.0"
"2023-07-06 09:00:00.000";"24.50";"68.50";"0.00";"0.00";"0.0"
"2023-07-06 10:00:00.000";"27.47";"62.67";"0.02";"0.00";"0.0"
"2023-07-06 11:00:00.000";"29.48";"52.83";"0.70";"0.00";"0.0"
"2023-07-06 12:00:00.000";"30.52";"50.33";"2.52";"0.00";"0.0"
"2023-07-06 13:00:00.000";"31.70";"44.83";"3.93";"0.00";"0.0"
"2023-07-06 14:00:00.000";"31.65";"47.50";"5.28";"0.00";"0.0"
"2023-07-06 15:00:00.000";"31.38";"50.33";"5.92";"0.00";"0.0"
"2023-07-06 16:00:00.000";"30.42";"53.67";"7.27";"0.00";"0.0"
"2023-07-06 17:00:00.000";"31.50";"46.50";"3.90";"0.00";"0.0"
"2023-07-06 18:00:00.000";"31.43";"39.33";"2.80";"0.00";"0.0"
"2023-07-06 19:00:00.000";"31.62";"39.17";"1.48";"0.00";"0.0"
"2023-07-06 20:00:00.000";"30.53";"40.17";"0.40";"0.00";"0.0"
"2023-07-06 21:00:00.000";"27.83";"52.00";"0.10";"0.00";"0.0"
"2023-07-06 22:00:00.000";"23.38";"72.33";"0.02";"0.00";"0.0"
"2023-07-06 23:00:00.000";"21.48";"75.67";"0.00";"0.00";"0.0"
"2023-07-07 00:00:00.000";"20.88";"75.67";"0.00";"0.00";"0.0"
"2023-07-07 01:00:00.000";"19.98";"70.67";"0.00";"0.00";"0.0"
"2023-07-07 02:00:00.000";"20.00";"66.83";"0.00";"0.00";"0.0"
"2023-07-07 03:00:00.000";"18.92";"68.50";"0.00";"0.00";"0.0"
"2023-07-07 04:00:00.000";"18.53";"70.83";"0.00";"0.00";"0.0"
"2023-07-07 05:00:00.000";"18.33";"72.50";"0.00";"0.00";"0.0"
"2023-07-07 06:00:00.000";"18.82";"72.83";"0.00";"0.00";"0.0"
"2023-07-07 07:00:00.000";"19.05";"72.00";"0.00";"0.00";"0.0"
"2023-07-07 08:00:00.000";"21.57";"68.17";"0.00";"0.00";"0.0"
"2023-07-07 09:00:00.000";"25.97";"58.17";"0.00";"0.00";"0.0"
"2023-07-07 10:00:00.000";"30.18";"46.67";"0.25";"0.00";"0.0"
"2023-07-07 11:00:00.000";"31.68";"43.17";"0.37";"0.00";"0.0"
"2023-07-07 12:00:00.000";"31.90";"46.67";"2.32";"0.00";"0.0"
"2023-07-07 13:00:00.000";"32.80";"39.83";"2.92";"0.00";"0.0"
"2023-07-07 14:00:00.000";"33.98";"32.50";"2.80";"0.00";"0.0"
"2023-07-07 15:00:00.000";"34.30";"31.50";"3.15";"0.00";"0.0"
"2023-07-07 16:00:00.000";"33.58";"35.00";"3.50";"0.00";"0.0"
"2023-07-07 17:00:00.000";"33.10";"40.17";"3.27";"0.00";"0.0"
"2023-07-07 18:00:00.000";"32.73";"36.17";"3.52";"0.00";"0.0"
"2023-07-07 19:00:00.000";"31.60";"30.50";"5.78";"0.00";"0.0"
"2023-07-07 20:00:00.000";"30.22";"31.17";"4.77";"0.00";"0.0"
"2023-07-07 21:00:00.000";"28.03";"37.83";"2.87";"0.00";"0.0"
"2023-07-07 22:00:00.000";"25.93";"46.17";"2.77";"0.00";"0.0"
"2023-07-07 23:00:00.000";"26.00";"45.33";"3.05";"0.00";"0.0"
"2023-07-08 00:00:00.000";"23.92";"53.17";"1.05";"0.00";"0.0"
"2023-07-08 01:00:00.000";"22.22";"57.00";"0.05";"0.00";"0.0"
"2023-07-08 02:00:00.000";"19.58";"62.50";"0.00";"0.00";"0.0"
"2023-07-08 03:00:00.000";"18.72";"66.17";"0.00";"0.00";"0.0"
"2023-07-08 04:00:00.000";"17.82";"71.00";"0.00";"0.00";"0.0"
"2023-07-08 05:00:00.000";"18.63";"69.83";"0.00";"0.00";"0.0"
"2023-07-08 06:00:00.000";"18.18";"70.50";"0.00";"0.00";"0.0"
"2023-07-08 07:00:00.000";"17.45";"74.67";"0.00";"0.00";"0.0"
"2023-07-08 08:00:00.000";"19.83";"71.17";"0.10";"0.00";"0.0"
"2023-07-08 09:00:00.000";"25.85";"53.67";"0.60";"0.00";"0.0"
"2023-07-08 10:00:00.000";"27.73";"39.83";"3.63";"0.00";"0.0"
"2023-07-08 11:00:00.000";"29.97";"35.00";"1.32";"0.00";"0.0"
"2023-07-08 12:00:00.000";"30.98";"38.00";"1.05";"0.00";"0.0"
"2023-07-08 13:00:00.000";"31.52";"39.83";"1.68";"0.00";"0.0"
"2023-07-08 14:00:00.000";"32.13";"37.83";"2.72";"0.00";"0.0"
"2023-07-08 15:00:00.000";"32.52";"35.50";"3.72";"0.00";"0.0"
"2023-07-08 16:00:00.000";"32.22";"33.50";"5.70";"0.00";"0.0"
"2023-07-08 17:00:00.000";"32.15";"31.50";"5.02";"0.00";"0.0"
"2023-07-08 18:00:00.000";"31.83";"27.33";"4.62";"0.00";"0.0"
"2023-07-08 19:00:00.000";"30.35";"34.33";"3.28";"0.00";"0.0"
"2023-07-08 20:00:00.000";"28.38";"39.83";"2.02";"0.00";"0.0"
"2023-07-08 21:00:00.000";"26.32";"47.50";"0.30";"0.00";"0.0"
"2023-07-08 22:00:00.000";"22.77";"56.83";"0.00";"0.00";"0.0"
"2023-07-08 23:00:00.000";"20.05";"60.83";"0.00";"0.00";"0.0"
"2023-07-09 00:00:00.000";"18.50";"64.67";"0.00";"0.00";"0.0"
"2023-07-09 01:00:00.000";"18.15";"67.33";"0.00";"0.00";"0.0"
"2023-07-09 02:00:00.000";"18.88";"67.17";"0.00";"0.00";"0.0"
"2023-07-09 03:00:00.000";"21.13";"65.50";"0.00";"0.00";"0.0"
"2023-07-09 04:00:00.000";"20.82";"66.67";"0.00";"0.00";"0.0"
"2023-07-09 05:00:00.000";"18.90";"72.00";"0.00";"0.00";"0.0"
"2023-07-09 06:00:00.000";"18.18";"75.50";"0.00";"0.00";"0.0"
"2023-07-09 07:00:00.000";"18.35";"76.50";"0.00";"0.00";"0.0"
"2023-07-09 08:00:00.000";"20.50";"73.67";"0.00";"0.00";"0.0"
"2023-07-09 09:00:00.000";"25.50";"57.67";"0.00";"0.00";"0.0"
"2023-07-09 10:00:00.000";"27.98";"48.17";"0.03";"0.00";"0.0"
"2023-07-09 11:00:00.000";"30.42";"42.67";"0.28";"0.00";"0.0"
"2023-07-09 12:00:00.000";"30.23";"40.83";"3.18";"0.00";"0.0"
"2023-07-09 13:00:00.000";"29.95";"37.67";"6.87";"0.00";"0.0"
"2023-07-09 14:00:00.000";"30.23";"37.50";"7.82";"0.00";"0.0"
"2023-07-09 15:00:00.000";"30.52";"37.33";"6.52";"0.00";"0.0"
"2023-07-09 16:00:00.000";"29.73";"39.00";"7.30";"0.00";"0.0"
"2023-07-09 17:00:00.000";"29.30";"40.00";"5.32";"0.00";"0.0"
"2023-07-09 18:00:00.000";"29.38";"38.17";"3.52";"0.00";"0.0"
"2023-07-09 19:00:00.000";"28.87";"39.50";"1.95";"0.00";"0.0"
"2023-07-09 20:00:00.000";"26.95";"44.17";"0.48";"0.00";"0.0"
"2023-07-09 21:00:00.000";"25.48";"51.50";"0.00";"0.00";"0.0"
"2023-07-09 22:00:00.000";"22.57";"62.17";"0.00";"0.00";"0.0"
"2023-07-09 23:00:00.000";"20.62";"68.17";"0.00";"0.00";"0.0"
"2023-07-10 00:00:00.000";"19.22";"66.33";"0.00";"0.00";"0.0"
"2023-07-10 01:00:00.000";"19.02";"68.17";"0.00";"0.00";"0.0"
"2023-07-10 02:00:00.000";"18.43";"69.67";"0.00";"0.00";"0.0"
"2023-07-10 03:00:00.000";"17.93";"70.67";"0.00";"0.00";"0.0"
"2023-07-10 04:00:00.000";"17.63";"70.50";"0.00";"0.00";"0.0"
"2023-07-10 05:00:00.000";"17.17";"72.83";"0.00";"0.00";"0.0"
"2023-07-10 06:00:00.000";"17.12";"73.00";"0.00";"0.00";"0.0"
"2023-07-10 07:00:00.000";"16.88";"74.33";"0.00";"0.00";"0.0"
"2023-07-10 08:00:00.000";"20.02";"68.33";"0.00";"0.00";"0.0"
"2023-07-10 09:00:00.000";"24.00";"58.00";"0.00";"0.00";"0.0"
"2023-07-10 10:00:00.000";"26.73";"51.00";"0.00";"0.00";"0.0"
"2023-07-10 11:00:00.000";"28.65";"44.33";"0.12";"0.00";"0.0"
"2023-07-10 12:00:00.000";"29.25";"44.33";"1.92";"0.00";"0.0"
"2023-07-10 13:00:00.000";"29.52";"42.67";"2.43";"0.00";"0.0"
"2023-07-10 14:00:00.000";"29.92";"40.83";"3.07";"0.00";"0.0"
"2023-07-10 15:00:00.000";"30.08";"42.50";"3.87";"0.00";"0.0"
"2023-07-10 16:00:00.000";"29.95";"40.33";"4.38";"0.00";"0.0"
"2023-07-10 17:00:00.000";"30.43";"41.67";"3.73";"0.00";"0.0"
"2023-07-10 18:00:00.000";"29.88";"41.00";"3.22";"0.00";"0.0"
"2023-07-10 19:00:00.000";"28.92";"43.00";"3.62";"0.00";"0.0"
"2023-07-10 20:00:00.000";"27.37";"44.83";"1.52";"0.00";"0.0"
"2023-07-10 21:00:00.000";"26.07";"45.50";"0.07";"0.00";"0.0"
"2023-07-10 22:00:00.000";"23.18";"50.17";"0.00";"0.00";"0.0"
"2023-07-10 23:00:00.000";"20.87";"56.17";"0.00";"0.00";"0.0"
"2023-07-11 00:00:00.000";"20.13";"55.00";"0.00";"0.00";"0.0"
"2023-07-11 01:00:00.000";"20.73";"55.17";"0.00";"0.00";"0.0"
"2023-07-11 02:00:00.000";"20.30";"58.00";"0.00";"0.00";"0.0"
"2023-07-11 03:00:00.000";"18.33";"63.50";"0.00";"0.00";"0.0"
"2023-07-11 04:00:00.000";"17.88";"65.33";"0.00";"0.00";"0.0"
"2023-07-11 05:00:00.000";"17.32";"66.83";"0.00";"0.00";"0.0"
"2023-07-11 06:00:00.000";"16.40";"69.50";"0.00";"0.00";"0.0"
"2023-07-11 07:00:00.000";"16.90";"67.83";"0.00";"0.00";"0.0"
"2023-07-11 08:00:00.000";"19.78";"61.67";"0.00";"0.00";"0.0"
"2023-07-11 09:00:00.000";"24.12";"52.83";"0.00";"0.00";"0.0"
"2023-07-11 10:00:00.000";"28.03";"46.17";"0.05";"0.00";"0.0"
"2023-07-11 11:00:00.000";"30.65";"40.67";"0.13";"0.00";"0.0"
"2023-07-11 12:00:00.000";"30.92";"37.67";"1.53";"0.00";"0.0"
"2023-07-11 13:00:00.000";"31.02";"35.17";"4.58";"0.00";"0.0"
"2023-07-11 14:00:00.000";"31.20";"34.00";"5.27";"0.00";"0.0"
"2023-07-11 15:00:00.000";"31.78";"30.83";"2.98";"0.00";"0.0"
"2023-07-11 16:00:00.000";"31.90";"27.83";"3.18";"0.00";"0.0"
"2023-07-11 17:00:00.000";"32.00";"25.33";"1.92";"0.00";"0.0"
"2023-07-11 18:00:00.000";"32.12";"23.50";"2.63";"0.00";"0.0"
"2023-07-11 19:00:00.000";"31.22";"26.50";"2.37";"0.00";"0.0"
"2023-07-11 20:00:00.000";"29.77";"30.33";"0.85";"0.00";"0.0"
"2023-07-11 21:00:00.000";"26.98";"47.00";"0.02";"0.00";"0.0"
"2023-07-11 22:00:00.000";"22.57";"61.17";"0.00";"0.00";"0.0"
"2023-07-11 23:00:00.000";"20.53";"57.00";"0.00";"0.00";"0.0"
"2023-07-12 00:00:00.000";"19.87";"56.50";"0.00";"0.00";"0.0"
"2023-07-12 01:00:00.000";"19.18";"55.00";"0.00";"0.00";"0.0"
"2023-07-12 02:00:00.000";"19.38";"55.00";"0.00";"0.00";"0.0"
"2023-07-12 03:00:00.000";"18.40";"59.33";"0.00";"0.00";"0.0"
"2023-07-12 04:00:00.000";"17.88";"62.00";"0.00";"0.00";"0.0"
"2023-07-12 05:00:00.000";"17.00";"64.33";"0.00";"0.00";"0.0"
"2023-07-12 06:00:00.000";"17.20";"62.83";"0.00";"0.00";"0.0"
"2023-07-12 07:00:00.000";"17.40";"62.17";"0.00";"0.00";"0.0"
"2023-07-12 08:00:00.000";"19.87";"58.33";"0.00";"0.00";"0.0"
"2023-07-12 09:00:00.000";"25.17";"50.33";"0.00";"0.00";"0.0"
"2023-07-12 10:00:00.000";"29.85";"40.67";"0.00";"0.00";"0.0"
"2023-07-12 11:00:00.000";"32.80";"29.83";"0.15";"0.00";"0.0"
"2023-07-12 12:00:00.000";"32.53";"33.33";"1.47";"0.00";"0.0"
"2023-07-12 13:00:00.000";"32.27";"38.00";"3.53";"0.00";"0.0"
"2023-07-12 14:00:00.000";"32.82";"33.83";"3.37";"0.00";"0.0"
"2023-07-12 15:00:00.000";"33.63";"29.50";"2.40";"0.00";"0.0"
"2023-07-12 16:00:00.000";"33.12";"30.50";"2.00";"0.00";"0.0"
"2023-07-12 17:00:00.000";"32.75";"37.67";"1.85";"0.00";"0.0"
"2023-07-12 18:00:00.000";"31.43";"45.50";"1.57";"0.00";"0.0"
"2023-07-12 19:00:00.000";"30.03";"50.83";"1.77";"0.00";"0.0"
"2023-07-12 20:00:00.000";"28.52";"52.33";"0.10";"0.00";"0.0"
"2023-07-12 21:00:00.000";"26.77";"57.50";"0.00";"0.00";"0.0"
"2023-07-12 22:00:00.000";"24.53";"60.33";"0.00";"0.00";"0.0"
"2023-07-12 23:00:00.000";"22.83";"59.00";"0.00";"0.00";"0.0"
"2023-07-13 00:00:00.000";"22.25";"49.67";"0.00";"0.00";"0.0"
"2023-07-13 01:00:00.000";"21.18";"52.50";"0.00";"0.00";"0.0"
"2023-07-13 02:00:00.000";"20.03";"54.33";"0.00";"0.00";"0.0"
"2023-07-13 03:00:00.000";"19.17";"57.00";"0.00";"0.00";"0.0"
"2023-07-13 04:00:00.000";"20.00";"55.67";"0.00";"0.00";"0.0"
"2023-07-13 05:00:00.000";"19.93";"58.00";"0.00";"0.00";"0.0"
"2023-07-13 06:00:00.000";"19.40";"60.50";"0.00";"0.00";"0.0"
"2023-07-13 07:00:00.000";"20.30";"59.67";"0.00";"0.00";"0.0"
"2023-07-13 08:00:00.000";"22.25";"56.50";"0.00";"0.00";"0.0"
"2023-07-13 09:00:00.000";"26.83";"51.33";"0.00";"0.00";"0.0"
"2023-07-13 10:00:00.000";"31.30";"43.00";"0.00";"0.00";"0.0"
"2023-07-13 11:00:00.000";"33.78";"36.50";"0.00";"0.00";"0.0"
"2023-07-13 12:00:00.000";"35.47";"34.33";"0.20";"0.00";"0.0"
"2023-07-13 13:00:00.000";"33.60";"40.17";"2.17";"0.00";"0.0"
"2023-07-13 14:00:00.000";"33.72";"38.83";"1.23";"0.00";"0.0"
"2023-07-13 15:00:00.000";"33.02";"44.50";"1.82";"0.00";"0.0"
"2023-07-13 16:00:00.000";"32.27";"47.67";"1.73";"0.00";"0.0"
"2023-07-13 17:00:00.000";"32.07";"47.33";"1.23";"0.00";"0.0"
"2023-07-13 18:00:00.000";"33.28";"42.50";"0.65";"0.00";"0.0"
"2023-07-13 19:00:00.000";"31.82";"44.33";"0.37";"0.00";"0.0"
"2023-07-13 20:00:00.000";"29.75";"49.83";"0.07";"0.00";"0.0"
"2023-07-13 21:00:00.000";"27.68";"54.67";"0.00";"0.00";"0.0"
"2023-07-13 22:00:00.000";"24.67";"62.00";"0.00";"0.00";"0.0"
"2023-07-13 23:00:00.000";"22.60";"66.00";"0.00";"0.00";"0.0"
"2023-07-14 00:00:00.000";"21.68";"62.67";"0.00";"0.00";"0.0"
"2023-07-14 01:00:00.000";"20.65";"62.17";"0.00";"0.00";"0.0"
"2023-07-14 02:00:00.000";"21.00";"58.33";"0.00";"0.00";"0.0"
"2023-07-14 03:00:00.000";"19.97";"59.17";"0.00";"0.00";"0.0"
"2023-07-14 04:00:00.000";"20.30";"56.33";"0.00";"0.00";"0.0"
"2023-07-14 05:00:00.000";"21.25";"50.00";"0.00";"0.00";"0.0"
"2023-07-14 06:00:00.000";"20.08";"52.33";"0.00";"0.00";"0.0"
"2023-07-14 07:00:00.000";"19.50";"55.50";"0.00";"0.00";"0.0"
"2023-07-14 08:00:00.000";"20.50";"57.67";"0.00";"0.00";"0.0"
"2023-07-14 09:00:00.000";"26.40";"52.00";"0.00";"0.00";"0.0"
"2023-07-14 10:00:00.000";"32.03";"43.00";"0.00";"0.00";"0.0"
"2023-07-14 11:00:00.000";"35.15";"33.00";"0.02";"0.00";"0.0"
"2023-07-14 12:00:00.000";"35.02";"38.67";"0.20";"0.00";"0.0"
"2023-07-14 13:00:00.000";"34.15";"40.83";"0.28";"0.00";"0.0"
"2023-07-14 14:00:00.000";"34.88";"39.67";"0.53";"0.00";"0.0"
"2023-07-14 15:00:00.000";"34.78";"37.67";"1.15";"0.00";"0.0"
"2023-07-14 16:00:00.000";"36.23";"31.83";"1.33";"0.00";"0.0"
"2023-07-14 17:00:00.000";"37.58";"24.00";"1.23";"0.00";"0.0"
"2023-07-14 18:00:00.000";"37.20";"20.00";"1.25";"0.00";"0.0"
"2023-07-14 19:00:00.000";"36.12";"19.33";"0.92";"0.00";"0.0"
"2023-07-14 20:00:00.000";"34.10";"21.50";"0.23";"0.00";"0.0"
"2023-07-14 21:00:00.000";"28.35";"48.00";"0.00";"0.00";"0.0"
"2023-07-14 22:00:00.000";"24.38";"51.33";"0.00";"0.00";"0.0"
"2023-07-14 23:00:00.000";"22.12";"45.17";"0.00";"0.00";"0.0"
"2023-07-15 00:00:00.000";"21.03";"44.50";"0.00";"0.00";"0.0"
"2023-07-15 01:00:00.000";"21.82";"39.33";"0.00";"0.00";"0.0"
"2023-07-15 02:00:00.000";"22.27";"36.33";"0.00";"0.00";"0.0"
"2023-07-15 03:00:00.000";"21.32";"41.33";"0.00";"0.00";"0.0"
"2023-07-15 04:00:00.000";"20.52";"46.33";"0.00";"0.00";"0.0"
"2023-07-15 05:00:00.000";"20.77";"46.00";"0.00";"0.00";"0.0"
"2023-07-15 06:00:00.000";"21.00";"45.83";"0.00";"0.00";"0.0"
"2023-07-15 07:00:00.000";"22.45";"40.83";"0.00";"0.00";"0.0"
"2023-07-15 08:00:00.000";"22.57";"45.00";"0.00";"0.00";"0.0"
"2023-07-15 09:00:00.000";"27.72";"44.67";"0.00";"0.00";"0.0"
"2023-07-15 10:00:00.000";"34.08";"32.33";"0.00";"0.00";"0.0"
"2023-07-15 11:00:00.000";"37.02";"28.00";"0.00";"0.00";"0.0"
"2023-07-15 12:00:00.000";"37.45";"29.83";"0.07";"0.00";"0.0"
"2023-07-15 13:00:00.000";"36.75";"32.33";"0.33";"0.00";"0.0"
"2023-07-15 14:00:00.000";"36.72";"31.33";"0.28";"0.00";"0.0"
"2023-07-15 15:00:00.000";"37.43";"32.67";"1.18";"0.00";"0.0"
"2023-07-15 16:00:00.000";"36.08";"37.17";"1.90";"0.00";"0.0"
"2023-07-15 17:00:00.000";"37.27";"34.83";"0.53";"0.00";"0.0"
"2023-07-15 18:00:00.000";"36.67";"35.83";"0.03";"0.00";"0.0"
"2023-07-15 19:00:00.000";"38.00";"23.17";"0.28";"0.00";"0.0"
"2023-07-15 20:00:00.000";"35.93";"28.17";"0.02";"0.00";"0.0"
"2023-07-15 21:00:00.000";"31.60";"40.00";"0.00";"0.00";"0.0"
"2023-07-15 22:00:00.000";"26.88";"49.67";"0.00";"0.00";"0.0"
"2023-07-15 23:00:00.000";"24.58";"54.83";"0.00";"0.00";"0.0"
"2023-07-16 00:00:00.000";"23.05";"55.17";"0.00";"0.00";"0.0"
"2023-07-16 01:00:00.000";"21.95";"54.00";"0.00";"0.00";"0.0"
"2023-07-16 02:00:00.000";"21.83";"51.33";"0.00";"0.00";"0.0"
"2023-07-16 03:00:00.000";"21.48";"48.83";"0.00";"0.00";"0.0"
"2023-07-16 04:00:00.000";"19.73";"54.17";"0.00";"0.00";"0.0"
"2023-07-16 05:00:00.000";"20.38";"54.67";"0.00";"0.00";"0.0"
"2023-07-16 06:00:00.000";"19.72";"58.50";"0.00";"0.00";"0.0"
"2023-07-16 07:00:00.000";"18.90";"60.50";"0.00";"0.00";"0.0"
"2023-07-16 08:00:00.000";"20.63";"60.67";"0.00";"0.00";"0.0"
"2023-07-16 09:00:00.000";"27.05";"52.83";"0.00";"0.00";"0.0"
"2023-07-16 10:00:00.000";"33.28";"36.50";"0.02";"0.00";"0.0"
"2023-07-16 11:00:00.000";"35.67";"29.83";"0.57";"0.00";"0.0"
"2023-07-16 12:00:00.000";"35.73";"30.83";"2.22";"0.00";"0.0"
"2023-07-16 13:00:00.000";"35.15";"31.50";"2.67";"0.00";"0.0"
"2023-07-16 14:00:00.000";"34.57";"33.67";"2.10";"0.00";"0.0"
"2023-07-16 15:00:00.000";"35.28";"29.50";"1.05";"0.00";"0.0"
"2023-07-16 16:00:00.000";"35.10";"26.83";"2.32";"0.00";"0.0"
"2023-07-16 17:00:00.000";"34.57";"27.00";"4.50";"0.00";"0.0"
"2023-07-16 18:00:00.000";"33.98";"27.83";"3.45";"0.00";"0.0"
"2023-07-16 19:00:00.000";"33.08";"30.33";"0.85";"0.00";"0.0"
"2023-07-16 20:00:00.000";"31.58";"32.67";"0.15";"0.00";"0.0"
"2023-07-16 21:00:00.000";"29.73";"36.67";"0.00";"0.00";"0.0"
"2023-07-16 22:00:00.000";"26.48";"45.00";"0.00";"0.00";"0.0"
"2023-07-16 23:00:00.000";"25.95";"46.67";"0.00";"0.00";"0.0"
"2023-07-17 00:00:00.000";"25.15";"47.83";"0.00";"0.00";"0.0"
"2023-07-17 01:00:00.000";"23.73";"50.67";"0.00";"0.00";"0.0"
"2023-07-17 02:00:00.000";"23.05";"51.83";"0.00";"0.00";"0.0"
"2023-07-17 03:00:00.000";"23.40";"50.00";"0.00";"0.00";"0.0"
"2023-07-17 04:00:00.000";"22.73";"51.00";"0.00";"0.00";"0.0"
"2023-07-17 05:00:00.000";"21.75";"54.50";"0.00";"0.00";"0.0"
"2023-07-17 06:00:00.000";"24.83";"49.17";"0.00";"0.00";"0.0"
"2023-07-17 07:00:00.000";"25.50";"47.83";"0.00";"0.00";"0.0"
"2023-07-17 08:00:00.000";"27.53";"45.50";"0.05";"0.00";"0.0"
"2023-07-17 09:00:00.000";"30.53";"39.83";"3.05";"0.00";"0.0"
"2023-07-17 10:00:00.000";"32.22";"35.17";"4.00";"0.00";"0.0"
"2023-07-17 11:00:00.000";"34.72";"26.67";"1.58";"0.00";"0.0"
"2023-07-17 12:00:00.000";"36.32";"22.83";"1.67";"0.00";"0.0"
"2023-07-17 13:00:00.000";"37.95";"20.50";"1.00";"0.00";"0.0"
"2023-07-17 14:00:00.000";"39.23";"19.83";"0.45";"0.00";"0.0"
"2023-07-17 15:00:00.000";"40.10";"20.00";"0.45";"0.00";"0.0"
"2023-07-17 16:00:00.000";"38.95";"24.50";"0.48";"0.00";"0.0"
"2023-07-17 17:00:00.000";"36.75";"34.00";"2.27";"0.00";"0.0"
"2023-07-17 18:00:00.000";"35.38";"38.17";"2.12";"0.00";"0.0"
"2023-07-17 19:00:00.000";"34.12";"43.33";"0.25";"0.00";"0.0"
"2023-07-17 20:00:00.000";"32.33";"44.50";"0.00";"0.00";"0.0"
"2023-07-17 21:00:00.000";"30.50";"47.00";"0.00";"0.00";"0.0"
"2023-07-17 22:00:00.000";"29.03";"41.33";"0.00";"0.00";"0.0"
"2023-07-17 23:00:00.000";"29.63";"37.00";"0.15";"0.00";"0.0"
"2023-07-18 00:00:00.000";"28.98";"38.67";"0.02";"0.00";"0.0"
"2023-07-18 01:00:00.000";"29.07";"39.00";"0.08";"0.00";"0.0"
"2023-07-18 02:00:00.000";"27.78";"40.17";"0.00";"0.00";"0.0"
"2023-07-18 03:00:00.000";"26.32";"42.50";"0.00";"0.00";"0.0"
"2023-07-18 04:00:00.000";"24.52";"46.50";"0.00";"0.00";"0.0"
"2023-07-18 05:00:00.000";"22.68";"49.33";"0.00";"0.00";"0.0"
"2023-07-18 06:00:00.000";"25.82";"43.17";"0.00";"0.00";"0.0"
"2023-07-18 07:00:00.000";"28.23";"37.33";"0.00";"0.00";"0.0"
"2023-07-18 08:00:00.000";"28.57";"39.00";"0.02";"0.00";"0.0"
"2023-07-18 09:00:00.000";"31.02";"36.00";"0.38";"0.00";"0.0"
"2023-07-18 10:00:00.000";"33.27";"32.83";"0.60";"0.00";"0.0"
"2023-07-18 11:00:00.000";"35.28";"28.33";"0.52";"0.00";"0.0"
"2023-07-18 12:00:00.000";"36.68";"24.67";"1.80";"0.00";"0.0"
"2023-07-18 13:00:00.000";"37.83";"23.00";"0.58";"0.00";"0.0"
"2023-07-18 14:00:00.000";"38.78";"21.33";"1.58";"0.00";"0.0"
"2023-07-18 15:00:00.000";"39.22";"20.00";"2.10";"0.00";"0.0"
"2023-07-18 16:00:00.000";"38.27";"25.83";"1.97";"0.00";"0.0"
"2023-07-18 17:00:00.000";"37.87";"25.67";"4.08";"0.00";"0.0"
"2023-07-18 18:00:00.000";"37.52";"25.50";"4.47";"0.00";"0.0"
"2023-07-18 19:00:00.000";"36.80";"26.33";"2.53";"0.00";"0.0"
"2023-07-18 20:00:00.000";"35.63";"30.17";"0.13";"0.00";"0.0"
"2023-07-18 21:00:00.000";"31.47";"42.00";"0.00";"0.00";"0.0"
"2023-07-18 22:00:00.000";"27.63";"47.50";"0.00";"0.00";"0.0"
"2023-07-18 23:00:00.000";"29.63";"36.17";"0.00";"0.00";"0.0"
"2023-07-19 00:00:00.000";"28.53";"39.33";"0.00";"0.00";"0.0"
"2023-07-19 01:00:00.000";"29.07";"34.67";"0.03";"0.00";"0.0"
"2023-07-19 02:00:00.000";"28.60";"31.50";"0.00";"0.00";"0.0"
"2023-07-19 03:00:00.000";"28.32";"31.83";"0.05";"0.00";"0.0"
"2023-07-19 04:00:00.000";"29.63";"31.83";"0.30";"0.00";"0.0"
"2023-07-19 05:00:00.000";"28.00";"34.67";"0.00";"0.00";"0.0"
"2023-07-19 06:00:00.000";"27.08";"37.50";"0.00";"0.00";"0.0"
"2023-07-19 07:00:00.000";"27.00";"41.17";"0.00";"0.00";"0.0"
"2023-07-19 08:00:00.000";"28.87";"41.50";"0.27";"0.00";"0.0"
"2023-07-19 09:00:00.000";"32.22";"35.00";"4.27";"0.00";"0.0"
"2023-07-19 10:00:00.000";"33.63";"31.67";"3.48";"0.00";"0.0"
"2023-07-19 11:00:00.000";"35.52";"27.17";"1.78";"0.00";"0.0"
"2023-07-19 12:00:00.000";"36.97";"25.33";"1.87";"0.00";"0.0"
"2023-07-19 13:00:00.000";"38.23";"21.17";"1.53";"0.00";"0.0"
"2023-07-19 14:00:00.000";"38.87";"19.33";"1.97";"0.00";"0.0"
"2023-07-19 15:00:00.000";"39.52";"18.00";"2.52";"0.00";"0.0"
"2023-07-19 16:00:00.000";"37.85";"25.67";"3.57";"0.00";"0.0"
"2023-07-19 17:00:00.000";"37.12";"27.50";"5.77";"0.00";"0.0"
"2023-07-19 18:00:00.000";"36.45";"27.33";"7.07";"0.00";"0.0"
"2023-07-19 19:00:00.000";"35.48";"28.00";"3.78";"0.00";"0.0"
"2023-07-19 20:00:00.000";"34.22";"29.83";"3.62";"0.00";"0.0"
"2023-07-19 21:00:00.000";"32.22";"33.83";"1.62";"0.00";"0.0"
"2023-07-19 22:00:00.000";"28.70";"40.67";"0.00";"0.00";"0.0"
"2023-07-19 23:00:00.000";"28.67";"41.83";"0.00";"0.00";"0.0"
"2023-07-20 00:00:00.000";"29.55";"39.00";"0.00";"0.00";"0.0"
"2023-07-20 01:00:00.000";"27.80";"42.33";"0.00";"0.00";"0.0"
"2023-07-20 02:00:00.000";"25.20";"47.67";"0.00";"0.00";"0.0"
"2023-07-20 03:00:00.000";"24.17";"49.67";"0.00";"0.00";"0.0"
"2023-07-20 04:00:00.000";"22.98";"48.50";"0.00";"0.00";"0.0"
"2023-07-20 05:00:00.000";"23.25";"45.83";"0.00";"0.00";"0.0"
"2023-07-20 06:00:00.000";"22.87";"47.83";"0.00";"0.00";"0.0"
"2023-07-20 07:00:00.000";"23.97";"47.83";"0.00";"0.00";"0.0"
"2023-07-20 08:00:00.000";"24.58";"50.50";"0.00";"0.00";"0.0"
"2023-07-20 09:00:00.000";"28.55";"46.83";"0.00";"0.00";"0.0"
"2023-07-20 10:00:00.000";"32.72";"34.00";"0.00";"0.00";"0.0"
"2023-07-20 11:00:00.000";"35.78";"27.17";"0.20";"0.00";"0.0"
"2023-07-20 12:00:00.000";"36.02";"28.17";"0.93";"0.00";"0.0"
"2023-07-20 13:00:00.000";"35.62";"29.83";"2.38";"0.00";"0.0"
"2023-07-20 14:00:00.000";"36.13";"31.00";"2.33";"0.00";"0.0"
"2023-07-20 15:00:00.000";"35.37";"33.33";"4.40";"0.00";"0.0"
"2023-07-20 16:00:00.000";"35.48";"31.33";"4.75";"0.00";"0.0"
"2023-07-20 17:00:00.000";"35.15";"34.17";"5.42";"0.00";"0.0"
"2023-07-20 18:00:00.000";"35.17";"36.17";"2.52";"0.00";"0.0"
"2023-07-20 19:00:00.000";"35.35";"33.33";"0.83";"0.00";"0.0"
"2023-07-20 20:00:00.000";"34.37";"32.17";"0.05";"0.00";"0.0"
"2023-07-20 21:00:00.000";"31.07";"39.33";"0.00";"0.00";"0.0"
"2023-07-20 22:00:00.000";"26.48";"47.67";"0.00";"0.00";"0.0"
"2023-07-20 23:00:00.000";"24.63";"47.67";"0.00";"0.00";"0.0"
"2023-07-21 00:00:00.000";"22.90";"49.83";"0.00";"0.00";"0.0"
"2023-07-21 01:00:00.000";"22.47";"46.33";"0.00";"0.00";"0.0"
"2023-07-21 02:00:00.000";"21.85";"44.33";"0.00";"0.00";"0.0"
"2023-07-21 03:00:00.000";"21.75";"43.50";"0.00";"0.00";"0.0"
"2023-07-21 04:00:00.000";"21.73";"43.33";"0.00";"0.00";"0.0"
"2023-07-21 05:00:00.000";"21.12";"45.00";"0.00";"0.00";"0.0"
"2023-07-21 06:00:00.000";"21.15";"45.83";"0.00";"0.00";"0.0"
"2023-07-21 07:00:00.000";"20.95";"47.50";"0.00";"0.00";"0.0"
"2023-07-21 08:00:00.000";"22.03";"48.50";"0.00";"0.00";"0.0"
"2023-07-21 09:00:00.000";"27.63";"44.33";"0.00";"0.00";"0.0"
"2023-07-21 10:00:00.000";"33.85";"28.83";"0.00";"0.00";"0.0"
"2023-07-21 11:00:00.000";"36.42";"25.00";"0.03";"0.00";"0.0"
"2023-07-21 12:00:00.000";"35.47";"38.17";"0.37";"0.00";"0.0"
"2023-07-21 13:00:00.000";"35.70";"38.17";"0.60";"0.00";"0.0"
"2023-07-21 14:00:00.000";"35.92";"34.33";"1.78";"0.00";"0.0"
"2023-07-21 15:00:00.000";"35.72";"34.83";"2.50";"0.00";"0.0"
"2023-07-21 16:00:00.000";"36.27";"35.83";"2.37";"0.00";"0.0"
"2023-07-21 17:00:00.000";"35.60";"34.17";"4.53";"0.00";"0.0"
"2023-07-21 18:00:00.000";"34.90";"35.17";"3.47";"0.00";"0.0"
"2023-07-21 19:00:00.000";"35.07";"29.67";"2.02";"0.00";"0.0"
"2023-07-21 20:00:00.000";"34.00";"28.17";"0.10";"0.00";"0.0"
"2023-07-21 21:00:00.000";"29.35";"52.67";"0.00";"0.00";"0.0"
"2023-07-21 22:00:00.000";"24.93";"56.33";"0.00";"0.00";"0.0"
"2023-07-21 23:00:00.000";"23.03";"52.67";"0.00";"0.00";"0.0"
"2023-07-22 00:00:00.000";"23.17";"44.17";"0.00";"0.00";"0.0"
"2023-07-22 01:00:00.000";"23.02";"36.83";"0.00";"0.00";"0.0"
"2023-07-22 02:00:00.000";"22.30";"38.17";"0.00";"0.00";"0.0"
"2023-07-22 03:00:00.000";"22.02";"37.50";"0.00";"0.00";"0.0"
"2023-07-22 04:00:00.000";"21.02";"40.67";"0.00";"0.00";"0.0"
"2023-07-22 05:00:00.000";"20.42";"41.67";"0.00";"0.00";"0.0"
"2023-07-22 06:00:00.000";"19.90";"42.83";"0.00";"0.00";"0.0"
"2023-07-22 07:00:00.000";"20.08";"42.00";"0.00";"0.00";"0.0"
"2023-07-22 08:00:00.000";"22.77";"41.50";"0.00";"0.00";"0.0"
"2023-07-22 09:00:00.000";"27.45";"41.67";"0.00";"0.00";"0.0"
"2023-07-22 10:00:00.000";"33.15";"31.00";"0.00";"0.00";"0.0"
"2023-07-22 11:00:00.000";"36.85";"24.00";"0.00";"0.00";"0.0"
"2023-07-22 12:00:00.000";"38.32";"22.33";"0.38";"0.00";"0.0"
"2023-07-22 13:00:00.000";"36.85";"32.33";"1.17";"0.00";"0.0"
"2023-07-22 14:00:00.000";"36.17";"33.83";"1.00";"0.00";"0.0"
"2023-07-22 15:00:00.000";"38.58";"27.17";"1.00";"0.00";"0.0"
"2023-07-22 16:00:00.000";"41.25";"14.17";"3.33";"0.00";"0.0"
"2023-07-22 17:00:00.000";"40.57";"15.50";"5.15";"0.00";"0.0"
"2023-07-22 18:00:00.000";"40.02";"14.17";"4.15";"0.00";"0.0"
"2023-07-22 19:00:00.000";"38.93";"15.00";"1.48";"0.00";"0.0"
"2023-07-22 20:00:00.000";"37.07";"18.17";"0.10";"0.00";"0.0"
"2023-07-22 21:00:00.000";"33.45";"26.67";"0.03";"0.00";"0.0"
"2023-07-22 22:00:00.000";"29.98";"32.83";"0.03";"0.00";"0.0"
"2023-07-22 23:00:00.000";"27.07";"36.67";"0.00";"0.00";"0.0"
"2023-07-23 00:00:00.000";"25.82";"34.50";"0.00";"0.00";"0.0"
"2023-07-23 01:00:00.000";"25.10";"31.17";"0.00";"0.00";"0.0"
"2023-07-23 02:00:00.000";"24.03";"33.67";"0.00";"0.00";"0.0"
"2023-07-23 03:00:00.000";"24.87";"29.50";"0.00";"0.00";"0.0"
"2023-07-23 04:00:00.000";"25.40";"25.50";"0.00";"0.00";"0.0"
"2023-07-23 05:00:00.000";"23.07";"33.00";"0.00";"0.00";"0.0"
"2023-07-23 06:00:00.000";"25.07";"32.00";"0.00";"0.00";"0.0"
"2023-07-23 07:00:00.000";"26.33";"30.67";"0.00";"0.00";"0.0"
"2023-07-23 08:00:00.000";"27.23";"32.33";"0.00";"0.00";"0.0"
"2023-07-23 09:00:00.000";"30.15";"36.67";"0.00";"0.00";"0.0"
"2023-07-23 10:00:00.000";"35.40";"28.17";"0.03";"0.00";"0.0"
"2023-07-23 11:00:00.000";"37.87";"18.33";"0.43";"0.00";"0.0"
"2023-07-23 12:00:00.000";"39.88";"16.83";"0.82";"0.00";"0.0"
"2023-07-23 13:00:00.000";"41.03";"13.50";"1.88";"0.00";"0.0"
"2023-07-23 14:00:00.000";"42.03";"11.67";"2.38";"0.00";"0.0"
"2023-07-23 15:00:00.000";"42.02";"11.00";"2.55";"0.00";"0.0"
"2023-07-23 16:00:00.000";"41.27";"13.17";"2.62";"0.00";"0.0"
"2023-07-23 17:00:00.000";"41.03";"13.50";"2.85";"0.00";"0.0"
"2023-07-23 18:00:00.000";"40.43";"12.83";"2.90";"0.00";"0.0"
"2023-07-23 19:00:00.000";"38.93";"14.17";"1.42";"0.00";"0.0"
"2023-07-23 20:00:00.000";"36.30";"18.33";"1.03";"0.00";"0.0"
"2023-07-23 21:00:00.000";"33.80";"21.67";"0.27";"0.00";"0.0"
"2023-07-23 22:00:00.000";"29.92";"26.33";"0.00";"0.00";"0.0"
"2023-07-23 23:00:00.000";"27.28";"28.33";"0.00";"0.00";"0.0"
"2023-07-24 00:00:00.000";"26.97";"28.00";"0.00";"0.00";"0.0"
"2023-07-24 01:00:00.000";"25.82";"31.50";"0.00";"0.00";"0.0"
"2023-07-24 02:00:00.000";"25.22";"34.00";"0.00";"0.00";"0.0"
"2023-07-24 03:00:00.000";"25.30";"33.83";"0.00";"0.00";"0.0"
"2023-07-24 04:00:00.000";"24.67";"37.17";"0.00";"0.00";"0.0"
"2023-07-24 05:00:00.000";"23.72";"40.50";"0.00";"0.00";"0.0"
"2023-07-24 06:00:00.000";"24.58";"38.50";"0.00";"0.00";"0.0"
"2023-07-24 07:00:00.000";"24.02";"39.33";"0.00";"0.00";"0.0"
"2023-07-24 08:00:00.000";"24.77";"41.83";"0.00";"0.00";"0.0"
"2023-07-24 09:00:00.000";"29.45";"39.17";"0.00";"0.00";"0.0"
"2023-07-24 10:00:00.000";"34.30";"30.33";"0.03";"0.00";"0.0"
"2023-07-24 11:00:00.000";"36.33";"25.00";"0.25";"0.00";"0.0"
"2023-07-24 12:00:00.000";"38.17";"20.83";"1.68";"0.00";"0.0"
"2023-07-24 13:00:00.000";"38.58";"18.00";"2.93";"0.00";"0.0"
"2023-07-24 14:00:00.000";"38.88";"17.00";"3.95";"0.00";"0.0"
"2023-07-24 15:00:00.000";"39.02";"18.33";"3.27";"0.00";"0.0"
"2023-07-24 16:00:00.000";"38.87";"18.83";"3.97";"0.00";"0.0"
"2023-07-24 17:00:00.000";"38.25";"18.50";"4.95";"0.00";"0.0"
"2023-07-24 18:00:00.000";"38.20";"17.67";"3.22";"0.00";"0.0"
"2023-07-24 19:00:00.000";"37.57";"17.83";"2.10";"0.00";"0.0"
"2023-07-24 20:00:00.000";"35.93";"21.33";"0.33";"0.00";"0.0"
"2023-07-24 21:00:00.000";"32.00";"36.33";"0.00";"0.00";"0.0"
"2023-07-24 22:00:00.000";"27.12";"46.50";"0.00";"0.00";"0.0"
"2023-07-24 23:00:00.000";"25.43";"47.00";"0.00";"0.00";"0.0"
"2023-07-25 00:00:00.000";"24.23";"48.33";"0.00";"0.00";"0.0"
"2023-07-25 01:00:00.000";"22.82";"50.17";"0.00";"0.00";"0.0"
"2023-07-25 02:00:00.000";"22.60";"49.17";"0.00";"0.00";"0.0"
"2023-07-25 03:00:00.000";"22.10";"49.83";"0.00";"0.00";"0.0"
"2023-07-25 04:00:00.000";"21.65";"52.00";"0.00";"0.00";"0.0"
"2023-07-25 05:00:00.000";"20.90";"55.17";"0.00";"0.00";"0.0"
"2023-07-25 06:00:00.000";"20.70";"56.50";"0.00";"0.00";"0.0"
"2023-07-25 07:00:00.000";"20.62";"58.17";"0.00";"0.00";"0.0"
"2023-07-25 08:00:00.000";"21.80";"57.83";"0.00";"0.00";"0.0"
"2023-07-25 09:00:00.000";"27.02";"52.17";"0.00";"0.00";"0.0"
"2023-07-25 10:00:00.000";"32.25";"38.50";"0.00";"0.00";"0.0"
"2023-07-25 11:00:00.000";"34.17";"31.17";"0.03";"0.00";"0.0"
"2023-07-25 12:00:00.000";"36.67";"28.67";"0.00";"0.00";"0.0"
"2023-07-25 13:00:00.000";"36.15";"31.50";"1.52";"0.00";"0.0"
"2023-07-25 14:00:00.000";"35.65";"36.83";"1.23";"0.00";"0.0"
"2023-07-25 15:00:00.000";"35.40";"39.83";"1.83";"0.00";"0.0"
"2023-07-25 16:00:00.000";"35.28";"38.83";"1.98";"0.00";"0.0"
"2023-07-25 17:00:00.000";"35.95";"35.50";"0.57";"0.00";"0.0"
"2023-07-25 18:00:00.000";"35.07";"35.83";"1.22";"0.00";"0.0"
"2023-07-25 19:00:00.000";"33.72";"43.00";"0.23";"0.00";"0.0"
"2023-07-25 20:00:00.000";"32.33";"43.67";"0.00";"0.00";"0.0"
"2023-07-25 21:00:00.000";"29.50";"50.67";"0.00";"0.00";"0.0"
"2023-07-25 22:00:00.000";"26.03";"61.17";"0.00";"0.00";"0.0"
"2023-07-25 23:00:00.000";"24.65";"59.17";"0.00";"0.00";"0.0"
"2023-07-26 00:00:00.000";"24.18";"52.33";"0.00";"0.00";"0.0"
"2023-07-26 01:00:00.000";"23.18";"48.83";"0.00";"0.00";"0.0"
"2023-07-26 02:00:00.000";"22.25";"46.50";"0.00";"0.00";"0.0"
"2023-07-26 03:00:00.000";"22.40";"38.83";"0.00";"0.00";"0.0"
"2023-07-26 04:00:00.000";"23.07";"34.50";"0.00";"0.00";"0.0"
"2023-07-26 05:00:00.000";"22.42";"35.50";"0.00";"0.00";"0.0"
"2023-07-26 06:00:00.000";"23.27";"32.33";"0.00";"0.00";"0.0"
"2023-07-26 07:00:00.000";"21.53";"37.00";"0.00";"0.00";"0.0"
"2023-07-26 08:00:00.000";"22.28";"38.83";"0.00";"0.00";"0.0"
"2023-07-26 09:00:00.000";"26.60";"41.67";"0.00";"0.00";"0.0"
"2023-07-26 10:00:00.000";"30.88";"35.33";"0.00";"0.00";"0.0"
"2023-07-26 11:00:00.000";"34.95";"27.33";"0.00";"0.00";"0.0"
"2023-07-26 12:00:00.000";"39.60";"16.83";"0.00";"0.00";"0.0"
"2023-07-26 13:00:00.000";"38.70";"23.67";"1.07";"0.00";"0.0"
"2023-07-26 14:00:00.000";"36.75";"32.17";"2.72";"0.00";"0.0"
"2023-07-26 15:00:00.000";"35.57";"40.67";"2.25";"0.00";"0.0"
"2023-07-26 16:00:00.000";"35.88";"41.33";"1.07";"0.00";"0.0"
"2023-07-26 17:00:00.000";"37.20";"39.33";"0.58";"0.00";"0.0"
"2023-07-26 18:00:00.000";"33.53";"49.17";"2.07";"0.00";"0.0"
"2023-07-26 19:00:00.000";"32.58";"55.67";"2.08";"0.00";"0.0"
"2023-07-26 20:00:00.000";"31.27";"56.67";"0.43";"0.00";"0.0"
"2023-07-26 21:00:00.000";"29.05";"65.50";"0.05";"0.00";"0.0"
"2023-07-26 22:00:00.000";"26.72";"70.17";"0.00";"0.00";"0.0"
"2023-07-26 23:00:00.000";"25.47";"72.83";"0.00";"0.00";"0.0"
"2023-07-27 00:00:00.000";"25.08";"72.33";"0.00";"0.00";"0.0"
"2023-07-27 01:00:00.000";"26.90";"64.67";"0.35";"0.00";"0.0"
"2023-07-27 02:00:00.000";"26.43";"61.50";"0.18";"0.00";"0.0"
"2023-07-27 03:00:00.000";"25.42";"65.33";"0.18";"0.00";"0.0"
"2023-07-27 04:00:00.000";"24.73";"67.50";"0.10";"0.00";"0.0"
"2023-07-27 05:00:00.000";"24.15";"69.17";"0.08";"0.00";"0.0"
"2023-07-27 06:00:00.000";"23.30";"71.83";"0.00";"0.00";"0.0"
"2023-07-27 07:00:00.000";"23.00";"74.33";"0.25";"0.00";"0.0"
"2023-07-27 08:00:00.000";"24.10";"70.17";"0.82";"0.00";"0.0"
"2023-07-27 09:00:00.000";"25.60";"65.17";"1.78";"0.00";"0.0"
"2023-07-27 10:00:00.000";"27.15";"56.83";"4.05";"0.00";"0.0"
"2023-07-27 11:00:00.000";"28.57";"49.33";"3.63";"0.00";"0.0"
"2023-07-27 12:00:00.000";"29.62";"46.33";"2.85";"0.00";"0.0"
"2023-07-27 13:00:00.000";"30.68";"43.50";"2.68";"0.00";"0.0"
"2023-07-27 14:00:00.000";"31.45";"42.83";"3.97";"0.00";"0.0"
"2023-07-27 15:00:00.000";"31.63";"36.50";"6.50";"0.00";"0.0"
"2023-07-27 16:00:00.000";"31.95";"33.83";"5.42";"0.00";"0.0"
"2023-07-27 17:00:00.000";"31.72";"33.00";"6.33";"0.00";"0.0"
"2023-07-27 18:00:00.000";"31.25";"35.67";"5.47";"0.00";"0.0"
"2023-07-27 19:00:00.000";"30.00";"35.50";"6.95";"0.00";"0.0"
"2023-07-27 20:00:00.000";"28.18";"43.50";"6.53";"0.00";"0.0"
"2023-07-27 21:00:00.000";"26.45";"49.67";"5.60";"0.00";"0.0"
"2023-07-27 22:00:00.000";"25.48";"47.33";"3.30";"0.00";"0.0"
"2023-07-27 23:00:00.000";"24.32";"50.17";"0.10";"0.00";"0.0"
"2023-07-28 00:00:00.000";"22.82";"47.83";"0.08";"0.00";"0.0"
"2023-07-28 01:00:00.000";"20.82";"52.67";"0.00";"0.00";"0.0"
"2023-07-28 02:00:00.000";"19.78";"54.67";"0.00";"0.00";"0.0"
"2023-07-28 03:00:00.000";"18.80";"59.50";"0.00";"0.00";"0.0"
"2023-07-28 04:00:00.000";"18.65";"60.83";"0.00";"0.00";"0.0"
"2023-07-28 05:00:00.000";"19.82";"66.17";"0.00";"0.00";"0.0"
"2023-07-28 06:00:00.000";"19.38";"72.00";"0.00";"0.00";"0.0"
"2023-07-28 07:00:00.000";"19.83";"76.67";"0.00";"0.00";"0.0"
"2023-07-28 08:00:00.000";"21.10";"79.33";"0.00";"0.00";"0.0"
"2023-07-28 09:00:00.000";"24.82";"67.67";"0.00";"0.00";"0.0"
"2023-07-28 10:00:00.000";"27.25";"55.67";"0.05";"0.00";"0.0"
"2023-07-28 11:00:00.000";"29.18";"47.67";"0.53";"0.00";"0.0"
"2023-07-28 12:00:00.000";"29.72";"48.17";"1.70";"0.00";"0.0"
"2023-07-28 13:00:00.000";"29.30";"49.67";"4.80";"0.00";"0.0"
"2023-07-28 14:00:00.000";"29.10";"49.67";"6.73";"0.00";"0.0"
"2023-07-28 15:00:00.000";"29.73";"48.50";"5.18";"0.00";"0.0"
"2023-07-28 16:00:00.000";"29.23";"48.17";"6.75";"0.00";"0.0"
"2023-07-28 17:00:00.000";"29.72";"47.33";"3.87";"0.00";"0.0"
"2023-07-28 18:00:00.000";"29.13";"47.00";"5.60";"0.00";"0.0"
"2023-07-28 19:00:00.000";"28.43";"46.83";"1.47";"0.00";"0.0"
"2023-07-28 20:00:00.000";"27.50";"45.67";"0.08";"0.00";"0.0"
"2023-07-28 21:00:00.000";"25.08";"57.17";"0.00";"0.00";"0.0"
"2023-07-28 22:00:00.000";"22.95";"65.33";"0.00";"0.00";"0.0"
"2023-07-28 23:00:00.000";"21.22";"68.50";"0.00";"0.00";"0.0"
"2023-07-29 00:00:00.000";"19.45";"72.83";"0.00";"0.00";"0.0"
"2023-07-29 01:00:00.000";"18.42";"65.33";"0.00";"0.00";"0.0"
"2023-07-29 02:00:00.000";"17.48";"63.33";"0.00";"0.00";"0.0"
"2023-07-29 03:00:00.000";"17.78";"63.33";"0.00";"0.00";"0.0"
"2023-07-29 04:00:00.000";"18.53";"66.50";"0.00";"0.00";"0.0"
"2023-07-29 05:00:00.000";"18.08";"77.67";"0.00";"0.00";"0.0"
"2023-07-29 06:00:00.000";"17.73";"85.17";"0.00";"0.33";"0.0"
"2023-07-29 07:00:00.000";"18.27";"76.83";"0.00";"0.00";"0.0"
"2023-07-29 08:00:00.000";"21.08";"64.50";"0.07";"0.00";"0.0"
"2023-07-29 09:00:00.000";"23.57";"48.83";"1.25";"0.00";"0.0"
"2023-07-29 10:00:00.000";"26.15";"37.33";"1.68";"0.00";"0.0"
"2023-07-29 11:00:00.000";"28.73";"29.33";"1.47";"0.00";"0.0"
"2023-07-29 12:00:00.000";"30.32";"24.83";"2.23";"0.00";"0.0"
"2023-07-29 13:00:00.000";"31.42";"22.17";"2.28";"0.00";"0.0"
"2023-07-29 14:00:00.000";"32.75";"21.17";"2.13";"0.00";"0.0"
"2023-07-29 15:00:00.000";"33.00";"20.17";"2.77";"0.00";"0.0"
"2023-07-29 16:00:00.000";"32.77";"27.83";"2.87";"0.00";"0.0"
"2023-07-29 17:00:00.000";"31.58";"40.33";"2.85";"0.00";"0.0"
"2023-07-29 18:00:00.000";"30.62";"41.50";"2.43";"0.00";"0.0"
"2023-07-29 19:00:00.000";"29.05";"50.33";"2.07";"0.00";"0.0"
"2023-07-29 20:00:00.000";"27.62";"51.33";"0.72";"0.00";"0.0"
"2023-07-29 21:00:00.000";"25.78";"55.67";"0.13";"0.00";"0.0"
"2023-07-29 22:00:00.000";"24.00";"58.17";"0.03";"0.00";"0.0"
"2023-07-29 23:00:00.000";"21.32";"66.17";"0.00";"0.00";"0.0"
"2023-07-30 00:00:00.000";"19.42";"69.00";"0.00";"0.00";"0.0"
"2023-07-30 01:00:00.000";"18.20";"67.83";"0.00";"0.00";"0.0"
"2023-07-30 02:00:00.000";"17.10";"67.67";"0.00";"0.00";"0.0"
"2023-07-30 03:00:00.000";"17.08";"63.50";"0.00";"0.00";"0.0"
"2023-07-30 04:00:00.000";"16.53";"65.17";"0.00";"0.00";"0.0"
"2023-07-30 05:00:00.000";"15.85";"68.00";"0.00";"0.00";"0.0"
"2023-07-30 06:00:00.000";"16.08";"68.17";"0.00";"0.00";"0.0"
"2023-07-30 07:00:00.000";"16.07";"71.83";"0.00";"0.00";"0.0"
"2023-07-30 08:00:00.000";"18.25";"70.33";"0.00";"0.00";"0.0"
"2023-07-30 09:00:00.000";"23.58";"55.17";"0.00";"0.00";"0.0"
"2023-07-30 10:00:00.000";"27.90";"46.33";"0.00";"0.00";"0.0"
"2023-07-30 11:00:00.000";"30.42";"41.83";"0.05";"0.00";"0.0"
"2023-07-30 12:00:00.000";"31.37";"41.50";"3.27";"0.00";"0.0"
"2023-07-30 13:00:00.000";"31.08";"39.17";"2.57";"0.00";"0.0"
"2023-07-30 14:00:00.000";"32.38";"35.50";"1.65";"0.00";"0.0"
"2023-07-30 15:00:00.000";"32.70";"32.17";"2.65";"0.00";"0.0"
"2023-07-30 16:00:00.000";"32.58";"29.33";"2.82";"0.00";"0.0"
"2023-07-30 17:00:00.000";"32.15";"34.83";"2.27";"0.00";"0.0"
"2023-07-30 18:00:00.000";"31.30";"41.50";"2.73";"0.00";"0.0"
"2023-07-30 19:00:00.000";"29.85";"48.67";"2.45";"0.00";"0.0"
"2023-07-30 20:00:00.000";"27.98";"52.67";"0.83";"0.00";"0.0"
"2023-07-30 21:00:00.000";"26.22";"57.67";"0.00";"0.00";"0.0"
"2023-07-30 22:00:00.000";"23.25";"63.67";"0.00";"0.00";"0.0"
"2023-07-30 23:00:00.000";"21.33";"70.17";"0.00";"0.00";"0.0"
"2023-07-31 00:00:00.000";"20.35";"76.00";"0.00";"0.00";"0.0"
"2023-07-31 01:00:00.000";"19.57";"77.83";"0.00";"0.00";"0.0"
"2023-07-31 02:00:00.000";"19.58";"79.67";"0.00";"0.00";"0.0"
"2023-07-31 03:00:00.000";"19.33";"84.67";"0.00";"0.00";"0.0"
"2023-07-31 04:00:00.000";"17.83";"75.67";"0.00";"0.00";"0.0"
"2023-07-31 05:00:00.000";"17.15";"70.17";"0.00";"0.00";"0.0"
"2023-07-31 06:00:00.000";"17.25";"66.67";"0.00";"0.00";"0.0"
"2023-07-31 07:00:00.000";"17.37";"66.50";"0.00";"0.00";"0.0"
"2023-07-31 08:00:00.000";"19.68";"66.33";"0.00";"0.00";"0.0"
"2023-07-31 09:00:00.000";"23.83";"54.17";"0.00";"0.00";"0.0"
"2023-07-31 10:00:00.000";"27.97";"43.50";"0.02";"0.00";"0.0"
"2023-07-31 11:00:00.000";"31.05";"38.17";"0.20";"0.00";"0.0"
"2023-07-31 12:00:00.000";"32.78";"35.67";"1.42";"0.00";"0.0"
"2023-07-31 13:00:00.000";"34.72";"27.67";"1.50";"0.00";"0.0"
"2023-07-31 14:00:00.000";"35.72";"24.50";"1.18";"0.00";"0.0"
"2023-07-31 15:00:00.000";"36.18";"26.33";"2.02";"0.00";"0.0"
"2023-07-31 16:00:00.000";"36.08";"27.50";"2.78";"0.00";"0.0"
"2023-07-31 17:00:00.000";"35.85";"26.83";"2.05";"0.00";"0.0"
"2023-07-31 18:00:00.000";"34.88";"25.67";"2.23";"0.00";"0.0"
"2023-07-31 19:00:00.000";"34.17";"24.00";"1.90";"0.00";"0.0"
"2023-07-31 20:00:00.000";"32.70";"29.00";"0.67";"0.00";"0.0"
"2023-07-31 21:00:00.000";"29.85";"41.83";"0.00";"0.00";"0.0"
"2023-07-31 22:00:00.000";"26.43";"51.83";"0.00";"0.00";"0.0"
"2023-07-31 23:00:00.000";"23.90";"60.17";"0.00";"0.00";"0.0"
"2023-08-01 00:00:00.000";"23.55";"57.33";"0.00";"0.00";"0.0"
"2023-08-01 01:00:00.000";"24.13";"52.00";"0.00";"0.00";"0.0"
"2023-08-01 02:00:00.000";"22.25";"61.17";"0.00";"0.00";"0.0"
"2023-08-01 03:00:00.000";"20.68";"62.67";"0.00";"0.00";"0.0"
"2023-08-01 04:00:00.000";"19.77";"64.00";"0.00";"0.00";"0.0"
"2023-08-01 05:00:00.000";"18.95";"67.17";"0.00";"0.00";"0.0"
"2023-08-01 06:00:00.000";"19.08";"66.33";"0.00";"0.00";"0.0"
"2023-08-01 07:00:00.000";"18.65";"66.83";"0.00";"0.00";"0.0"
"2023-08-01 08:00:00.000";"21.15";"62.00";"0.00";"0.00";"0.0"
"2023-08-01 09:00:00.000";"24.82";"53.33";"0.00";"0.00";"0.0"
"2023-08-01 10:00:00.000";"28.90";"40.83";"0.00";"0.00";"0.0"
"2023-08-01 11:00:00.000";"30.65";"37.33";"0.60";"0.00";"0.0"
"2023-08-01 12:00:00.000";"30.98";"41.33";"2.10";"0.00";"0.0"
"2023-08-01 13:00:00.000";"31.13";"42.50";"3.20";"0.00";"0.0"
"2023-08-01 14:00:00.000";"30.93";"45.67";"3.75";"0.00";"0.0"
"2023-08-01 15:00:00.000";"30.57";"48.50";"6.30";"0.00";"0.0"
"2023-08-01 16:00:00.000";"30.32";"49.83";"6.00";"0.00";"0.0"
"2023-08-01 17:00:00.000";"30.08";"51.00";"4.27";"0.00";"0.0"
"2023-08-01 18:00:00.000";"30.43";"47.00";"2.47";"0.00";"0.0"
"2023-08-01 19:00:00.000";"29.65";"46.00";"1.25";"0.00";"0.0"
"2023-08-01 20:00:00.000";"27.80";"51.17";"0.65";"0.00";"0.0"
"2023-08-01 21:00:00.000";"26.03";"57.67";"0.00";"0.00";"0.0"
"2023-08-01 22:00:00.000";"23.22";"65.00";"0.00";"0.00";"0.0"
"2023-08-01 23:00:00.000";"21.85";"69.33";"0.00";"0.00";"0.0"
"2023-08-02 00:00:00.000";"20.63";"70.00";"0.00";"0.00";"0.0"
"2023-08-02 01:00:00.000";"20.27";"71.00";"0.00";"0.00";"0.0"
"2023-08-02 02:00:00.000";"19.43";"71.33";"0.00";"0.00";"0.0"
"2023-08-02 03:00:00.000";"18.45";"73.67";"0.00";"0.00";"0.0"
"2023-08-02 04:00:00.000";"18.23";"74.17";"0.00";"0.00";"0.0"
"2023-08-02 05:00:00.000";"18.42";"74.00";"0.00";"0.00";"0.0"
"2023-08-02 06:00:00.000";"18.42";"72.00";"0.00";"0.00";"0.0"
"2023-08-02 07:00:00.000";"18.58";"65.17";"0.00";"0.00";"0.0"
"2023-08-02 08:00:00.000";"19.17";"63.50";"0.00";"0.00";"0.0"
"2023-08-02 09:00:00.000";"24.10";"52.67";"0.00";"0.00";"0.0"
"2023-08-02 10:00:00.000";"27.68";"44.00";"0.00";"0.00";"0.0"
"2023-08-02 11:00:00.000";"29.82";"44.50";"0.17";"0.00";"0.0"
"2023-08-02 12:00:00.000";"30.50";"46.67";"2.65";"0.00";"0.0"
"2023-08-02 13:00:00.000";"31.30";"39.67";"6.20";"0.00";"0.0"
"2023-08-02 14:00:00.000";"32.18";"34.50";"5.50";"0.00";"0.0"
"2023-08-02 15:00:00.000";"32.05";"37.33";"6.58";"0.00";"0.0"
"2023-08-02 16:00:00.000";"31.25";"40.00";"6.63";"0.00";"0.0"
"2023-08-02 17:00:00.000";"31.38";"42.00";"5.83";"0.00";"0.0"
"2023-08-02 18:00:00.000";"30.68";"47.17";"5.07";"0.00";"0.0"
"2023-08-02 19:00:00.000";"29.35";"51.83";"3.27";"0.00";"0.0"
"2023-08-02 20:00:00.000";"27.68";"56.67";"2.15";"0.00";"0.0"
"2023-08-02 21:00:00.000";"26.13";"61.83";"0.18";"0.00";"0.0"
"2023-08-02 22:00:00.000";"24.15";"69.33";"0.00";"0.00";"0.0"
"2023-08-02 23:00:00.000";"21.83";"74.33";"0.00";"0.00";"0.0"
"2023-08-03 00:00:00.000";"20.80";"78.17";"0.00";"0.00";"0.0"
"2023-08-03 01:00:00.000";"20.02";"79.67";"0.00";"0.00";"0.0"
"2023-08-03 02:00:00.000";"18.85";"78.00";"0.00";"0.00";"0.0"
"2023-08-03 03:00:00.000";"18.72";"76.50";"0.00";"0.00";"0.0"
"2023-08-03 04:00:00.000";"17.87";"67.17";"0.00";"0.00";"0.0"
"2023-08-03 05:00:00.000";"17.57";"70.50";"0.00";"0.00";"0.0"
"2023-08-03 06:00:00.000";"16.95";"72.00";"0.00";"0.00";"0.0"
"2023-08-03 07:00:00.000";"16.08";"72.50";"0.00";"0.00";"0.0"
"2023-08-03 08:00:00.000";"17.72";"75.67";"0.00";"0.00";"0.0"
"2023-08-03 09:00:00.000";"23.02";"73.17";"0.00";"0.00";"0.0"
"2023-08-03 10:00:00.000";"26.12";"66.50";"0.07";"0.00";"0.0"
"2023-08-03 11:00:00.000";"27.97";"59.67";"0.73";"0.00";"0.0"
"2023-08-03 12:00:00.000";"29.47";"56.33";"1.88";"0.00";"0.0"
"2023-08-03 13:00:00.000";"29.67";"54.17";"5.32";"0.00";"0.0"
"2023-08-03 14:00:00.000";"30.23";"52.00";"4.45";"0.00";"0.0"
"2023-08-03 15:00:00.000";"30.45";"50.67";"4.22";"0.00";"0.0"
"2023-08-03 16:00:00.000";"30.72";"49.33";"3.68";"0.00";"0.0"
"2023-08-03 17:00:00.000";"30.65";"48.00";"4.70";"0.00";"0.0"
"2023-08-03 18:00:00.000";"29.97";"51.33";"5.87";"0.00";"0.0"
"2023-08-03 19:00:00.000";"29.07";"54.50";"3.68";"0.00";"0.0"
"2023-08-03 20:00:00.000";"27.60";"58.83";"1.35";"0.00";"0.0"
"2023-08-03 21:00:00.000";"25.77";"65.33";"0.10";"0.00";"0.0"
"2023-08-03 22:00:00.000";"23.87";"68.83";"0.00";"0.00";"0.0"
"2023-08-03 23:00:00.000";"21.72";"73.00";"0.00";"0.00";"0.0"
"2023-08-04 00:00:00.000";"20.43";"77.67";"0.00";"0.00";"0.0"
"2023-08-04 01:00:00.000";"19.72";"79.83";"0.00";"0.00";"0.0"
"2023-08-04 02:00:00.000";"19.12";"83.17";"0.00";"0.00";"0.0"
"2023-08-04 03:00:00.000";"18.65";"85.00";"0.00";"0.00";"0.0"
"2023-08-04 04:00:00.000";"17.97";"85.83";"0.00";"0.00";"0.0"
"2023-08-04 05:00:00.000";"18.15";"92.00";"0.00";"0.00";"0.0"
"2023-08-04 06:00:00.000";"17.67";"93.00";"0.00";"0.00";"0.0"
"2023-08-04 07:00:00.000";"17.73";"93.83";"0.00";"0.83";"0.0"
"2023-08-04 08:00:00.000";"18.08";"94.00";"0.00";"0.83";"0.0"
"2023-08-04 09:00:00.000";"21.12";"83.17";"0.00";"0.00";"0.0"
"2023-08-04 10:00:00.000";"26.08";"68.17";"0.00";"0.00";"0.0"
"2023-08-04 11:00:00.000";"28.57";"62.00";"0.53";"0.00";"0.0"
"2023-08-04 12:00:00.000";"29.40";"65.83";"1.95";"0.00";"0.0"
"2023-08-04 13:00:00.000";"29.82";"63.67";"2.43";"0.00";"0.0"
"2023-08-04 14:00:00.000";"30.25";"58.17";"3.48";"0.00";"0.0"
"2023-08-04 15:00:00.000";"30.53";"53.83";"5.13";"0.00";"0.0"
"2023-08-04 16:00:00.000";"30.53";"55.83";"5.65";"0.00";"0.0"
"2023-08-04 17:00:00.000";"29.80";"58.33";"6.73";"0.00";"0.0"
"2023-08-04 18:00:00.000";"29.58";"58.17";"5.82";"0.00";"0.0"
"2023-08-04 19:00:00.000";"28.50";"60.33";"3.52";"0.00";"0.0"
"2023-08-04 20:00:00.000";"27.75";"60.33";"0.92";"0.00";"0.0"
"2023-08-04 21:00:00.000";"25.97";"67.67";"0.13";"0.00";"0.0"
"2023-08-04 22:00:00.000";"23.83";"72.33";"0.00";"0.00";"0.0"
"2023-08-04 23:00:00.000";"22.10";"75.67";"0.00";"0.00";"0.0"
"2023-08-05 00:00:00.000";"20.88";"79.50";"0.00";"0.00";"0.0"
"2023-08-05 01:00:00.000";"20.03";"84.83";"0.00";"0.00";"0.0"
"2023-08-05 02:00:00.000";"19.13";"86.67";"0.00";"0.00";"0.0"
"2023-08-05 03:00:00.000";"17.87";"86.50";"0.00";"0.00";"0.0"
"2023-08-05 04:00:00.000";"17.33";"85.17";"0.00";"0.00";"0.0"
"2023-08-05 05:00:00.000";"17.68";"81.50";"0.00";"0.00";"0.0"
"2023-08-05 06:00:00.000";"19.20";"91.17";"0.00";"0.17";"0.0"
"2023-08-05 07:00:00.000";"18.85";"94.00";"0.00";"1.00";"0.0"
"2023-08-05 08:00:00.000";"18.13";"91.33";"0.00";"0.00";"0.0"
"2023-08-05 09:00:00.000";"22.50";"75.83";"0.00";"0.00";"0.0"
"2023-08-05 10:00:00.000";"26.70";"64.33";"0.18";"0.00";"0.0"
"2023-08-05 11:00:00.000";"28.18";"65.17";"0.98";"0.00";"0.0"
"2023-08-05 12:00:00.000";"29.22";"64.67";"3.60";"0.00";"0.0"
"2023-08-05 13:00:00.000";"28.87";"64.83";"7.32";"0.00";"0.0"
"2023-08-05 14:00:00.000";"29.57";"63.00";"5.33";"0.00";"0.0"
"2023-08-05 15:00:00.000";"30.88";"52.00";"2.37";"0.00";"0.0"
"2023-08-05 16:00:00.000";"30.60";"52.33";"4.10";"0.00";"0.0"
"2023-08-05 17:00:00.000";"29.97";"54.67";"3.92";"0.00";"0.0"
"2023-08-05 18:00:00.000";"29.75";"56.17";"3.33";"0.00";"0.0"
"2023-08-05 19:00:00.000";"28.98";"56.50";"3.07";"0.00";"0.0"
"2023-08-05 20:00:00.000";"26.45";"69.17";"5.17";"0.00";"0.0"
"2023-08-05 21:00:00.000";"25.85";"73.83";"1.17";"0.00";"0.0"
"2023-08-05 22:00:00.000";"25.55";"75.17";"0.85";"0.00";"0.0"
"2023-08-05 23:00:00.000";"24.43";"77.33";"0.98";"0.00";"0.0"
"2023-08-06 00:00:00.000";"24.37";"79.33";"0.07";"0.00";"0.0"
"2023-08-06 01:00:00.000";"24.68";"79.50";"0.35";"0.00";"0.0"
"2023-08-06 02:00:00.000";"24.42";"79.50";"0.20";"0.00";"0.0"
"2023-08-06 03:00:00.000";"23.63";"76.67";"0.00";"0.00";"0.0"
"2023-08-06 04:00:00.000";"22.67";"78.17";"0.00";"0.00";"0.0"
"2023-08-06 05:00:00.000";"22.00";"78.67";"0.00";"0.00";"0.0"
"2023-08-06 06:00:00.000";"22.30";"76.67";"0.02";"0.00";"0.0"
"2023-08-06 07:00:00.000";"23.20";"71.17";"0.20";"0.00";"0.0"
"2023-08-06 08:00:00.000";"23.20";"71.50";"0.17";"0.00";"0.0"
"2023-08-06 09:00:00.000";"24.78";"58.83";"0.82";"0.00";"0.0"
"2023-08-06 10:00:00.000";"25.92";"55.67";"2.15";"0.00";"0.0"
"2023-08-06 11:00:00.000";"26.63";"52.33";"3.52";"0.00";"0.0"
"2023-08-06 12:00:00.000";"26.98";"52.00";"5.03";"0.00";"0.0"
"2023-08-06 13:00:00.000";"27.58";"49.83";"4.85";"0.00";"0.0"
"2023-08-06 14:00:00.000";"27.68";"47.83";"4.55";"0.00";"0.0"
"2023-08-06 15:00:00.000";"28.82";"41.50";"4.32";"0.00";"0.0"
"2023-08-06 16:00:00.000";"28.18";"43.00";"3.90";"0.00";"0.0"
"2023-08-06 17:00:00.000";"28.77";"39.67";"3.82";"0.00";"0.0"
"2023-08-06 18:00:00.000";"28.82";"40.00";"3.50";"0.00";"0.0"
"2023-08-06 19:00:00.000";"27.52";"43.50";"3.30";"0.00";"0.0"
"2023-08-06 20:00:00.000";"26.03";"49.00";"1.98";"0.00";"0.0"
"2023-08-06 21:00:00.000";"24.28";"57.00";"0.80";"0.00";"0.0"
"2023-08-06 22:00:00.000";"22.80";"62.50";"0.05";"0.00";"0.0"
"2023-08-06 23:00:00.000";"20.97";"66.33";"0.00";"0.00";"0.0"
"2023-08-07 00:00:00.000";"19.63";"70.00";"0.00";"0.00";"0.0"
"2023-08-07 01:00:00.000";"19.17";"72.50";"0.00";"0.00";"0.0"
"2023-08-07 02:00:00.000";"17.92";"76.83";"0.00";"0.00";"0.0"
"2023-08-07 03:00:00.000";"17.47";"77.67";"0.00";"0.00";"0.0"
"2023-08-07 04:00:00.000";"17.62";"80.33";"0.00";"0.00";"0.0"
"2023-08-07 05:00:00.000";"17.88";"85.50";"0.00";"0.00";"0.0"
"2023-08-07 06:00:00.000";"17.27";"86.33";"0.00";"0.00";"0.0"
"2023-08-07 07:00:00.000";"16.30";"82.83";"0.00";"0.00";"0.0"
"2023-08-07 08:00:00.000";"17.83";"78.17";"0.00";"0.00";"0.0"
"2023-08-07 09:00:00.000";"23.23";"64.67";"1.13";"0.00";"0.0"
"2023-08-07 10:00:00.000";"25.52";"56.00";"2.27";"0.00";"0.0"
"2023-08-07 11:00:00.000";"27.12";"48.33";"3.75";"0.00";"0.0"
"2023-08-07 12:00:00.000";"28.57";"43.33";"3.38";"0.00";"0.0"
"2023-08-07 13:00:00.000";"30.00";"39.33";"3.08";"0.00";"0.0"
"2023-08-07 14:00:00.000";"30.95";"33.83";"3.75";"0.00";"0.0"
"2023-08-07 15:00:00.000";"29.90";"43.50";"5.65";"0.00";"0.0"
"2023-08-07 16:00:00.000";"29.23";"47.33";"5.97";"0.00";"0.0"
"2023-08-07 17:00:00.000";"29.27";"47.33";"5.03";"0.00";"0.0"
"2023-08-07 18:00:00.000";"29.20";"44.17";"3.67";"0.00";"0.0"
"2023-08-07 19:00:00.000";"27.95";"44.33";"1.92";"0.00";"0.0"
"2023-08-07 20:00:00.000";"26.45";"49.33";"1.20";"0.00";"0.0"
"2023-08-07 21:00:00.000";"24.55";"56.67";"0.52";"0.00";"0.0"
"2023-08-07 22:00:00.000";"23.18";"63.83";"0.07";"0.00";"0.0"
"2023-08-07 23:00:00.000";"22.05";"68.33";"0.00";"0.00";"0.0"
"2023-08-08 00:00:00.000";"20.37";"71.67";"0.00";"0.00";"0.0"
"2023-08-08 01:00:00.000";"19.68";"74.67";"0.00";"0.00";"0.0"
"2023-08-08 02:00:00.000";"19.03";"77.00";"0.00";"0.00";"0.0"
"2023-08-08 03:00:00.000";"17.83";"79.50";"0.00";"0.00";"0.0"
"2023-08-08 04:00:00.000";"16.85";"80.33";"0.00";"0.00";"0.0"
"2023-08-08 05:00:00.000";"17.82";"81.67";"0.00";"0.00";"0.0"
"2023-08-08 06:00:00.000";"19.22";"81.00";"0.00";"0.00";"0.0"
"2023-08-08 07:00:00.000";"18.57";"82.67";"0.00";"0.00";"0.0"
"2023-08-08 08:00:00.000";"18.93";"83.33";"0.00";"0.00";"0.0"
"2023-08-08 09:00:00.000";"22.37";"66.50";"0.23";"0.00";"0.0"
"2023-08-08 10:00:00.000";"24.73";"53.83";"2.00";"0.00";"0.0"
"2023-08-08 11:00:00.000";"26.63";"44.67";"2.47";"0.00";"0.0"
"2023-08-08 12:00:00.000";"28.55";"40.67";"3.83";"0.00";"0.0"
"2023-08-08 13:00:00.000";"29.62";"41.83";"2.90";"0.00";"0.0"
"2023-08-08 14:00:00.000";"30.17";"42.50";"2.82";"0.00";"0.0"
"2023-08-08 15:00:00.000";"30.92";"40.83";"2.63";"0.00";"0.0"
"2023-08-08 16:00:00.000";"31.23";"37.17";"2.60";"0.00";"0.0"
"2023-08-08 17:00:00.000";"31.27";"38.33";"3.00";"0.00";"0.0"
"2023-08-08 18:00:00.000";"31.17";"39.33";"2.23";"0.00";"0.0"
"2023-08-08 19:00:00.000";"29.40";"47.33";"2.65";"0.00";"0.0"
"2023-08-08 20:00:00.000";"27.83";"51.17";"1.17";"0.00";"0.0"
"2023-08-08 21:00:00.000";"25.78";"57.83";"0.03";"0.00";"0.0"
"2023-08-08 22:00:00.000";"23.05";"65.67";"0.00";"0.00";"0.0"
"2023-08-08 23:00:00.000";"21.32";"70.33";"0.00";"0.00";"0.0"
"2023-08-09 00:00:00.000";"20.47";"73.67";"0.00";"0.00";"0.0"
"2023-08-09 01:00:00.000";"19.93";"71.00";"0.00";"0.00";"0.0"
"2023-08-09 02:00:00.000";"18.93";"69.17";"0.00";"0.00";"0.0"
"2023-08-09 03:00:00.000";"18.58";"69.00";"0.00";"0.00";"0.0"
"2023-08-09 04:00:00.000";"18.25";"72.67";"0.00";"0.00";"0.0"
"2023-08-09 05:00:00.000";"17.65";"74.33";"0.00";"0.00";"0.0"
"2023-08-09 06:00:00.000";"17.33";"74.67";"0.00";"0.00";"0.0"
"2023-08-09 07:00:00.000";"17.55";"74.83";"0.00";"0.00";"0.0"
"2023-08-09 08:00:00.000";"19.70";"72.17";"0.00";"0.00";"0.0"
"2023-08-09 09:00:00.000";"24.82";"59.00";"0.00";"0.00";"0.0"
"2023-08-09 10:00:00.000";"27.37";"49.33";"0.03";"0.00";"0.0"
"2023-08-09 11:00:00.000";"27.65";"49.50";"1.60";"0.00";"0.0"
"2023-08-09 12:00:00.000";"28.73";"50.33";"4.45";"0.00";"0.0"
"2023-08-09 13:00:00.000";"28.50";"50.67";"7.72";"0.00";"0.0"
"2023-08-09 14:00:00.000";"28.68";"50.00";"7.18";"0.00";"0.0"
"2023-08-09 15:00:00.000";"28.52";"46.67";"7.22";"0.00";"0.0"
"2023-08-09 16:00:00.000";"28.30";"48.17";"5.78";"0.00";"0.0"
"2023-08-09 17:00:00.000";"28.70";"48.00";"3.47";"0.00";"0.0"
"2023-08-09 18:00:00.000";"28.62";"47.83";"3.58";"0.00";"0.0"
"2023-08-09 19:00:00.000";"27.72";"47.17";"2.18";"0.00";"0.0"
"2023-08-09 20:00:00.000";"26.30";"47.33";"0.73";"0.00";"0.0"
"2023-08-09 21:00:00.000";"24.38";"55.50";"0.00";"0.00";"0.0"
"2023-08-09 22:00:00.000";"21.85";"62.67";"0.00";"0.00";"0.0"
"2023-08-09 23:00:00.000";"20.10";"68.00";"0.00";"0.00";"0.0"
"2023-08-10 00:00:00.000";"19.45";"71.67";"0.00";"0.00";"0.0"
"2023-08-10 01:00:00.000";"18.52";"73.00";"0.00";"0.00";"0.0"
"2023-08-10 02:00:00.000";"17.97";"72.83";"0.00";"0.00";"0.0"
"2023-08-10 03:00:00.000";"17.90";"71.50";"0.00";"0.00";"0.0"
"2023-08-10 04:00:00.000";"17.58";"74.50";"0.00";"0.00";"0.0"
"2023-08-10 05:00:00.000";"17.07";"75.83";"0.00";"0.00";"0.0"
"2023-08-10 06:00:00.000";"16.87";"80.17";"0.00";"0.00";"0.0"
"2023-08-10 07:00:00.000";"16.63";"83.00";"0.00";"0.00";"0.0"
"2023-08-10 08:00:00.000";"17.40";"84.33";"0.00";"0.00";"0.0"
"2023-08-10 09:00:00.000";"22.10";"71.17";"0.00";"0.00";"0.0"
"2023-08-10 10:00:00.000";"25.15";"58.50";"0.00";"0.00";"0.0"
"2023-08-10 11:00:00.000";"27.37";"47.17";"0.05";"0.00";"0.0"
"2023-08-10 12:00:00.000";"29.07";"47.50";"1.20";"0.00";"0.0"
"2023-08-10 13:00:00.000";"28.42";"48.17";"4.78";"0.00";"0.0"
"2023-08-10 14:00:00.000";"28.18";"49.67";"4.62";"0.00";"0.0"
"2023-08-10 15:00:00.000";"28.78";"47.67";"3.13";"0.00";"0.0"
"2023-08-10 16:00:00.000";"28.80";"48.50";"4.92";"0.00";"0.0"
"2023-08-10 17:00:00.000";"29.22";"47.50";"4.58";"0.00";"0.0"
"2023-08-10 18:00:00.000";"28.88";"45.00";"3.15";"0.00";"0.0"
"2023-08-10 19:00:00.000";"27.78";"43.67";"1.42";"0.00";"0.0"
"2023-08-10 20:00:00.000";"26.52";"49.33";"1.17";"0.00";"0.0"
"2023-08-10 21:00:00.000";"23.82";"58.17";"0.48";"0.00";"0.0"
"2023-08-10 22:00:00.000";"22.37";"66.33";"0.23";"0.00";"0.0"
"2023-08-10 23:00:00.000";"20.57";"69.83";"0.00";"0.00";"0.0"
"2023-08-11 00:00:00.000";"18.92";"69.67";"0.00";"0.00";"0.0"
"2023-08-11 01:00:00.000";"17.90";"62.50";"0.00";"0.00";"0.0"
"2023-08-11 02:00:00.000";"16.78";"60.50";"0.00";"0.00";"0.0"
"2023-08-11 03:00:00.000";"16.53";"63.83";"0.00";"0.00";"0.0"
"2023-08-11 04:00:00.000";"15.28";"63.83";"0.00";"0.00";"0.0"
"2023-08-11 05:00:00.000";"14.98";"68.83";"0.00";"0.00";"0.0"
"2023-08-11 06:00:00.000";"15.58";"67.83";"0.00";"0.00";"0.0"
"2023-08-11 07:00:00.000";"16.05";"72.00";"0.00";"0.00";"0.0"
"2023-08-11 08:00:00.000";"17.48";"73.50";"0.00";"0.00";"0.0"
"2023-08-11 09:00:00.000";"22.58";"65.83";"0.00";"0.00";"0.0"
"2023-08-11 10:00:00.000";"25.75";"56.00";"0.23";"0.00";"0.0"
"2023-08-11 11:00:00.000";"25.95";"54.67";"0.70";"0.00";"0.0"
"2023-08-11 12:00:00.000";"27.87";"50.00";"0.58";"0.00";"0.0"
"2023-08-11 13:00:00.000";"27.85";"48.33";"2.63";"0.00";"0.0"
"2023-08-11 14:00:00.000";"26.80";"51.83";"6.42";"0.00";"0.0"
"2023-08-11 15:00:00.000";"26.80";"54.00";"6.48";"0.00";"0.0"
"2023-08-11 16:00:00.000";"27.82";"47.17";"6.50";"0.00";"0.0"
"2023-08-11 17:00:00.000";"27.73";"49.00";"6.12";"0.00";"0.0"
"2023-08-11 18:00:00.000";"27.20";"52.17";"4.48";"0.00";"0.0"
"2023-08-11 19:00:00.000";"25.45";"58.50";"1.40";"0.00";"0.0"
"2023-08-11 20:00:00.000";"24.37";"63.83";"0.03";"0.00";"0.0"
"2023-08-11 21:00:00.000";"23.82";"65.83";"0.00";"0.00";"0.0"
"2023-08-11 22:00:00.000";"23.03";"66.50";"0.02";"0.00";"0.0"
"2023-08-11 23:00:00.000";"21.58";"69.00";"0.07";"0.00";"0.0"
"2023-08-12 00:00:00.000";"21.58";"68.83";"0.02";"0.00";"0.0"
"2023-08-12 01:00:00.000";"21.57";"68.33";"0.00";"0.00";"0.0"
"2023-08-12 02:00:00.000";"21.53";"67.67";"0.00";"0.00";"0.0"
"2023-08-12 03:00:00.000";"21.53";"66.00";"0.00";"0.00";"0.0"
"2023-08-12 04:00:00.000";"21.18";"67.33";"0.00";"0.00";"0.0"
"2023-08-12 05:00:00.000";"20.38";"71.17";"0.00";"0.00";"0.0"
"2023-08-12 06:00:00.000";"20.48";"70.33";"0.00";"0.00";"0.0"
"2023-08-12 07:00:00.000";"20.90";"66.50";"0.00";"0.00";"0.0"
"2023-08-12 08:00:00.000";"21.97";"56.67";"0.02";"0.00";"0.0"
"2023-08-12 09:00:00.000";"23.92";"46.17";"0.35";"0.00";"0.0"
"2023-08-12 10:00:00.000";"25.48";"40.67";"0.97";"0.00";"0.0"
"2023-08-12 11:00:00.000";"27.98";"33.83";"0.87";"0.00";"0.0"
"2023-08-12 12:00:00.000";"29.58";"31.50";"0.17";"0.00";"0.0"
"2023-08-12 13:00:00.000";"28.78";"37.67";"1.23";"0.00";"0.0"
"2023-08-12 14:00:00.000";"28.67";"40.83";"3.68";"0.00";"0.0"
"2023-08-12 15:00:00.000";"29.57";"34.50";"5.57";"0.00";"0.0"
"2023-08-12 16:00:00.000";"28.77";"36.00";"8.07";"0.00";"0.0"
"2023-08-12 17:00:00.000";"28.23";"39.17";"4.83";"0.00";"0.0"
"2023-08-12 18:00:00.000";"28.33";"37.50";"3.90";"0.00";"0.0"
"2023-08-12 19:00:00.000";"27.92";"38.00";"2.03";"0.00";"0.0"
"2023-08-12 20:00:00.000";"26.48";"46.50";"1.37";"0.00";"0.0"
"2023-08-12 21:00:00.000";"25.13";"53.00";"0.12";"0.00";"0.0"
"2023-08-12 22:00:00.000";"23.60";"58.00";"0.02";"0.00";"0.0"
"2023-08-12 23:00:00.000";"21.23";"62.33";"0.00";"0.00";"0.0"
"2023-08-13 00:00:00.000";"20.15";"63.67";"0.00";"0.00";"0.0"
"2023-08-13 01:00:00.000";"20.43";"59.00";"0.00";"0.00";"0.0"
"2023-08-13 02:00:00.000";"20.43";"51.33";"0.00";"0.00";"0.0"
"2023-08-13 03:00:00.000";"20.65";"49.17";"0.03";"0.00";"0.0"
"2023-08-13 04:00:00.000";"21.18";"46.33";"0.05";"0.00";"0.0"
"2023-08-13 05:00:00.000";"17.60";"55.17";"0.00";"0.00";"0.0"
"2023-08-13 06:00:00.000";"17.12";"57.17";"0.00";"0.00";"0.0"
"2023-08-13 07:00:00.000";"16.40";"60.00";"0.00";"0.00";"0.0"
"2023-08-13 08:00:00.000";"18.53";"57.83";"0.00";"0.00";"0.0"
"2023-08-13 09:00:00.000";"23.52";"47.67";"0.00";"0.00";"0.0"
"2023-08-13 10:00:00.000";"27.12";"35.33";"0.02";"0.00";"0.0"
"2023-08-13 11:00:00.000";"28.92";"29.17";"0.35";"0.00";"0.0"
"2023-08-13 12:00:00.000";"29.52";"35.00";"2.03";"0.00";"0.0"
"2023-08-13 13:00:00.000";"30.50";"30.50";"3.28";"0.00";"0.0"
"2023-08-13 14:00:00.000";"30.67";"27.83";"4.02";"0.00";"0.0"
"2023-08-13 15:00:00.000";"30.33";"33.17";"5.35";"0.00";"0.0"
"2023-08-13 16:00:00.000";"29.82";"33.33";"6.20";"0.00";"0.0"
"2023-08-13 17:00:00.000";"30.18";"33.50";"4.68";"0.00";"0.0"
"2023-08-13 18:00:00.000";"30.15";"38.50";"3.40";"0.00";"0.0"
"2023-08-13 19:00:00.000";"28.62";"39.50";"2.42";"0.00";"0.0"
"2023-08-13 20:00:00.000";"27.52";"46.17";"0.18";"0.00";"0.0"
"2023-08-13 21:00:00.000";"24.83";"56.83";"0.00";"0.00";"0.0"
"2023-08-13 22:00:00.000";"22.12";"59.33";"0.00";"0.00";"0.0"
"2023-08-13 23:00:00.000";"22.25";"62.17";"0.02";"0.00";"0.0"
"2023-08-14 00:00:00.000";"21.60";"67.83";"0.00";"0.00";"0.0"
"2023-08-14 01:00:00.000";"22.05";"66.67";"0.00";"0.00";"0.0"
"2023-08-14 02:00:00.000";"21.83";"68.00";"0.00";"0.00";"0.0"
"2023-08-14 03:00:00.000";"22.13";"68.00";"0.00";"0.00";"0.0"
"2023-08-14 04:00:00.000";"21.35";"69.33";"0.00";"0.00";"0.0"
"2023-08-14 05:00:00.000";"20.25";"72.33";"0.00";"0.00";"0.0"
"2023-08-14 06:00:00.000";"18.22";"76.00";"0.00";"0.00";"0.0"
"2023-08-14 07:00:00.000";"17.95";"75.00";"0.00";"0.00";"0.0"
"2023-08-14 08:00:00.000";"18.65";"70.33";"0.00";"0.00";"0.0"
"2023-08-14 09:00:00.000";"22.97";"59.00";"0.00";"0.00";"0.0"
"2023-08-14 10:00:00.000";"26.47";"42.83";"0.00";"0.00";"0.0"
"2023-08-14 11:00:00.000";"28.58";"37.33";"0.42";"0.00";"0.0"
"2023-08-14 12:00:00.000";"29.23";"38.83";"2.07";"0.00";"0.0"
"2023-08-14 13:00:00.000";"29.17";"41.83";"3.43";"0.00";"0.0"
"2023-08-14 14:00:00.000";"29.25";"43.50";"3.70";"0.00";"0.0"
"2023-08-14 15:00:00.000";"29.65";"42.00";"3.45";"0.00";"0.0"
"2023-08-14 16:00:00.000";"29.67";"41.33";"3.33";"0.00";"0.0"
"2023-08-14 17:00:00.000";"29.57";"43.00";"2.87";"0.00";"0.0"
"2023-08-14 18:00:00.000";"29.38";"44.33";"4.73";"0.00";"0.0"
"2023-08-14 19:00:00.000";"28.72";"41.33";"2.27";"0.00";"0.0"
"2023-08-14 20:00:00.000";"27.13";"42.33";"0.47";"0.00";"0.0"
"2023-08-14 21:00:00.000";"25.28";"44.00";"0.08";"0.00";"0.0"
"2023-08-14 22:00:00.000";"23.95";"46.83";"0.00";"0.00";"0.0"
"2023-08-14 23:00:00.000";"22.12";"49.17";"0.00";"0.00";"0.0"
"2023-08-15 00:00:00.000";"20.73";"51.17";"0.00";"0.00";"0.0"
"2023-08-15 01:00:00.000";"20.30";"51.17";"0.00";"0.00";"0.0"
"2023-08-15 02:00:00.000";"19.32";"53.67";"0.00";"0.00";"0.0"
"2023-08-15 03:00:00.000";"18.22";"57.17";"0.00";"0.00";"0.0"
"2023-08-15 04:00:00.000";"17.58";"60.00";"0.00";"0.00";"0.0"
"2023-08-15 05:00:00.000";"17.25";"61.83";"0.00";"0.00";"0.0"
"2023-08-15 06:00:00.000";"17.47";"62.33";"0.00";"0.00";"0.0"
"2023-08-15 07:00:00.000";"17.78";"62.33";"0.00";"0.00";"0.0"
"2023-08-15 08:00:00.000";"17.98";"64.17";"0.00";"0.00";"0.0"
"2023-08-15 09:00:00.000";"22.38";"57.50";"0.00";"0.00";"0.0"
"2023-08-15 10:00:00.000";"25.80";"49.50";"0.17";"0.00";"0.0"
"2023-08-15 11:00:00.000";"28.18";"47.67";"0.77";"0.00";"0.0"
"2023-08-15 12:00:00.000";"30.60";"36.50";"1.90";"0.00";"0.0"
"2023-08-15 13:00:00.000";"30.40";"42.67";"5.60";"0.00";"0.0"
"2023-08-15 14:00:00.000";"30.93";"40.67";"5.20";"0.00";"0.0"
"2023-08-15 15:00:00.000";"31.77";"35.33";"4.17";"0.00";"0.0"
"2023-08-15 16:00:00.000";"31.00";"37.83";"5.10";"0.00";"0.0"
"2023-08-15 17:00:00.000";"30.40";"39.33";"3.33";"0.00";"0.0"
"2023-08-15 18:00:00.000";"30.12";"40.00";"2.82";"0.00";"0.0"
"2023-08-15 19:00:00.000";"28.12";"49.67";"1.57";"0.00";"0.0"
"2023-08-15 20:00:00.000";"26.35";"56.00";"0.98";"0.00";"0.0"
"2023-08-15 21:00:00.000";"24.58";"59.00";"0.02";"0.00";"0.0"
"2023-08-15 22:00:00.000";"22.75";"63.50";"0.02";"0.00";"0.0"
"2023-08-15 23:00:00.000";"20.23";"66.67";"0.00";"0.00";"0.0"
"2023-08-16 00:00:00.000";"19.12";"69.83";"0.00";"0.00";"0.0"
"2023-08-16 01:00:00.000";"18.38";"72.67";"0.00";"0.00";"0.0"
"2023-08-16 02:00:00.000";"17.67";"75.00";"0.00";"0.00";"0.0"
"2023-08-16 03:00:00.000";"17.38";"75.17";"0.00";"0.00";"0.0"
"2023-08-16 04:00:00.000";"17.30";"77.17";"0.00";"0.00";"0.0"
"2023-08-16 05:00:00.000";"17.43";"79.33";"0.00";"0.00";"0.0"
"2023-08-16 06:00:00.000";"17.12";"82.67";"0.00";"0.00";"0.0"
"2023-08-16 07:00:00.000";"16.68";"84.33";"0.00";"0.00";"0.0"
"2023-08-16 08:00:00.000";"17.72";"80.00";"0.00";"0.00";"0.0"
"2023-08-16 09:00:00.000";"23.23";"61.50";"0.00";"0.00";"0.0"
"2023-08-16 10:00:00.000";"26.83";"49.67";"0.02";"0.00";"0.0"
"2023-08-16 11:00:00.000";"29.57";"45.83";"0.25";"0.00";"0.0"
"2023-08-16 12:00:00.000";"31.63";"36.83";"0.97";"0.00";"0.0"
"2023-08-16 13:00:00.000";"32.63";"33.67";"2.22";"0.00";"0.0"
"2023-08-16 14:00:00.000";"32.98";"33.67";"2.58";"0.00";"0.0"
"2023-08-16 15:00:00.000";"33.48";"32.33";"3.47";"0.00";"0.0"
"2023-08-16 16:00:00.000";"33.48";"33.17";"3.23";"0.00";"0.0"
"2023-08-16 17:00:00.000";"32.10";"35.00";"4.65";"0.00";"0.0"
"2023-08-16 18:00:00.000";"32.07";"36.83";"2.72";"0.00";"0.0"
"2023-08-16 19:00:00.000";"30.72";"37.17";"2.18";"0.00";"0.0"
"2023-08-16 20:00:00.000";"28.82";"44.00";"0.43";"0.00";"0.0"
"2023-08-16 21:00:00.000";"26.20";"51.33";"0.08";"0.00";"0.0"
"2023-08-16 22:00:00.000";"23.72";"61.67";"0.00";"0.00";"0.0"
"2023-08-16 23:00:00.000";"21.62";"70.83";"0.00";"0.00";"0.0"
"2023-08-17 00:00:00.000";"20.30";"71.00";"0.00";"0.00";"0.0"
"2023-08-17 01:00:00.000";"19.95";"70.17";"0.00";"0.00";"0.0"
"2023-08-17 02:00:00.000";"19.68";"67.00";"0.00";"0.00";"0.0"
"2023-08-17 03:00:00.000";"18.35";"69.83";"0.00";"0.00";"0.0"
"2023-08-17 04:00:00.000";"17.73";"72.00";"0.00";"0.00";"0.0"
"2023-08-17 05:00:00.000";"17.45";"75.33";"0.00";"0.00";"0.0"
"2023-08-17 06:00:00.000";"17.38";"77.83";"0.00";"0.00";"0.0"
"2023-08-17 07:00:00.000";"17.40";"77.17";"0.00";"0.00";"0.0"
"2023-08-17 08:00:00.000";"17.70";"73.67";"0.00";"0.00";"0.0"
"2023-08-17 09:00:00.000";"22.13";"64.00";"0.00";"0.00";"0.0"
"2023-08-17 10:00:00.000";"26.98";"51.67";"0.00";"0.00";"0.0"
"2023-08-17 11:00:00.000";"29.45";"49.67";"0.27";"0.00";"0.0"
"2023-08-17 12:00:00.000";"30.65";"48.00";"1.13";"0.00";"0.0"
"2023-08-17 13:00:00.000";"31.28";"45.50";"2.45";"0.00";"0.0"
"2023-08-17 14:00:00.000";"31.83";"47.67";"4.97";"0.00";"0.0"
"2023-08-17 15:00:00.000";"31.80";"47.83";"8.28";"0.00";"0.0"
"2023-08-17 16:00:00.000";"33.92";"35.33";"4.98";"0.00";"0.0"
"2023-08-17 17:00:00.000";"33.28";"37.17";"5.63";"0.00";"0.0"
"2023-08-17 18:00:00.000";"32.38";"44.67";"3.17";"0.00";"0.0"
"2023-08-17 19:00:00.000";"31.12";"43.33";"1.08";"0.00";"0.0"
"2023-08-17 20:00:00.000";"29.65";"41.50";"0.48";"0.00";"0.0"
"2023-08-17 21:00:00.000";"27.23";"48.33";"0.02";"0.00";"0.0"
"2023-08-17 22:00:00.000";"23.75";"68.17";"0.00";"0.00";"0.0"
"2023-08-17 23:00:00.000";"22.13";"71.83";"0.00";"0.00";"0.0"
"2023-08-18 00:00:00.000";"21.17";"71.00";"0.00";"0.00";"0.0"
"2023-08-18 01:00:00.000";"22.12";"78.83";"0.00";"0.00";"0.0"
"2023-08-18 02:00:00.000";"20.22";"78.33";"0.00";"0.00";"0.0"
"2023-08-18 03:00:00.000";"19.50";"74.00";"0.00";"0.00";"0.0"
"2023-08-18 04:00:00.000";"19.37";"72.50";"0.00";"0.00";"0.0"
"2023-08-18 05:00:00.000";"19.13";"73.83";"0.00";"0.00";"0.0"
"2023-08-18 06:00:00.000";"18.97";"76.33";"0.00";"0.00";"0.0"
"2023-08-18 07:00:00.000";"18.88";"77.17";"0.00";"0.00";"0.0"
"2023-08-18 08:00:00.000";"19.55";"76.17";"0.00";"0.00";"0.0"
"2023-08-18 09:00:00.000";"23.22";"66.17";"0.00";"0.00";"0.0"
"2023-08-18 10:00:00.000";"27.42";"54.67";"0.00";"0.00";"0.0"
"2023-08-18 11:00:00.000";"29.67";"50.67";"0.55";"0.00";"0.0"
"2023-08-18 12:00:00.000";"31.63";"43.33";"0.45";"0.00";"0.0"
"2023-08-18 13:00:00.000";"32.20";"42.50";"1.30";"0.00";"0.0"
"2023-08-18 14:00:00.000";"32.28";"41.50";"2.47";"0.00";"0.0"
"2023-08-18 15:00:00.000";"32.67";"37.50";"2.83";"0.00";"0.0"
"2023-08-18 16:00:00.000";"32.18";"41.33";"4.62";"0.00";"0.0"
"2023-08-18 17:00:00.000";"31.70";"45.50";"6.97";"0.00";"0.0"
"2023-08-18 18:00:00.000";"31.70";"44.00";"7.55";"0.00";"0.0"
"2023-08-18 19:00:00.000";"31.00";"44.67";"3.07";"0.00";"0.0"
"2023-08-18 20:00:00.000";"29.67";"48.33";"0.62";"0.00";"0.0"
"2023-08-18 21:00:00.000";"26.42";"65.83";"0.00";"0.00";"0.0"
"2023-08-18 22:00:00.000";"24.52";"71.00";"0.00";"0.00";"0.0"
"2023-08-18 23:00:00.000";"23.33";"72.67";"0.00";"0.00";"0.0"
"2023-08-19 00:00:00.000";"22.33";"66.33";"0.00";"0.00";"0.0"
"2023-08-19 01:00:00.000";"22.37";"61.50";"0.00";"0.00";"0.0"
"2023-08-19 02:00:00.000";"22.13";"58.67";"0.00";"0.00";"0.0"
"2023-08-19 03:00:00.000";"21.08";"60.50";"0.00";"0.00";"0.0"
"2023-08-19 04:00:00.000";"21.45";"62.67";"0.00";"0.00";"0.0"
"2023-08-19 05:00:00.000";"20.55";"64.67";"0.00";"0.00";"0.0"
"2023-08-19 06:00:00.000";"19.78";"66.67";"0.00";"0.00";"0.0"
"2023-08-19 07:00:00.000";"19.33";"68.00";"0.00";"0.00";"0.0"
"2023-08-19 08:00:00.000";"20.07";"67.17";"0.00";"0.00";"0.0"
"2023-08-19 09:00:00.000";"23.50";"60.83";"0.00";"0.00";"0.0"
"2023-08-19 10:00:00.000";"28.73";"47.50";"0.00";"0.00";"0.0"
"2023-08-19 11:00:00.000";"31.77";"40.33";"0.15";"0.00";"0.0"
"2023-08-19 12:00:00.000";"32.38";"40.17";"1.43";"0.00";"0.0"
"2023-08-19 13:00:00.000";"32.00";"40.33";"2.65";"0.00";"0.0"
"2023-08-19 14:00:00.000";"32.43";"38.17";"3.93";"0.00";"0.0"
"2023-08-19 15:00:00.000";"32.78";"37.00";"2.65";"0.00";"0.0"
"2023-08-19 16:00:00.000";"33.00";"35.17";"2.22";"0.00";"0.0"
"2023-08-19 17:00:00.000";"32.33";"42.50";"3.48";"0.00";"0.0"
"2023-08-19 18:00:00.000";"31.22";"49.67";"3.78";"0.00";"0.0"
"2023-08-19 19:00:00.000";"29.52";"54.67";"1.67";"0.00";"0.0"
"2023-08-19 20:00:00.000";"28.23";"53.33";"0.48";"0.00";"0.0"
"2023-08-19 21:00:00.000";"26.40";"63.00";"0.00";"0.00";"0.0"
"2023-08-19 22:00:00.000";"23.85";"64.67";"0.00";"0.00";"0.0"
"2023-08-19 23:00:00.000";"22.80";"66.33";"0.00";"0.00";"0.0"
"2023-08-20 00:00:00.000";"22.17";"71.50";"0.00";"0.00";"0.0"
"2023-08-20 01:00:00.000";"22.05";"71.50";"0.00";"0.00";"0.0"
"2023-08-20 02:00:00.000";"20.80";"72.83";"0.00";"0.00";"0.0"
"2023-08-20 03:00:00.000";"20.28";"74.17";"0.00";"0.00";"0.0"
"2023-08-20 04:00:00.000";"19.82";"75.00";"0.00";"0.00";"0.0"
"2023-08-20 05:00:00.000";"19.72";"75.67";"0.00";"0.00";"0.0"
"2023-08-20 06:00:00.000";"19.15";"77.83";"0.00";"0.00";"0.0"
"2023-08-20 07:00:00.000";"18.97";"79.33";"0.00";"0.00";"0.0"
"2023-08-20 08:00:00.000";"19.62";"77.33";"0.00";"0.00";"0.0"
"2023-08-20 09:00:00.000";"23.70";"68.17";"0.00";"0.00";"0.0"
"2023-08-20 10:00:00.000";"27.08";"60.00";"0.00";"0.00";"0.0"
"2023-08-20 11:00:00.000";"30.25";"49.67";"0.13";"0.00";"0.0"
"2023-08-20 12:00:00.000";"30.78";"50.83";"2.10";"0.00";"0.0"
"2023-08-20 13:00:00.000";"31.58";"42.50";"4.72";"0.00";"0.0"
"2023-08-20 14:00:00.000";"32.18";"37.17";"7.62";"0.00";"0.0"
"2023-08-20 15:00:00.000";"31.57";"38.83";"9.30";"0.00";"0.0"
"2023-08-20 16:00:00.000";"30.55";"45.00";"8.62";"0.00";"0.0"
"2023-08-20 17:00:00.000";"30.45";"49.83";"5.43";"0.00";"0.0"
"2023-08-20 18:00:00.000";"30.27";"47.67";"4.70";"0.00";"0.0"
"2023-08-20 19:00:00.000";"29.10";"50.17";"2.47";"0.00";"0.0"
"2023-08-20 20:00:00.000";"27.77";"54.67";"0.15";"0.00";"0.0"
"2023-08-20 21:00:00.000";"25.95";"59.83";"0.00";"0.00";"0.0"
"2023-08-20 22:00:00.000";"23.72";"62.50";"0.00";"0.00";"0.0"
"2023-08-20 23:00:00.000";"22.22";"64.00";"0.00";"0.00";"0.0"
"2023-08-21 00:00:00.000";"21.13";"67.50";"0.00";"0.00";"0.0"
"2023-08-21 01:00:00.000";"20.48";"72.67";"0.00";"0.00";"0.0"
"2023-08-21 02:00:00.000";"19.85";"73.33";"0.00";"0.00";"0.0"
"2023-08-21 03:00:00.000";"19.57";"73.33";"0.00";"0.00";"0.0"
"2023-08-21 04:00:00.000";"18.65";"76.00";"0.00";"0.00";"0.0"
"2023-08-21 05:00:00.000";"18.92";"79.50";"0.00";"0.00";"0.0"
"2023-08-21 06:00:00.000";"20.20";"74.17";"0.00";"0.00";"0.0"
"2023-08-21 07:00:00.000";"21.93";"55.83";"0.00";"0.00";"0.0"
"2023-08-21 08:00:00.000";"22.98";"51.83";"0.00";"0.00";"0.0"
"2023-08-21 09:00:00.000";"26.52";"43.83";"0.05";"0.00";"0.0"
"2023-08-21 10:00:00.000";"30.18";"30.00";"0.90";"0.00";"0.0"
"2023-08-21 11:00:00.000";"32.50";"24.00";"1.72";"0.00";"0.0"
"2023-08-21 12:00:00.000";"34.63";"20.50";"0.80";"0.00";"0.0"
"2023-08-21 13:00:00.000";"35.68";"16.67";"1.00";"0.00";"0.0"
"2023-08-21 14:00:00.000";"35.13";"23.17";"4.58";"0.00";"0.0"
"2023-08-21 15:00:00.000";"34.38";"21.50";"5.38";"0.00";"0.0"
"2023-08-21 16:00:00.000";"33.92";"21.83";"4.80";"0.00";"0.0"
"2023-08-21 17:00:00.000";"34.07";"22.17";"3.87";"0.00";"0.0"
"2023-08-21 18:00:00.000";"34.23";"20.17";"3.70";"0.00";"0.0"
"2023-08-21 19:00:00.000";"32.83";"25.67";"1.95";"0.00";"0.0"
"2023-08-21 20:00:00.000";"28.80";"51.67";"0.65";"0.00";"0.0"
"2023-08-21 21:00:00.000";"25.73";"64.67";"0.00";"0.00";"0.0"
"2023-08-21 22:00:00.000";"23.07";"68.83";"0.00";"0.00";"0.0"
"2023-08-21 23:00:00.000";"22.60";"53.67";"0.00";"0.00";"0.0"
"2023-08-22 00:00:00.000";"22.93";"44.83";"0.00";"0.00";"0.0"
"2023-08-22 01:00:00.000";"21.27";"47.00";"0.00";"0.00";"0.0"
"2023-08-22 02:00:00.000";"20.67";"45.33";"0.00";"0.00";"0.0"
"2023-08-22 03:00:00.000";"21.38";"41.17";"0.00";"0.00";"0.0"
"2023-08-22 04:00:00.000";"20.97";"42.00";"0.00";"0.00";"0.0"
"2023-08-22 05:00:00.000";"24.92";"33.67";"0.00";"0.00";"0.0"
"2023-08-22 06:00:00.000";"25.38";"31.83";"0.00";"0.00";"0.0"
"2023-08-22 07:00:00.000";"24.88";"32.33";"0.00";"0.00";"0.0"
"2023-08-22 08:00:00.000";"25.22";"31.83";"0.02";"0.00";"0.0"
"2023-08-22 09:00:00.000";"27.78";"28.83";"0.17";"0.00";"0.0"
"2023-08-22 10:00:00.000";"31.38";"22.00";"1.75";"0.00";"0.0"
"2023-08-22 11:00:00.000";"33.78";"17.33";"1.52";"0.00";"0.0"
"2023-08-22 12:00:00.000";"36.32";"14.33";"1.13";"0.00";"0.0"
"2023-08-22 13:00:00.000";"37.85";"12.50";"0.70";"0.00";"0.0"
"2023-08-22 14:00:00.000";"37.10";"16.33";"4.07";"0.00";"0.0"
"2023-08-22 15:00:00.000";"35.88";"18.33";"4.40";"0.00";"0.0"
"2023-08-22 16:00:00.000";"35.80";"21.00";"1.93";"0.00";"0.0"
"2023-08-22 17:00:00.000";"35.32";"21.67";"2.57";"0.00";"0.0"
"2023-08-22 18:00:00.000";"34.13";"36.33";"1.03";"0.00";"0.0"
"2023-08-22 19:00:00.000";"31.33";"47.33";"0.13";"0.00";"0.0"
"2023-08-22 20:00:00.000";"29.70";"45.33";"0.00";"0.00";"0.0"
"2023-08-22 21:00:00.000";"26.25";"45.67";"0.00";"0.00";"0.0"
"2023-08-22 22:00:00.000";"23.07";"45.67";"0.00";"0.00";"0.0"
"2023-08-22 23:00:00.000";"21.50";"53.50";"0.00";"0.00";"0.0"
"2023-08-23 00:00:00.000";"20.47";"59.50";"0.00";"0.00";"0.0"
"2023-08-23 01:00:00.000";"20.25";"59.33";"0.00";"0.00";"0.0"
"2023-08-23 02:00:00.000";"19.88";"53.17";"0.00";"0.00";"0.0"
"2023-08-23 03:00:00.000";"18.90";"53.67";"0.00";"0.00";"0.0"
"2023-08-23 04:00:00.000";"19.40";"52.83";"0.00";"0.00";"0.0"
"2023-08-23 05:00:00.000";"19.28";"50.67";"0.00";"0.00";"0.0"
"2023-08-23 06:00:00.000";"19.53";"46.83";"0.00";"0.00";"0.0"
"2023-08-23 07:00:00.000";"20.18";"42.33";"0.00";"0.00";"0.0"
"2023-08-23 08:00:00.000";"19.40";"45.33";"0.00";"0.00";"0.0"
"2023-08-23 09:00:00.000";"22.27";"47.67";"0.00";"0.00";"0.0"
"2023-08-23 10:00:00.000";"28.22";"36.67";"0.00";"0.00";"0.0"
"2023-08-23 11:00:00.000";"33.72";"22.67";"0.17";"0.00";"0.0"
"2023-08-23 12:00:00.000";"32.67";"30.50";"1.10";"0.00";"0.0"
"2023-08-23 13:00:00.000";"33.73";"29.67";"1.83";"0.00";"0.0"
"2023-08-23 14:00:00.000";"34.07";"31.67";"2.20";"0.00";"0.0"
"2023-08-23 15:00:00.000";"33.17";"35.17";"2.17";"0.00";"0.0"
"2023-08-23 16:00:00.000";"33.42";"35.83";"1.37";"0.00";"0.0"
"2023-08-23 17:00:00.000";"33.00";"38.33";"1.78";"0.00";"0.0"
"2023-08-23 18:00:00.000";"32.02";"44.17";"1.23";"0.00";"0.0"
"2023-08-23 19:00:00.000";"30.30";"51.67";"0.32";"0.00";"0.0"
"2023-08-23 20:00:00.000";"28.47";"54.00";"0.00";"0.00";"0.0"
"2023-08-23 21:00:00.000";"25.45";"61.00";"0.00";"0.00";"0.0"
"2023-08-23 22:00:00.000";"23.15";"63.00";"0.00";"0.00";"0.0"
"2023-08-23 23:00:00.000";"22.75";"53.33";"0.00";"0.00";"0.0"
"2023-08-24 00:00:00.000";"21.57";"53.33";"0.00";"0.00";"0.0"
"2023-08-24 01:00:00.000";"19.57";"55.67";"0.00";"0.00";"0.0"
"2023-08-24 02:00:00.000";"19.33";"55.33";"0.00";"0.00";"0.0"
"2023-08-24 03:00:00.000";"18.42";"57.00";"0.00";"0.00";"0.0"
"2023-08-24 04:00:00.000";"18.47";"58.17";"0.00";"0.00";"0.0"
"2023-08-24 05:00:00.000";"19.15";"56.83";"0.00";"0.00";"0.0"
"2023-08-24 06:00:00.000";"19.55";"55.33";"0.00";"0.00";"0.0"
"2023-08-24 07:00:00.000";"18.25";"55.67";"0.00";"0.00";"0.0"
"2023-08-24 08:00:00.000";"18.92";"57.67";"0.00";"0.00";"0.0"
"2023-08-24 09:00:00.000";"22.77";"53.50";"0.00";"0.00";"0.0"
"2023-08-24 10:00:00.000";"27.80";"43.83";"0.00";"0.00";"0.0"
"2023-08-24 11:00:00.000";"30.80";"45.33";"0.33";"0.00";"0.0"
"2023-08-24 12:00:00.000";"31.30";"46.67";"1.12";"0.00";"0.0"
"2023-08-24 13:00:00.000";"31.95";"41.17";"1.37";"0.00";"0.0"
"2023-08-24 14:00:00.000";"32.33";"36.00";"1.93";"0.00";"0.0"
"2023-08-24 15:00:00.000";"33.27";"30.17";"1.42";"0.00";"0.0"
"2023-08-24 16:00:00.000";"33.57";"27.83";"1.58";"0.00";"0.0"
"2023-08-24 17:00:00.000";"33.10";"32.00";"1.63";"0.00";"0.0"
"2023-08-24 18:00:00.000";"32.37";"38.50";"1.28";"0.00";"0.0"
"2023-08-24 19:00:00.000";"30.42";"51.67";"0.15";"0.00";"0.0"
"2023-08-24 20:00:00.000";"27.83";"58.33";"0.00";"0.00";"0.0"
"2023-08-24 21:00:00.000";"25.42";"64.33";"0.00";"0.00";"0.0"
"2023-08-24 22:00:00.000";"23.33";"70.50";"0.00";"0.00";"0.0"
"2023-08-24 23:00:00.000";"22.37";"76.33";"0.00";"0.00";"0.0"
"2023-08-25 00:00:00.000";"21.63";"79.50";"0.00";"0.00";"0.0"
"2023-08-25 01:00:00.000";"21.23";"82.00";"0.00";"0.00";"0.0"
"2023-08-25 02:00:00.000";"20.03";"81.50";"0.00";"0.00";"0.0"
"2023-08-25 03:00:00.000";"19.68";"81.33";"0.00";"0.00";"0.0"
"2023-08-25 04:00:00.000";"20.13";"69.67";"0.00";"0.00";"0.0"
"2023-08-25 05:00:00.000";"19.93";"59.83";"0.00";"0.00";"0.0"
"2023-08-25 06:00:00.000";"20.30";"55.83";"0.00";"0.00";"0.0"
"2023-08-25 07:00:00.000";"24.23";"43.33";"0.00";"0.00";"0.0"
"2023-08-25 08:00:00.000";"22.12";"50.00";"0.00";"0.00";"0.0"
"2023-08-25 09:00:00.000";"23.62";"51.67";"0.00";"0.00";"0.0"
"2023-08-25 10:00:00.000";"26.85";"57.00";"0.00";"0.00";"0.0"
"2023-08-25 11:00:00.000";"29.57";"51.50";"0.02";"0.00";"0.0"
"2023-08-25 12:00:00.000";"32.28";"44.83";"0.17";"0.00";"0.0"
"2023-08-25 13:00:00.000";"32.70";"41.50";"1.53";"0.00";"0.0"
"2023-08-25 14:00:00.000";"31.85";"42.83";"1.67";"0.00";"0.0"
"2023-08-25 15:00:00.000";"33.40";"30.83";"1.18";"0.00";"0.0"
"2023-08-25 16:00:00.000";"34.05";"26.00";"2.03";"0.00";"0.0"
"2023-08-25 17:00:00.000";"33.47";"32.00";"2.83";"0.00";"0.0"
"2023-08-25 18:00:00.000";"26.10";"56.67";"6.57";"0.67";"2.1"
"2023-08-25 19:00:00.000";"22.23";"79.00";"0.00";"1.00";"0.6"
"2023-08-25 20:00:00.000";"22.50";"76.17";"0.00";"0.67";"0.0"
"2023-08-25 21:00:00.000";"21.88";"73.17";"0.00";"0.00";"0.0"
"2023-08-25 22:00:00.000";"21.85";"74.83";"0.00";"0.00";"0.0"
"2023-08-25 23:00:00.000";"20.87";"75.17";"0.00";"0.00";"0.0"
"2023-08-26 00:00:00.000";"20.40";"73.33";"0.00";"0.00";"0.0"
"2023-08-26 01:00:00.000";"21.05";"70.00";"0.00";"0.00";"0.0"
"2023-08-26 02:00:00.000";"20.33";"72.83";"0.00";"0.00";"0.0"
"2023-08-26 03:00:00.000";"20.42";"71.67";"0.00";"0.00";"0.0"
"2023-08-26 04:00:00.000";"19.50";"74.50";"0.00";"0.00";"0.0"
"2023-08-26 05:00:00.000";"20.00";"70.67";"0.00";"0.00";"0.0"
"2023-08-26 06:00:00.000";"19.13";"74.33";"0.00";"0.00";"0.0"
"2023-08-26 07:00:00.000";"19.20";"73.33";"0.00";"0.00";"0.0"
"2023-08-26 08:00:00.000";"18.38";"78.00";"0.00";"0.00";"0.0"
"2023-08-26 09:00:00.000";"22.83";"65.50";"0.00";"0.00";"0.0"
"2023-08-26 10:00:00.000";"27.87";"51.67";"0.00";"0.00";"0.0"
"2023-08-26 11:00:00.000";"31.23";"43.17";"0.02";"0.00";"0.0"
"2023-08-26 12:00:00.000";"32.20";"41.83";"0.43";"0.00";"0.0"
"2023-08-26 13:00:00.000";"33.47";"35.33";"2.38";"0.00";"0.0"
"2023-08-26 14:00:00.000";"33.42";"31.50";"1.93";"0.00";"0.0"
"2023-08-26 15:00:00.000";"34.83";"29.50";"2.72";"0.00";"0.0"
"2023-08-26 16:00:00.000";"30.70";"37.17";"1.45";"0.00";"0.0"
"2023-08-26 17:00:00.000";"30.45";"42.20";"0.23";"0.00";"0.0"
"2023-08-26 18:00:00.000";"29.30";"41.50";"1.28";"0.00";"0.0"
"2023-08-26 19:00:00.000";"21.85";"69.83";"0.35";"0.83";"1.8"
"2023-08-26 20:00:00.000";"22.33";"66.50";"0.22";"0.50";"0.0"
"2023-08-26 21:00:00.000";"21.97";"64.00";"0.03";"0.00";"0.0"
"2023-08-26 22:00:00.000";"21.62";"67.50";"0.00";"0.00";"0.0"
"2023-08-26 23:00:00.000";"21.63";"65.67";"0.00";"0.00";"0.0"
"2023-08-27 00:00:00.000";"20.30";"70.17";"0.00";"0.00";"0.0"
"2023-08-27 01:00:00.000";"19.78";"74.17";"0.00";"0.00";"0.0"
"2023-08-27 02:00:00.000";"20.62";"73.50";"0.00";"0.00";"0.0"
"2023-08-27 03:00:00.000";"19.62";"80.67";"0.00";"0.00";"0.0"
"2023-08-27 04:00:00.000";"18.85";"84.50";"0.00";"0.00";"0.0"
"2023-08-27 05:00:00.000";"19.47";"78.17";"0.00";"0.00";"0.0"
"2023-08-27 06:00:00.000";"18.97";"70.67";"0.00";"0.00";"0.0"
"2023-08-27 07:00:00.000";"17.77";"71.67";"0.00";"0.00";"0.0"
"2023-08-27 08:00:00.000";"18.68";"68.33";"0.00";"0.00";"0.0"
"2023-08-27 09:00:00.000";"21.98";"62.67";"0.00";"0.00";"0.0"
"2023-08-27 10:00:00.000";"27.83";"45.17";"0.00";"0.00";"0.0"
"2023-08-27 11:00:00.000";"30.40";"39.17";"0.03";"0.00";"0.0"
"2023-08-27 12:00:00.000";"33.18";"32.17";"0.05";"0.00";"0.0"
"2023-08-27 13:00:00.000";"34.62";"30.50";"0.77";"0.00";"0.0"
"2023-08-27 14:00:00.000";"35.45";"24.00";"2.03";"0.00";"0.0"
"2023-08-27 15:00:00.000";"35.98";"24.50";"2.12";"0.00";"0.0"
"2023-08-27 16:00:00.000";"35.47";"24.67";"3.02";"0.00";"0.0"
"2023-08-27 17:00:00.000";"33.23";"39.17";"5.82";"0.00";"0.0"
"2023-08-27 18:00:00.000";"31.53";"45.00";"5.13";"0.00";"0.0"
"2023-08-27 19:00:00.000";"30.78";"45.50";"0.70";"0.00";"0.0"
"2023-08-27 20:00:00.000";"28.30";"53.67";"0.62";"0.00";"0.0"
"2023-08-27 21:00:00.000";"26.35";"54.67";"0.08";"0.00";"0.0"
"2023-08-27 22:00:00.000";"24.42";"53.50";"0.00";"0.00";"0.0"
"2023-08-27 23:00:00.000";"23.52";"52.17";"0.00";"0.00";"0.0"
"2023-08-28 00:00:00.000";"21.73";"57.00";"0.00";"0.00";"0.0"
"2023-08-28 01:00:00.000";"20.18";"62.83";"0.00";"0.00";"0.0"
"2023-08-28 02:00:00.000";"19.85";"65.67";"0.00";"0.00";"0.0"
"2023-08-28 03:00:00.000";"20.40";"72.17";"0.00";"0.00";"0.0"
"2023-08-28 04:00:00.000";"20.97";"81.83";"0.00";"0.00";"0.0"
"2023-08-28 05:00:00.000";"21.03";"92.17";"0.00";"1.00";"0.0"
"2023-08-28 06:00:00.000";"20.05";"92.17";"0.00";"1.00";"0.0"
"2023-08-28 07:00:00.000";"20.47";"93.67";"0.00";"1.00";"0.0"
"2023-08-28 08:00:00.000";"21.10";"84.67";"0.00";"0.00";"0.0"
"2023-08-28 09:00:00.000";"23.03";"77.83";"0.00";"0.00";"0.0"
"2023-08-28 10:00:00.000";"27.70";"57.33";"0.00";"0.00";"0.0"
"2023-08-28 11:00:00.000";"30.48";"50.00";"0.03";"0.00";"0.0"
"2023-08-28 12:00:00.000";"31.02";"50.33";"1.55";"0.00";"0.0"
"2023-08-28 13:00:00.000";"31.58";"48.17";"3.82";"0.00";"0.0"
"2023-08-28 14:00:00.000";"32.93";"41.33";"4.20";"0.00";"0.0"
"2023-08-28 15:00:00.000";"32.78";"41.00";"4.72";"0.00";"0.0"
"2023-08-28 16:00:00.000";"32.30";"41.50";"5.65";"0.00";"0.0"
"2023-08-28 17:00:00.000";"30.92";"47.83";"4.37";"0.00";"0.0"
"2023-08-28 18:00:00.000";"31.92";"43.33";"2.05";"0.00";"0.0"
"2023-08-28 19:00:00.000";"30.42";"48.17";"1.15";"0.00";"0.0"
"2023-08-28 20:00:00.000";"28.30";"53.33";"0.13";"0.00";"0.0"
"2023-08-28 21:00:00.000";"25.00";"57.67";"0.00";"0.00";"0.0"
"2023-08-28 22:00:00.000";"22.23";"65.67";"0.00";"0.00";"0.0"
"2023-08-28 23:00:00.000";"21.03";"62.33";"0.00";"0.00";"0.0"
"2023-08-29 00:00:00.000";"20.73";"55.17";"0.00";"0.00";"0.0"
"2023-08-29 01:00:00.000";"20.42";"50.67";"0.00";"0.00";"0.0"
"2023-08-29 02:00:00.000";"19.78";"52.33";"0.00";"0.00";"0.0"
"2023-08-29 03:00:00.000";"19.12";"51.83";"0.00";"0.00";"0.0"
"2023-08-29 04:00:00.000";"18.25";"55.17";"0.00";"0.00";"0.0"
"2023-08-29 05:00:00.000";"18.97";"51.83";"0.00";"0.00";"0.0"
"2023-08-29 06:00:00.000";"18.38";"53.17";"0.00";"0.00";"0.0"
"2023-08-29 07:00:00.000";"17.68";"54.50";"0.00";"0.00";"0.0"
"2023-08-29 08:00:00.000";"17.85";"54.67";"0.00";"0.00";"0.0"
"2023-08-29 09:00:00.000";"21.98";"49.00";"0.00";"0.00";"0.0"
"2023-08-29 10:00:00.000";"28.28";"36.17";"0.00";"0.00";"0.0"
"2023-08-29 11:00:00.000";"31.72";"29.67";"0.98";"0.00";"0.0"
"2023-08-29 12:00:00.000";"28.95";"52.83";"3.40";"0.00";"0.0"
"2023-08-29 13:00:00.000";"29.08";"55.83";"2.67";"0.00";"0.0"
"2023-08-29 14:00:00.000";"30.47";"52.17";"1.95";"0.00";"0.0"
"2023-08-29 15:00:00.000";"30.90";"52.33";"3.13";"0.00";"0.0"
"2023-08-29 16:00:00.000";"30.57";"52.33";"3.75";"0.00";"0.0"
"2023-08-29 17:00:00.000";"30.08";"52.33";"4.18";"0.00";"0.0"
"2023-08-29 18:00:00.000";"28.32";"60.67";"3.12";"0.00";"0.0"
"2023-08-29 19:00:00.000";"27.65";"60.83";"2.22";"0.00";"0.0"
"2023-08-29 20:00:00.000";"26.23";"56.17";"1.47";"0.00";"0.0"
"2023-08-29 21:00:00.000";"24.52";"60.83";"0.38";"0.00";"0.0"
"2023-08-29 22:00:00.000";"23.02";"65.33";"0.00";"0.00";"0.0"
"2023-08-29 23:00:00.000";"22.40";"67.83";"0.03";"0.00";"0.0"
"2023-08-30 00:00:00.000";"22.58";"69.33";"0.03";"0.00";"0.0"
"2023-08-30 01:00:00.000";"22.13";"67.83";"0.00";"0.00";"0.0"
"2023-08-30 02:00:00.000";"20.83";"68.50";"0.00";"0.00";"0.0"
"2023-08-30 03:00:00.000";"18.60";"73.00";"0.00";"0.00";"0.0"
"2023-08-30 04:00:00.000";"17.97";"75.33";"0.00";"0.00";"0.0"
"2023-08-30 05:00:00.000";"19.30";"74.00";"0.00";"0.00";"0.0"
"2023-08-30 06:00:00.000";"18.38";"76.50";"0.00";"0.00";"0.0"
"2023-08-30 07:00:00.000";"17.82";"81.83";"0.00";"0.00";"0.0"
"2023-08-30 08:00:00.000";"18.05";"86.00";"0.00";"0.00";"0.0"
"2023-08-30 09:00:00.000";"21.73";"73.17";"0.08";"0.00";"0.0"
"2023-08-30 10:00:00.000";"25.02";"59.17";"0.60";"0.00";"0.0"
"2023-08-30 11:00:00.000";"26.85";"50.67";"1.85";"0.00";"0.0"
"2023-08-30 12:00:00.000";"27.70";"48.17";"1.95";"0.00";"0.0"
"2023-08-30 13:00:00.000";"27.67";"50.00";"4.45";"0.00";"0.0"
"2023-08-30 14:00:00.000";"28.38";"49.33";"5.42";"0.00";"0.0"
"2023-08-30 15:00:00.000";"27.42";"50.83";"3.57";"0.00";"0.0"
"2023-08-30 16:00:00.000";"28.92";"38.83";"5.17";"0.00";"0.0"
"2023-08-30 17:00:00.000";"28.87";"43.00";"5.57";"0.00";"0.0"
"2023-08-30 18:00:00.000";"28.47";"47.50";"4.33";"0.00";"0.0"
"2023-08-30 19:00:00.000";"26.78";"53.83";"3.80";"0.00";"0.0"
"2023-08-30 20:00:00.000";"25.40";"57.17";"1.98";"0.00";"0.0"
"2023-08-30 21:00:00.000";"23.98";"63.50";"0.50";"0.00";"0.0"
"2023-08-30 22:00:00.000";"23.45";"64.17";"0.05";"0.00";"0.0"
"2023-08-30 23:00:00.000";"23.07";"64.83";"0.00";"0.00";"0.0"
"2023-08-31 00:00:00.000";"22.82";"66.67";"0.05";"0.00";"0.0"
"2023-08-31 01:00:00.000";"22.05";"68.67";"0.00";"0.00";"0.0"
"2023-08-31 02:00:00.000";"20.13";"69.33";"0.00";"0.00";"0.0"
"2023-08-31 03:00:00.000";"18.47";"73.17";"0.00";"0.00";"0.0"
"2023-08-31 04:00:00.000";"17.87";"76.17";"0.00";"0.00";"0.0"
"2023-08-31 05:00:00.000";"17.38";"77.67";"0.00";"0.00";"0.0"
"2023-08-31 06:00:00.000";"17.62";"77.67";"0.00";"0.00";"0.0"
"2023-08-31 07:00:00.000";"17.08";"78.50";"0.00";"0.00";"0.0"
"2023-08-31 08:00:00.000";"17.22";"79.00";"0.00";"0.00";"0.0"
"2023-08-31 09:00:00.000";"20.82";"71.33";"0.00";"0.00";"0.0"
"2023-08-31 10:00:00.000";"24.43";"58.17";"0.15";"0.00";"0.0"
"2023-08-31 11:00:00.000";"26.65";"46.83";"0.72";"0.00";"0.0"
"2023-08-31 12:00:00.000";"27.73";"44.67";"2.02";"0.00";"0.0"
"2023-08-31 13:00:00.000";"28.70";"41.50";"3.42";"0.00";"0.0"
"2023-08-31 14:00:00.000";"29.07";"39.17";"5.15";"0.00";"0.0"
"2023-08-31 15:00:00.000";"29.45";"37.67";"6.50";"0.00";"0.0"
"2023-08-31 16:00:00.000";"29.48";"34.33";"3.28";"0.00";"0.0"
"2023-08-31 17:00:00.000";"29.48";"35.33";"2.62";"0.00";"0.0"
"2023-08-31 18:00:00.000";"28.45";"40.33";"2.55";"0.00";"0.0"
"2023-08-31 19:00:00.000";"26.73";"44.67";"2.40";"0.00";"0.0"
"2023-08-31 20:00:00.000";"24.93";"49.17";"1.25";"0.00";"0.0"
"2023-08-31 21:00:00.000";"23.37";"53.17";"0.13";"0.00";"0.0"
"2023-08-31 22:00:00.000";"22.70";"56.33";"0.03";"0.00";"0.0"
"2023-08-31 23:00:00.000";"21.25";"59.83";"0.00";"0.00";"0.0"
"2023-09-01 00:00:00.000";"18.58";"64.83";"0.00";"0.00";"0.0"
"2023-09-01 01:00:00.000";"17.30";"70.50";"0.00";"0.00";"0.0"
"2023-09-01 02:00:00.000";"17.72";"73.50";"0.00";"0.00";"0.0"
"2023-09-01 03:00:00.000";"19.97";"72.00";"0.12";"0.00";"0.0"
"2023-09-01 04:00:00.000";"21.70";"65.50";"0.12";"0.00";"0.0"
"2023-09-01 05:00:00.000";"20.42";"67.17";"0.00";"0.00";"0.0"
"2023-09-01 06:00:00.000";"19.90";"67.00";"0.00";"0.00";"0.0"
"2023-09-01 07:00:00.000";"19.47";"70.00";"0.00";"0.50";"0.3"
"2023-09-01 08:00:00.000";"18.48";"85.33";"0.00";"1.00";"0.3"
"2023-09-01 09:00:00.000";"19.52";"84.00";"0.00";"1.00";"0.0"
"2023-09-01 10:00:00.000";"22.02";"67.67";"0.02";"0.00";"0.0"
"2023-09-01 11:00:00.000";"24.12";"58.83";"0.33";"0.00";"0.0"
"2023-09-01 12:00:00.000";"25.22";"51.83";"1.18";"0.00";"0.0"
"2023-09-01 13:00:00.000";"26.75";"44.83";"1.65";"0.00";"0.0"
"2023-09-01 14:00:00.000";"27.08";"42.67";"3.02";"0.00";"0.0"
"2023-09-01 15:00:00.000";"26.77";"40.50";"2.48";"0.00";"0.0"
"2023-09-01 16:00:00.000";"26.20";"42.67";"3.42";"0.00";"0.0"
"2023-09-01 17:00:00.000";"27.10";"42.67";"2.18";"0.00";"0.0"
"2023-09-01 18:00:00.000";"27.03";"43.17";"2.92";"0.00";"0.0"
"2023-09-01 19:00:00.000";"26.15";"45.67";"1.97";"0.00";"0.0"
"2023-09-01 20:00:00.000";"23.73";"57.50";"1.05";"0.00";"0.0"
"2023-09-01 21:00:00.000";"22.47";"61.17";"0.23";"0.00";"0.0"
"2023-09-01 22:00:00.000";"21.52";"65.67";"0.02";"0.00";"0.0"
"2023-09-01 23:00:00.000";"21.00";"68.00";"0.13";"0.00";"0.0"
"2023-09-02 00:00:00.000";"20.37";"69.00";"0.02";"0.00";"0.0"
"2023-09-02 01:00:00.000";"19.60";"66.33";"0.00";"0.00";"0.0"
"2023-09-02 02:00:00.000";"16.97";"68.33";"0.00";"0.00";"0.0"
"2023-09-02 03:00:00.000";"15.68";"69.50";"0.00";"0.00";"0.0"
"2023-09-02 04:00:00.000";"16.77";"67.50";"0.00";"0.00";"0.0"
"2023-09-02 05:00:00.000";"15.23";"67.83";"0.00";"0.00";"0.0"
"2023-09-02 06:00:00.000";"14.33";"72.83";"0.00";"0.00";"0.0"
"2023-09-02 07:00:00.000";"14.67";"74.00";"0.00";"0.00";"0.0"
"2023-09-02 08:00:00.000";"15.57";"72.67";"0.00";"0.00";"0.0"
"2023-09-02 09:00:00.000";"19.27";"64.33";"0.00";"0.00";"0.0"
"2023-09-02 10:00:00.000";"23.93";"51.83";"0.02";"0.00";"0.0"
"2023-09-02 11:00:00.000";"27.15";"42.67";"0.15";"0.00";"0.0"
"2023-09-02 12:00:00.000";"29.77";"35.83";"0.12";"0.00";"0.0"
"2023-09-02 13:00:00.000";"30.63";"33.50";"1.53";"0.00";"0.0"
"2023-09-02 14:00:00.000";"30.67";"37.33";"3.35";"0.00";"0.0"
"2023-09-02 15:00:00.000";"30.80";"38.33";"3.75";"0.00";"0.0"
"2023-09-02 16:00:00.000";"30.78";"34.50";"4.63";"0.00";"0.0"
"2023-09-02 17:00:00.000";"31.12";"36.50";"4.15";"0.00";"0.0"
"2023-09-02 18:00:00.000";"30.18";"40.67";"3.85";"0.00";"0.0"
"2023-09-02 19:00:00.000";"28.33";"47.67";"1.03";"0.00";"0.0"
"2023-09-02 20:00:00.000";"25.40";"57.67";"0.18";"0.00";"0.0"
"2023-09-02 21:00:00.000";"22.98";"63.17";"0.00";"0.00";"0.0"
"2023-09-02 22:00:00.000";"20.88";"68.67";"0.00";"0.00";"0.0"
"2023-09-02 23:00:00.000";"20.22";"68.33";"0.00";"0.00";"0.0"
"2023-09-03 00:00:00.000";"18.78";"67.17";"0.00";"0.00";"0.0"
"2023-09-03 01:00:00.000";"17.58";"66.67";"0.00";"0.00";"0.0"
"2023-09-03 02:00:00.000";"17.02";"64.67";"0.00";"0.00";"0.0"
"2023-09-03 03:00:00.000";"17.93";"60.00";"0.00";"0.00";"0.0"
"2023-09-03 04:00:00.000";"19.85";"53.33";"0.00";"0.00";"0.0"
"2023-09-03 05:00:00.000";"21.18";"49.83";"0.00";"0.00";"0.0"
"2023-09-03 06:00:00.000";"22.37";"44.17";"0.02";"0.00";"0.0"
"2023-09-03 07:00:00.000";"21.82";"43.67";"0.00";"0.00";"0.0"
"2023-09-03 08:00:00.000";"20.12";"48.33";"0.00";"0.00";"0.0"
"2023-09-03 09:00:00.000";"22.72";"46.50";"0.00";"0.00";"0.0"
"2023-09-03 10:00:00.000";"27.97";"33.17";"0.62";"0.00";"0.0"
"2023-09-03 11:00:00.000";"30.25";"28.00";"1.07";"0.00";"0.0"
"2023-09-03 12:00:00.000";"32.20";"24.50";"1.05";"0.00";"0.0"
"2023-09-03 13:00:00.000";"32.97";"23.50";"0.88";"0.00";"0.0"
"2023-09-03 14:00:00.000";"31.55";"30.00";"2.43";"0.00";"0.0"
"2023-09-03 15:00:00.000";"33.23";"24.50";"3.27";"0.00";"0.0"
"2023-09-03 16:00:00.000";"32.62";"24.67";"3.93";"0.00";"0.0"
"2023-09-03 17:00:00.000";"32.12";"27.00";"3.67";"0.00";"0.0"
"2023-09-03 18:00:00.000";"31.03";"30.50";"4.88";"0.00";"0.0"
"2023-09-03 19:00:00.000";"29.45";"34.83";"2.22";"0.00";"0.0"
"2023-09-03 20:00:00.000";"27.62";"41.83";"0.50";"0.00";"0.0"
"2023-09-03 21:00:00.000";"26.15";"45.67";"0.12";"0.00";"0.0"
"2023-09-03 22:00:00.000";"25.30";"43.50";"0.47";"0.00";"0.0"
"2023-09-03 23:00:00.000";"22.38";"49.17";"0.00";"0.00";"0.0"
"2023-09-04 00:00:00.000";"22.27";"50.00";"0.00";"0.00";"0.0"
"2023-09-04 01:00:00.000";"24.12";"43.33";"0.00";"0.00";"0.0"
"2023-09-04 02:00:00.000";"20.42";"50.67";"0.00";"0.00";"0.0"
"2023-09-04 03:00:00.000";"19.35";"53.50";"0.00";"0.00";"0.0"
"2023-09-04 04:00:00.000";"19.28";"53.83";"0.00";"0.00";"0.0"
"2023-09-04 05:00:00.000";"18.82";"55.67";"0.00";"0.00";"0.0"
"2023-09-04 06:00:00.000";"18.75";"56.00";"0.00";"0.00";"0.0"
"2023-09-04 07:00:00.000";"19.67";"56.33";"0.00";"0.00";"0.0"
"2023-09-04 08:00:00.000";"18.87";"60.50";"0.00";"0.00";"0.0"
"2023-09-04 09:00:00.000";"20.92";"60.83";"0.00";"0.00";"0.0"
"2023-09-04 10:00:00.000";"25.93";"51.33";"0.00";"0.00";"0.0"
"2023-09-04 11:00:00.000";"28.25";"44.33";"0.53";"0.00";"0.0"
"2023-09-04 12:00:00.000";"28.55";"50.33";"1.15";"0.00";"0.0"
"2023-09-04 13:00:00.000";"29.02";"49.67";"2.08";"0.00";"0.0"
"2023-09-04 14:00:00.000";"28.25";"53.83";"3.02";"0.00";"0.0"
"2023-09-04 15:00:00.000";"27.85";"55.00";"2.03";"0.00";"0.0"
"2023-09-04 16:00:00.000";"27.62";"47.50";"0.55";"0.00";"0.0"
"2023-09-04 17:00:00.000";"27.42";"47.33";"0.30";"0.00";"0.0"
"2023-09-04 18:00:00.000";"25.70";"57.83";"1.15";"0.00";"0.0"
"2023-09-04 19:00:00.000";"21.05";"73.83";"4.45";"0.50";"9.9"
"2023-09-04 20:00:00.000";"18.00";"92.67";"1.08";"1.00";"0.3"
"2023-09-04 21:00:00.000";"17.18";"93.00";"1.07";"1.00";"0.0"
"2023-09-04 22:00:00.000";"17.18";"91.50";"0.23";"1.00";"0.0"
"2023-09-04 23:00:00.000";"17.78";"85.33";"0.00";"0.00";"0.0"
"2023-09-05 00:00:00.000";"18.88";"81.50";"0.15";"0.00";"0.0"
"2023-09-05 01:00:00.000";"19.15";"81.00";"0.12";"0.00";"0.0"
"2023-09-05 02:00:00.000";"18.68";"79.67";"0.55";"0.00";"0.0"
"2023-09-05 03:00:00.000";"17.58";"85.83";"0.25";"1.00";"0.3"
"2023-09-05 04:00:00.000";"17.92";"87.83";"0.08";"1.00";"0.6"
"2023-09-05 05:00:00.000";"17.33";"86.67";"0.13";"1.00";"0.0"
"2023-09-05 06:00:00.000";"16.50";"90.50";"1.17";"1.00";"2.4"
"2023-09-05 07:00:00.000";"16.28";"94.00";"0.15";"1.00";"6.6"
"2023-09-05 08:00:00.000";"16.43";"94.50";"0.07";"1.00";"2.4"
"2023-09-05 09:00:00.000";"16.93";"95.00";"0.05";"1.00";"2.1"
"2023-09-05 10:00:00.000";"18.20";"94.83";"0.00";"1.00";"0.0"
"2023-09-05 11:00:00.000";"19.60";"88.00";"0.38";"0.00";"0.0"
"2023-09-05 12:00:00.000";"22.55";"76.50";"0.35";"0.00";"0.0"
"2023-09-05 13:00:00.000";"24.22";"66.17";"0.08";"0.00";"0.0"
"2023-09-05 14:00:00.000";"24.88";"56.67";"1.77";"0.00";"0.0"
"2023-09-05 15:00:00.000";"24.53";"53.83";"0.63";"0.00";"0.0"
"2023-09-05 16:00:00.000";"25.43";"50.17";"1.63";"0.00";"0.0"
"2023-09-05 17:00:00.000";"24.23";"53.67";"1.72";"0.00";"0.0"
"2023-09-05 18:00:00.000";"21.65";"62.67";"3.37";"0.17";"0.6"
"2023-09-05 19:00:00.000";"17.73";"88.33";"0.12";"1.00";"2.1"
"2023-09-05 20:00:00.000";"17.52";"89.33";"0.03";"1.00";"0.0"
"2023-09-05 21:00:00.000";"17.27";"89.67";"0.00";"1.00";"0.0"
"2023-09-05 22:00:00.000";"17.13";"90.67";"0.00";"1.00";"0.0"
"2023-09-05 23:00:00.000";"17.27";"89.17";"0.00";"0.33";"0.0"
"2023-09-06 00:00:00.000";"17.68";"87.33";"0.00";"0.83";"0.9"
"2023-09-06 01:00:00.000";"17.72";"91.17";"0.05";"1.00";"0.3"
"2023-09-06 02:00:00.000";"17.92";"84.00";"0.02";"1.00";"0.0"
"2023-09-06 03:00:00.000";"17.73";"85.83";"0.00";"0.33";"0.0"
"2023-09-06 04:00:00.000";"18.07";"84.67";"0.00";"0.67";"0.0"
"2023-09-06 05:00:00.000";"18.60";"81.83";"0.40";"0.00";"0.3"
"2023-09-06 06:00:00.000";"17.95";"91.83";"0.00";"0.33";"0.0"
"2023-09-06 07:00:00.000";"17.62";"93.33";"0.13";"0.50";"3.0"
"2023-09-06 08:00:00.000";"17.77";"95.00";"0.17";"1.00";"0.3"
"2023-09-06 09:00:00.000";"18.45";"94.17";"0.00";"1.00";"0.3"
"2023-09-06 10:00:00.000";"20.42";"87.17";"1.35";"0.33";"0.0"
"2023-09-06 11:00:00.000";"22.48";"76.17";"2.30";"0.00";"0.0"
"2023-09-06 12:00:00.000";"23.05";"73.17";"2.83";"0.00";"0.0"
"2023-09-06 13:00:00.000";"23.52";"71.83";"1.52";"0.00";"0.0"
"2023-09-06 14:00:00.000";"25.03";"67.33";"1.17";"0.00";"0.0"
"2023-09-06 15:00:00.000";"26.20";"58.17";"0.72";"0.00";"0.0"
"2023-09-06 16:00:00.000";"25.78";"56.67";"3.47";"0.00";"0.0"
"2023-09-06 17:00:00.000";"26.28";"53.00";"1.60";"0.00";"0.0"
"2023-09-06 18:00:00.000";"27.20";"49.67";"0.15";"0.00";"0.0"
"2023-09-06 19:00:00.000";"26.85";"48.83";"1.33";"0.00";"0.0"
"2023-09-06 20:00:00.000";"24.42";"56.33";"0.18";"0.00";"0.0"
"2023-09-06 21:00:00.000";"21.73";"65.33";"0.00";"0.00";"0.0"
"2023-09-06 22:00:00.000";"20.35";"71.17";"0.00";"0.00";"0.0"
"2023-09-06 23:00:00.000";"19.82";"73.00";"0.00";"0.00";"0.0"
"2023-09-07 00:00:00.000";"19.28";"72.67";"0.00";"0.00";"0.0"
"2023-09-07 01:00:00.000";"20.12";"72.17";"0.00";"0.00";"0.0"
"2023-09-07 02:00:00.000";"19.30";"75.00";"0.00";"0.00";"0.0"
"2023-09-07 03:00:00.000";"19.73";"72.00";"0.00";"0.00";"0.0"
"2023-09-07 04:00:00.000";"21.75";"62.17";"0.00";"0.00";"0.0"
"2023-09-07 05:00:00.000";"21.40";"61.33";"0.00";"0.00";"0.0"
"2023-09-07 06:00:00.000";"20.80";"63.17";"0.00";"0.00";"0.0"
"2023-09-07 07:00:00.000";"19.75";"69.50";"0.00";"0.17";"0.0"
"2023-09-07 08:00:00.000";"19.58";"73.50";"0.00";"0.33";"0.3"
"2023-09-07 09:00:00.000";"20.03";"74.33";"0.12";"0.17";"0.0"
"2023-09-07 10:00:00.000";"23.12";"63.67";"0.18";"0.00";"0.0"
"2023-09-07 11:00:00.000";"26.75";"50.17";"1.25";"0.00";"0.0"
"2023-09-07 12:00:00.000";"28.18";"45.67";"1.12";"0.00";"0.0"
"2023-09-07 13:00:00.000";"29.45";"42.00";"2.50";"0.00";"0.0"
"2023-09-07 14:00:00.000";"29.73";"40.00";"4.43";"0.00";"0.0"
"2023-09-07 15:00:00.000";"29.95";"36.33";"0.97";"0.00";"0.0"
"2023-09-07 16:00:00.000";"29.03";"39.83";"1.03";"0.00";"0.0"
"2023-09-07 17:00:00.000";"28.65";"40.00";"1.08";"0.00";"0.0"
"2023-09-07 18:00:00.000";"27.80";"42.00";"0.72";"0.00";"0.0"
"2023-09-07 19:00:00.000";"26.78";"44.50";"3.15";"0.00";"0.0"
"2023-09-07 20:00:00.000";"25.67";"46.00";"4.03";"0.00";"0.0"
"2023-09-07 21:00:00.000";"25.63";"44.17";"3.82";"0.00";"0.0"
"2023-09-07 22:00:00.000";"25.77";"43.67";"3.57";"0.00";"0.0"
"2023-09-07 23:00:00.000";"25.85";"43.00";"3.97";"0.00";"0.0"
"2023-09-08 00:00:00.000";"25.72";"43.33";"4.83";"0.00";"0.0"
"2023-09-08 01:00:00.000";"25.52";"44.00";"1.47";"0.00";"0.0"
"2023-09-08 02:00:00.000";"25.58";"44.00";"1.75";"0.00";"0.0"
"2023-09-08 03:00:00.000";"25.18";"45.83";"2.17";"0.00";"0.0"
"2023-09-08 04:00:00.000";"24.90";"47.00";"2.12";"0.00";"0.0"
"2023-09-08 05:00:00.000";"24.88";"47.83";"1.50";"0.00";"0.0"
"2023-09-08 06:00:00.000";"24.73";"46.83";"2.03";"0.00";"0.0"
"2023-09-08 07:00:00.000";"24.83";"45.17";"3.55";"0.00";"0.0"
"2023-09-08 08:00:00.000";"24.57";"45.17";"3.52";"0.00";"0.0"
"2023-09-08 09:00:00.000";"24.88";"44.33";"4.10";"0.00";"0.0"
"2023-09-08 10:00:00.000";"25.50";"43.50";"2.58";"0.00";"0.0"
"2023-09-08 11:00:00.000";"26.50";"41.50";"2.43";"0.00";"0.0"
"2023-09-08 12:00:00.000";"27.72";"39.00";"2.08";"0.00";"0.0"
"2023-09-08 13:00:00.000";"28.58";"38.00";"1.62";"0.00";"0.0"
"2023-09-08 14:00:00.000";"30.00";"34.83";"1.52";"0.00";"0.0"
"2023-09-08 15:00:00.000";"31.02";"34.33";"1.23";"0.00";"0.0"
"2023-09-08 16:00:00.000";"28.32";"49.17";"2.15";"0.00";"0.0"
"2023-09-08 17:00:00.000";"27.45";"52.17";"1.25";"0.00";"0.0"
"2023-09-08 18:00:00.000";"28.37";"51.33";"0.38";"0.00";"0.0"
"2023-09-08 19:00:00.000";"27.42";"50.00";"0.15";"0.00";"0.0"
"2023-09-08 20:00:00.000";"25.82";"48.83";"0.13";"0.00";"0.0"
"2023-09-08 21:00:00.000";"24.97";"43.67";"1.25";"0.00";"0.0"
"2023-09-08 22:00:00.000";"24.48";"43.17";"0.93";"0.00";"0.0"
"2023-09-08 23:00:00.000";"24.15";"43.67";"0.52";"0.00";"0.0"
"2023-09-09 00:00:00.000";"24.20";"43.83";"0.63";"0.00";"0.0"
"2023-09-09 01:00:00.000";"24.10";"44.17";"0.58";"0.00";"0.0"
"2023-09-09 02:00:00.000";"23.95";"44.00";"0.65";"0.00";"0.0"
"2023-09-09 03:00:00.000";"23.78";"44.00";"0.77";"0.00";"0.0"
"2023-09-09 04:00:00.000";"23.82";"43.83";"1.65";"0.00";"0.0"
"2023-09-09 05:00:00.000";"23.87";"42.50";"1.60";"0.00";"0.0"
"2023-09-09 06:00:00.000";"23.63";"43.00";"0.40";"0.00";"0.0"
"2023-09-09 07:00:00.000";"23.63";"42.67";"1.38";"0.00";"0.0"
"2023-09-09 08:00:00.000";"23.35";"43.67";"0.12";"0.00";"0.0"
"2023-09-09 09:00:00.000";"24.78";"41.33";"0.10";"0.00";"0.0"
"2023-09-09 10:00:00.000";"26.28";"37.50";"0.18";"0.00";"0.0"
"2023-09-09 11:00:00.000";"27.90";"35.00";"0.13";"0.00";"0.0"
"2023-09-09 12:00:00.000";"30.05";"29.83";"0.13";"0.00";"0.0"
"2023-09-09 13:00:00.000";"30.18";"31.83";"0.67";"0.00";"0.0"
"2023-09-09 14:00:00.000";"29.37";"38.50";"3.08";"0.00";"0.0"
"2023-09-09 15:00:00.000";"29.43";"37.17";"2.30";"0.00";"0.0"
"2023-09-09 16:00:00.000";"29.65";"36.83";"2.12";"0.00";"0.0"
"2023-09-09 17:00:00.000";"29.50";"38.83";"2.10";"0.00";"0.0"
"2023-09-09 18:00:00.000";"28.35";"37.67";"1.78";"0.00";"0.0"
"2023-09-09 19:00:00.000";"26.70";"41.67";"0.63";"0.00";"0.0"
"2023-09-09 20:00:00.000";"24.75";"48.33";"0.00";"0.00";"0.0"
"2023-09-09 21:00:00.000";"21.53";"58.83";"0.00";"0.00";"0.0"
"2023-09-09 22:00:00.000";"19.85";"65.83";"0.00";"0.00";"0.0"
"2023-09-09 23:00:00.000";"18.83";"68.67";"0.00";"0.00";"0.0"
"2023-09-10 00:00:00.000";"18.97";"64.83";"0.00";"0.00";"0.0"
"2023-09-10 01:00:00.000";"20.95";"51.17";"0.00";"0.00";"0.0"
"2023-09-10 02:00:00.000";"21.68";"45.67";"0.02";"0.00";"0.0"
"2023-09-10 03:00:00.000";"20.93";"45.00";"0.03";"0.00";"0.0"
"2023-09-10 04:00:00.000";"20.88";"43.50";"0.07";"0.00";"0.0"
"2023-09-10 05:00:00.000";"20.48";"44.33";"0.00";"0.00";"0.0"
"2023-09-10 06:00:00.000";"19.87";"45.50";"0.20";"0.00";"0.0"
"2023-09-10 07:00:00.000";"19.60";"45.83";"0.10";"0.00";"0.0"
"2023-09-10 08:00:00.000";"16.97";"52.33";"0.00";"0.00";"0.0"
"2023-09-10 09:00:00.000";"19.03";"51.17";"0.00";"0.00";"0.0"
"2023-09-10 10:00:00.000";"24.40";"41.00";"0.08";"0.00";"0.0"
"2023-09-10 11:00:00.000";"27.03";"37.50";"0.15";"0.00";"0.0"
"2023-09-10 12:00:00.000";"27.28";"47.17";"2.63";"0.00";"0.0"
"2023-09-10 13:00:00.000";"27.67";"42.50";"4.33";"0.00";"0.0"
"2023-09-10 14:00:00.000";"28.50";"34.67";"3.45";"0.00";"0.0"
"2023-09-10 15:00:00.000";"28.72";"33.67";"4.28";"0.00";"0.0"
"2023-09-10 16:00:00.000";"29.33";"28.33";"1.35";"0.00";"0.0"
"2023-09-10 17:00:00.000";"29.30";"28.83";"1.87";"0.00";"0.0"
"2023-09-10 18:00:00.000";"28.28";"30.67";"1.23";"0.00";"0.0"
"2023-09-10 19:00:00.000";"27.07";"41.33";"0.00";"0.00";"0.0"
"2023-09-10 20:00:00.000";"24.67";"48.67";"0.00";"0.00";"0.0"
"2023-09-10 21:00:00.000";"22.20";"43.83";"0.02";"0.00";"0.0"
"2023-09-10 22:00:00.000";"22.32";"43.83";"0.05";"0.00";"0.0"
"2023-09-10 23:00:00.000";"22.78";"39.00";"0.92";"0.00";"0.0"
"2023-09-11 00:00:00.000";"22.33";"37.67";"1.07";"0.00";"0.0"
"2023-09-11 01:00:00.000";"23.03";"35.50";"1.38";"0.00";"0.0"
"2023-09-11 02:00:00.000";"23.42";"35.83";"3.47";"0.00";"0.0"
"2023-09-11 03:00:00.000";"23.30";"37.00";"6.17";"0.00";"0.0"
"2023-09-11 04:00:00.000";"23.10";"38.50";"6.23";"0.00";"0.0"
"2023-09-11 05:00:00.000";"23.03";"38.17";"3.12";"0.00";"0.0"
"2023-09-11 06:00:00.000";"22.92";"38.00";"5.73";"0.00";"0.0"
"2023-09-11 07:00:00.000";"22.40";"38.50";"3.65";"0.00";"0.0"
"2023-09-11 08:00:00.000";"22.28";"38.00";"2.77";"0.00";"0.0"
"2023-09-11 09:00:00.000";"22.83";"36.00";"2.45";"0.00";"0.0"
"2023-09-11 10:00:00.000";"24.48";"31.67";"2.05";"0.00";"0.0"
"2023-09-11 11:00:00.000";"26.62";"28.83";"1.87";"0.00";"0.0"
"2023-09-11 12:00:00.000";"28.90";"27.17";"0.65";"0.00";"0.0"
"2023-09-11 13:00:00.000";"30.45";"22.83";"0.13";"0.00";"0.0"
"2023-09-11 14:00:00.000";"28.98";"29.83";"3.35";"0.00";"0.0"
"2023-09-11 15:00:00.000";"28.87";"29.67";"2.53";"0.00";"0.0"
"2023-09-11 16:00:00.000";"28.75";"30.33";"3.18";"0.00";"0.0"
"2023-09-11 17:00:00.000";"28.80";"29.83";"2.43";"0.00";"0.0"
"2023-09-11 18:00:00.000";"29.07";"29.67";"1.00";"0.00";"0.0"
"2023-09-11 19:00:00.000";"27.67";"32.17";"0.38";"0.00";"0.0"
"2023-09-11 20:00:00.000";"24.60";"41.83";"0.00";"0.00";"0.0"
"2023-09-11 21:00:00.000";"20.12";"54.67";"0.00";"0.00";"0.0"
"2023-09-11 22:00:00.000";"19.05";"56.33";"0.00";"0.00";"0.0"
"2023-09-11 23:00:00.000";"19.98";"55.00";"0.00";"0.00";"0.0"
"2023-09-12 00:00:00.000";"21.63";"60.00";"0.22";"0.00";"0.0"
"2023-09-12 01:00:00.000";"20.88";"65.67";"0.07";"0.00";"0.0"
"2023-09-12 02:00:00.000";"18.83";"60.33";"0.00";"0.00";"0.0"
"2023-09-12 03:00:00.000";"18.68";"38.50";"0.00";"0.00";"0.0"
"2023-09-12 04:00:00.000";"19.10";"32.17";"0.00";"0.00";"0.0"
"2023-09-12 05:00:00.000";"16.47";"36.83";"0.00";"0.00";"0.0"
"2023-09-12 06:00:00.000";"18.80";"30.33";"0.07";"0.00";"0.0"
"2023-09-12 07:00:00.000";"16.77";"35.17";"0.00";"0.00";"0.0"
"2023-09-12 08:00:00.000";"15.48";"37.17";"0.00";"0.00";"0.0"
"2023-09-12 09:00:00.000";"18.45";"35.67";"0.00";"0.00";"0.0"
"2023-09-12 10:00:00.000";"23.00";"33.00";"0.00";"0.00";"0.0"
"2023-09-12 11:00:00.000";"25.80";"34.17";"0.62";"0.00";"0.0"
"2023-09-12 12:00:00.000";"27.10";"30.33";"1.28";"0.00";"0.0"
"2023-09-12 13:00:00.000";"26.92";"32.50";"2.78";"0.00";"0.0"
"2023-09-12 14:00:00.000";"27.27";"34.67";"2.22";"0.00";"0.0"
"2023-09-12 15:00:00.000";"27.20";"38.83";"2.77";"0.00";"0.0"
"2023-09-12 16:00:00.000";"27.63";"40.00";"2.72";"0.00";"0.0"
"2023-09-12 17:00:00.000";"27.85";"41.33";"2.23";"0.00";"0.0"
"2023-09-12 18:00:00.000";"27.62";"37.50";"1.43";"0.00";"0.0"
"2023-09-12 19:00:00.000";"26.30";"40.17";"0.38";"0.00";"0.0"
"2023-09-12 20:00:00.000";"23.37";"45.83";"0.02";"0.00";"0.0"
"2023-09-12 21:00:00.000";"19.40";"57.67";"0.00";"0.00";"0.0"
"2023-09-12 22:00:00.000";"17.18";"65.17";"0.00";"0.00";"0.0"
"2023-09-12 23:00:00.000";"16.90";"67.83";"0.00";"0.00";"0.0"
"2023-09-13 00:00:00.000";"16.02";"68.00";"0.00";"0.00";"0.0"
"2023-09-13 01:00:00.000";"15.63";"68.00";"0.00";"0.00";"0.0"
"2023-09-13 02:00:00.000";"15.37";"69.50";"0.00";"0.00";"0.0"
"2023-09-13 03:00:00.000";"14.20";"70.83";"0.00";"0.00";"0.0"
"2023-09-13 04:00:00.000";"14.62";"63.17";"0.00";"0.00";"0.0"
"2023-09-13 05:00:00.000";"12.72";"65.17";"0.00";"0.00";"0.0"
"2023-09-13 06:00:00.000";"12.48";"65.83";"0.00";"0.00";"0.0"
"2023-09-13 07:00:00.000";"12.02";"67.83";"0.00";"0.00";"0.0"
"2023-09-13 08:00:00.000";"11.73";"68.33";"0.00";"0.00";"0.0"
"2023-09-13 09:00:00.000";"16.72";"57.17";"0.00";"0.00";"0.0"
"2023-09-13 10:00:00.000";"23.33";"38.83";"0.00";"0.00";"0.0"
"2023-09-13 11:00:00.000";"26.97";"37.00";"0.33";"0.00";"0.0"
"2023-09-13 12:00:00.000";"26.75";"44.50";"1.68";"0.00";"0.0"
"2023-09-13 13:00:00.000";"26.48";"48.67";"3.02";"0.00";"0.0"
"2023-09-13 14:00:00.000";"27.47";"46.50";"1.73";"0.00";"0.0"
"2023-09-13 15:00:00.000";"27.67";"44.67";"2.33";"0.00";"0.0"
"2023-09-13 16:00:00.000";"28.30";"44.83";"1.95";"0.00";"0.0"
"2023-09-13 17:00:00.000";"29.10";"38.33";"1.18";"0.00";"0.0"
"2023-09-13 18:00:00.000";"27.45";"43.17";"2.57";"0.00";"0.0"
"2023-09-13 19:00:00.000";"26.48";"46.67";"0.93";"0.00";"0.0"
"2023-09-13 20:00:00.000";"23.60";"57.17";"0.27";"0.00";"0.0"
"2023-09-13 21:00:00.000";"20.53";"64.17";"0.00";"0.00";"0.0"
"2023-09-13 22:00:00.000";"18.02";"71.33";"0.00";"0.00";"0.0"
"2023-09-13 23:00:00.000";"17.13";"77.33";"0.00";"0.00";"0.0"
"2023-09-14 00:00:00.000";"16.12";"78.00";"0.00";"0.00";"0.0"
"2023-09-14 01:00:00.000";"14.67";"76.33";"0.00";"0.00";"0.0"
"2023-09-14 02:00:00.000";"14.18";"75.00";"0.00";"0.00";"0.0"
"2023-09-14 03:00:00.000";"14.15";"74.00";"0.00";"0.00";"0.0"
"2023-09-14 04:00:00.000";"14.83";"67.67";"0.00";"0.00";"0.0"
"2023-09-14 05:00:00.000";"14.28";"68.00";"0.00";"0.00";"0.0"
"2023-09-14 06:00:00.000";"13.93";"69.83";"0.00";"0.00";"0.0"
"2023-09-14 07:00:00.000";"13.42";"70.50";"0.00";"0.00";"0.0"
"2023-09-14 08:00:00.000";"15.15";"64.83";"0.00";"0.00";"0.0"
"2023-09-14 09:00:00.000";"18.03";"60.17";"0.00";"0.00";"0.0"
"2023-09-14 10:00:00.000";"22.87";"49.33";"0.00";"0.00";"0.0"
"2023-09-14 11:00:00.000";"26.83";"48.00";"0.00";"0.00";"0.0"
"2023-09-14 12:00:00.000";"28.83";"46.33";"0.18";"0.00";"0.0"
"2023-09-14 13:00:00.000";"29.62";"44.33";"1.57";"0.00";"0.0"
"2023-09-14 14:00:00.000";"29.72";"47.33";"1.73";"0.00";"0.0"
"2023-09-14 15:00:00.000";"29.50";"49.00";"2.47";"0.00";"0.0"
"2023-09-14 16:00:00.000";"29.60";"53.00";"2.87";"0.00";"0.0"
"2023-09-14 17:00:00.000";"29.18";"53.83";"3.68";"0.00";"0.0"
"2023-09-14 18:00:00.000";"29.28";"46.83";"1.97";"0.00";"0.0"
"2023-09-14 19:00:00.000";"28.15";"41.50";"0.68";"0.00";"0.0"
"2023-09-14 20:00:00.000";"24.70";"52.33";"0.08";"0.00";"0.0"
"2023-09-14 21:00:00.000";"20.87";"61.00";"0.00";"0.00";"0.0"
"2023-09-14 22:00:00.000";"18.32";"66.33";"0.00";"0.00";"0.0"
"2023-09-14 23:00:00.000";"17.33";"63.83";"0.00";"0.00";"0.0"
"2023-09-15 00:00:00.000";"15.62";"62.17";"0.00";"0.00";"0.0"
"2023-09-15 01:00:00.000";"15.55";"63.50";"0.00";"0.00";"0.0"
"2023-09-15 02:00:00.000";"15.43";"67.50";"0.00";"0.00";"0.0"
"2023-09-15 03:00:00.000";"15.80";"70.50";"0.00";"0.00";"0.0"
"2023-09-15 04:00:00.000";"16.48";"84.67";"0.00";"0.00";"0.0"
"2023-09-15 05:00:00.000";"15.30";"89.17";"0.00";"0.33";"0.0"
"2023-09-15 06:00:00.000";"14.25";"88.50";"0.00";"0.00";"0.0"
"2023-09-15 07:00:00.000";"13.88";"86.50";"0.00";"0.00";"0.0"
"2023-09-15 08:00:00.000";"14.48";"90.83";"0.00";"0.00";"0.0"
"2023-09-15 09:00:00.000";"16.80";"79.17";"0.00";"0.00";"0.0"
"2023-09-15 10:00:00.000";"22.37";"68.17";"0.00";"0.00";"0.0"
"2023-09-15 11:00:00.000";"26.45";"55.67";"0.02";"0.00";"0.0"
"2023-09-15 12:00:00.000";"28.00";"51.00";"0.95";"0.00";"0.0"
"2023-09-15 13:00:00.000";"28.12";"48.33";"1.92";"0.00";"0.0"
"2023-09-15 14:00:00.000";"28.32";"49.17";"2.15";"0.00";"0.0"
"2023-09-15 15:00:00.000";"28.62";"49.67";"1.95";"0.00";"0.0"
"2023-09-15 16:00:00.000";"28.67";"49.33";"3.20";"0.00";"0.0"
"2023-09-15 17:00:00.000";"28.05";"53.33";"2.53";"0.00";"0.0"
"2023-09-15 18:00:00.000";"27.75";"54.67";"1.70";"0.00";"0.0"
"2023-09-15 19:00:00.000";"24.70";"63.00";"0.82";"0.00";"0.0"
"2023-09-15 20:00:00.000";"23.13";"68.67";"0.00";"0.00";"0.0"
"2023-09-15 21:00:00.000";"20.55";"73.83";"0.00";"0.00";"0.0"
"2023-09-15 22:00:00.000";"18.98";"80.00";"0.00";"0.00";"0.0"
"2023-09-15 23:00:00.000";"17.95";"82.83";"0.00";"0.00";"0.0"
"2023-09-16 00:00:00.000";"16.90";"85.17";"0.00";"0.00";"0.0"
"2023-09-16 01:00:00.000";"16.22";"86.17";"0.00";"0.00";"0.0"
"2023-09-16 02:00:00.000";"15.15";"86.00";"0.00";"0.00";"0.0"
"2023-09-16 03:00:00.000";"14.60";"84.50";"0.00";"0.00";"0.0"
"2023-09-16 04:00:00.000";"14.28";"82.83";"0.00";"0.00";"0.0"
"2023-09-16 05:00:00.000";"14.28";"80.33";"0.00";"0.00";"0.0"
"2023-09-16 06:00:00.000";"14.20";"76.17";"0.00";"0.00";"0.0"
"2023-09-16 07:00:00.000";"13.63";"74.67";"0.00";"0.00";"0.0"
"2023-09-16 08:00:00.000";"13.90";"71.50";"0.00";"0.00";"0.0"
"2023-09-16 09:00:00.000";"18.05";"62.17";"0.00";"0.00";"0.0"
"2023-09-16 10:00:00.000";"23.62";"49.50";"0.00";"0.00";"0.0"
"2023-09-16 11:00:00.000";"28.02";"44.83";"0.00";"0.00";"0.0"
"2023-09-16 12:00:00.000";"30.17";"41.50";"0.15";"0.00";"0.0"
"2023-09-16 13:00:00.000";"29.62";"45.17";"1.80";"0.00";"0.0"
"2023-09-16 14:00:00.000";"30.05";"40.83";"1.77";"0.00";"0.0"
"2023-09-16 15:00:00.000";"30.92";"36.67";"2.03";"0.00";"0.0"
"2023-09-16 16:00:00.000";"31.42";"35.67";"2.32";"0.00";"0.0"
"2023-09-16 17:00:00.000";"31.40";"34.17";"2.55";"0.00";"0.0"
"2023-09-16 18:00:00.000";"30.33";"45.33";"2.75";"0.00";"0.0"
"2023-09-16 19:00:00.000";"28.20";"54.00";"0.45";"0.00";"0.0"
"2023-09-16 20:00:00.000";"24.43";"64.67";"0.03";"0.00";"0.0"
"2023-09-16 21:00:00.000";"21.77";"72.17";"0.00";"0.00";"0.0"
"2023-09-16 22:00:00.000";"20.22";"78.00";"0.00";"0.00";"0.0"
"2023-09-16 23:00:00.000";"19.23";"80.83";"0.00";"0.00";"0.0"
"2023-09-17 00:00:00.000";"17.83";"78.67";"0.00";"0.00";"0.0"
"2023-09-17 01:00:00.000";"17.52";"73.17";"0.00";"0.00";"0.0"
"2023-09-17 02:00:00.000";"17.30";"69.17";"0.00";"0.00";"0.0"
"2023-09-17 03:00:00.000";"17.05";"66.83";"0.00";"0.00";"0.0"
"2023-09-17 04:00:00.000";"16.62";"64.83";"0.00";"0.00";"0.0"
"2023-09-17 05:00:00.000";"16.35";"65.17";"0.00";"0.00";"0.0"
"2023-09-17 06:00:00.000";"17.43";"62.00";"0.00";"0.00";"0.0"
"2023-09-17 07:00:00.000";"16.30";"63.83";"0.00";"0.00";"0.0"
"2023-09-17 08:00:00.000";"15.67";"67.17";"0.00";"0.00";"0.0"
"2023-09-17 09:00:00.000";"19.40";"62.67";"0.00";"0.00";"0.0"
"2023-09-17 10:00:00.000";"25.73";"42.83";"0.00";"0.00";"0.0"
"2023-09-17 11:00:00.000";"28.98";"35.50";"0.02";"0.00";"0.0"
"2023-09-17 12:00:00.000";"29.63";"36.67";"0.67";"0.00";"0.0"
"2023-09-17 13:00:00.000";"28.75";"44.33";"2.18";"0.00";"0.0"
"2023-09-17 14:00:00.000";"28.17";"48.83";"2.27";"0.00";"0.0"
"2023-09-17 15:00:00.000";"28.02";"51.83";"2.50";"0.00";"0.0"
"2023-09-17 16:00:00.000";"28.87";"46.50";"2.10";"0.00";"0.0"
"2023-09-17 17:00:00.000";"28.63";"48.50";"2.03";"0.00";"0.0"
"2023-09-17 18:00:00.000";"27.92";"51.67";"2.75";"0.00";"0.0"
"2023-09-17 19:00:00.000";"26.08";"61.33";"0.97";"0.00";"0.0"
"2023-09-17 20:00:00.000";"24.12";"68.17";"0.13";"0.00";"0.0"
"2023-09-17 21:00:00.000";"22.20";"73.33";"0.00";"0.00";"0.0"
"2023-09-17 22:00:00.000";"20.98";"77.00";"0.00";"0.00";"0.0"
"2023-09-17 23:00:00.000";"20.18";"80.33";"0.00";"0.00";"0.0"
"2023-09-18 00:00:00.000";"19.40";"83.00";"0.00";"0.00";"0.0"
"2023-09-18 01:00:00.000";"19.53";"74.33";"0.00";"0.00";"0.0"
"2023-09-18 02:00:00.000";"18.22";"76.17";"0.00";"0.00";"0.0"
"2023-09-18 03:00:00.000";"20.67";"65.67";"0.00";"0.00";"0.0"
"2023-09-18 04:00:00.000";"18.73";"67.33";"0.00";"0.00";"0.0"
"2023-09-18 05:00:00.000";"19.95";"56.50";"0.02";"0.00";"0.0"
"2023-09-18 06:00:00.000";"22.27";"45.83";"0.42";"0.00";"0.0"
"2023-09-18 07:00:00.000";"22.55";"44.83";"0.27";"0.00";"0.0"
"2023-09-18 08:00:00.000";"22.97";"44.00";"0.15";"0.00";"0.0"
"2023-09-18 09:00:00.000";"24.17";"42.83";"0.22";"0.00";"0.0"
"2023-09-18 10:00:00.000";"26.13";"38.33";"0.70";"0.00";"0.0"
"2023-09-18 11:00:00.000";"28.50";"33.50";"1.07";"0.00";"0.0"
"2023-09-18 12:00:00.000";"29.43";"31.83";"1.35";"0.00";"0.0"
"2023-09-18 13:00:00.000";"29.97";"32.50";"0.58";"0.00";"0.0"
"2023-09-18 14:00:00.000";"29.87";"31.67";"4.50";"0.00";"0.0"
"2023-09-18 15:00:00.000";"30.37";"31.17";"4.22";"0.00";"0.0"
"2023-09-18 16:00:00.000";"29.55";"35.83";"5.43";"0.00";"0.0"
"2023-09-18 17:00:00.000";"28.90";"44.00";"5.27";"0.00";"0.0"
"2023-09-18 18:00:00.000";"28.18";"46.67";"3.22";"0.00";"0.0"
"2023-09-18 19:00:00.000";"26.63";"51.17";"1.22";"0.00";"0.0"
"2023-09-18 20:00:00.000";"24.35";"61.67";"0.25";"0.00";"0.0"
"2023-09-18 21:00:00.000";"22.70";"66.33";"0.00";"0.00";"0.0"
"2023-09-18 22:00:00.000";"20.50";"70.67";"0.00";"0.00";"0.0"
"2023-09-18 23:00:00.000";"19.92";"72.50";"0.00";"0.00";"0.0"
"2023-09-19 00:00:00.000";"20.68";"74.17";"0.05";"0.00";"0.0"
"2023-09-19 01:00:00.000";"21.35";"74.83";"0.00";"0.00";"0.0"
"2023-09-19 02:00:00.000";"21.33";"75.00";"0.00";"0.00";"0.0"
"2023-09-19 03:00:00.000";"19.43";"75.33";"0.00";"0.00";"0.0"
"2023-09-19 04:00:00.000";"18.08";"68.33";"0.00";"0.00";"0.0"
"2023-09-19 05:00:00.000";"16.43";"68.83";"0.00";"0.00";"0.0"
"2023-09-19 06:00:00.000";"17.07";"64.50";"0.05";"0.00";"0.0"
"2023-09-19 07:00:00.000";"17.25";"57.00";"0.00";"0.00";"0.0"
"2023-09-19 08:00:00.000";"15.72";"62.00";"0.00";"0.00";"0.0"
"2023-09-19 09:00:00.000";"19.48";"59.83";"0.00";"0.00";"0.0"
"2023-09-19 10:00:00.000";"23.43";"55.00";"0.03";"0.00";"0.0"
"2023-09-19 11:00:00.000";"26.02";"48.17";"0.20";"0.00";"0.0"
"2023-09-19 12:00:00.000";"27.62";"41.67";"0.58";"0.00";"0.0"
"2023-09-19 13:00:00.000";"27.18";"42.00";"2.78";"0.00";"0.0"
"2023-09-19 14:00:00.000";"27.12";"42.17";"4.65";"0.00";"0.0"
"2023-09-19 15:00:00.000";"27.60";"38.17";"3.53";"0.00";"0.0"
"2023-09-19 16:00:00.000";"28.28";"38.67";"3.53";"0.00";"0.0"
"2023-09-19 17:00:00.000";"27.88";"41.83";"3.15";"0.00";"0.0"
"2023-09-19 18:00:00.000";"27.72";"43.50";"2.50";"0.00";"0.0"
"2023-09-19 19:00:00.000";"26.23";"49.33";"0.85";"0.00";"0.0"
"2023-09-19 20:00:00.000";"23.93";"58.00";"0.00";"0.00";"0.0"
"2023-09-19 21:00:00.000";"22.28";"68.00";"0.08";"0.00";"0.0"
"2023-09-19 22:00:00.000";"21.05";"73.00";"0.00";"0.00";"0.0"
"2023-09-19 23:00:00.000";"19.27";"72.83";"0.00";"0.00";"0.0"
"2023-09-20 00:00:00.000";"17.92";"74.00";"0.00";"0.00";"0.0"
"2023-09-20 01:00:00.000";"17.97";"75.33";"0.00";"0.00";"0.0"
"2023-09-20 02:00:00.000";"17.78";"74.50";"0.00";"0.00";"0.0"
"2023-09-20 03:00:00.000";"17.58";"76.17";"0.00";"0.00";"0.0"
"2023-09-20 04:00:00.000";"17.52";"78.67";"0.00";"0.00";"0.0"
"2023-09-20 05:00:00.000";"18.07";"89.67";"0.00";"0.00";"0.0"
"2023-09-20 06:00:00.000";"17.80";"90.67";"0.00";"0.00";"0.0"
"2023-09-20 07:00:00.000";"17.08";"82.83";"0.00";"0.00";"0.0"
"2023-09-20 08:00:00.000";"16.63";"80.83";"0.00";"0.00";"0.0"
"2023-09-20 09:00:00.000";"18.70";"77.83";"0.00";"0.00";"0.0"
"2023-09-20 10:00:00.000";"23.43";"69.50";"0.00";"0.00";"0.0"
"2023-09-20 11:00:00.000";"26.88";"58.67";"0.00";"0.00";"0.0"
"2023-09-20 12:00:00.000";"28.50";"55.00";"0.15";"0.00";"0.0"
"2023-09-20 13:00:00.000";"28.83";"53.83";"1.00";"0.00";"0.0"
"2023-09-20 14:00:00.000";"28.37";"56.33";"2.18";"0.00";"0.0"
"2023-09-20 15:00:00.000";"28.37";"56.83";"2.03";"0.00";"0.0"
"2023-09-20 16:00:00.000";"28.57";"57.00";"2.38";"0.00";"0.0"
"2023-09-20 17:00:00.000";"28.40";"58.50";"1.62";"0.00";"0.0"
"2023-09-20 18:00:00.000";"27.92";"58.50";"0.43";"0.00";"0.0"
"2023-09-20 19:00:00.000";"26.22";"64.17";"0.50";"0.00";"0.0"
"2023-09-20 20:00:00.000";"23.97";"71.50";"0.00";"0.00";"0.0"
"2023-09-20 21:00:00.000";"23.28";"75.83";"0.00";"0.00";"0.0"
"2023-09-20 22:00:00.000";"21.43";"78.00";"0.00";"0.00";"0.0"
"2023-09-20 23:00:00.000";"20.37";"83.67";"0.00";"0.00";"0.0"
"2023-09-21 00:00:00.000";"19.53";"85.83";"0.00";"0.00";"0.0"
"2023-09-21 01:00:00.000";"19.32";"90.83";"0.00";"0.00";"0.0"
"2023-09-21 02:00:00.000";"18.23";"89.00";"0.00";"0.00";"0.0"
"2023-09-21 03:00:00.000";"17.95";"89.00";"0.00";"0.00";"0.0"
"2023-09-21 04:00:00.000";"17.50";"90.00";"0.00";"0.00";"0.0"
"2023-09-21 05:00:00.000";"17.20";"90.67";"0.00";"0.00";"0.0"
"2023-09-21 06:00:00.000";"16.08";"89.17";"0.00";"0.00";"0.0"
"2023-09-21 07:00:00.000";"16.28";"81.17";"0.00";"0.00";"0.0"
"2023-09-21 08:00:00.000";"16.38";"79.00";"0.00";"0.00";"0.0"
"2023-09-21 09:00:00.000";"19.40";"76.50";"0.00";"0.00";"0.0"
"2023-09-21 10:00:00.000";"24.23";"66.17";"0.00";"0.00";"0.0"
"2023-09-21 11:00:00.000";"29.90";"43.83";"0.07";"0.00";"0.0"
"2023-09-21 12:00:00.000";"26.08";"61.50";"2.70";"0.00";"0.0"
"2023-09-21 13:00:00.000";"26.37";"60.00";"1.27";"0.00";"0.0"
"2023-09-21 14:00:00.000";"27.58";"56.17";"0.13";"0.00";"0.0"
"2023-09-21 15:00:00.000";"28.30";"51.67";"0.30";"0.00";"0.0"
"2023-09-21 16:00:00.000";"30.13";"47.33";"0.17";"0.00";"0.0"
"2023-09-21 17:00:00.000";"30.90";"47.50";"0.13";"0.00";"0.0"
"2023-09-21 18:00:00.000";"30.03";"46.83";"0.18";"0.00";"0.0"
"2023-09-21 19:00:00.000";"28.65";"49.33";"0.00";"0.00";"0.0"
"2023-09-21 20:00:00.000";"24.80";"57.17";"0.00";"0.00";"0.0"
"2023-09-21 21:00:00.000";"21.63";"65.67";"0.00";"0.00";"0.0"
"2023-09-21 22:00:00.000";"20.57";"70.00";"0.00";"0.00";"0.0"
"2023-09-21 23:00:00.000";"19.50";"73.83";"0.00";"0.00";"0.0"
"2023-09-22 00:00:00.000";"19.63";"75.67";"0.00";"0.00";"0.0"
"2023-09-22 01:00:00.000";"19.58";"78.67";"0.00";"0.00";"0.0"
"2023-09-22 02:00:00.000";"19.98";"89.33";"0.00";"0.00";"0.0"
"2023-09-22 03:00:00.000";"19.10";"90.00";"0.00";"0.00";"0.0"
"2023-09-22 04:00:00.000";"18.95";"89.67";"0.00";"0.00";"0.0"
"2023-09-22 05:00:00.000";"18.23";"83.83";"0.00";"0.00";"0.0"
"2023-09-22 06:00:00.000";"17.58";"84.00";"0.00";"0.00";"0.0"
"2023-09-22 07:00:00.000";"17.83";"83.83";"0.00";"0.00";"0.0"
"2023-09-22 08:00:00.000";"17.30";"85.33";"0.00";"0.00";"0.0"
"2023-09-22 09:00:00.000";"19.35";"83.17";"0.00";"0.00";"0.0"
"2023-09-22 10:00:00.000";"24.62";"66.00";"0.00";"0.00";"0.0"
"2023-09-22 11:00:00.000";"28.03";"57.33";"0.00";"0.00";"0.0"
"2023-09-22 12:00:00.000";"29.50";"49.83";"0.00";"0.00";"0.0"
"2023-09-22 13:00:00.000";"30.57";"46.83";"0.33";"0.00";"0.0"
"2023-09-22 14:00:00.000";"30.43";"47.50";"1.18";"0.00";"0.0"
"2023-09-22 15:00:00.000";"29.78";"51.33";"2.43";"0.00";"0.0"
"2023-09-22 16:00:00.000";"29.97";"53.50";"2.05";"0.00";"0.0"
"2023-09-22 17:00:00.000";"30.10";"50.83";"2.00";"0.00";"0.0"
"2023-09-22 18:00:00.000";"30.03";"50.00";"0.22";"0.00";"0.0"
"2023-09-22 19:00:00.000";"27.62";"54.33";"0.05";"0.00";"0.0"
"2023-09-22 20:00:00.000";"24.55";"61.17";"0.00";"0.00";"0.0"
"2023-09-22 21:00:00.000";"21.40";"69.33";"0.00";"0.00";"0.0"
"2023-09-22 22:00:00.000";"20.62";"72.00";"0.00";"0.00";"0.0"
"2023-09-22 23:00:00.000";"20.40";"54.83";"0.00";"0.00";"0.0"
"2023-09-23 00:00:00.000";"20.20";"52.17";"0.00";"0.00";"0.0"
"2023-09-23 01:00:00.000";"20.58";"51.33";"0.00";"0.00";"0.0"
"2023-09-23 02:00:00.000";"18.65";"54.50";"0.00";"0.00";"0.0"
"2023-09-23 03:00:00.000";"20.27";"48.17";"0.00";"0.00";"0.0"
"2023-09-23 04:00:00.000";"20.00";"46.33";"0.00";"0.00";"0.0"
"2023-09-23 05:00:00.000";"19.17";"48.83";"0.00";"0.00";"0.0"
"2023-09-23 06:00:00.000";"19.82";"45.67";"0.00";"0.00";"0.0"
"2023-09-23 07:00:00.000";"19.43";"46.17";"0.00";"0.00";"0.0"
"2023-09-23 08:00:00.000";"19.07";"47.50";"0.00";"0.00";"0.0"
"2023-09-23 09:00:00.000";"20.58";"50.67";"0.00";"0.00";"0.0"
"2023-09-23 10:00:00.000";"26.08";"42.50";"0.00";"0.00";"0.0"
"2023-09-23 11:00:00.000";"29.97";"34.33";"0.00";"0.00";"0.0"
"2023-09-23 12:00:00.000";"32.55";"28.83";"0.10";"0.00";"0.0"
"2023-09-23 13:00:00.000";"33.05";"35.83";"1.00";"0.00";"0.0"
"2023-09-23 14:00:00.000";"31.78";"39.17";"1.87";"0.00";"0.0"
"2023-09-23 15:00:00.000";"31.97";"37.50";"0.92";"0.00";"0.0"
"2023-09-23 16:00:00.000";"32.70";"31.83";"1.92";"0.00";"0.0"
"2023-09-23 17:00:00.000";"31.88";"34.17";"1.13";"0.00";"0.0"
"2023-09-23 18:00:00.000";"31.95";"33.83";"0.00";"0.00";"0.0"
"2023-09-23 19:00:00.000";"30.20";"31.67";"0.00";"0.00";"0.0"
"2023-09-23 20:00:00.000";"25.48";"42.00";"0.00";"0.00";"0.0"
"2023-09-23 21:00:00.000";"22.18";"49.17";"0.00";"0.00";"0.0"
"2023-09-23 22:00:00.000";"21.05";"53.33";"0.00";"0.00";"0.0"
"2023-09-23 23:00:00.000";"20.83";"52.67";"0.00";"0.00";"0.0"
"2023-09-24 00:00:00.000";"20.75";"47.33";"0.00";"0.00";"0.0"
"2023-09-24 01:00:00.000";"20.30";"46.83";"0.00";"0.00";"0.0"
"2023-09-24 02:00:00.000";"19.95";"49.17";"0.00";"0.00";"0.0"
"2023-09-24 03:00:00.000";"18.85";"53.00";"0.00";"0.00";"0.0"
"2023-09-24 04:00:00.000";"18.43";"55.00";"0.00";"0.00";"0.0"
"2023-09-24 05:00:00.000";"17.93";"57.00";"0.00";"0.00";"0.0"
"2023-09-24 06:00:00.000";"18.30";"54.17";"0.00";"0.00";"0.0"
"2023-09-24 07:00:00.000";"17.02";"56.17";"0.00";"0.00";"0.0"
"2023-09-24 08:00:00.000";"17.47";"55.00";"0.00";"0.00";"0.0"
"2023-09-24 09:00:00.000";"20.67";"49.50";"0.00";"0.00";"0.0"
"2023-09-24 10:00:00.000";"25.52";"41.50";"0.05";"0.00";"0.0"
"2023-09-24 11:00:00.000";"29.73";"33.00";"0.00";"0.00";"0.0"
"2023-09-24 12:00:00.000";"30.35";"33.50";"0.35";"0.00";"0.0"
"2023-09-24 13:00:00.000";"31.18";"28.17";"1.30";"0.00";"0.0"
"2023-09-24 14:00:00.000";"31.42";"30.33";"2.03";"0.00";"0.0"
"2023-09-24 15:00:00.000";"31.00";"34.83";"1.20";"0.00";"0.0"
"2023-09-24 16:00:00.000";"28.88";"48.00";"1.27";"0.00";"0.0"
"2023-09-24 17:00:00.000";"28.37";"52.83";"0.28";"0.00";"0.0"
"2023-09-24 18:00:00.000";"26.98";"58.83";"0.37";"0.00";"0.0"
"2023-09-24 19:00:00.000";"25.62";"61.50";"0.00";"0.00";"0.0"
"2023-09-24 20:00:00.000";"24.23";"70.83";"0.00";"0.00";"0.0"
"2023-09-24 21:00:00.000";"23.32";"77.33";"0.00";"0.00";"0.0"
"2023-09-24 22:00:00.000";"22.65";"80.17";"0.00";"0.00";"0.0"
"2023-09-24 23:00:00.000";"21.23";"81.67";"0.00";"0.00";"0.0"
"2023-09-25 00:00:00.000";"19.92";"82.50";"0.00";"0.00";"0.0"
"2023-09-25 01:00:00.000";"19.32";"83.83";"0.00";"0.00";"0.0"
"2023-09-25 02:00:00.000";"19.15";"85.83";"0.00";"0.00";"0.0"
"2023-09-25 03:00:00.000";"19.80";"89.00";"0.00";"0.00";"0.0"
"2023-09-25 04:00:00.000";"19.53";"91.67";"0.00";"0.00";"0.0"
"2023-09-25 05:00:00.000";"19.75";"93.17";"0.00";"0.00";"0.0"
"2023-09-25 06:00:00.000";"19.18";"94.00";"0.00";"0.00";"0.0"
"2023-09-25 07:00:00.000";"18.67";"94.00";"0.00";"0.00";"0.0"
"2023-09-25 08:00:00.000";"18.98";"94.83";"0.00";"1.00";"0.0"
"2023-09-25 09:00:00.000";"19.55";"94.17";"0.00";"0.50";"0.0"
"2023-09-25 10:00:00.000";"21.77";"86.17";"0.02";"0.00";"0.0"
"2023-09-25 11:00:00.000";"24.85";"70.67";"0.93";"0.00";"0.0"
"2023-09-25 12:00:00.000";"25.62";"62.00";"0.97";"0.00";"0.0"
"2023-09-25 13:00:00.000";"26.67";"50.33";"3.77";"0.00";"0.0"
"2023-09-25 14:00:00.000";"26.68";"49.67";"5.42";"0.00";"0.0"
"2023-09-25 15:00:00.000";"26.60";"47.50";"4.97";"0.00";"0.0"
"2023-09-25 16:00:00.000";"26.53";"44.33";"4.85";"0.00";"0.0"
"2023-09-25 17:00:00.000";"26.23";"46.83";"2.88";"0.00";"0.0"
"2023-09-25 18:00:00.000";"25.67";"46.33";"2.27";"0.00";"0.0"
"2023-09-25 19:00:00.000";"24.00";"50.50";"0.70";"0.00";"0.0"
"2023-09-25 20:00:00.000";"21.52";"58.67";"0.13";"0.00";"0.0"
"2023-09-25 21:00:00.000";"19.12";"65.50";"0.00";"0.00";"0.0"
"2023-09-25 22:00:00.000";"16.75";"71.83";"0.00";"0.00";"0.0"
"2023-09-25 23:00:00.000";"16.32";"74.00";"0.00";"0.00";"0.0"
"2023-09-26 00:00:00.000";"15.55";"76.67";"0.00";"0.00";"0.0"
"2023-09-26 01:00:00.000";"14.97";"80.17";"0.00";"0.00";"0.0"
"2023-09-26 02:00:00.000";"15.17";"85.83";"0.00";"0.00";"0.0"
"2023-09-26 03:00:00.000";"14.88";"89.83";"0.00";"0.00";"0.0"
"2023-09-26 04:00:00.000";"14.93";"92.50";"0.00";"0.00";"0.0"
"2023-09-26 05:00:00.000";"14.95";"93.00";"0.00";"0.00";"0.0"
"2023-09-26 06:00:00.000";"14.80";"94.00";"0.00";"0.00";"0.0"
"2023-09-26 07:00:00.000";"15.45";"94.00";"0.00";"0.83";"0.0"
"2023-09-26 08:00:00.000";"15.45";"94.00";"0.00";"1.00";"0.0"
"2023-09-26 09:00:00.000";"17.13";"91.67";"0.00";"0.00";"0.0"
"2023-09-26 10:00:00.000";"21.95";"73.67";"0.00";"0.00";"0.0"
"2023-09-26 11:00:00.000";"25.02";"52.83";"0.12";"0.00";"0.0"
"2023-09-26 12:00:00.000";"25.13";"49.83";"1.60";"0.00";"0.0"
"2023-09-26 13:00:00.000";"24.02";"56.17";"4.30";"0.00";"0.0"
"2023-09-26 14:00:00.000";"26.08";"46.83";"3.08";"0.00";"0.0"
"2023-09-26 15:00:00.000";"24.68";"54.50";"4.97";"0.00";"0.0"
"2023-09-26 16:00:00.000";"25.55";"49.83";"5.20";"0.00";"0.0"
"2023-09-26 17:00:00.000";"23.58";"57.67";"2.12";"0.00";"0.0"
"2023-09-26 18:00:00.000";"23.02";"58.00";"0.85";"0.00";"0.0"
"2023-09-26 19:00:00.000";"22.27";"57.67";"0.03";"0.00";"0.0"
"2023-09-26 20:00:00.000";"21.30";"59.67";"0.00";"0.00";"0.0"
"2023-09-26 21:00:00.000";"19.68";"64.33";"0.00";"0.00";"0.0"
"2023-09-26 22:00:00.000";"19.02";"69.83";"0.00";"0.00";"0.0"
"2023-09-26 23:00:00.000";"18.90";"70.17";"0.00";"0.00";"0.0"
"2023-09-27 00:00:00.000";"18.68";"71.17";"0.00";"0.00";"0.0"
"2023-09-27 01:00:00.000";"17.77";"71.83";"0.00";"0.00";"0.0"
"2023-09-27 02:00:00.000";"16.92";"73.83";"0.00";"0.00";"0.0"
"2023-09-27 03:00:00.000";"16.25";"75.00";"0.00";"0.00";"0.0"
"2023-09-27 04:00:00.000";"16.07";"75.00";"0.00";"0.00";"0.0"
"2023-09-27 05:00:00.000";"16.10";"74.17";"0.00";"0.00";"0.0"
"2023-09-27 06:00:00.000";"15.42";"75.83";"0.00";"0.00";"0.0"
"2023-09-27 07:00:00.000";"16.45";"74.17";"0.00";"0.00";"0.0"
"2023-09-27 08:00:00.000";"16.93";"74.17";"0.00";"0.00";"0.0"
"2023-09-27 09:00:00.000";"18.68";"70.83";"0.00";"0.00";"0.0"
"2023-09-27 10:00:00.000";"20.77";"66.33";"0.00";"0.00";"0.0"
"2023-09-27 11:00:00.000";"23.13";"59.17";"0.00";"0.00";"0.0"
"2023-09-27 12:00:00.000";"22.73";"59.67";"0.85";"0.00";"0.0"
"2023-09-27 13:00:00.000";"22.00";"66.00";"0.65";"0.00";"0.0"
"2023-09-27 14:00:00.000";"23.20";"62.00";"0.27";"0.00";"0.0"
"2023-09-27 15:00:00.000";"24.02";"47.83";"0.17";"0.00";"0.0"
"2023-09-27 16:00:00.000";"22.85";"58.33";"0.05";"0.17";"0.3"
"2023-09-27 17:00:00.000";"26.12";"46.17";"1.20";"0.00";"0.0"
"2023-09-27 18:00:00.000";"23.80";"52.17";"0.40";"0.00";"0.0"
"2023-09-27 19:00:00.000";"21.78";"59.33";"0.00";"0.00";"0.0"
"2023-09-27 20:00:00.000";"20.62";"64.17";"0.00";"0.00";"0.0"
"2023-09-27 21:00:00.000";"19.60";"67.00";"0.00";"0.00";"0.0"
"2023-09-27 22:00:00.000";"18.97";"69.17";"0.00";"0.00";"0.0"
"2023-09-27 23:00:00.000";"18.53";"69.00";"0.00";"0.00";"0.0"
"2023-09-28 00:00:00.000";"17.45";"69.67";"0.00";"0.00";"0.0"
"2023-09-28 01:00:00.000";"16.48";"70.00";"0.00";"0.00";"0.0"
"2023-09-28 02:00:00.000";"15.47";"72.17";"0.00";"0.00";"0.0"
"2023-09-28 03:00:00.000";"15.48";"71.50";"0.00";"0.00";"0.0"
"2023-09-28 04:00:00.000";"15.07";"72.50";"0.00";"0.00";"0.0"
"2023-09-28 05:00:00.000";"14.67";"78.00";"0.00";"0.00";"0.0"
"2023-09-28 06:00:00.000";"14.50";"81.00";"0.00";"0.00";"0.0"
"2023-09-28 07:00:00.000";"14.57";"84.67";"0.00";"0.00";"0.0"
"2023-09-28 08:00:00.000";"15.30";"85.17";"0.00";"0.00";"0.0"
"2023-09-28 09:00:00.000";"17.45";"73.50";"0.00";"0.00";"0.0"
"2023-09-28 10:00:00.000";"21.53";"59.50";"0.00";"0.00";"0.0"
"2023-09-28 11:00:00.000";"24.68";"50.83";"0.00";"0.00";"0.0"
"2023-09-28 12:00:00.000";"24.95";"49.17";"0.07";"0.00";"0.0"
"2023-09-28 13:00:00.000";"22.48";"63.83";"1.60";"0.17";"0.3"
"2023-09-28 14:00:00.000";"22.13";"63.83";"0.83";"0.00";"0.0"
"2023-09-28 15:00:00.000";"19.80";"78.33";"0.50";"0.50";"2.7"
"2023-09-28 16:00:00.000";"19.10";"91.33";"0.00";"1.00";"2.4"
"2023-09-28 17:00:00.000";"20.22";"87.50";"0.03";"1.00";"0.3"
"2023-09-28 18:00:00.000";"20.78";"80.00";"0.00";"1.00";"0.0"
"2023-09-28 19:00:00.000";"21.08";"79.17";"0.00";"0.00";"0.0"
"2023-09-28 20:00:00.000";"19.97";"82.00";"0.00";"0.83";"0.0"
"2023-09-28 21:00:00.000";"19.27";"88.33";"0.00";"1.00";"0.0"
"2023-09-28 22:00:00.000";"18.82";"88.83";"0.00";"0.00";"0.0"
"2023-09-28 23:00:00.000";"18.20";"90.00";"0.00";"0.00";"0.0"
"2023-09-29 00:00:00.000";"17.20";"90.17";"0.00";"0.00";"0.0"
"2023-09-29 01:00:00.000";"16.37";"92.17";"0.00";"0.00";"0.0"
"2023-09-29 02:00:00.000";"15.77";"93.00";"0.00";"0.00";"0.0"
"2023-09-29 03:00:00.000";"15.62";"94.00";"0.00";"0.00";"0.0"
"2023-09-29 04:00:00.000";"15.67";"94.00";"0.00";"0.00";"0.0"
"2023-09-29 05:00:00.000";"15.42";"94.00";"0.00";"0.00";"0.0"
"2023-09-29 06:00:00.000";"15.53";"94.00";"0.00";"0.17";"0.0"
"2023-09-29 07:00:00.000";"15.22";"94.00";"0.00";"1.00";"0.0"
"2023-09-29 08:00:00.000";"14.43";"93.17";"0.00";"0.00";"0.0"
"2023-09-29 09:00:00.000";"15.67";"91.83";"0.00";"0.00";"0.3"
"2023-09-29 10:00:00.000";"19.62";"77.33";"0.00";"0.00";"0.0"
"2023-09-29 11:00:00.000";"24.07";"67.17";"0.00";"0.00";"0.0"
"2023-09-29 12:00:00.000";"25.73";"57.17";"0.40";"0.00";"0.0"
"2023-09-29 13:00:00.000";"25.38";"54.50";"1.12";"0.00";"0.0"
"2023-09-29 14:00:00.000";"25.67";"53.83";"3.10";"0.00";"0.0"
"2023-09-29 15:00:00.000";"25.30";"53.50";"3.78";"0.00";"0.0"
"2023-09-29 16:00:00.000";"25.03";"53.33";"3.45";"0.00";"0.0"
"2023-09-29 17:00:00.000";"24.42";"55.33";"1.88";"0.00";"0.0"
"2023-09-29 18:00:00.000";"25.87";"49.33";"0.90";"0.00";"0.0"
"2023-09-29 19:00:00.000";"23.87";"56.17";"0.27";"0.00";"0.0"
"2023-09-29 20:00:00.000";"20.27";"65.00";"0.00";"0.00";"0.0"
"2023-09-29 21:00:00.000";"19.02";"68.50";"0.00";"0.00";"0.0"
"2023-09-29 22:00:00.000";"17.77";"73.50";"0.00";"0.00";"0.0"
"2023-09-29 23:00:00.000";"18.02";"74.67";"0.00";"0.00";"0.0"
"2023-09-30 00:00:00.000";"17.05";"79.33";"0.00";"0.00";"0.0"
"2023-09-30 01:00:00.000";"16.23";"82.17";"0.00";"0.00";"0.0"
"2023-09-30 02:00:00.000";"15.53";"84.17";"0.00";"0.00";"0.0"
"2023-09-30 03:00:00.000";"15.32";"83.33";"0.00";"0.00";"0.0"
"2023-09-30 04:00:00.000";"16.00";"79.17";"0.00";"0.00";"0.0"
"2023-09-30 05:00:00.000";"15.03";"79.50";"0.00";"0.00";"0.0"
"2023-09-30 06:00:00.000";"14.05";"78.50";"0.00";"0.00";"0.0"
"2023-09-30 07:00:00.000";"13.87";"76.33";"0.00";"0.00";"0.0"
"2023-09-30 08:00:00.000";"13.23";"79.83";"0.00";"0.00";"0.0"
"2023-09-30 09:00:00.000";"15.45";"78.00";"0.00";"0.00";"0.0"
"2023-09-30 10:00:00.000";"20.58";"66.17";"0.00";"0.00";"0.0"
"2023-09-30 11:00:00.000";"25.22";"47.33";"0.00";"0.00";"0.0"
"2023-09-30 12:00:00.000";"26.57";"44.33";"0.50";"0.00";"0.0"
"2023-09-30 13:00:00.000";"25.85";"42.00";"0.40";"0.00";"0.0"
"2023-09-30 14:00:00.000";"26.57";"35.67";"0.05";"0.00";"0.0"
"2023-09-30 15:00:00.000";"26.22";"40.17";"0.00";"0.00";"0.0"
"2023-09-30 16:00:00.000";"25.52";"47.50";"0.27";"0.00";"0.3"
"2023-09-30 17:00:00.000";"26.38";"40.50";"2.25";"0.00";"0.0"
"2023-09-30 18:00:00.000";"20.28";"71.83";"0.02";"1.00";"1.8"
"2023-09-30 19:00:00.000";"20.25";"65.00";"0.02";"0.00";"0.0"
"2023-09-30 20:00:00.000";"18.95";"65.17";"0.00";"0.00";"0.0"
"2023-09-30 21:00:00.000";"17.25";"68.67";"0.00";"0.00";"0.0"
"2023-09-30 22:00:00.000";"15.65";"74.83";"0.00";"0.00";"0.0"
"2023-09-30 23:00:00.000";"16.42";"74.50";"0.00";"0.00";"0.0"
"2023-10-01 00:00:00.000";"16.52";"81.33";"0.00";"0.00";"0.0"
"2023-10-01 01:00:00.000";"16.55";"89.00";"0.00";"0.00";"0.0"
"2023-10-01 02:00:00.000";"14.82";"85.67";"0.00";"0.00";"0.0"
"2023-10-01 03:00:00.000";"14.75";"81.67";"0.00";"0.00";"0.0"
"2023-10-01 04:00:00.000";"14.20";"80.33";"0.00";"0.00";"0.3"
"2023-10-01 05:00:00.000";"13.40";"81.83";"0.00";"0.00";"0.0"
"2023-10-01 06:00:00.000";"13.07";"85.17";"0.00";"0.00";"0.0"
"2023-10-01 07:00:00.000";"12.78";"85.00";"0.00";"0.00";"0.0"
"2023-10-01 08:00:00.000";"12.75";"86.00";"0.00";"0.00";"0.0"
"2023-10-01 09:00:00.000";"15.17";"78.33";"0.00";"0.00";"0.0"
"2023-10-01 10:00:00.000";"19.95";"65.50";"0.00";"0.00";"0.0"
"2023-10-01 11:00:00.000";"24.55";"50.33";"0.00";"0.00";"0.0"
"2023-10-01 12:00:00.000";"26.42";"46.33";"0.67";"0.00";"0.0"
"2023-10-01 13:00:00.000";"27.37";"41.00";"1.85";"0.00";"0.0"
"2023-10-01 14:00:00.000";"27.70";"37.17";"3.32";"0.00";"0.0"
"2023-10-01 15:00:00.000";"28.18";"35.00";"2.43";"0.00";"0.0"
"2023-10-01 16:00:00.000";"27.97";"36.67";"2.75";"0.00";"0.0"
"2023-10-01 17:00:00.000";"27.38";"42.50";"1.63";"0.00";"0.0"
"2023-10-01 18:00:00.000";"26.97";"43.00";"1.38";"0.00";"0.0"
"2023-10-01 19:00:00.000";"25.40";"40.33";"0.57";"0.00";"0.0"
"2023-10-01 20:00:00.000";"21.70";"51.50";"0.12";"0.00";"0.0"
"2023-10-01 21:00:00.000";"19.65";"56.33";"0.00";"0.00";"0.0"
"2023-10-01 22:00:00.000";"17.72";"62.50";"0.00";"0.00";"0.0"
"2023-10-01 23:00:00.000";"17.35";"63.50";"0.00";"0.00";"0.0"
"2023-10-02 00:00:00.000";"17.35";"66.67";"0.00";"0.00";"0.0"
"2023-10-02 01:00:00.000";"16.57";"73.83";"0.00";"0.00";"0.0"
"2023-10-02 02:00:00.000";"16.90";"73.67";"0.00";"0.00";"0.0"
"2023-10-02 03:00:00.000";"15.62";"81.17";"0.00";"0.00";"0.0"
"2023-10-02 04:00:00.000";"15.80";"84.83";"0.00";"0.00";"0.0"
"2023-10-02 05:00:00.000";"15.35";"80.33";"0.00";"0.00";"0.0"
"2023-10-02 06:00:00.000";"14.77";"73.83";"0.00";"0.00";"0.0"
"2023-10-02 07:00:00.000";"13.60";"74.33";"0.00";"0.00";"0.0"
"2023-10-02 08:00:00.000";"13.52";"73.83";"0.00";"0.00";"0.0"
"2023-10-02 09:00:00.000";"15.22";"70.00";"0.00";"0.00";"0.0"
"2023-10-02 10:00:00.000";"21.52";"53.00";"0.00";"0.00";"0.0"
"2023-10-02 11:00:00.000";"26.63";"37.67";"0.02";"0.00";"0.0"
"2023-10-02 12:00:00.000";"28.82";"28.67";"0.07";"0.00";"0.0"
"2023-10-02 13:00:00.000";"28.45";"33.00";"1.53";"0.00";"0.0"
"2023-10-02 14:00:00.000";"27.27";"34.67";"3.43";"0.00";"0.0"
"2023-10-02 15:00:00.000";"26.12";"34.00";"0.73";"0.00";"0.0"
"2023-10-02 16:00:00.000";"25.40";"36.67";"0.20";"0.00";"0.0"
"2023-10-02 17:00:00.000";"24.77";"46.17";"0.00";"0.00";"0.0"
"2023-10-02 18:00:00.000";"26.68";"45.33";"0.30";"0.00";"0.0"
"2023-10-02 19:00:00.000";"25.22";"44.33";"0.33";"0.00";"0.0"
"2023-10-02 20:00:00.000";"21.97";"62.33";"0.00";"0.00";"0.0"
"2023-10-02 21:00:00.000";"18.75";"70.17";"0.00";"0.00";"0.0"
"2023-10-02 22:00:00.000";"17.28";"77.33";"0.00";"0.00";"0.0"
"2023-10-02 23:00:00.000";"16.38";"77.50";"0.00";"0.00";"0.0"
"2023-10-03 00:00:00.000";"15.48";"73.83";"0.00";"0.00";"0.0"
"2023-10-03 01:00:00.000";"14.57";"74.50";"0.00";"0.00";"0.0"
"2023-10-03 02:00:00.000";"13.75";"76.33";"0.00";"0.00";"0.0"
"2023-10-03 03:00:00.000";"13.77";"78.00";"0.00";"0.00";"0.0"
"2023-10-03 04:00:00.000";"14.62";"77.50";"0.00";"0.00";"0.0"
"2023-10-03 05:00:00.000";"14.97";"80.17";"0.00";"0.00";"0.0"
"2023-10-03 06:00:00.000";"14.25";"83.50";"0.00";"0.00";"0.0"
"2023-10-03 07:00:00.000";"14.27";"87.17";"0.00";"0.00";"0.0"
"2023-10-03 08:00:00.000";"14.92";"80.50";"0.00";"0.00";"0.0"
"2023-10-03 09:00:00.000";"16.83";"70.17";"0.00";"0.00";"0.0"
"2023-10-03 10:00:00.000";"21.93";"46.33";"0.10";"0.00";"0.0"
"2023-10-03 11:00:00.000";"24.72";"37.17";"0.15";"0.00";"0.0"
"2023-10-03 12:00:00.000";"26.57";"34.33";"0.18";"0.00";"0.0"
"2023-10-03 13:00:00.000";"27.00";"33.17";"0.17";"0.00";"0.0"
"2023-10-03 14:00:00.000";"25.77";"44.33";"3.30";"0.00";"0.0"
"2023-10-03 15:00:00.000";"26.07";"44.67";"2.40";"0.00";"0.0"
"2023-10-03 16:00:00.000";"25.85";"48.50";"3.38";"0.00";"0.0"
"2023-10-03 17:00:00.000";"25.98";"49.17";"2.02";"0.00";"0.0"
"2023-10-03 18:00:00.000";"24.03";"55.67";"1.48";"0.00";"0.0"
"2023-10-03 19:00:00.000";"23.22";"57.50";"0.70";"0.00";"0.0"
"2023-10-03 20:00:00.000";"22.28";"60.50";"0.07";"0.00";"0.0"
"2023-10-03 21:00:00.000";"21.55";"63.83";"0.00";"0.00";"0.0"
"2023-10-03 22:00:00.000";"21.08";"64.17";"0.10";"0.00";"0.0"
"2023-10-03 23:00:00.000";"20.00";"64.67";"0.00";"0.00";"0.0"
"2023-10-04 00:00:00.000";"18.33";"65.50";"0.00";"0.00";"0.0"
"2023-10-04 01:00:00.000";"16.68";"66.50";"0.00";"0.00";"0.0"
"2023-10-04 02:00:00.000";"16.67";"68.50";"0.00";"0.00";"0.0"
"2023-10-04 03:00:00.000";"16.10";"71.33";"0.00";"0.00";"0.0"
"2023-10-04 04:00:00.000";"14.57";"74.67";"0.00";"0.00";"0.0"
"2023-10-04 05:00:00.000";"15.73";"72.50";"0.00";"0.00";"0.0"
"2023-10-04 06:00:00.000";"14.02";"71.83";"0.00";"0.00";"0.0"
"2023-10-04 07:00:00.000";"12.97";"72.17";"0.00";"0.00";"0.0"
"2023-10-04 08:00:00.000";"12.08";"74.50";"0.00";"0.00";"0.0"
"2023-10-04 09:00:00.000";"14.53";"72.00";"0.00";"0.00";"0.0"
"2023-10-04 10:00:00.000";"20.22";"65.33";"0.00";"0.00";"0.0"
"2023-10-04 11:00:00.000";"23.67";"60.83";"0.18";"0.00";"0.0"
"2023-10-04 12:00:00.000";"23.07";"61.17";"1.35";"0.00";"0.0"
"2023-10-04 13:00:00.000";"23.18";"60.67";"1.92";"0.00";"0.0"
"2023-10-04 14:00:00.000";"22.77";"63.33";"1.00";"0.00";"0.0"
"2023-10-04 15:00:00.000";"23.05";"59.00";"0.53";"0.00";"0.0"
"2023-10-04 16:00:00.000";"22.62";"60.50";"0.43";"0.00";"0.0"
"2023-10-04 17:00:00.000";"24.37";"48.83";"0.25";"0.00";"0.0"
"2023-10-04 18:00:00.000";"23.60";"45.50";"0.05";"0.00";"0.0"
"2023-10-04 19:00:00.000";"23.13";"48.33";"0.00";"0.00";"0.0"
"2023-10-04 20:00:00.000";"17.83";"62.00";"0.00";"0.00";"0.0"
"2023-10-04 21:00:00.000";"15.27";"69.67";"0.00";"0.00";"0.0"
"2023-10-04 22:00:00.000";"14.80";"69.33";"0.00";"0.00";"0.0"
"2023-10-04 23:00:00.000";"16.48";"68.00";"0.00";"0.00";"0.0"
"2023-10-05 00:00:00.000";"15.25";"76.50";"0.00";"0.00";"0.0"
"2023-10-05 01:00:00.000";"14.75";"85.00";"0.00";"0.00";"0.0"
"2023-10-05 02:00:00.000";"14.95";"87.33";"0.00";"0.00";"0.0"
"2023-10-05 03:00:00.000";"14.95";"90.67";"0.00";"0.00";"0.0"
"2023-10-05 04:00:00.000";"14.45";"93.00";"0.00";"0.00";"0.0"
"2023-10-05 05:00:00.000";"13.48";"92.17";"0.00";"0.00";"0.0"
"2023-10-05 06:00:00.000";"12.25";"89.00";"0.00";"0.00";"0.0"
"2023-10-05 07:00:00.000";"11.48";"91.00";"0.00";"0.00";"0.0"
"2023-10-05 08:00:00.000";"11.48";"82.00";"0.00";"0.00";"0.0"
"2023-10-05 09:00:00.000";"12.02";"80.33";"0.00";"0.00";"0.3"
"2023-10-05 10:00:00.000";"17.83";"68.83";"0.00";"0.00";"0.0"
"2023-10-05 11:00:00.000";"24.03";"40.17";"0.00";"0.00";"0.0"
"2023-10-05 12:00:00.000";"24.78";"44.50";"0.78";"0.00";"0.0"
"2023-10-05 13:00:00.000";"25.15";"47.50";"2.47";"0.00";"0.0"
"2023-10-05 14:00:00.000";"25.57";"44.50";"2.60";"0.00";"0.0"
"2023-10-05 15:00:00.000";"25.42";"44.00";"4.08";"0.00";"0.0"
"2023-10-05 16:00:00.000";"25.28";"44.83";"2.40";"0.00";"0.0"
"2023-10-05 17:00:00.000";"25.55";"46.17";"2.65";"0.00";"0.0"
"2023-10-05 18:00:00.000";"24.55";"51.33";"2.95";"0.00";"0.0"
"2023-10-05 19:00:00.000";"22.92";"57.50";"0.62";"0.00";"0.0"
"2023-10-05 20:00:00.000";"19.93";"65.33";"0.00";"0.00";"0.0"
"2023-10-05 21:00:00.000";"17.18";"72.50";"0.00";"0.00";"0.0"
"2023-10-05 22:00:00.000";"16.23";"77.33";"0.00";"0.00";"0.0"
"2023-10-05 23:00:00.000";"15.65";"79.67";"0.00";"0.00";"0.0"
"2023-10-06 00:00:00.000";"15.95";"78.83";"0.00";"0.00";"0.0"
"2023-10-06 01:00:00.000";"15.57";"81.17";"0.00";"0.00";"0.0"
"2023-10-06 02:00:00.000";"15.40";"83.67";"0.00";"0.00";"0.0"
"2023-10-06 03:00:00.000";"15.08";"88.83";"0.00";"0.00";"0.0"
"2023-10-06 04:00:00.000";"15.05";"93.00";"0.00";"0.00";"0.0"
"2023-10-06 05:00:00.000";"15.22";"94.00";"0.00";"0.83";"0.0"
"2023-10-06 06:00:00.000";"14.98";"94.00";"0.00";"0.83";"0.0"
"2023-10-06 07:00:00.000";"15.03";"94.00";"0.00";"1.00";"0.0"
"2023-10-06 08:00:00.000";"14.35";"93.17";"0.00";"0.00";"0.0"
"2023-10-06 09:00:00.000";"14.75";"91.33";"0.00";"0.00";"0.0"
"2023-10-06 10:00:00.000";"19.60";"78.00";"0.00";"0.00";"0.0"
"2023-10-06 11:00:00.000";"24.65";"50.83";"0.00";"0.00";"0.0"
"2023-10-06 12:00:00.000";"25.63";"47.33";"0.12";"0.00";"0.0"
"2023-10-06 13:00:00.000";"27.18";"42.17";"0.93";"0.00";"0.0"
"2023-10-06 14:00:00.000";"27.63";"39.50";"1.28";"0.00";"0.0"
"2023-10-06 15:00:00.000";"27.57";"40.17";"1.53";"0.00";"0.0"
"2023-10-06 16:00:00.000";"27.22";"50.50";"2.93";"0.00";"0.0"
"2023-10-06 17:00:00.000";"26.37";"54.33";"1.70";"0.00";"0.0"
"2023-10-06 18:00:00.000";"24.63";"55.17";"1.12";"0.00";"0.0"
"2023-10-06 19:00:00.000";"22.97";"62.00";"1.00";"0.00";"0.0"
"2023-10-06 20:00:00.000";"21.73";"66.00";"0.03";"0.00";"0.0"
"2023-10-06 21:00:00.000";"20.38";"72.00";"0.00";"0.00";"0.0"
"2023-10-06 22:00:00.000";"19.43";"74.33";"0.00";"0.00";"0.0"
"2023-10-06 23:00:00.000";"18.13";"77.33";"0.00";"0.00";"0.0"
"2023-10-07 00:00:00.000";"16.83";"80.17";"0.00";"0.00";"0.0"
"2023-10-07 01:00:00.000";"15.45";"81.50";"0.00";"0.00";"0.0"
"2023-10-07 02:00:00.000";"15.45";"86.83";"0.00";"0.00";"0.0"
"2023-10-07 03:00:00.000";"15.85";"91.50";"0.00";"0.00";"0.0"
"2023-10-07 04:00:00.000";"14.77";"84.67";"0.00";"0.00";"0.0"
"2023-10-07 05:00:00.000";"14.70";"79.50";"0.00";"0.00";"0.0"
"2023-10-07 06:00:00.000";"14.52";"77.33";"0.00";"0.00";"0.0"
"2023-10-07 07:00:00.000";"14.78";"73.33";"0.00";"0.00";"0.0"
"2023-10-07 08:00:00.000";"13.18";"76.17";"0.00";"0.00";"0.0"
"2023-10-07 09:00:00.000";"15.98";"67.67";"0.00";"0.00";"0.0"
"2023-10-07 10:00:00.000";"21.52";"50.83";"0.00";"0.00";"0.0"
"2023-10-07 11:00:00.000";"25.12";"38.50";"0.07";"0.00";"0.0"
"2023-10-07 12:00:00.000";"26.62";"36.67";"0.10";"0.00";"0.0"
"2023-10-07 13:00:00.000";"26.47";"41.00";"0.80";"0.00";"0.0"
"2023-10-07 14:00:00.000";"23.47";"60.33";"3.88";"0.33";"6.6"
"2023-10-07 15:00:00.000";"19.72";"83.67";"0.05";"1.00";"1.2"
"2023-10-07 16:00:00.000";"21.58";"75.00";"0.00";"0.67";"0.0"
"2023-10-07 17:00:00.000";"23.02";"74.17";"0.03";"0.00";"0.0"
"2023-10-07 18:00:00.000";"22.00";"74.17";"0.10";"0.00";"0.0"
"2023-10-07 19:00:00.000";"20.93";"72.83";"0.00";"0.00";"0.0"
"2023-10-07 20:00:00.000";"19.38";"77.67";"0.00";"0.00";"0.0"
"2023-10-07 21:00:00.000";"17.68";"85.67";"0.00";"0.00";"0.0"
"2023-10-07 22:00:00.000";"16.97";"91.67";"0.00";"0.00";"0.0"
"2023-10-07 23:00:00.000";"16.22";"92.17";"0.00";"0.00";"0.0"
"2023-10-08 00:00:00.000";"15.83";"86.17";"0.00";"0.00";"0.0"
"2023-10-08 01:00:00.000";"15.77";"86.50";"0.00";"0.00";"0.0"
"2023-10-08 02:00:00.000";"15.52";"92.17";"0.00";"0.00";"0.0"
"2023-10-08 03:00:00.000";"15.12";"92.83";"0.00";"0.00";"0.0"
"2023-10-08 04:00:00.000";"14.62";"92.00";"0.00";"0.00";"0.0"
"2023-10-08 05:00:00.000";"14.33";"92.67";"0.00";"0.00";"0.0"
"2023-10-08 06:00:00.000";"14.20";"92.33";"0.00";"0.00";"0.0"
"2023-10-08 07:00:00.000";"13.98";"92.17";"0.00";"0.00";"0.0"
"2023-10-08 08:00:00.000";"14.12";"93.00";"0.00";"0.00";"0.0"
"2023-10-08 09:00:00.000";"14.87";"91.50";"0.00";"0.00";"0.0"
"2023-10-08 10:00:00.000";"19.68";"77.83";"0.00";"0.00";"0.0"
"2023-10-08 11:00:00.000";"23.48";"67.17";"0.00";"0.00";"0.0"
"2023-10-08 12:00:00.000";"23.35";"68.67";"0.27";"0.00";"0.0"
"2023-10-08 13:00:00.000";"23.75";"67.67";"1.38";"0.00";"0.0"
"2023-10-08 14:00:00.000";"24.92";"63.17";"2.02";"0.00";"0.0"
"2023-10-08 15:00:00.000";"25.93";"47.33";"3.17";"0.00";"0.0"
"2023-10-08 16:00:00.000";"26.32";"47.17";"3.42";"0.00";"0.0"
"2023-10-08 17:00:00.000";"25.92";"48.33";"2.85";"0.00";"0.0"
"2023-10-08 18:00:00.000";"24.95";"52.17";"1.23";"0.00";"0.0"
"2023-10-08 19:00:00.000";"22.90";"60.33";"0.25";"0.00";"0.0"
"2023-10-08 20:00:00.000";"20.43";"70.17";"0.00";"0.00";"0.0"
"2023-10-08 21:00:00.000";"18.80";"78.17";"0.00";"0.00";"0.0"
"2023-10-08 22:00:00.000";"17.92";"84.17";"0.00";"0.00";"0.0"
"2023-10-08 23:00:00.000";"17.12";"83.00";"0.00";"0.00";"0.0"
"2023-10-09 00:00:00.000";"16.33";"80.33";"0.00";"0.00";"0.0"
"2023-10-09 01:00:00.000";"15.37";"82.50";"0.00";"0.00";"0.0"
"2023-10-09 02:00:00.000";"14.95";"80.33";"0.00";"0.00";"0.0"
"2023-10-09 03:00:00.000";"13.77";"80.33";"0.00";"0.00";"0.0"
"2023-10-09 04:00:00.000";"13.15";"82.17";"0.00";"0.00";"0.0"
"2023-10-09 05:00:00.000";"13.28";"79.33";"0.00";"0.00";"0.0"
"2023-10-09 06:00:00.000";"12.92";"77.67";"0.00";"0.00";"0.0"
"2023-10-09 07:00:00.000";"12.50";"76.33";"0.00";"0.00";"0.0"
"2023-10-09 08:00:00.000";"12.37";"75.67";"0.00";"0.00";"0.0"
"2023-10-09 09:00:00.000";"13.87";"73.83";"0.00";"0.00";"0.0"
"2023-10-09 10:00:00.000";"21.87";"50.17";"0.13";"0.00";"0.0"
"2023-10-09 11:00:00.000";"26.75";"33.17";"0.15";"0.00";"0.0"
"2023-10-09 12:00:00.000";"28.62";"30.83";"0.20";"0.00";"0.0"
"2023-10-09 13:00:00.000";"27.77";"37.67";"1.13";"0.00";"0.0"
"2023-10-09 14:00:00.000";"27.53";"39.67";"2.50";"0.00";"0.0"
"2023-10-09 15:00:00.000";"28.07";"31.00";"2.88";"0.00";"0.0"
"2023-10-09 16:00:00.000";"28.47";"29.33";"2.85";"0.00";"0.0"
"2023-10-09 17:00:00.000";"28.48";"30.17";"1.07";"0.00";"0.0"
"2023-10-09 18:00:00.000";"26.97";"34.83";"0.45";"0.00";"0.0"
"2023-10-09 19:00:00.000";"24.87";"43.67";"0.05";"0.00";"0.0"
"2023-10-09 20:00:00.000";"20.27";"59.00";"0.00";"0.00";"0.0"
"2023-10-09 21:00:00.000";"17.52";"70.17";"0.00";"0.00";"0.0"
"2023-10-09 22:00:00.000";"16.25";"72.83";"0.00";"0.00";"0.0"
"2023-10-09 23:00:00.000";"15.18";"68.33";"0.00";"0.00";"0.0"
"2023-10-10 00:00:00.000";"14.57";"72.67";"0.00";"0.00";"0.0"
"2023-10-10 01:00:00.000";"15.05";"75.00";"0.00";"0.00";"0.0"
"2023-10-10 02:00:00.000";"14.32";"75.67";"0.00";"0.00";"0.0"
"2023-10-10 03:00:00.000";"13.48";"74.00";"0.00";"0.00";"0.0"
"2023-10-10 04:00:00.000";"13.72";"72.33";"0.00";"0.00";"0.0"
"2023-10-10 05:00:00.000";"13.85";"77.67";"0.00";"0.00";"0.0"
"2023-10-10 06:00:00.000";"14.87";"92.17";"0.00";"0.50";"0.0"
"2023-10-10 07:00:00.000";"14.73";"94.00";"0.00";"1.00";"0.0"
"2023-10-10 08:00:00.000";"15.48";"94.00";"0.00";"1.00";"0.0"
"2023-10-10 09:00:00.000";"16.20";"94.83";"0.00";"1.00";"0.0"
"2023-10-10 10:00:00.000";"19.08";"88.33";"0.00";"0.00";"0.0"
"2023-10-10 11:00:00.000";"24.03";"71.67";"0.00";"0.00";"0.0"
"2023-10-10 12:00:00.000";"25.77";"66.00";"0.00";"0.00";"0.0"
"2023-10-10 13:00:00.000";"26.03";"68.33";"0.97";"0.00";"0.0"
"2023-10-10 14:00:00.000";"26.52";"66.67";"1.63";"0.00";"0.0"
"2023-10-10 15:00:00.000";"27.12";"49.67";"2.32";"0.00";"0.0"
"2023-10-10 16:00:00.000";"28.67";"40.67";"2.55";"0.00";"0.0"
"2023-10-10 17:00:00.000";"28.57";"36.00";"2.47";"0.00";"0.0"
"2023-10-10 18:00:00.000";"27.25";"34.00";"0.98";"0.00";"0.0"
"2023-10-10 19:00:00.000";"24.72";"41.67";"0.53";"0.00";"0.0"
"2023-10-10 20:00:00.000";"21.55";"52.00";"0.05";"0.00";"0.0"
"2023-10-10 21:00:00.000";"18.97";"60.00";"0.00";"0.00";"0.0"
"2023-10-10 22:00:00.000";"17.90";"73.17";"0.00";"0.00";"0.0"
"2023-10-10 23:00:00.000";"17.92";"82.17";"0.00";"0.00";"0.0"
"2023-10-11 00:00:00.000";"17.52";"86.83";"0.00";"0.00";"0.0"
"2023-10-11 01:00:00.000";"16.38";"82.17";"0.00";"0.00";"0.0"
"2023-10-11 02:00:00.000";"15.70";"71.00";"0.00";"0.00";"0.0"
"2023-10-11 03:00:00.000";"14.55";"72.00";"0.00";"0.00";"0.0"
"2023-10-11 04:00:00.000";"16.42";"68.50";"0.00";"0.00";"0.0"
"2023-10-11 05:00:00.000";"17.83";"69.00";"0.00";"0.00";"0.0"
"2023-10-11 06:00:00.000";"16.83";"72.50";"0.00";"0.00";"0.0"
"2023-10-11 07:00:00.000";"15.50";"75.50";"0.00";"0.00";"0.0"
"2023-10-11 08:00:00.000";"14.57";"79.83";"0.00";"0.00";"0.0"
"2023-10-11 09:00:00.000";"15.87";"80.83";"0.00";"0.00";"0.0"
"2023-10-11 10:00:00.000";"21.32";"60.17";"0.00";"0.00";"0.0"
"2023-10-11 11:00:00.000";"24.78";"43.00";"0.02";"0.00";"0.0"
"2023-10-11 12:00:00.000";"25.52";"39.33";"0.58";"0.00";"0.0"
"2023-10-11 13:00:00.000";"26.17";"36.67";"0.85";"0.00";"0.0"
"2023-10-11 14:00:00.000";"23.67";"59.17";"1.48";"0.00";"0.0"
"2023-10-11 15:00:00.000";"22.00";"57.67";"1.25";"0.00";"0.0"
"2023-10-11 16:00:00.000";"19.02";"68.83";"0.25";"0.00";"0.0"
"2023-10-11 17:00:00.000";"17.70";"80.17";"0.00";"0.83";"1.8"
"2023-10-11 18:00:00.000";"16.92";"88.50";"0.23";"1.00";"0.3"
"2023-10-11 19:00:00.000";"16.40";"87.00";"0.18";"1.00";"0.0"
"2023-10-11 20:00:00.000";"16.18";"85.33";"0.00";"1.00";"0.0"
"2023-10-11 21:00:00.000";"16.45";"83.83";"0.00";"1.00";"0.0"
"2023-10-11 22:00:00.000";"16.52";"77.83";"0.00";"0.00";"0.0"
"2023-10-11 23:00:00.000";"17.48";"68.17";"0.00";"0.00";"0.0"
"2023-10-12 00:00:00.000";"18.92";"56.33";"0.87";"0.00";"0.0"
"2023-10-12 01:00:00.000";"18.55";"54.67";"0.72";"0.00";"0.0"
"2023-10-12 02:00:00.000";"17.52";"57.00";"0.02";"0.00";"0.0"
"2023-10-12 03:00:00.000";"16.60";"58.67";"0.07";"0.00";"0.0"
"2023-10-12 04:00:00.000";"16.45";"57.33";"0.00";"0.00";"0.0"
"2023-10-12 05:00:00.000";"14.70";"61.00";"0.03";"0.00";"0.0"
"2023-10-12 06:00:00.000";"15.65";"54.67";"0.10";"0.00";"0.0"
"2023-10-12 07:00:00.000";"17.02";"49.00";"0.55";"0.00";"0.0"
"2023-10-12 08:00:00.000";"17.18";"46.83";"0.60";"0.00";"0.0"
"2023-10-12 09:00:00.000";"17.67";"46.00";"0.15";"0.00";"0.0"
"2023-10-12 10:00:00.000";"19.70";"41.50";"0.47";"0.00";"0.0"
"2023-10-12 11:00:00.000";"22.18";"35.00";"0.53";"0.00";"0.0"
"2023-10-12 12:00:00.000";"23.27";"30.83";"0.73";"0.00";"0.0"
"2023-10-12 13:00:00.000";"24.95";"27.50";"0.30";"0.00";"0.0"
"2023-10-12 14:00:00.000";"24.55";"32.83";"2.03";"0.00";"0.0"
"2023-10-12 15:00:00.000";"24.28";"35.17";"3.00";"0.00";"0.0"
"2023-10-12 16:00:00.000";"23.72";"42.67";"4.12";"0.00";"0.0"
"2023-10-12 17:00:00.000";"23.03";"49.83";"4.62";"0.00";"0.0"
"2023-10-12 18:00:00.000";"22.43";"50.83";"3.27";"0.00";"0.0"
"2023-10-12 19:00:00.000";"21.28";"56.83";"1.17";"0.00";"0.0"
"2023-10-12 20:00:00.000";"19.50";"62.67";"0.00";"0.00";"0.0"
"2023-10-12 21:00:00.000";"16.98";"69.00";"0.00";"0.00";"0.0"
"2023-10-12 22:00:00.000";"16.02";"73.83";"0.00";"0.00";"0.0"
"2023-10-12 23:00:00.000";"15.15";"76.67";"0.00";"0.00";"0.0"
"2023-10-13 00:00:00.000";"14.48";"80.33";"0.00";"0.00";"0.0"
"2023-10-13 01:00:00.000";"13.92";"84.17";"0.00";"0.00";"0.0"
"2023-10-13 02:00:00.000";"13.63";"88.83";"0.00";"0.00";"0.0"
"2023-10-13 03:00:00.000";"13.52";"91.50";"0.00";"0.00";"0.0"
"2023-10-13 04:00:00.000";"14.02";"93.00";"0.00";"0.00";"0.0"
"2023-10-13 05:00:00.000";"13.40";"93.00";"0.00";"0.00";"0.0"
"2023-10-13 06:00:00.000";"12.23";"93.00";"0.00";"0.00";"0.0"
"2023-10-13 07:00:00.000";"11.65";"92.33";"0.00";"0.00";"0.0"
"2023-10-13 08:00:00.000";"11.02";"92.00";"0.00";"0.00";"0.0"
"2023-10-13 09:00:00.000";"12.10";"89.17";"0.00";"0.00";"0.0"
"2023-10-13 10:00:00.000";"17.57";"71.83";"0.00";"0.00";"0.0"
"2023-10-13 11:00:00.000";"22.18";"55.00";"0.00";"0.00";"0.0"
"2023-10-13 12:00:00.000";"23.80";"46.33";"0.08";"0.00";"0.0"
"2023-10-13 13:00:00.000";"24.25";"49.17";"1.82";"0.00";"0.0"
"2023-10-13 14:00:00.000";"24.37";"46.33";"5.13";"0.00";"0.0"
"2023-10-13 15:00:00.000";"24.77";"46.17";"4.70";"0.00";"0.0"
"2023-10-13 16:00:00.000";"24.62";"49.83";"4.00";"0.00";"0.0"
"2023-10-13 17:00:00.000";"24.93";"49.50";"0.98";"0.00";"0.0"
"2023-10-13 18:00:00.000";"24.43";"49.67";"0.53";"0.00";"0.0"
"2023-10-13 19:00:00.000";"22.52";"57.83";"0.15";"0.00";"0.0"
"2023-10-13 20:00:00.000";"19.57";"68.17";"0.22";"0.00";"0.0"
"2023-10-13 21:00:00.000";"18.25";"73.33";"0.17";"0.00";"0.0"
"2023-10-13 22:00:00.000";"15.83";"74.33";"0.00";"0.00";"0.0"
"2023-10-13 23:00:00.000";"14.62";"77.33";"0.00";"0.00";"0.0"
"2023-10-14 00:00:00.000";"14.62";"81.50";"0.00";"0.00";"0.0"
"2023-10-14 01:00:00.000";"14.67";"78.00";"0.00";"0.00";"0.0"
"2023-10-14 02:00:00.000";"13.40";"84.50";"0.00";"0.00";"0.0"
"2023-10-14 03:00:00.000";"13.75";"90.33";"0.00";"0.00";"0.0"
"2023-10-14 04:00:00.000";"13.92";"85.50";"0.00";"0.00";"0.0"
"2023-10-14 05:00:00.000";"14.20";"85.67";"0.00";"0.00";"0.0"
"2023-10-14 06:00:00.000";"13.78";"86.33";"0.00";"0.00";"0.0"
"2023-10-14 07:00:00.000";"14.15";"86.17";"0.00";"0.00";"0.0"
"2023-10-14 08:00:00.000";"14.65";"79.67";"0.00";"0.00";"0.0"
"2023-10-14 09:00:00.000";"14.62";"79.50";"0.00";"0.00";"0.0"
"2023-10-14 10:00:00.000";"18.38";"71.17";"0.00";"0.00";"0.0"
"2023-10-14 11:00:00.000";"22.27";"61.50";"0.03";"0.00";"0.0"
"2023-10-14 12:00:00.000";"24.45";"53.50";"0.33";"0.00";"0.0"
"2023-10-14 13:00:00.000";"24.82";"55.00";"2.88";"0.00";"0.0"
"2023-10-14 14:00:00.000";"24.87";"54.33";"3.53";"0.00";"0.0"
"2023-10-14 15:00:00.000";"24.30";"55.17";"3.03";"0.00";"0.0"
"2023-10-14 16:00:00.000";"24.15";"54.67";"2.78";"0.00";"0.0"
"2023-10-14 17:00:00.000";"23.55";"59.67";"1.85";"0.00";"0.0"
"2023-10-14 18:00:00.000";"22.65";"61.67";"0.68";"0.00";"0.0"
"2023-10-14 19:00:00.000";"21.92";"64.17";"0.22";"0.00";"0.0"
"2023-10-14 20:00:00.000";"19.73";"70.17";"0.00";"0.00";"0.0"
"2023-10-14 21:00:00.000";"17.48";"75.83";"0.00";"0.00";"0.0"
"2023-10-14 22:00:00.000";"16.92";"81.83";"0.00";"0.00";"0.0"
"2023-10-14 23:00:00.000";"16.52";"81.33";"0.00";"0.00";"0.0"
"2023-10-15 00:00:00.000";"15.88";"79.83";"0.00";"0.00";"0.0"
"2023-10-15 01:00:00.000";"16.30";"77.83";"0.00";"0.00";"0.0"
"2023-10-15 02:00:00.000";"16.95";"78.17";"0.00";"0.00";"0.0"
"2023-10-15 03:00:00.000";"16.58";"83.83";"0.00";"0.00";"0.0"
"2023-10-15 04:00:00.000";"16.83";"86.00";"0.00";"0.00";"0.0"
"2023-10-15 05:00:00.000";"16.43";"90.67";"0.00";"0.00";"0.0"
"2023-10-15 06:00:00.000";"15.98";"92.50";"0.00";"0.00";"0.0"
"2023-10-15 07:00:00.000";"16.12";"93.33";"0.00";"0.00";"0.0"
"2023-10-15 08:00:00.000";"15.50";"94.00";"0.00";"0.00";"0.0"
"2023-10-15 09:00:00.000";"16.52";"94.50";"0.00";"1.00";"0.0"
"2023-10-15 10:00:00.000";"19.35";"87.50";"0.07";"0.00";"0.0"
"2023-10-15 11:00:00.000";"22.43";"75.33";"0.38";"0.00";"0.0"
"2023-10-15 12:00:00.000";"23.82";"65.33";"1.03";"0.00";"0.0"
"2023-10-15 13:00:00.000";"24.85";"57.50";"1.43";"0.00";"0.0"
"2023-10-15 14:00:00.000";"25.33";"50.17";"2.12";"0.00";"0.0"
"2023-10-15 15:00:00.000";"24.72";"52.67";"2.00";"0.00";"0.0"
"2023-10-15 16:00:00.000";"24.72";"53.50";"1.75";"0.00";"0.0"
"2023-10-15 17:00:00.000";"23.85";"59.50";"1.27";"0.00";"0.0"
"2023-10-15 18:00:00.000";"24.45";"56.67";"1.08";"0.00";"0.0"
"2023-10-15 19:00:00.000";"22.72";"64.00";"0.45";"0.00";"0.0"
"2023-10-15 20:00:00.000";"19.58";"72.33";"0.00";"0.00";"0.0"
"2023-10-15 21:00:00.000";"17.72";"78.83";"0.00";"0.00";"0.0"
"2023-10-15 22:00:00.000";"17.58";"84.67";"0.00";"0.00";"0.0"
"2023-10-15 23:00:00.000";"17.12";"86.83";"0.00";"0.00";"0.0"
"2023-10-16 00:00:00.000";"16.58";"91.33";"0.00";"0.00";"0.0"
"2023-10-16 01:00:00.000";"16.18";"92.00";"0.00";"0.00";"0.0"
"2023-10-16 02:00:00.000";"15.72";"92.17";"0.00";"0.00";"0.0"
"2023-10-16 03:00:00.000";"15.63";"93.00";"0.00";"0.00";"0.3"
"2023-10-16 04:00:00.000";"15.35";"93.83";"0.00";"0.00";"0.0"
"2023-10-16 05:00:00.000";"15.40";"94.00";"0.00";"0.00";"0.0"
"2023-10-16 06:00:00.000";"14.50";"94.00";"0.00";"0.33";"0.0"
"2023-10-16 07:00:00.000";"14.52";"94.50";"0.00";"1.00";"0.0"
"2023-10-16 08:00:00.000";"14.55";"95.00";"0.00";"1.00";"0.0"
"2023-10-16 09:00:00.000";"15.80";"95.00";"0.00";"1.00";"0.0"
"2023-10-16 10:00:00.000";"18.47";"93.33";"0.00";"0.33";"0.0"
"2023-10-16 11:00:00.000";"22.32";"76.00";"0.08";"0.00";"0.0"
"2023-10-16 12:00:00.000";"24.42";"69.00";"0.43";"0.00";"0.0"
"2023-10-16 13:00:00.000";"24.92";"69.33";"2.47";"0.00";"0.0"
"2023-10-16 14:00:00.000";"25.00";"69.67";"4.92";"0.00";"0.0"
"2023-10-16 15:00:00.000";"25.17";"68.67";"6.20";"0.00";"0.0"
"2023-10-16 16:00:00.000";"25.60";"69.67";"4.28";"0.00";"0.0"
"2023-10-16 17:00:00.000";"25.83";"68.00";"2.13";"0.00";"0.0"
"2023-10-16 18:00:00.000";"25.30";"67.50";"0.62";"0.00";"0.0"
"2023-10-16 19:00:00.000";"23.17";"72.67";"0.12";"0.00";"0.0"
"2023-10-16 20:00:00.000";"20.57";"81.50";"0.03";"0.00";"0.0"
"2023-10-16 21:00:00.000";"18.47";"85.33";"0.00";"0.00";"0.0"
"2023-10-16 22:00:00.000";"16.77";"87.33";"0.00";"0.00";"0.0"
"2023-10-16 23:00:00.000";"15.93";"88.33";"0.00";"0.00";"0.0"
"2023-10-17 00:00:00.000";"14.87";"85.83";"0.00";"0.00";"0.0"
"2023-10-17 01:00:00.000";"14.28";"82.50";"0.00";"0.00";"0.0"
"2023-10-17 02:00:00.000";"13.92";"83.00";"0.00";"0.00";"0.0"
"2023-10-17 03:00:00.000";"13.40";"83.67";"0.00";"0.00";"0.0"
"2023-10-17 04:00:00.000";"13.85";"83.83";"0.00";"0.00";"0.0"
"2023-10-17 05:00:00.000";"13.85";"85.00";"0.00";"0.00";"0.0"
"2023-10-17 06:00:00.000";"13.78";"89.00";"0.00";"0.00";"0.0"
"2023-10-17 07:00:00.000";"14.40";"93.50";"0.00";"0.00";"0.0"
"2023-10-17 08:00:00.000";"16.32";"94.67";"0.00";"0.83";"0.0"
"2023-10-17 09:00:00.000";"17.37";"95.00";"0.00";"1.00";"0.0"
"2023-10-17 10:00:00.000";"20.38";"88.67";"0.25";"0.17";"0.0"
"2023-10-17 11:00:00.000";"23.32";"78.33";"0.90";"0.00";"0.0"
"2023-10-17 12:00:00.000";"23.27";"76.83";"1.57";"0.00";"0.0"
"2023-10-17 13:00:00.000";"23.77";"74.00";"3.33";"0.00";"0.0"
"2023-10-17 14:00:00.000";"24.85";"69.67";"3.92";"0.00";"0.0"
"2023-10-17 15:00:00.000";"23.75";"71.00";"2.45";"0.00";"0.0"
"2023-10-17 16:00:00.000";"22.52";"78.17";"1.85";"0.33";"11.7"
"2023-10-17 17:00:00.000";"17.68";"92.83";"1.10";"1.00";"6.3"
"2023-10-17 18:00:00.000";"19.32";"87.83";"0.00";"1.00";"0.0"
"2023-10-17 19:00:00.000";"19.30";"90.50";"0.00";"1.00";"0.0"
"2023-10-17 20:00:00.000";"19.05";"93.67";"0.00";"1.00";"0.0"
"2023-10-17 21:00:00.000";"18.68";"94.17";"0.00";"1.00";"0.0"
"2023-10-17 22:00:00.000";"18.82";"95.00";"0.00";"1.00";"0.0"
"2023-10-17 23:00:00.000";"19.22";"95.00";"0.00";"1.00";"0.0"
"2023-10-18 00:00:00.000";"19.65";"95.00";"0.02";"1.00";"0.0"
"2023-10-18 01:00:00.000";"17.85";"94.17";"2.75";"1.00";"16.5"
"2023-10-18 02:00:00.000";"16.67";"95.00";"0.00";"1.00";"0.3"
"2023-10-18 03:00:00.000";"16.20";"95.00";"0.00";"1.00";"0.0"
"2023-10-18 04:00:00.000";"16.30";"95.00";"0.00";"1.00";"0.0"
"2023-10-18 05:00:00.000";"16.28";"95.00";"0.00";"1.00";"0.0"
"2023-10-18 06:00:00.000";"16.25";"95.00";"0.00";"1.00";"0.0"
"2023-10-18 07:00:00.000";"16.52";"95.00";"0.00";"1.00";"0.0"
"2023-10-18 08:00:00.000";"16.63";"95.00";"0.00";"1.00";"0.3"
"2023-10-18 09:00:00.000";"17.57";"95.50";"0.00";"1.00";"0.0"
"2023-10-18 10:00:00.000";"19.85";"96.00";"0.00";"1.00";"0.0"
"2023-10-18 11:00:00.000";"21.32";"90.00";"0.05";"0.00";"0.0"
"2023-10-18 12:00:00.000";"23.15";"82.17";"1.07";"0.00";"0.0"
"2023-10-18 13:00:00.000";"23.63";"77.17";"1.45";"0.00";"0.0"
"2023-10-18 14:00:00.000";"23.95";"68.67";"0.87";"0.00";"0.0"
"2023-10-18 15:00:00.000";"24.47";"63.50";"1.45";"0.00";"0.0"
"2023-10-18 16:00:00.000";"24.93";"51.83";"1.23";"0.00";"0.0"
"2023-10-18 17:00:00.000";"24.85";"53.67";"1.17";"0.00";"0.0"
"2023-10-18 18:00:00.000";"24.33";"53.83";"0.25";"0.00";"0.0"
"2023-10-18 19:00:00.000";"22.77";"59.83";"0.00";"0.00";"0.0"
"2023-10-18 20:00:00.000";"18.43";"73.33";"0.00";"0.00";"0.0"
"2023-10-18 21:00:00.000";"16.95";"79.67";"0.00";"0.00";"0.0"
"2023-10-18 22:00:00.000";"15.90";"84.67";"0.00";"0.00";"0.0"
"2023-10-18 23:00:00.000";"14.93";"88.83";"0.00";"0.00";"0.0"
"2023-10-19 00:00:00.000";"13.98";"89.33";"0.00";"0.00";"0.0"
"2023-10-19 01:00:00.000";"13.38";"92.00";"0.00";"0.00";"0.0"
"2023-10-19 02:00:00.000";"13.55";"93.67";"0.00";"0.17";"0.0"
"2023-10-19 03:00:00.000";"14.08";"94.00";"0.00";"1.00";"0.0"
"2023-10-19 04:00:00.000";"14.53";"95.00";"0.00";"1.00";"0.0"
"2023-10-19 05:00:00.000";"15.17";"95.00";"0.00";"1.00";"0.0"
"2023-10-19 06:00:00.000";"15.85";"95.00";"0.00";"1.00";"0.0"
"2023-10-19 07:00:00.000";"16.25";"95.00";"0.00";"1.00";"0.0"
"2023-10-19 08:00:00.000";"15.82";"95.00";"0.00";"0.00";"0.0"
"2023-10-19 09:00:00.000";"16.00";"95.00";"0.00";"0.67";"0.0"
"2023-10-19 10:00:00.000";"18.58";"91.17";"0.00";"0.00";"0.0"
"2023-10-19 11:00:00.000";"22.22";"80.00";"0.92";"0.00";"0.0"
"2023-10-19 12:00:00.000";"23.88";"71.67";"1.27";"0.00";"0.0"
"2023-10-19 13:00:00.000";"24.62";"68.50";"0.88";"0.00";"0.0"
"2023-10-19 14:00:00.000";"24.00";"69.33";"0.33";"0.00";"0.0"
"2023-10-19 15:00:00.000";"24.00";"69.50";"2.33";"0.00";"0.0"
"2023-10-19 16:00:00.000";"24.35";"68.83";"1.82";"0.00";"0.0"
"2023-10-19 17:00:00.000";"24.03";"70.67";"1.68";"0.00";"0.0"
"2023-10-19 18:00:00.000";"23.55";"71.50";"0.70";"0.00";"0.0"
"2023-10-19 19:00:00.000";"21.48";"78.17";"0.05";"0.00";"0.0"
"2023-10-19 20:00:00.000";"18.73";"84.33";"0.00";"0.00";"0.0"
"2023-10-19 21:00:00.000";"17.32";"87.83";"0.00";"0.00";"0.0"
"2023-10-19 22:00:00.000";"16.93";"90.50";"0.00";"0.00";"0.0"
"2023-10-19 23:00:00.000";"16.70";"92.33";"0.00";"0.00";"0.0"
"2023-10-20 00:00:00.000";"15.97";"93.00";"0.00";"0.00";"0.0"
"2023-10-20 01:00:00.000";"15.88";"94.00";"0.00";"0.00";"0.0"
"2023-10-20 02:00:00.000";"16.28";"94.00";"0.00";"0.00";"0.0"
"2023-10-20 03:00:00.000";"17.08";"94.00";"0.00";"0.00";"0.0"
"2023-10-20 04:00:00.000";"17.40";"93.50";"0.00";"0.00";"0.3"
"2023-10-20 05:00:00.000";"17.45";"92.33";"0.00";"0.00";"0.0"
"2023-10-20 06:00:00.000";"17.57";"92.00";"0.00";"0.00";"0.0"
"2023-10-20 07:00:00.000";"17.57";"92.00";"0.00";"0.00";"0.0"
"2023-10-20 08:00:00.000";"17.68";"91.17";"0.00";"0.00";"0.0"
"2023-10-20 09:00:00.000";"18.20";"91.00";"0.25";"0.00";"0.0"
"2023-10-20 10:00:00.000";"20.25";"84.33";"0.88";"0.00";"0.0"
"2023-10-20 11:00:00.000";"22.98";"78.17";"0.98";"0.00";"0.0"
"2023-10-20 12:00:00.000";"24.47";"72.67";"0.72";"0.00";"0.0"
"2023-10-20 13:00:00.000";"25.67";"69.33";"0.13";"0.00";"0.0"
"2023-10-20 14:00:00.000";"26.58";"66.83";"0.08";"0.00";"0.0"
"2023-10-20 15:00:00.000";"26.83";"57.33";"1.27";"0.00";"0.0"
"2023-10-20 16:00:00.000";"27.27";"49.50";"1.17";"0.00";"0.0"
"2023-10-20 17:00:00.000";"27.55";"47.33";"0.52";"0.00";"0.0"
"2023-10-20 18:00:00.000";"26.28";"48.17";"0.05";"0.00";"0.0"
"2023-10-20 19:00:00.000";"23.30";"53.67";"0.00";"0.00";"0.0"
"2023-10-20 20:00:00.000";"21.15";"69.50";"0.22";"0.00";"0.0"
"2023-10-20 21:00:00.000";"20.87";"68.17";"0.22";"0.00";"0.0"
"2023-10-20 22:00:00.000";"20.42";"76.00";"0.50";"0.00";"0.0"
"2023-10-20 23:00:00.000";"20.35";"78.67";"1.23";"0.00";"0.0"
"2023-10-21 00:00:00.000";"20.18";"79.33";"1.08";"0.00";"0.0"
"2023-10-21 01:00:00.000";"20.05";"79.50";"0.77";"0.00";"0.0"
"2023-10-21 02:00:00.000";"19.83";"81.00";"0.58";"0.00";"0.0"
"2023-10-21 03:00:00.000";"19.77";"80.00";"0.47";"0.00";"0.0"
"2023-10-21 04:00:00.000";"19.63";"76.83";"0.28";"0.00";"0.0"
"2023-10-21 05:00:00.000";"19.50";"72.33";"0.12";"0.00";"0.0"
"2023-10-21 06:00:00.000";"19.70";"70.00";"0.20";"0.00";"0.0"
"2023-10-21 07:00:00.000";"19.13";"76.17";"0.08";"0.00";"0.0"
"2023-10-21 08:00:00.000";"19.00";"77.67";"0.10";"0.00";"0.0"
"2023-10-21 09:00:00.000";"19.47";"77.50";"0.08";"0.00";"0.0"
"2023-10-21 10:00:00.000";"21.92";"67.67";"0.20";"0.00";"0.0"
"2023-10-21 11:00:00.000";"24.20";"61.17";"0.72";"0.00";"0.0"
"2023-10-21 12:00:00.000";"25.57";"58.17";"0.90";"0.00";"0.0"
"2023-10-21 13:00:00.000";"26.58";"53.17";"1.40";"0.00";"0.0"
"2023-10-21 14:00:00.000";"26.70";"50.83";"3.23";"0.00";"0.0"
"2023-10-21 15:00:00.000";"26.63";"50.33";"3.75";"0.00";"0.0"
"2023-10-21 16:00:00.000";"25.75";"53.67";"1.20";"0.00";"0.0"
"2023-10-21 17:00:00.000";"26.22";"49.00";"0.50";"0.00";"0.0"
"2023-10-21 18:00:00.000";"24.60";"53.83";"0.12";"0.00";"0.0"
"2023-10-21 19:00:00.000";"22.28";"67.67";"0.20";"0.00";"0.0"
"2023-10-21 20:00:00.000";"21.40";"70.33";"0.32";"0.00";"0.0"
"2023-10-21 21:00:00.000";"21.42";"62.17";"0.08";"0.00";"0.0"
"2023-10-21 22:00:00.000";"20.95";"64.17";"0.20";"0.00";"0.0"
"2023-10-21 23:00:00.000";"20.22";"69.33";"0.52";"0.00";"0.0"
"2023-10-22 00:00:00.000";"20.80";"67.50";"0.47";"0.00";"0.0"
"2023-10-22 01:00:00.000";"20.82";"70.50";"0.08";"0.00";"0.0"
"2023-10-22 02:00:00.000";"20.33";"71.33";"0.08";"0.00";"0.0"
"2023-10-22 03:00:00.000";"19.95";"74.00";"0.07";"0.00";"0.0"
"2023-10-22 04:00:00.000";"19.90";"75.33";"0.05";"0.00";"0.0"
"2023-10-22 05:00:00.000";"20.17";"71.17";"0.03";"0.00";"0.0"
"2023-10-22 06:00:00.000";"21.15";"60.83";"0.10";"0.00";"0.0"
"2023-10-22 07:00:00.000";"20.47";"67.50";"0.15";"0.00";"0.0"
"2023-10-22 08:00:00.000";"20.33";"68.33";"0.15";"0.00";"0.0"
"2023-10-22 09:00:00.000";"20.95";"67.67";"0.13";"0.00";"0.0"
"2023-10-22 10:00:00.000";"22.37";"63.17";"0.60";"0.00";"0.0"
"2023-10-22 11:00:00.000";"23.67";"62.83";"0.22";"0.00";"0.0"
"2023-10-22 12:00:00.000";"24.98";"59.00";"0.43";"0.00";"0.0"
"2023-10-22 13:00:00.000";"25.92";"51.00";"0.50";"0.00";"0.0"
"2023-10-22 14:00:00.000";"26.98";"47.17";"1.28";"0.00";"0.0"
"2023-10-22 15:00:00.000";"27.40";"47.50";"1.27";"0.00";"0.0"
"2023-10-22 16:00:00.000";"27.85";"46.83";"1.00";"0.00";"0.0"
"2023-10-22 17:00:00.000";"27.88";"49.67";"0.18";"0.00";"0.0"
"2023-10-22 18:00:00.000";"26.38";"52.50";"0.00";"0.00";"0.0"
"2023-10-22 19:00:00.000";"23.33";"58.17";"0.00";"0.00";"0.0"
"2023-10-22 20:00:00.000";"21.43";"56.00";"0.00";"0.00";"0.0"
"2023-10-22 21:00:00.000";"21.23";"53.00";"0.00";"0.00";"0.0"
"2023-10-22 22:00:00.000";"20.70";"60.50";"0.02";"0.00";"0.0"
"2023-10-22 23:00:00.000";"20.35";"63.33";"0.00";"0.00";"0.0"
"2023-10-23 00:00:00.000";"19.77";"67.00";"0.00";"0.00";"0.0"
"2023-10-23 01:00:00.000";"18.92";"71.83";"0.00";"0.00";"0.0"
"2023-10-23 02:00:00.000";"18.77";"73.33";"0.00";"0.00";"0.0"
"2023-10-23 03:00:00.000";"18.67";"77.50";"0.00";"0.00";"0.0"
"2023-10-23 04:00:00.000";"18.42";"79.33";"0.00";"0.00";"0.0"
"2023-10-23 05:00:00.000";"17.33";"86.00";"0.00";"0.00";"0.0"
"2023-10-23 06:00:00.000";"17.70";"93.17";"0.00";"0.00";"0.0"
"2023-10-23 07:00:00.000";"18.28";"94.00";"0.00";"0.00";"0.0"
"2023-10-23 08:00:00.000";"17.00";"93.50";"0.00";"0.00";"0.0"
"2023-10-23 09:00:00.000";"16.62";"93.33";"0.00";"0.00";"0.0"
"2023-10-23 10:00:00.000";"20.05";"83.17";"0.00";"0.00";"0.0"
"2023-10-23 11:00:00.000";"24.93";"70.17";"0.00";"0.00";"0.0"
"2023-10-23 12:00:00.000";"26.03";"61.33";"0.00";"0.00";"0.0"
"2023-10-23 13:00:00.000";"26.00";"62.67";"1.40";"0.00";"0.0"
"2023-10-23 14:00:00.000";"25.93";"61.50";"1.17";"0.00";"0.0"
"2023-10-23 15:00:00.000";"25.62";"61.83";"1.75";"0.00";"0.0"
"2023-10-23 16:00:00.000";"25.87";"62.00";"0.92";"0.00";"0.0"
"2023-10-23 17:00:00.000";"23.73";"72.33";"2.30";"0.00";"0.0"
"2023-10-23 18:00:00.000";"22.97";"75.50";"0.63";"0.00";"0.0"
"2023-10-23 19:00:00.000";"22.08";"76.50";"0.08";"0.00";"0.0"
"2023-10-23 20:00:00.000";"20.58";"81.50";"0.08";"0.00";"0.0"
"2023-10-23 21:00:00.000";"19.12";"84.67";"0.00";"0.00";"0.0"
"2023-10-23 22:00:00.000";"17.33";"85.50";"0.00";"0.00";"0.0"
"2023-10-23 23:00:00.000";"16.17";"85.33";"0.00";"0.00";"0.0"
"2023-10-24 00:00:00.000";"15.67";"86.17";"0.00";"0.00";"0.0"
"2023-10-24 01:00:00.000";"15.20";"88.67";"0.00";"0.00";"0.0"
"2023-10-24 02:00:00.000";"14.55";"90.83";"0.00";"0.00";"0.0"
"2023-10-24 03:00:00.000";"14.78";"91.50";"0.00";"0.00";"0.0"
"2023-10-24 04:00:00.000";"14.28";"89.00";"0.00";"0.00";"0.0"
"2023-10-24 05:00:00.000";"14.52";"85.50";"0.00";"0.00";"0.0"
"2023-10-24 06:00:00.000";"13.77";"81.33";"0.00";"0.00";"0.0"
"2023-10-24 07:00:00.000";"13.18";"81.83";"0.00";"0.00";"0.0"
"2023-10-24 08:00:00.000";"13.65";"81.00";"0.00";"0.00";"0.0"
"2023-10-24 09:00:00.000";"14.30";"80.33";"0.00";"0.00";"0.0"
"2023-10-24 10:00:00.000";"18.92";"72.67";"0.00";"0.00";"0.0"
"2023-10-24 11:00:00.000";"24.65";"55.50";"0.00";"0.00";"0.0"
"2023-10-24 12:00:00.000";"26.07";"45.50";"0.03";"0.00";"0.0"
"2023-10-24 13:00:00.000";"25.98";"55.33";"0.83";"0.00";"0.0"
"2023-10-24 14:00:00.000";"27.32";"51.33";"0.33";"0.00";"0.0"
"2023-10-24 15:00:00.000";"27.33";"49.83";"1.35";"0.00";"0.0"
"2023-10-24 16:00:00.000";"27.08";"50.17";"1.47";"0.00";"0.0"
"2023-10-24 17:00:00.000";"26.48";"55.00";"1.10";"0.00";"0.0"
"2023-10-24 18:00:00.000";"25.52";"62.00";"0.05";"0.00";"0.0"
"2023-10-24 19:00:00.000";"22.42";"72.67";"0.00";"0.00";"0.0"
"2023-10-24 20:00:00.000";"19.75";"78.33";"0.00";"0.00";"0.0"
"2023-10-24 21:00:00.000";"18.15";"83.83";"0.00";"0.00";"0.0"
"2023-10-24 22:00:00.000";"17.08";"88.17";"0.00";"0.00";"0.0"
"2023-10-24 23:00:00.000";"16.52";"90.83";"0.00";"0.00";"0.0"
"2023-10-25 00:00:00.000";"16.03";"92.50";"0.00";"0.00";"0.0"
"2023-10-25 01:00:00.000";"14.75";"86.83";"0.00";"0.00";"0.0"
"2023-10-25 02:00:00.000";"13.55";"86.67";"0.00";"0.00";"0.0"
"2023-10-25 03:00:00.000";"13.13";"80.83";"0.00";"0.00";"0.0"
"2023-10-25 04:00:00.000";"14.07";"74.67";"0.00";"0.00";"0.0"
"2023-10-25 05:00:00.000";"13.68";"75.67";"0.00";"0.00";"0.0"
"2023-10-25 06:00:00.000";"14.13";"73.17";"0.00";"0.00";"0.0"
"2023-10-25 07:00:00.000";"13.50";"71.83";"0.00";"0.00";"0.0"
"2023-10-25 08:00:00.000";"14.42";"68.50";"0.00";"0.00";"0.0"
"2023-10-25 09:00:00.000";"14.58";"69.50";"0.00";"0.00";"0.0"
"2023-10-25 10:00:00.000";"17.42";"68.33";"0.00";"0.00";"0.0"
"2023-10-25 11:00:00.000";"22.53";"59.67";"0.00";"0.00";"0.0"
"2023-10-25 12:00:00.000";"24.90";"39.17";"0.00";"0.00";"0.0"
"2023-10-25 13:00:00.000";"25.58";"38.67";"0.03";"0.00";"0.0"
"2023-10-25 14:00:00.000";"24.55";"53.67";"0.42";"0.00";"0.0"
"2023-10-25 15:00:00.000";"24.25";"55.67";"0.82";"0.00";"0.0"
"2023-10-25 16:00:00.000";"23.82";"55.17";"0.22";"0.00";"0.0"
"2023-10-25 17:00:00.000";"23.35";"60.17";"0.00";"0.00";"0.0"
"2023-10-25 18:00:00.000";"22.67";"57.67";"0.00";"0.00";"0.0"
"2023-10-25 19:00:00.000";"20.78";"59.83";"0.00";"0.00";"0.0"
"2023-10-25 20:00:00.000";"17.58";"63.33";"0.00";"0.00";"0.0"
"2023-10-25 21:00:00.000";"16.98";"50.33";"0.00";"0.00";"0.0"
"2023-10-25 22:00:00.000";"15.60";"50.67";"0.00";"0.00";"0.0"
"2023-10-25 23:00:00.000";"18.95";"40.17";"0.00";"0.00";"0.0"
"2023-10-26 00:00:00.000";"20.57";"30.17";"0.03";"0.00";"0.0"
"2023-10-26 01:00:00.000";"19.55";"36.00";"0.00";"0.00";"0.0"
"2023-10-26 02:00:00.000";"17.90";"48.17";"0.02";"0.00";"0.3"
"2023-10-26 03:00:00.000";"18.88";"44.83";"0.00";"0.00";"0.0"
"2023-10-26 04:00:00.000";"17.50";"52.17";"0.00";"0.00";"0.0"
"2023-10-26 05:00:00.000";"18.87";"47.67";"0.02";"0.00";"0.0"
"2023-10-26 06:00:00.000";"18.42";"52.83";"0.00";"0.00";"0.0"
"2023-10-26 07:00:00.000";"18.77";"68.33";"0.00";"0.00";"0.0"
"2023-10-26 08:00:00.000";"19.88";"68.83";"0.07";"0.00";"0.0"
"2023-10-26 09:00:00.000";"19.40";"68.83";"0.03";"0.00";"0.0"
"2023-10-26 10:00:00.000";"20.92";"63.00";"0.00";"0.00";"0.0"
"2023-10-26 11:00:00.000";"23.13";"60.83";"0.00";"0.00";"0.0"
"2023-10-26 12:00:00.000";"24.07";"58.33";"0.37";"0.00";"0.0"
"2023-10-26 13:00:00.000";"24.10";"61.83";"0.50";"0.00";"0.0"
"2023-10-26 14:00:00.000";"24.40";"61.17";"0.43";"0.00";"0.0"
"2023-10-26 15:00:00.000";"24.47";"60.50";"0.80";"0.00";"0.3"
"2023-10-26 16:00:00.000";"25.50";"54.00";"0.90";"0.00";"0.0"
"2023-10-26 17:00:00.000";"24.25";"61.17";"0.85";"0.00";"0.0"
"2023-10-26 18:00:00.000";"23.90";"63.33";"0.70";"0.00";"0.0"
"2023-10-26 19:00:00.000";"22.03";"69.83";"0.07";"0.00";"0.0"
"2023-10-26 20:00:00.000";"20.83";"74.50";"0.00";"0.00";"0.0"
"2023-10-26 21:00:00.000";"20.00";"79.67";"0.00";"0.00";"0.0"
"2023-10-26 22:00:00.000";"19.70";"84.50";"0.00";"0.00";"0.0"
"2023-10-26 23:00:00.000";"19.40";"91.17";"0.00";"0.00";"0.0"
"2023-10-27 00:00:00.000";"18.15";"92.50";"0.00";"0.00";"0.0"
"2023-10-27 01:00:00.000";"17.07";"92.83";"0.00";"0.00";"0.0"
"2023-10-27 02:00:00.000";"16.63";"93.50";"0.00";"0.00";"0.0"
"2023-10-27 03:00:00.000";"16.92";"94.00";"0.00";"0.00";"0.3"
"2023-10-27 04:00:00.000";"17.05";"94.67";"0.00";"0.17";"0.0"
"2023-10-27 05:00:00.000";"17.68";"95.00";"0.00";"1.00";"0.0"
"2023-10-27 06:00:00.000";"17.38";"95.00";"0.00";"1.00";"0.0"
"2023-10-27 07:00:00.000";"17.67";"95.00";"0.00";"1.00";"0.0"
"2023-10-27 08:00:00.000";"17.75";"95.00";"0.00";"1.00";"0.0"
"2023-10-27 09:00:00.000";"17.62";"95.00";"0.00";"1.00";"0.0"
"2023-10-27 10:00:00.000";"18.73";"94.17";"0.00";"0.00";"0.0"
"2023-10-27 11:00:00.000";"20.90";"78.17";"0.00";"0.00";"0.0"
"2023-10-27 12:00:00.000";"24.05";"68.50";"0.27";"0.00";"0.0"
"2023-10-27 13:00:00.000";"24.23";"67.50";"1.78";"0.00";"0.0"
"2023-10-27 14:00:00.000";"24.63";"66.67";"2.08";"0.00";"0.0"
"2023-10-27 15:00:00.000";"24.03";"67.33";"3.15";"0.00";"0.0"
"2023-10-27 16:00:00.000";"23.67";"68.17";"2.78";"0.00";"0.0"
"2023-10-27 17:00:00.000";"24.85";"66.17";"2.60";"0.00";"0.0"
"2023-10-27 18:00:00.000";"22.45";"73.83";"0.73";"0.00";"0.0"
"2023-10-27 19:00:00.000";"21.27";"79.83";"0.02";"0.00";"0.0"
"2023-10-27 20:00:00.000";"19.98";"82.83";"0.00";"0.00";"0.0"
"2023-10-27 21:00:00.000";"18.72";"86.00";"0.00";"0.00";"0.0"
"2023-10-27 22:00:00.000";"18.25";"87.50";"0.00";"0.00";"0.0"
"2023-10-27 23:00:00.000";"17.82";"89.20";"0.00";"0.00";"0.0"
"2023-10-28 00:00:00.000";"17.60";"92.00";"0.00";"0.60";"0.0"
"2023-10-28 01:00:00.000";"16.97";"92.67";"0.00";"0.00";"0.0"
"2023-10-28 02:00:00.000";"16.13";"93.33";"0.00";"0.17";"0.0"
"2023-10-28 03:00:00.000";"16.78";"94.67";"0.00";"1.00";"0.0"
"2023-10-28 04:00:00.000";"16.85";"95.00";"0.00";"1.00";"0.0"
"2023-10-28 05:00:00.000";"16.93";"95.00";"0.00";"1.00";"0.0"
"2023-10-28 06:00:00.000";"17.50";"95.00";"0.00";"1.00";"0.0"
"2023-10-28 07:00:00.000";"16.60";"95.00";"0.00";"1.00";"0.0"
"2023-10-28 08:00:00.000";"16.70";"95.00";"0.00";"1.00";"0.0"
"2023-10-28 09:00:00.000";"17.27";"95.00";"0.00";"1.00";"0.0"
"2023-10-28 10:00:00.000";"19.08";"93.67";"0.00";"0.17";"0.0"
"2023-10-28 11:00:00.000";"22.37";"82.00";"0.00";"0.00";"0.0"
"2023-10-28 12:00:00.000";"24.02";"76.67";"0.15";"0.00";"0.0"
"2023-10-28 13:00:00.000";"25.27";"67.17";"0.93";"0.00";"0.0"
"2023-10-28 14:00:00.000";"25.10";"67.17";"1.88";"0.00";"0.0"
"2023-10-28 15:00:00.000";"25.12";"68.50";"3.27";"0.00";"0.0"
"2023-10-28 16:00:00.000";"25.25";"69.17";"4.17";"0.00";"0.0"
"2023-10-28 17:00:00.000";"23.37";"77.00";"1.88";"0.00";"0.0"
"2023-10-28 18:00:00.000";"23.20";"75.67";"0.57";"0.00";"0.0"
"2023-10-28 19:00:00.000";"21.22";"81.50";"0.03";"0.00";"0.0"
"2023-10-28 20:00:00.000";"19.12";"86.00";"0.00";"0.00";"0.0"
"2023-10-28 21:00:00.000";"18.22";"89.33";"0.00";"0.00";"0.0"
"2023-10-28 22:00:00.000";"17.83";"92.00";"0.00";"0.00";"0.0"
"2023-10-28 23:00:00.000";"16.98";"93.17";"0.00";"0.00";"0.0"
"2023-10-29 00:00:00.000";"16.50";"94.00";"0.00";"0.00";"0.0"
"2023-10-29 01:00:00.000";"16.87";"94.33";"0.00";"0.83";"0.0"
"2023-10-29 02:00:00.000";"17.38";"95.00";"0.00";"1.00";"0.3"
"2023-10-29 03:00:00.000";"17.32";"95.00";"0.00";"1.00";"0.0"
"2023-10-29 04:00:00.000";"16.86";"95.00";"0.00";"1.00";"0.0"
"2023-10-29 05:00:00.000";"16.60";"95.00";"0.00";"1.00";"0.0"
"2023-10-29 06:00:00.000";"14.63";"94.00";"0.00";"1.00";"0.0"
"2023-10-29 07:00:00.000";"14.53";"94.00";"0.00";"0.00";"0.0"
"2023-10-29 08:00:00.000";"16.40";"94.83";"0.00";"1.00";"0.0"
"2023-10-29 09:00:00.000";"19.13";"92.17";"0.05";"0.00";"0.0"
"2023-10-29 10:00:00.000";"21.60";"84.33";"0.07";"0.00";"0.0"
"2023-10-29 11:00:00.000";"23.42";"73.00";"0.67";"0.00";"0.0"
"2023-10-29 12:00:00.000";"24.20";"68.00";"1.17";"0.00";"0.0"
"2023-10-29 13:00:00.000";"24.92";"65.17";"1.25";"0.00";"0.0"
"2023-10-29 14:00:00.000";"24.80";"60.67";"1.52";"0.00";"0.0"
"2023-10-29 15:00:00.000";"25.07";"60.00";"1.42";"0.00";"0.0"
"2023-10-29 16:00:00.000";"24.57";"62.33";"1.02";"0.00";"0.0"
"2023-10-29 17:00:00.000";"22.70";"68.00";"0.20";"0.00";"0.0"
"2023-10-29 18:00:00.000";"20.88";"75.33";"0.18";"0.00";"0.0"
"2023-10-29 19:00:00.000";"19.23";"79.33";"0.00";"0.00";"0.0"
"2023-10-29 20:00:00.000";"17.93";"81.67";"0.00";"0.00";"0.0"
"2023-10-29 21:00:00.000";"16.73";"84.17";"0.00";"0.00";"0.0"
"2023-10-29 22:00:00.000";"15.95";"85.83";"0.00";"0.00";"0.0"
"2023-10-29 23:00:00.000";"15.25";"90.17";"0.00";"0.00";"0.0"
"2023-10-30 00:00:00.000";"14.90";"92.17";"0.00";"0.00";"0.0"
"2023-10-30 01:00:00.000";"14.40";"93.17";"0.00";"0.00";"0.0"
"2023-10-30 02:00:00.000";"14.73";"93.67";"0.00";"0.00";"0.0"
"2023-10-30 03:00:00.000";"14.43";"93.83";"0.00";"0.00";"0.0"
"2023-10-30 04:00:00.000";"14.75";"94.00";"0.00";"0.00";"0.0"
"2023-10-30 05:00:00.000";"14.80";"93.83";"0.00";"0.00";"0.0"
"2023-10-30 06:00:00.000";"14.10";"93.00";"0.00";"0.00";"0.3"
"2023-10-30 07:00:00.000";"13.72";"93.50";"0.00";"0.00";"0.0"
"2023-10-30 08:00:00.000";"13.75";"94.00";"0.00";"0.00";"0.0"
"2023-10-30 09:00:00.000";"17.45";"87.67";"0.00";"0.00";"0.0"
"2023-10-30 10:00:00.000";"23.33";"67.17";"0.00";"0.00";"0.0"
"2023-10-30 11:00:00.000";"25.38";"55.83";"0.20";"0.00";"0.0"
"2023-10-30 12:00:00.000";"25.18";"56.00";"0.90";"0.00";"0.0"
"2023-10-30 13:00:00.000";"25.52";"52.67";"1.23";"0.00";"0.0"
"2023-10-30 14:00:00.000";"25.57";"50.50";"1.72";"0.00";"0.0"
"2023-10-30 15:00:00.000";"25.40";"51.50";"2.22";"0.00";"0.0"
"2023-10-30 16:00:00.000";"25.63";"50.33";"1.35";"0.00";"0.0"
"2023-10-30 17:00:00.000";"25.02";"53.00";"0.85";"0.00";"0.0"
"2023-10-30 18:00:00.000";"22.10";"65.17";"0.05";"0.00";"0.0"
"2023-10-30 19:00:00.000";"18.20";"74.33";"0.00";"0.00";"0.0"
"2023-10-30 20:00:00.000";"16.73";"73.67";"0.00";"0.00";"0.0"
"2023-10-30 21:00:00.000";"15.70";"75.00";"0.00";"0.00";"0.0"
"2023-10-30 22:00:00.000";"14.98";"76.33";"0.00";"0.00";"0.0"
"2023-10-30 23:00:00.000";"13.90";"81.83";"0.00";"0.00";"0.0"
"2023-10-31 00:00:00.000";"13.72";"84.83";"0.00";"0.00";"0.0"
"2023-10-31 01:00:00.000";"13.83";"87.67";"0.00";"0.00";"0.0"
"2023-10-31 02:00:00.000";"13.13";"89.83";"0.00";"0.00";"0.0"
"2023-10-31 03:00:00.000";"12.95";"92.17";"0.00";"0.00";"0.0"
"2023-10-31 04:00:00.000";"13.03";"93.00";"0.00";"0.00";"0.0"
"2023-10-31 05:00:00.000";"12.45";"94.00";"0.00";"0.00";"0.0"
"2023-10-31 06:00:00.000";"12.93";"94.00";"0.00";"0.00";"0.0"
"2023-10-31 07:00:00.000";"12.68";"94.00";"0.00";"0.00";"0.0"
"2023-10-31 08:00:00.000";"13.00";"94.00";"0.00";"0.00";"0.0"
"2023-10-31 09:00:00.000";"17.27";"85.67";"0.00";"0.00";"0.0"
"2023-10-31 10:00:00.000";"23.05";"69.67";"0.00";"0.00";"0.0"
"2023-10-31 11:00:00.000";"23.92";"64.67";"0.12";"0.00";"0.0"
"2023-10-31 12:00:00.000";"24.77";"51.67";"0.47";"0.00";"0.0"
"2023-10-31 13:00:00.000";"24.28";"54.67";"2.27";"0.00";"0.0"
"2023-10-31 14:00:00.000";"23.78";"56.00";"2.88";"0.00";"0.0"
"2023-10-31 15:00:00.000";"23.72";"56.33";"3.02";"0.00";"0.0"
"2023-10-31 16:00:00.000";"23.47";"58.00";"1.58";"0.00";"0.0"
"2023-10-31 17:00:00.000";"22.22";"60.33";"0.85";"0.00";"0.0"
"2023-10-31 18:00:00.000";"19.28";"69.67";"0.00";"0.00";"0.0"
"2023-10-31 19:00:00.000";"16.33";"77.67";"0.00";"0.00";"0.0"
"2023-10-31 20:00:00.000";"15.28";"83.33";"0.00";"0.00";"0.0"
"2023-10-31 21:00:00.000";"14.92";"88.17";"0.00";"0.00";"0.0"
"2023-10-31 22:00:00.000";"15.03";"91.33";"0.00";"0.00";"0.0"
"2023-10-31 23:00:00.000";"15.15";"92.67";"0.00";"0.00";"0.0"
"2023-11-01 00:00:00.000";"15.72";"93.00";"0.00";"0.00";"0.0"
"2023-11-01 01:00:00.000";"16.15";"93.00";"0.00";"0.00";"0.0"
"2023-11-01 02:00:00.000";"17.22";"89.17";"0.00";"0.00";"0.0"
"2023-11-01 03:00:00.000";"17.80";"85.83";"0.00";"0.00";"0.0"
"2023-11-01 04:00:00.000";"17.62";"85.50";"0.00";"0.00";"0.0"
"2023-11-01 05:00:00.000";"18.03";"85.83";"0.00";"0.00";"0.0"
"2023-11-01 06:00:00.000";"18.68";"80.67";"0.00";"0.00";"0.0"
"2023-11-01 07:00:00.000";"18.05";"85.83";"0.00";"0.33";"0.0"
"2023-11-01 08:00:00.000";"17.57";"92.50";"0.00";"0.17";"0.3"
"2023-11-01 09:00:00.000";"19.13";"89.00";"0.00";"0.00";"0.0"
"2023-11-01 10:00:00.000";"21.98";"76.00";"0.00";"0.00";"0.0"
"2023-11-01 11:00:00.000";"23.75";"67.50";"0.53";"0.00";"0.0"
"2023-11-01 12:00:00.000";"24.83";"62.17";"0.95";"0.00";"0.0"
"2023-11-01 13:00:00.000";"25.10";"60.50";"0.95";"0.00";"0.0"
"2023-11-01 14:00:00.000";"25.18";"58.50";"1.17";"0.00";"0.0"
"2023-11-01 15:00:00.000";"25.35";"57.00";"1.25";"0.00";"0.0"
"2023-11-01 16:00:00.000";"24.90";"59.67";"0.67";"0.00";"0.0"
"2023-11-01 17:00:00.000";"23.35";"61.83";"0.32";"0.00";"0.0"
"2023-11-01 18:00:00.000";"20.60";"72.83";"0.00";"0.00";"0.0"
"2023-11-01 19:00:00.000";"18.38";"78.00";"0.00";"0.00";"0.0"
"2023-11-01 20:00:00.000";"17.32";"82.67";"0.00";"0.00";"0.0"
"2023-11-01 21:00:00.000";"17.27";"84.50";"0.00";"0.00";"0.0"
"2023-11-01 22:00:00.000";"16.93";"87.50";"0.00";"0.00";"0.0"
"2023-11-01 23:00:00.000";"17.40";"90.83";"0.00";"0.00";"0.0"
"2023-11-02 00:00:00.000";"16.92";"91.00";"0.00";"0.00";"0.0"
"2023-11-02 01:00:00.000";"16.57";"92.67";"0.00";"0.00";"0.0"
"2023-11-02 02:00:00.000";"16.35";"94.00";"0.00";"0.00";"0.0"
"2023-11-02 03:00:00.000";"15.75";"94.00";"0.00";"0.00";"0.0"
"2023-11-02 04:00:00.000";"15.53";"93.83";"0.00";"0.00";"0.0"
"2023-11-02 05:00:00.000";"14.23";"93.00";"0.00";"0.00";"0.0"
"2023-11-02 06:00:00.000";"14.37";"93.50";"0.00";"0.00";"0.0"
"2023-11-02 07:00:00.000";"14.37";"94.00";"0.00";"0.00";"0.0"
"2023-11-02 08:00:00.000";"14.73";"94.67";"0.00";"0.67";"0.0"
"2023-11-02 09:00:00.000";"17.47";"94.67";"0.00";"0.50";"0.0"
"2023-11-02 10:00:00.000";"20.80";"86.83";"0.60";"0.00";"0.0"
"2023-11-02 11:00:00.000";"22.52";"82.17";"7.60";"0.00";"0.0"
"2023-11-02 12:00:00.000";"23.07";"80.17";"6.78";"0.00";"0.0"
"2023-11-02 13:00:00.000";"22.85";"80.17";"5.87";"0.00";"0.0"
"2023-11-02 14:00:00.000";"23.97";"76.83";"6.32";"0.00";"0.0"
"2023-11-02 15:00:00.000";"23.78";"73.67";"4.07";"0.00";"0.0"
"2023-11-02 16:00:00.000";"23.65";"72.83";"3.27";"0.00";"0.0"
"2023-11-02 17:00:00.000";"22.33";"77.17";"0.65";"0.00";"0.0"
"2023-11-02 18:00:00.000";"21.43";"81.67";"0.00";"0.00";"0.0"
"2023-11-02 19:00:00.000";"18.97";"86.17";"0.00";"0.00";"0.0"
"2023-11-02 20:00:00.000";"17.62";"89.33";"0.00";"0.00";"0.0"
"2023-11-02 21:00:00.000";"16.27";"90.50";"0.00";"0.00";"0.0"
"2023-11-02 22:00:00.000";"16.30";"93.50";"0.00";"0.00";"0.0"
"2023-11-02 23:00:00.000";"15.72";"94.00";"0.00";"0.00";"0.0"
"2023-11-03 00:00:00.000";"15.02";"94.00";"0.00";"0.00";"0.0"
"2023-11-03 01:00:00.000";"15.85";"94.50";"0.00";"0.00";"0.0"
"2023-11-03 02:00:00.000";"16.65";"94.67";"0.00";"0.00";"0.0"
"2023-11-03 03:00:00.000";"16.27";"95.00";"0.00";"0.33";"0.0"
"2023-11-03 04:00:00.000";"16.22";"95.00";"0.00";"1.00";"0.0"
"2023-11-03 05:00:00.000";"16.43";"95.00";"0.00";"1.00";"0.0"
"2023-11-03 06:00:00.000";"16.62";"95.00";"0.00";"1.00";"0.3"
"2023-11-03 07:00:00.000";"16.47";"95.00";"0.00";"1.00";"0.0"
"2023-11-03 08:00:00.000";"16.77";"95.00";"0.00";"1.00";"0.0"
"2023-11-03 09:00:00.000";"18.73";"93.67";"0.00";"0.50";"0.0"
"2023-11-03 10:00:00.000";"22.27";"83.00";"0.37";"0.00";"0.0"
"2023-11-03 11:00:00.000";"24.37";"73.50";"0.62";"0.00";"0.0"
"2023-11-03 12:00:00.000";"23.98";"72.33";"1.48";"0.00";"0.0"
"2023-11-03 13:00:00.000";"23.78";"73.33";"1.15";"0.00";"0.0"
"2023-11-03 14:00:00.000";"25.73";"66.00";"0.47";"0.00";"0.0"
"2023-11-03 15:00:00.000";"26.58";"52.50";"0.48";"0.00";"0.0"
"2023-11-03 16:00:00.000";"25.50";"58.33";"0.97";"0.00";"0.0"
"2023-11-03 17:00:00.000";"24.85";"54.50";"0.32";"0.00";"0.0"
"2023-11-03 18:00:00.000";"21.87";"65.50";"0.18";"0.00";"0.0"
"2023-11-03 19:00:00.000";"20.72";"70.50";"0.05";"0.00";"0.0"
"2023-11-03 20:00:00.000";"19.77";"75.67";"0.00";"0.00";"0.0"
"2023-11-03 21:00:00.000";"19.82";"80.67";"0.00";"0.00";"0.0"
"2023-11-03 22:00:00.000";"19.87";"84.33";"0.00";"0.00";"0.0"
"2023-11-03 23:00:00.000";"19.63";"85.67";"0.00";"0.00";"0.0"
"2023-11-04 00:00:00.000";"19.13";"92.17";"0.00";"0.00";"0.0"
"2023-11-04 01:00:00.000";"19.53";"88.33";"0.00";"0.00";"0.0"
"2023-11-04 02:00:00.000";"19.50";"85.00";"0.00";"0.00";"0.0"
"2023-11-04 03:00:00.000";"19.47";"84.33";"0.00";"0.00";"0.0"
"2023-11-04 04:00:00.000";"20.57";"75.33";"0.00";"0.00";"0.0"
"2023-11-04 05:00:00.000";"21.58";"71.67";"0.25";"0.00";"0.0"
"2023-11-04 06:00:00.000";"23.58";"61.67";"1.67";"0.00";"0.0"
"2023-11-04 07:00:00.000";"24.45";"55.00";"3.95";"0.00";"0.0"
"2023-11-04 08:00:00.000";"24.32";"55.17";"4.83";"0.00";"0.0"
"2023-11-04 09:00:00.000";"24.67";"56.50";"8.77";"0.00";"0.0"
"2023-11-04 10:00:00.000";"24.08";"65.00";"10.40";"0.00";"0.0"
"2023-11-04 11:00:00.000";"23.23";"73.83";"3.93";"0.00";"0.0"
"2023-11-04 12:00:00.000";"22.40";"71.00";"1.12";"0.00";"0.0"
"2023-11-04 13:00:00.000";"21.03";"72.33";"0.60";"0.00";"0.0"
"2023-11-04 14:00:00.000";"21.67";"68.83";"0.72";"0.00";"0.0"
"2023-11-04 15:00:00.000";"22.63";"60.33";"3.05";"0.00";"0.0"
"2023-11-04 16:00:00.000";"21.85";"59.67";"3.42";"0.00";"0.0"
"2023-11-04 17:00:00.000";"20.65";"61.67";"3.17";"0.00";"0.0"
"2023-11-04 18:00:00.000";"19.57";"65.67";"1.83";"0.00";"0.0"
"2023-11-04 19:00:00.000";"19.07";"60.83";"1.30";"0.00";"0.0"
"2023-11-04 20:00:00.000";"19.13";"62.83";"1.12";"0.00";"0.0"
"2023-11-04 21:00:00.000";"18.75";"62.33";"0.55";"0.00";"0.0"
"2023-11-04 22:00:00.000";"18.18";"64.33";"0.45";"0.00";"0.0"
"2023-11-04 23:00:00.000";"16.02";"73.17";"0.02";"0.00";"0.0"
"2023-11-05 00:00:00.000";"14.15";"78.83";"0.00";"0.00";"0.0"
"2023-11-05 01:00:00.000";"13.40";"80.50";"0.00";"0.00";"0.0"
"2023-11-05 02:00:00.000";"12.33";"82.50";"0.00";"0.00";"0.0"
"2023-11-05 03:00:00.000";"11.82";"86.17";"0.00";"0.00";"0.0"
"2023-11-05 04:00:00.000";"11.70";"88.83";"0.00";"0.00";"0.0"
"2023-11-05 05:00:00.000";"11.68";"88.33";"0.00";"0.00";"0.0"
"2023-11-05 06:00:00.000";"11.07";"89.17";"0.00";"0.00";"0.0"
"2023-11-05 07:00:00.000";"11.32";"91.17";"0.00";"0.00";"0.0"
"2023-11-05 08:00:00.000";"11.83";"91.50";"0.00";"0.00";"0.0"
"2023-11-05 09:00:00.000";"16.25";"78.00";"0.00";"0.00";"0.0"
"2023-11-05 10:00:00.000";"21.45";"60.33";"0.25";"0.00";"0.0"
"2023-11-05 11:00:00.000";"20.68";"62.50";"0.60";"0.00";"0.0"
"2023-11-05 12:00:00.000";"20.07";"65.00";"3.27";"0.00";"0.0"
"2023-11-05 13:00:00.000";"22.30";"57.33";"4.17";"0.00";"0.0"
"2023-11-05 14:00:00.000";"22.37";"59.00";"3.65";"0.00";"0.0"
"2023-11-05 15:00:00.000";"22.23";"60.83";"3.62";"0.00";"0.0"
"2023-11-05 16:00:00.000";"21.93";"60.33";"4.45";"0.00";"0.0"
"2023-11-05 17:00:00.000";"20.22";"67.33";"1.27";"0.00";"0.0"
"2023-11-05 18:00:00.000";"19.80";"71.83";"0.00";"0.00";"0.0"
"2023-11-05 19:00:00.000";"19.30";"72.67";"0.00";"0.00";"0.0"
"2023-11-05 20:00:00.000";"19.33";"70.50";"0.02";"0.00";"0.0"
"2023-11-05 21:00:00.000";"17.97";"74.17";"0.00";"0.00";"0.0"
"2023-11-05 22:00:00.000";"17.02";"77.83";"0.00";"0.00";"0.0"
"2023-11-05 23:00:00.000";"15.52";"83.83";"0.00";"0.00";"0.0"
"2023-11-06 00:00:00.000";"15.15";"88.83";"0.00";"0.00";"0.0"
"2023-11-06 01:00:00.000";"15.75";"91.67";"0.00";"0.00";"0.0"
"2023-11-06 02:00:00.000";"15.37";"91.83";"0.00";"0.00";"0.0"
"2023-11-06 03:00:00.000";"16.00";"92.83";"0.00";"0.00";"0.0"
"2023-11-06 04:00:00.000";"16.20";"93.00";"0.00";"0.00";"0.0"
"2023-11-06 05:00:00.000";"16.05";"93.00";"0.00";"0.00";"0.0"
"2023-11-06 06:00:00.000";"15.98";"93.67";"0.00";"0.33";"0.0"
"2023-11-06 07:00:00.000";"16.43";"94.00";"0.00";"0.00";"0.0"
"2023-11-06 08:00:00.000";"15.97";"94.00";"0.00";"0.00";"0.0"
"2023-11-06 09:00:00.000";"18.10";"93.33";"0.00";"0.00";"0.0"
"2023-11-06 10:00:00.000";"21.60";"81.17";"0.38";"0.00";"0.0"
"2023-11-06 11:00:00.000";"22.73";"74.17";"0.80";"0.00";"0.0"
"2023-11-06 12:00:00.000";"23.67";"70.67";"3.53";"0.00";"0.0"
"2023-11-06 13:00:00.000";"23.05";"73.00";"2.62";"0.00";"0.0"
"2023-11-06 14:00:00.000";"22.82";"72.67";"2.38";"0.00";"0.0"
"2023-11-06 15:00:00.000";"24.17";"67.00";"2.60";"0.00";"0.0"
"2023-11-06 16:00:00.000";"24.20";"68.33";"3.12";"0.00";"0.0"
"2023-11-06 17:00:00.000";"23.65";"68.83";"0.58";"0.00";"0.0"
"2023-11-06 18:00:00.000";"20.75";"72.00";"0.00";"0.00";"0.0"
"2023-11-06 19:00:00.000";"17.28";"80.83";"0.00";"0.00";"0.0"
"2023-11-06 20:00:00.000";"15.27";"84.50";"0.00";"0.00";"0.0"
"2023-11-06 21:00:00.000";"15.43";"84.33";"0.13";"0.00";"0.0"
"2023-11-06 22:00:00.000";"15.52";"83.00";"0.00";"0.00";"0.0"
"2023-11-06 23:00:00.000";"14.20";"86.33";"0.00";"0.00";"0.0"
"2023-11-07 00:00:00.000";"13.80";"89.33";"0.00";"0.00";"0.0"
"2023-11-07 01:00:00.000";"13.88";"92.33";"0.00";"0.00";"0.0"
"2023-11-07 02:00:00.000";"13.17";"93.67";"0.00";"0.00";"0.3"
"2023-11-07 03:00:00.000";"12.62";"93.67";"0.00";"0.00";"0.0"
"2023-11-07 04:00:00.000";"12.65";"94.00";"0.00";"0.50";"0.0"
"2023-11-07 05:00:00.000";"11.97";"94.00";"0.00";"1.00";"0.0"
"2023-11-07 06:00:00.000";"11.12";"94.00";"0.00";"0.83";"0.0"
"2023-11-07 07:00:00.000";"11.42";"94.00";"0.00";"1.00";"0.0"
"2023-11-07 08:00:00.000";"11.60";"94.17";"0.00";"1.00";"0.0"
"2023-11-07 09:00:00.000";"15.12";"91.17";"0.02";"0.50";"0.0"
"2023-11-07 10:00:00.000";"19.57";"77.33";"0.58";"0.00";"0.0"
"2023-11-07 11:00:00.000";"21.72";"63.83";"0.65";"0.00";"0.0"
"2023-11-07 12:00:00.000";"22.85";"53.67";"0.92";"0.00";"0.0"
"2023-11-07 13:00:00.000";"23.65";"48.33";"1.02";"0.00";"0.0"
"2023-11-07 14:00:00.000";"24.32";"46.00";"1.28";"0.00";"0.0"
"2023-11-07 15:00:00.000";"23.78";"49.00";"1.25";"0.00";"0.0"
"2023-11-07 16:00:00.000";"23.33";"54.00";"0.72";"0.00";"0.0"
"2023-11-07 17:00:00.000";"22.37";"56.33";"0.17";"0.00";"0.0"
"2023-11-07 18:00:00.000";"19.23";"66.67";"0.02";"0.00";"0.0"
"2023-11-07 19:00:00.000";"16.20";"75.17";"0.00";"0.00";"0.0"
"2023-11-07 20:00:00.000";"14.55";"80.50";"0.00";"0.00";"0.0"
"2023-11-07 21:00:00.000";"13.87";"84.83";"0.00";"0.00";"0.0"
"2023-11-07 22:00:00.000";"13.93";"83.50";"0.00";"0.00";"0.0"
"2023-11-07 23:00:00.000";"14.73";"80.33";"0.00";"0.00";"0.0"
"2023-11-08 00:00:00.000";"13.37";"82.17";"0.00";"0.00";"0.0"
"2023-11-08 01:00:00.000";"12.73";"86.17";"0.00";"0.00";"0.0"
"2023-11-08 02:00:00.000";"12.00";"86.67";"0.00";"0.00";"0.0"
"2023-11-08 03:00:00.000";"11.87";"88.67";"0.00";"0.00";"0.0"
"2023-11-08 04:00:00.000";"11.53";"88.50";"0.00";"0.00";"0.0"
"2023-11-08 05:00:00.000";"11.28";"89.50";"0.00";"0.00";"0.3"
"2023-11-08 06:00:00.000";"11.38";"92.50";"0.00";"0.00";"0.0"
"2023-11-08 07:00:00.000";"11.97";"93.33";"0.00";"0.00";"0.0"
"2023-11-08 08:00:00.000";"12.03";"93.17";"0.00";"0.00";"0.0"
"2023-11-08 09:00:00.000";"14.70";"87.83";"0.00";"0.00";"0.0"
"2023-11-08 10:00:00.000";"20.97";"74.33";"0.02";"0.00";"0.0"
"2023-11-08 11:00:00.000";"22.37";"69.67";"0.17";"0.00";"0.0"
"2023-11-08 12:00:00.000";"22.93";"64.17";"0.53";"0.00";"0.0"
"2023-11-08 13:00:00.000";"22.83";"64.83";"1.62";"0.00";"0.0"
"2023-11-08 14:00:00.000";"23.13";"66.00";"1.83";"0.00";"0.0"
"2023-11-08 15:00:00.000";"23.02";"64.83";"1.52";"0.00";"0.0"
"2023-11-08 16:00:00.000";"22.53";"65.83";"1.28";"0.00";"0.0"
"2023-11-08 17:00:00.000";"21.28";"66.83";"0.95";"0.00";"0.0"
"2023-11-08 18:00:00.000";"18.60";"75.67";"0.07";"0.00";"0.0"
"2023-11-08 19:00:00.000";"16.15";"83.50";"0.00";"0.00";"0.0"
"2023-11-08 20:00:00.000";"15.75";"87.17";"0.00";"0.00";"0.0"
"2023-11-08 21:00:00.000";"15.50";"90.33";"0.00";"0.00";"0.0"
"2023-11-08 22:00:00.000";"15.80";"93.00";"0.00";"0.00";"0.0"
"2023-11-08 23:00:00.000";"16.10";"93.83";"0.00";"0.00";"0.0"
"2023-11-09 00:00:00.000";"15.73";"94.00";"0.00";"0.00";"0.0"
"2023-11-09 01:00:00.000";"15.33";"94.17";"0.00";"1.00";"0.0"
"2023-11-09 02:00:00.000";"14.73";"94.17";"0.00";"1.00";"0.0"
"2023-11-09 03:00:00.000";"15.28";"94.67";"0.00";"1.00";"0.0"
"2023-11-09 04:00:00.000";"15.32";"94.67";"0.00";"1.00";"0.0"
"2023-11-09 05:00:00.000";"15.10";"95.00";"0.00";"1.00";"0.0"
"2023-11-09 06:00:00.000";"15.00";"95.00";"0.00";"1.00";"0.0"
"2023-11-09 07:00:00.000";"14.30";"94.17";"0.00";"1.00";"0.0"
"2023-11-09 08:00:00.000";"14.33";"94.17";"0.00";"1.00";"0.0"
"2023-11-09 09:00:00.000";"16.00";"93.33";"0.00";"0.00";"0.0"
"2023-11-09 10:00:00.000";"19.65";"80.33";"0.00";"0.00";"0.0"
"2023-11-09 11:00:00.000";"22.65";"68.00";"0.10";"0.00";"0.0"
"2023-11-09 12:00:00.000";"23.27";"66.33";"1.13";"0.00";"0.0"
"2023-11-09 13:00:00.000";"23.47";"63.50";"1.95";"0.00";"0.0"
"2023-11-09 14:00:00.000";"23.45";"54.00";"2.40";"0.00";"0.0"
"2023-11-09 15:00:00.000";"23.30";"48.00";"0.72";"0.00";"0.0"
"2023-11-09 16:00:00.000";"22.58";"50.17";"0.67";"0.00";"0.0"
"2023-11-09 17:00:00.000";"21.07";"50.67";"0.45";"0.00";"0.0"
"2023-11-09 18:00:00.000";"18.43";"60.50";"0.00";"0.00";"0.0"
"2023-11-09 19:00:00.000";"15.15";"69.50";"0.00";"0.00";"0.0"
"2023-11-09 20:00:00.000";"13.03";"71.67";"0.00";"0.00";"0.0"
"2023-11-09 21:00:00.000";"11.98";"73.67";"0.00";"0.00";"0.0"
"2023-11-09 22:00:00.000";"11.65";"69.33";"0.00";"0.00";"0.0"
"2023-11-09 23:00:00.000";"11.88";"63.67";"0.00";"0.00";"0.0"
"2023-11-10 00:00:00.000";"13.70";"56.33";"0.00";"0.00";"0.0"
"2023-11-10 01:00:00.000";"13.32";"57.83";"0.00";"0.00";"0.0"
"2023-11-10 02:00:00.000";"13.12";"59.17";"0.00";"0.00";"0.0"
"2023-11-10 03:00:00.000";"12.85";"61.00";"0.00";"0.00";"0.0"
"2023-11-10 04:00:00.000";"12.42";"63.33";"0.00";"0.00";"0.0"
"2023-11-10 05:00:00.000";"11.65";"67.33";"0.00";"0.00";"0.0"
"2023-11-10 06:00:00.000";"11.17";"70.67";"0.00";"0.00";"0.0"
"2023-11-10 07:00:00.000";"11.08";"71.50";"0.00";"0.00";"0.0"
"2023-11-10 08:00:00.000";"11.63";"70.00";"0.00";"0.00";"0.0"
"2023-11-10 09:00:00.000";"16.83";"57.17";"0.00";"0.00";"0.0"
"2023-11-10 10:00:00.000";"20.83";"45.50";"0.02";"0.00";"0.0"
"2023-11-10 11:00:00.000";"20.57";"52.83";"0.00";"0.00";"0.0"
"2023-11-10 12:00:00.000";"18.45";"62.33";"0.02";"0.33";"0.3"
"2023-11-10 13:00:00.000";"18.27";"71.33";"0.15";"0.00";"0.0"
"2023-11-10 14:00:00.000";"14.35";"83.00";"5.82";"0.67";"10.8"
"2023-11-10 15:00:00.000";"12.50";"94.00";"0.13";"1.00";"1.2"
"2023-11-10 16:00:00.000";"12.33";"94.00";"0.45";"1.00";"0.0"
"2023-11-10 17:00:00.000";"13.90";"93.50";"0.38";"1.00";"0.0"
"2023-11-10 18:00:00.000";"13.58";"93.00";"0.00";"0.33";"0.0"
"2023-11-10 19:00:00.000";"13.80";"92.33";"0.07";"0.00";"0.0"
"2023-11-10 20:00:00.000";"14.28";"91.33";"0.02";"0.00";"0.0"
"2023-11-10 21:00:00.000";"12.78";"92.83";"0.00";"0.33";"0.0"
"2023-11-10 22:00:00.000";"14.18";"94.00";"0.02";"0.50";"0.0"
"2023-11-10 23:00:00.000";"14.53";"94.17";"0.00";"0.33";"0.0"
"2023-11-11 00:00:00.000";"14.62";"95.00";"0.00";"1.00";"0.0"
"2023-11-11 01:00:00.000";"14.40";"95.00";"0.00";"1.00";"0.0"
"2023-11-11 02:00:00.000";"13.92";"95.00";"0.00";"1.00";"0.0"
"2023-11-11 03:00:00.000";"14.45";"95.00";"0.00";"1.00";"0.0"
"2023-11-11 04:00:00.000";"16.05";"95.00";"0.00";"1.00";"0.0"
"2023-11-11 05:00:00.000";"16.07";"95.00";"0.00";"1.00";"0.6"
"2023-11-11 06:00:00.000";"16.93";"95.00";"0.00";"1.00";"11.4"
"2023-11-11 07:00:00.000";"16.77";"95.00";"1.32";"1.00";"17.7"
"2023-11-11 08:00:00.000";"17.22";"95.00";"2.40";"1.00";"5.1"
"2023-11-11 09:00:00.000";"17.05";"95.00";"3.48";"1.00";"3.3"
"2023-11-11 10:00:00.000";"17.50";"95.00";"0.53";"1.00";"0.0"
"2023-11-11 11:00:00.000";"18.53";"95.00";"0.08";"1.00";"0.0"
"2023-11-11 12:00:00.000";"20.10";"93.33";"2.87";"1.00";"0.0"
"2023-11-11 13:00:00.000";"20.85";"84.00";"2.15";"0.00";"0.0"
"2023-11-11 14:00:00.000";"21.63";"77.67";"3.20";"0.00";"0.0"
"2023-11-11 15:00:00.000";"21.37";"81.17";"5.22";"0.00";"0.0"
"2023-11-11 16:00:00.000";"21.28";"81.67";"5.82";"0.00";"0.0"
"2023-11-11 17:00:00.000";"20.17";"80.00";"2.57";"0.00";"0.0"
"2023-11-11 18:00:00.000";"18.43";"83.50";"2.18";"0.17";"0.6"
"2023-11-11 19:00:00.000";"16.23";"93.50";"0.00";"1.00";"0.9"
"2023-11-11 20:00:00.000";"15.80";"94.50";"0.00";"1.00";"0.3"
"2023-11-11 21:00:00.000";"15.70";"95.00";"0.00";"1.00";"0.0"
"2023-11-11 22:00:00.000";"14.93";"95.00";"0.00";"1.00";"0.0"
"2023-11-11 23:00:00.000";"14.58";"95.00";"0.00";"1.00";"0.0"
"2023-11-12 00:00:00.000";"14.65";"95.00";"0.00";"1.00";"0.0"
"2023-11-12 01:00:00.000";"14.28";"95.00";"0.00";"1.00";"0.0"
"2023-11-12 02:00:00.000";"13.53";"94.67";"0.00";"1.00";"0.0"
"2023-11-12 03:00:00.000";"12.90";"95.00";"0.00";"1.00";"0.0"
"2023-11-12 04:00:00.000";"12.72";"95.00";"0.00";"1.00";"0.0"
"2023-11-12 05:00:00.000";"13.03";"95.00";"0.00";"1.00";"0.0"
"2023-11-12 06:00:00.000";"13.57";"95.00";"0.00";"1.00";"0.0"
"2023-11-12 07:00:00.000";"13.98";"95.00";"0.00";"1.00";"0.0"
"2023-11-12 08:00:00.000";"13.97";"95.00";"0.00";"1.00";"0.0"
"2023-11-12 09:00:00.000";"14.20";"95.00";"0.00";"1.00";"0.0"
"2023-11-12 10:00:00.000";"17.02";"80.17";"0.00";"0.00";"0.0"
"2023-11-12 11:00:00.000";"20.30";"65.33";"0.00";"0.00";"0.0"
"2023-11-12 12:00:00.000";"20.72";"60.67";"0.05";"0.00";"0.0"
"2023-11-12 13:00:00.000";"21.12";"52.67";"0.63";"0.00";"0.0"
"2023-11-12 14:00:00.000";"21.45";"48.83";"1.67";"0.00";"0.0"
"2023-11-12 15:00:00.000";"21.68";"52.67";"1.17";"0.00";"0.0"
"2023-11-12 16:00:00.000";"21.13";"56.83";"1.18";"0.00";"0.0"
"2023-11-12 17:00:00.000";"19.75";"63.17";"0.15";"0.00";"0.0"
"2023-11-12 18:00:00.000";"17.13";"72.17";"0.00";"0.00";"0.0"
"2023-11-12 19:00:00.000";"15.28";"79.33";"0.00";"0.00";"0.0"
"2023-11-12 20:00:00.000";"15.28";"82.50";"0.00";"0.00";"0.0"
"2023-11-12 21:00:00.000";"15.85";"82.83";"0.00";"0.00";"0.0"
"2023-11-12 22:00:00.000";"15.53";"88.67";"0.00";"0.67";"0.9"
"2023-11-12 23:00:00.000";"15.77";"94.67";"0.00";"1.00";"3.0"
"2023-11-13 00:00:00.000";"16.40";"95.00";"0.03";"1.00";"10.5"
"2023-11-13 01:00:00.000";"16.80";"95.00";"0.03";"1.00";"0.6"
"2023-11-13 02:00:00.000";"16.82";"95.00";"0.32";"1.00";"27.6"
"2023-11-13 03:00:00.000";"17.37";"95.00";"1.52";"1.00";"0.0"
"2023-11-13 04:00:00.000";"17.70";"95.00";"0.85";"1.00";"0.9"
"2023-11-13 05:00:00.000";"18.17";"95.00";"7.12";"1.00";"0.3"
"2023-11-13 06:00:00.000";"18.23";"95.00";"3.12";"1.00";"1.2"
"2023-11-13 07:00:00.000";"16.13";"95.00";"5.67";"1.00";"4.8"
"2023-11-13 08:00:00.000";"14.92";"95.00";"1.67";"1.00";"0.3"
"2023-11-13 09:00:00.000";"14.63";"95.00";"0.02";"1.00";"0.0"
"2023-11-13 10:00:00.000";"16.70";"89.67";"0.67";"0.83";"0.0"
"2023-11-13 11:00:00.000";"17.98";"85.00";"1.63";"0.00";"0.0"
"2023-11-13 12:00:00.000";"18.82";"78.33";"2.37";"0.00";"0.0"
"2023-11-13 13:00:00.000";"19.27";"75.00";"3.67";"0.00";"0.0"
"2023-11-13 14:00:00.000";"19.73";"73.50";"3.43";"0.00";"0.0"
"2023-11-13 15:00:00.000";"20.03";"72.00";"4.40";"0.00";"0.0"
"2023-11-13 16:00:00.000";"19.80";"74.50";"3.52";"0.00";"0.0"
"2023-11-13 17:00:00.000";"18.97";"73.50";"3.43";"0.00";"0.0"
"2023-11-13 18:00:00.000";"17.10";"80.33";"1.83";"0.00";"0.0"
"2023-11-13 19:00:00.000";"15.52";"85.33";"0.00";"0.00";"0.0"
"2023-11-13 20:00:00.000";"16.20";"82.83";"0.95";"0.00";"0.0"
"2023-11-13 21:00:00.000";"15.50";"83.83";"0.60";"0.00";"0.0"
"2023-11-13 22:00:00.000";"14.87";"85.50";"0.15";"0.00";"0.0"
"2023-11-13 23:00:00.000";"14.17";"87.33";"0.12";"0.00";"0.0"
"2023-11-14 00:00:00.000";"13.50";"88.83";"0.05";"0.00";"0.0"
"2023-11-14 01:00:00.000";"13.58";"88.83";"0.00";"0.00";"0.0"
"2023-11-14 02:00:00.000";"13.70";"88.67";"0.08";"0.00";"0.0"
"2023-11-14 03:00:00.000";"12.20";"89.17";"0.00";"0.00";"0.0"
"2023-11-14 04:00:00.000";"10.25";"91.33";"0.00";"0.00";"0.0"
"2023-11-14 05:00:00.000";"9.02";"91.00";"0.00";"0.00";"0.0"
"2023-11-14 06:00:00.000";"8.77";"91.83";"0.00";"0.00";"0.0"
"2023-11-14 07:00:00.000";"9.17";"92.00";"0.00";"0.00";"0.0"
"2023-11-14 08:00:00.000";"11.67";"91.83";"0.00";"0.00";"0.0"
"2023-11-14 09:00:00.000";"15.37";"83.33";"0.05";"0.00";"0.0"
"2023-11-14 10:00:00.000";"18.13";"77.83";"0.47";"0.00";"0.0"
"2023-11-14 11:00:00.000";"19.32";"72.50";"0.95";"0.00";"0.0"
"2023-11-14 12:00:00.000";"20.22";"71.00";"1.03";"0.00";"0.0"
"2023-11-14 13:00:00.000";"20.58";"66.83";"1.13";"0.00";"0.0"
"2023-11-14 14:00:00.000";"20.75";"55.17";"1.10";"0.00";"0.0"
"2023-11-14 15:00:00.000";"21.07";"52.33";"1.67";"0.00";"0.0"
"2023-11-14 16:00:00.000";"20.40";"58.33";"2.47";"0.00";"0.0"
"2023-11-14 17:00:00.000";"19.88";"61.50";"0.52";"0.00";"0.0"
"2023-11-14 18:00:00.000";"17.45";"71.83";"0.05";"0.00";"0.0"
"2023-11-14 19:00:00.000";"17.02";"76.67";"0.00";"0.00";"0.0"
"2023-11-14 20:00:00.000";"15.72";"80.50";"0.00";"0.00";"0.0"
"2023-11-14 21:00:00.000";"13.75";"88.00";"0.00";"0.00";"0.0"
"2023-11-14 22:00:00.000";"13.00";"92.17";"0.00";"0.00";"0.0"
"2023-11-14 23:00:00.000";"12.48";"92.50";"0.00";"0.00";"0.0"
"2023-11-15 00:00:00.000";"11.98";"93.17";"0.00";"0.00";"0.0"
"2023-11-15 01:00:00.000";"12.35";"93.83";"0.00";"0.00";"0.0"
"2023-11-15 02:00:00.000";"12.90";"95.00";"0.00";"0.83";"0.0"
"2023-11-15 03:00:00.000";"11.58";"94.00";"0.00";"0.00";"0.3"
"2023-11-15 04:00:00.000";"11.00";"93.83";"0.00";"0.00";"0.0"
"2023-11-15 05:00:00.000";"12.30";"94.00";"0.00";"0.00";"0.0"
"2023-11-15 06:00:00.000";"13.03";"94.00";"0.00";"0.00";"0.0"
"2023-11-15 07:00:00.000";"12.28";"93.33";"0.00";"0.00";"0.0"
"2023-11-15 08:00:00.000";"12.20";"93.67";"0.00";"0.00";"0.0"
"2023-11-15 09:00:00.000";"14.77";"91.83";"0.00";"0.00";"0.0"
"2023-11-15 10:00:00.000";"18.35";"80.17";"0.12";"0.00";"0.0"
"2023-11-15 11:00:00.000";"20.22";"76.17";"0.68";"0.00";"0.0"
"2023-11-15 12:00:00.000";"20.65";"72.00";"1.32";"0.00";"0.0"
"2023-11-15 13:00:00.000";"20.78";"70.83";"1.10";"0.00";"0.0"
"2023-11-15 14:00:00.000";"21.40";"70.50";"1.08";"0.00";"0.0"
"2023-11-15 15:00:00.000";"21.67";"71.50";"0.47";"0.00";"0.0"
"2023-11-15 16:00:00.000";"21.18";"73.00";"0.52";"0.00";"0.0"
"2023-11-15 17:00:00.000";"21.35";"72.67";"0.17";"0.00";"0.0"
"2023-11-15 18:00:00.000";"18.47";"82.33";"0.00";"0.00";"0.0"
"2023-11-15 19:00:00.000";"15.33";"87.67";"0.00";"0.00";"0.0"
"2023-11-15 20:00:00.000";"14.23";"91.50";"0.00";"0.00";"0.0"
"2023-11-15 21:00:00.000";"14.72";"93.83";"0.00";"0.00";"0.0"
"2023-11-15 22:00:00.000";"15.17";"94.00";"0.00";"0.00";"0.0"
"2023-11-15 23:00:00.000";"15.58";"94.17";"0.00";"0.00";"0.0"
"2023-11-16 00:00:00.000";"15.57";"94.50";"0.00";"0.00";"0.0"
"2023-11-16 01:00:00.000";"15.33";"94.33";"0.00";"0.00";"0.0"
"2023-11-16 02:00:00.000";"15.33";"94.50";"0.00";"0.00";"0.0"
"2023-11-16 03:00:00.000";"15.55";"95.00";"0.00";"0.00";"0.0"
"2023-11-16 04:00:00.000";"14.60";"95.00";"0.00";"0.33";"0.0"
"2023-11-16 05:00:00.000";"14.42";"95.00";"0.00";"1.00";"0.0"
"2023-11-16 06:00:00.000";"13.45";"95.00";"0.00";"1.00";"0.3"
"2023-11-16 07:00:00.000";"12.73";"94.33";"0.00";"0.00";"0.0"
"2023-11-16 08:00:00.000";"12.57";"94.33";"0.00";"0.00";"0.0"
"2023-11-16 09:00:00.000";"15.33";"94.17";"0.00";"0.00";"0.0"
"2023-11-16 10:00:00.000";"18.95";"83.17";"0.00";"0.00";"0.0"
"2023-11-16 11:00:00.000";"21.80";"77.00";"0.07";"0.00";"0.0"
"2023-11-16 12:00:00.000";"22.40";"70.17";"0.72";"0.00";"0.0"
"2023-11-16 13:00:00.000";"22.57";"68.33";"1.03";"0.00";"0.0"
"2023-11-16 14:00:00.000";"22.73";"67.17";"1.43";"0.00";"0.0"
"2023-11-16 15:00:00.000";"22.80";"67.50";"1.33";"0.00";"0.0"
"2023-11-16 16:00:00.000";"22.53";"67.50";"0.78";"0.00";"0.0"
"2023-11-16 17:00:00.000";"21.67";"68.67";"0.30";"0.00";"0.0"
"2023-11-16 18:00:00.000";"18.68";"79.17";"0.00";"0.00";"0.0"
"2023-11-16 19:00:00.000";"15.37";"87.67";"0.00";"0.00";"0.0"
"2023-11-16 20:00:00.000";"14.02";"89.67";"0.00";"0.00";"0.0"
"2023-11-16 21:00:00.000";"13.07";"90.50";"0.00";"0.00";"0.0"
"2023-11-16 22:00:00.000";"13.47";"93.50";"0.00";"0.00";"0.0"
"2023-11-16 23:00:00.000";"13.78";"94.00";"0.00";"0.00";"0.0"
"2023-11-17 00:00:00.000";"13.60";"94.00";"0.00";"0.00";"0.0"
"2023-11-17 01:00:00.000";"12.60";"94.00";"0.00";"0.00";"0.0"
"2023-11-17 02:00:00.000";"11.98";"94.00";"0.00";"0.00";"0.0"
"2023-11-17 03:00:00.000";"12.02";"95.00";"0.00";"0.00";"0.0"
"2023-11-17 04:00:00.000";"12.33";"95.00";"0.00";"0.33";"0.0"
"2023-11-17 05:00:00.000";"12.10";"95.00";"0.00";"1.00";"0.3"
"2023-11-17 06:00:00.000";"12.55";"95.00";"0.00";"1.00";"0.0"
"2023-11-17 07:00:00.000";"12.32";"95.00";"0.00";"0.83";"0.0"
"2023-11-17 08:00:00.000";"12.30";"93.83";"0.00";"0.00";"0.0"
"2023-11-17 09:00:00.000";"14.27";"92.50";"0.00";"0.00";"0.0"
"2023-11-17 10:00:00.000";"19.92";"73.17";"0.00";"0.00";"0.0"
"2023-11-17 11:00:00.000";"20.52";"67.00";"0.05";"0.00";"0.0"
"2023-11-17 12:00:00.000";"20.48";"54.83";"0.65";"0.00";"0.0"
"2023-11-17 13:00:00.000";"20.75";"53.00";"1.20";"0.00";"0.0"
"2023-11-17 14:00:00.000";"20.85";"53.00";"0.95";"0.00";"0.0"
"2023-11-17 15:00:00.000";"21.02";"54.33";"2.00";"0.00";"0.0"
"2023-11-17 16:00:00.000";"20.55";"58.50";"1.62";"0.00";"0.0"
"2023-11-17 17:00:00.000";"18.57";"67.17";"0.40";"0.00";"0.0"
"2023-11-17 18:00:00.000";"17.20";"72.00";"0.00";"0.00";"0.0"
"2023-11-17 19:00:00.000";"16.88";"74.67";"0.00";"0.00";"0.0"
"2023-11-17 20:00:00.000";"16.07";"78.67";"0.00";"0.00";"0.0"
"2023-11-17 21:00:00.000";"16.22";"84.17";"0.00";"0.50";"1.2"
"2023-11-17 22:00:00.000";"16.15";"93.67";"0.00";"1.00";"0.0"
"2023-11-17 23:00:00.000";"15.62";"94.00";"0.00";"1.00";"0.0"
"2023-11-18 00:00:00.000";"15.20";"94.50";"0.00";"1.00";"0.0"
"2023-11-18 01:00:00.000";"15.08";"95.00";"0.00";"1.00";"0.0"
"2023-11-18 02:00:00.000";"15.92";"95.00";"0.07";"1.00";"0.0"
"2023-11-18 03:00:00.000";"17.00";"93.33";"1.28";"1.00";"0.0"
"2023-11-18 04:00:00.000";"17.62";"92.00";"1.40";"1.00";"0.0"
"2023-11-18 05:00:00.000";"17.50";"91.67";"2.33";"0.17";"0.9"
"2023-11-18 06:00:00.000";"15.78";"94.17";"0.53";"1.00";"0.9"
"2023-11-18 07:00:00.000";"15.82";"90.67";"1.85";"0.83";"0.3"
"2023-11-18 08:00:00.000";"15.90";"87.50";"4.00";"0.17";"0.3"
"2023-11-18 09:00:00.000";"13.82";"83.33";"11.75";"0.50";"0.0"
"2023-11-18 10:00:00.000";"14.72";"71.67";"11.32";"0.00";"0.0"
"2023-11-18 11:00:00.000";"16.32";"58.67";"6.60";"0.00";"0.0"
"2023-11-18 12:00:00.000";"16.57";"50.17";"7.68";"0.00";"0.0"
"2023-11-18 13:00:00.000";"16.23";"43.33";"8.62";"0.00";"0.0"
"2023-11-18 14:00:00.000";"16.08";"43.83";"7.92";"0.00";"0.0"
"2023-11-18 15:00:00.000";"16.33";"47.00";"5.88";"0.00";"0.0"
"2023-11-18 16:00:00.000";"16.43";"51.50";"7.68";"0.00";"0.0"
"2023-11-18 17:00:00.000";"15.40";"51.17";"6.23";"0.00";"0.0"
"2023-11-18 18:00:00.000";"13.52";"56.33";"1.73";"0.00";"0.0"
"2023-11-18 19:00:00.000";"12.95";"52.67";"2.50";"0.00";"0.0"
"2023-11-18 20:00:00.000";"12.95";"53.83";"0.42";"0.00";"0.0"
"2023-11-18 21:00:00.000";"12.57";"53.83";"0.53";"0.00";"0.0"
"2023-11-18 22:00:00.000";"12.42";"54.67";"0.62";"0.00";"0.0"
"2023-11-18 23:00:00.000";"12.33";"51.83";"0.80";"0.00";"0.0"
"2023-11-19 00:00:00.000";"12.02";"52.00";"1.28";"0.00";"0.0"
"2023-11-19 01:00:00.000";"11.63";"49.67";"3.13";"0.00";"0.0"
"2023-11-19 02:00:00.000";"10.77";"47.83";"1.82";"0.00";"0.0"
"2023-11-19 03:00:00.000";"10.50";"44.83";"2.27";"0.00";"0.0"
"2023-11-19 04:00:00.000";"10.27";"44.33";"2.55";"0.00";"0.0"
"2023-11-19 05:00:00.000";"10.65";"45.67";"4.75";"0.00";"0.0"
"2023-11-19 06:00:00.000";"10.02";"45.33";"2.10";"0.00";"0.0"
"2023-11-19 07:00:00.000";"10.20";"45.33";"5.95";"0.00";"0.0"
"2023-11-19 08:00:00.000";"8.67";"49.50";"0.67";"0.00";"0.0"
"2023-11-19 09:00:00.000";"10.53";"36.33";"3.20";"0.00";"0.0"
"2023-11-19 10:00:00.000";"11.93";"31.00";"1.80";"0.00";"0.0"
"2023-11-19 11:00:00.000";"12.42";"34.83";"3.15";"0.00";"0.0"
"2023-11-19 12:00:00.000";"13.08";"30.50";"2.45";"0.00";"0.0"
"2023-11-19 13:00:00.000";"13.18";"31.33";"4.67";"0.00";"0.0"
"2023-11-19 14:00:00.000";"13.60";"34.00";"3.87";"0.00";"0.0"
"2023-11-19 15:00:00.000";"13.92";"34.50";"2.83";"0.00";"0.0"
"2023-11-19 16:00:00.000";"13.88";"38.00";"1.53";"0.00";"0.0"
"2023-11-19 17:00:00.000";"13.10";"38.00";"0.63";"0.00";"0.0"
"2023-11-19 18:00:00.000";"9.62";"50.83";"0.00";"0.00";"0.0"
"2023-11-19 19:00:00.000";"6.35";"63.17";"0.00";"0.00";"0.0"
"2023-11-19 20:00:00.000";"5.18";"66.17";"0.00";"0.00";"0.0"
"2023-11-19 21:00:00.000";"4.93";"66.67";"0.00";"0.00";"0.0"
"2023-11-19 22:00:00.000";"8.73";"51.17";"0.75";"0.00";"0.0"
"2023-11-19 23:00:00.000";"8.10";"54.83";"0.13";"0.00";"0.0"
"2023-11-20 00:00:00.000";"5.32";"67.50";"0.00";"0.00";"0.0"
"2023-11-20 01:00:00.000";"6.52";"68.33";"0.02";"0.00";"0.0"
"2023-11-20 02:00:00.000";"7.63";"69.33";"0.00";"0.00";"0.0"
"2023-11-20 03:00:00.000";"8.62";"67.33";"0.00";"0.00";"0.0"
"2023-11-20 04:00:00.000";"6.77";"74.00";"0.03";"0.00";"0.0"
"2023-11-20 05:00:00.000";"5.45";"80.83";"0.00";"0.00";"0.0"
"2023-11-20 06:00:00.000";"7.12";"77.67";"0.00";"0.00";"0.0"
"2023-11-20 07:00:00.000";"7.83";"75.00";"0.00";"0.00";"0.0"
"2023-11-20 08:00:00.000";"7.45";"75.00";"0.00";"0.00";"0.0"
"2023-11-20 09:00:00.000";"9.20";"75.33";"0.00";"0.00";"0.0"
"2023-11-20 10:00:00.000";"15.12";"53.00";"0.22";"0.00";"0.0"
"2023-11-20 11:00:00.000";"16.55";"49.33";"1.00";"0.00";"0.0"
"2023-11-20 12:00:00.000";"17.47";"43.17";"0.93";"0.00";"0.0"
"2023-11-20 13:00:00.000";"17.68";"44.67";"2.43";"0.00";"0.0"
"2023-11-20 14:00:00.000";"18.08";"47.67";"2.27";"0.00";"0.0"
"2023-11-20 15:00:00.000";"18.78";"44.83";"0.98";"0.00";"0.0"
"2023-11-20 16:00:00.000";"18.03";"49.17";"1.27";"0.00";"0.0"
"2023-11-20 17:00:00.000";"17.27";"53.33";"0.43";"0.00";"0.0"
"2023-11-20 18:00:00.000";"14.02";"63.00";"0.02";"0.00";"0.0"
"2023-11-20 19:00:00.000";"13.03";"67.83";"0.02";"0.00";"0.0"
"2023-11-20 20:00:00.000";"11.78";"72.33";"0.00";"0.00";"0.0"
"2023-11-20 21:00:00.000";"11.50";"73.67";"0.03";"0.00";"0.0"
"2023-11-20 22:00:00.000";"11.43";"75.83";"0.00";"0.00";"0.0"
"2023-11-20 23:00:00.000";"9.67";"81.17";"0.00";"0.00";"0.0"
"2023-11-21 00:00:00.000";"9.92";"87.67";"0.00";"0.00";"0.0"
"2023-11-21 01:00:00.000";"11.45";"86.00";"0.00";"0.00";"0.0"
"2023-11-21 02:00:00.000";"12.48";"76.67";"0.00";"0.00";"0.0"
"2023-11-21 03:00:00.000";"10.02";"80.67";"0.00";"0.00";"0.0"
"2023-11-21 04:00:00.000";"8.75";"82.67";"0.00";"0.00";"0.0"
"2023-11-21 05:00:00.000";"9.42";"90.50";"0.00";"0.00";"0.0"
"2023-11-21 06:00:00.000";"9.00";"90.00";"0.00";"0.00";"0.0"
"2023-11-21 07:00:00.000";"8.58";"90.67";"0.00";"0.00";"0.0"
"2023-11-21 08:00:00.000";"8.42";"90.83";"0.00";"0.00";"0.0"
"2023-11-21 09:00:00.000";"10.67";"89.00";"0.00";"0.00";"0.0"
"2023-11-21 10:00:00.000";"15.70";"66.83";"0.00";"0.00";"0.0"
"2023-11-21 11:00:00.000";"17.65";"63.33";"0.15";"0.00";"0.0"
"2023-11-21 12:00:00.000";"17.73";"65.83";"0.15";"0.00";"0.0"
"2023-11-21 13:00:00.000";"17.48";"63.00";"0.47";"0.00";"0.0"
"2023-11-21 14:00:00.000";"18.08";"60.00";"0.17";"0.00";"0.0"
"2023-11-21 15:00:00.000";"19.73";"56.67";"0.02";"0.00";"0.0"
"2023-11-21 16:00:00.000";"20.25";"55.67";"0.00";"0.00";"0.0"
"2023-11-21 17:00:00.000";"18.60";"60.83";"0.00";"0.00";"0.0"
"2023-11-21 18:00:00.000";"15.43";"70.67";"0.00";"0.00";"0.0"
"2023-11-21 19:00:00.000";"13.98";"75.00";"0.00";"0.00";"0.0"
"2023-11-21 20:00:00.000";"13.28";"77.67";"0.00";"0.00";"0.0"
"2023-11-21 21:00:00.000";"12.83";"78.00";"0.00";"0.00";"0.0"
"2023-11-21 22:00:00.000";"14.58";"73.33";"0.00";"0.00";"0.0"
"2023-11-21 23:00:00.000";"15.33";"72.67";"0.00";"0.00";"0.0"
"2023-11-22 00:00:00.000";"15.57";"73.67";"0.00";"0.00";"0.0"
"2023-11-22 01:00:00.000";"16.70";"74.83";"0.08";"0.00";"0.0"
"2023-11-22 02:00:00.000";"15.75";"77.33";"0.00";"0.00";"0.0"
"2023-11-22 03:00:00.000";"15.33";"84.33";"0.00";"0.00";"0.0"
"2023-11-22 04:00:00.000";"14.38";"86.83";"0.00";"0.00";"0.0"
"2023-11-22 05:00:00.000";"14.90";"88.00";"0.00";"0.00";"0.0"
"2023-11-22 06:00:00.000";"15.42";"86.33";"0.00";"0.00";"0.0"
"2023-11-22 07:00:00.000";"15.22";"88.17";"0.00";"0.00";"0.0"
"2023-11-22 08:00:00.000";"15.08";"92.00";"0.00";"0.67";"0.0"
"2023-11-22 09:00:00.000";"15.53";"90.50";"0.02";"0.50";"0.3"
"2023-11-22 10:00:00.000";"17.15";"89.17";"0.05";"0.50";"1.5"
"2023-11-22 11:00:00.000";"19.57";"84.67";"0.48";"1.00";"0.0"
"2023-11-22 12:00:00.000";"20.42";"74.67";"0.72";"0.00";"0.0"
"2023-11-22 13:00:00.000";"20.05";"75.67";"0.88";"0.00";"0.3"
"2023-11-22 14:00:00.000";"19.95";"73.50";"2.97";"0.00";"0.0"
"2023-11-22 15:00:00.000";"19.30";"76.00";"1.75";"0.50";"0.6"
"2023-11-22 16:00:00.000";"18.87";"80.50";"0.68";"0.00";"0.0"
"2023-11-22 17:00:00.000";"17.73";"86.17";"1.03";"0.67";"2.7"
"2023-11-22 18:00:00.000";"16.67";"94.00";"0.00";"1.00";"0.0"
"2023-11-22 19:00:00.000";"16.52";"94.00";"0.03";"1.00";"0.0"
"2023-11-22 20:00:00.000";"16.38";"90.33";"0.52";"1.00";"0.0"
"2023-11-22 21:00:00.000";"16.30";"85.83";"0.28";"1.00";"0.0"
"2023-11-22 22:00:00.000";"16.23";"85.00";"0.02";"0.00";"0.0"
"2023-11-22 23:00:00.000";"16.00";"87.83";"0.75";"0.33";"1.2"
"2023-11-23 00:00:00.000";"16.12";"92.17";"0.63";"1.00";"0.0"
"2023-11-23 01:00:00.000";"15.53";"87.00";"0.17";"1.00";"0.0"
"2023-11-23 02:00:00.000";"16.17";"86.17";"0.70";"1.00";"0.0"
"2023-11-23 03:00:00.000";"16.52";"83.83";"0.83";"0.00";"0.0"
"2023-11-23 04:00:00.000";"16.07";"85.83";"0.37";"0.67";"0.3"
"2023-11-23 05:00:00.000";"16.65";"80.00";"1.05";"0.00";"0.0"
"2023-11-23 06:00:00.000";"17.03";"77.83";"1.43";"0.00";"0.0"
"2023-11-23 07:00:00.000";"17.15";"79.33";"1.32";"0.00";"0.0"
"2023-11-23 08:00:00.000";"17.15";"79.17";"1.15";"0.00";"0.0"
"2023-11-23 09:00:00.000";"16.43";"81.67";"0.08";"0.00";"0.0"
"2023-11-23 10:00:00.000";"19.70";"69.50";"1.40";"0.00";"0.0"
"2023-11-23 11:00:00.000";"20.53";"66.17";"2.83";"0.00";"0.0"
"2023-11-23 12:00:00.000";"21.25";"62.67";"2.55";"0.00";"0.0"
"2023-11-23 13:00:00.000";"21.45";"62.00";"2.62";"0.00";"0.0"
"2023-11-23 14:00:00.000";"21.32";"60.50";"1.97";"0.00";"0.0"
"2023-11-23 15:00:00.000";"21.72";"53.00";"2.10";"0.00";"0.0"
"2023-11-23 16:00:00.000";"21.33";"52.67";"1.50";"0.00";"0.0"
"2023-11-23 17:00:00.000";"20.35";"55.50";"1.13";"0.00";"0.0"
"2023-11-23 18:00:00.000";"17.42";"63.33";"0.00";"0.00";"0.0"
"2023-11-23 19:00:00.000";"16.43";"64.67";"0.00";"0.00";"0.0"
"2023-11-23 20:00:00.000";"16.60";"64.67";"0.00";"0.00";"0.0"
"2023-11-23 21:00:00.000";"16.53";"65.00";"0.02";"0.00";"0.0"
"2023-11-23 22:00:00.000";"14.43";"71.83";"0.00";"0.00";"0.0"
"2023-11-23 23:00:00.000";"13.12";"76.17";"0.00";"0.00";"0.0"
"2023-11-24 00:00:00.000";"12.73";"86.17";"0.00";"0.00";"0.0"
"2023-11-24 01:00:00.000";"12.37";"90.50";"0.00";"0.00";"0.0"
"2023-11-24 02:00:00.000";"13.13";"88.00";"0.00";"0.00";"0.0"
"2023-11-24 03:00:00.000";"14.65";"81.83";"0.00";"0.00";"0.0"
"2023-11-24 04:00:00.000";"14.47";"83.17";"0.00";"0.00";"0.0"
"2023-11-24 05:00:00.000";"13.63";"83.00";"0.00";"0.00";"0.0"
"2023-11-24 06:00:00.000";"12.22";"86.50";"0.00";"0.00";"0.0"
"2023-11-24 07:00:00.000";"12.23";"85.83";"0.00";"0.00";"0.0"
"2023-11-24 08:00:00.000";"11.87";"83.50";"0.00";"0.00";"0.0"
"2023-11-24 09:00:00.000";"14.00";"82.33";"0.00";"0.00";"0.0"
"2023-11-24 10:00:00.000";"17.72";"76.33";"0.00";"0.00";"0.0"
"2023-11-24 11:00:00.000";"19.42";"70.17";"0.02";"0.00";"0.0"
"2023-11-24 12:00:00.000";"20.42";"65.00";"0.13";"0.00";"0.0"
"2023-11-24 13:00:00.000";"20.43";"64.83";"0.82";"0.00";"0.0"
"2023-11-24 14:00:00.000";"19.52";"68.00";"0.00";"0.00";"0.0"
"2023-11-24 15:00:00.000";"19.22";"70.83";"0.35";"0.00";"0.0"
"2023-11-24 16:00:00.000";"19.48";"70.17";"0.12";"0.00";"0.0"
"2023-11-24 17:00:00.000";"17.85";"74.33";"0.00";"0.00";"0.0"
"2023-11-24 18:00:00.000";"16.38";"79.00";"0.00";"0.00";"0.0"
"2023-11-24 19:00:00.000";"14.15";"84.83";"1.17";"0.67";"5.4"
"2023-11-24 20:00:00.000";"13.13";"94.67";"0.02";"1.00";"0.0"
"2023-11-24 21:00:00.000";"13.65";"95.00";"0.37";"1.00";"1.2"
"2023-11-24 22:00:00.000";"12.85";"93.50";"0.43";"1.00";"0.3"
"2023-11-24 23:00:00.000";"12.80";"89.83";"0.37";"1.00";"0.0"
"2023-11-25 00:00:00.000";"13.55";"87.67";"0.10";"0.00";"0.0"
"2023-11-25 01:00:00.000";"13.15";"92.00";"3.03";"0.67";"7.2"
"2023-11-25 02:00:00.000";"11.82";"94.00";"0.40";"1.00";"0.3"
"2023-11-25 03:00:00.000";"12.87";"94.00";"1.18";"1.00";"0.6"
"2023-11-25 04:00:00.000";"12.88";"92.33";"0.35";"1.00";"0.0"
"2023-11-25 05:00:00.000";"13.20";"87.33";"0.48";"0.50";"0.0"
"2023-11-25 06:00:00.000";"14.00";"82.67";"1.08";"0.00";"0.0"
"2023-11-25 07:00:00.000";"13.37";"83.67";"0.33";"0.17";"0.0"
"2023-11-25 08:00:00.000";"11.40";"92.17";"0.40";"1.00";"5.1"
"2023-11-25 09:00:00.000";"11.93";"93.83";"0.07";"1.00";"0.0"
"2023-11-25 10:00:00.000";"13.32";"90.83";"0.07";"1.00";"0.0"
"2023-11-25 11:00:00.000";"16.60";"79.83";"6.25";"0.00";"0.0"
"2023-11-25 12:00:00.000";"17.30";"74.33";"8.93";"0.00";"0.0"
"2023-11-25 13:00:00.000";"17.57";"75.50";"9.35";"0.17";"0.0"
"2023-11-25 14:00:00.000";"17.17";"73.67";"12.37";"0.17";"0.9"
"2023-11-25 15:00:00.000";"15.45";"87.50";"6.12";"0.67";"0.9"
"2023-11-25 16:00:00.000";"16.80";"77.83";"11.10";"0.00";"0.0"
"2023-11-25 17:00:00.000";"15.72";"83.00";"9.85";"0.33";"0.6"
"2023-11-25 18:00:00.000";"14.27";"93.83";"3.57";"1.00";"0.6"
"2023-11-25 19:00:00.000";"14.03";"93.67";"12.08";"1.00";"1.2"
"2023-11-25 20:00:00.000";"15.28";"89.33";"10.90";"0.33";"0.0"
"2023-11-25 21:00:00.000";"14.02";"89.00";"6.62";"0.50";"0.6"
"2023-11-25 22:00:00.000";"13.03";"83.50";"5.53";"0.17";"0.0"
"2023-11-25 23:00:00.000";"13.25";"72.17";"5.72";"0.00";"0.0"
"2023-11-26 00:00:00.000";"12.98";"69.00";"6.60";"0.00";"0.0"
"2023-11-26 01:00:00.000";"11.82";"72.00";"7.62";"0.00";"0.3"
"2023-11-26 02:00:00.000";"11.60";"67.33";"8.15";"0.00";"0.0"
"2023-11-26 03:00:00.000";"9.55";"79.17";"5.98";"0.33";"1.2"
"2023-11-26 04:00:00.000";"9.35";"78.67";"3.42";"0.50";"0.0"
"2023-11-26 05:00:00.000";"10.82";"64.67";"6.40";"0.00";"0.0"
"2023-11-26 06:00:00.000";"8.42";"80.67";"4.88";"0.67";"0.9"
"2023-11-26 07:00:00.000";"8.48";"75.17";"6.38";"0.00";"0.0"
"2023-11-26 08:00:00.000";"7.57";"80.67";"4.40";"0.67";"1.8"
"2023-11-26 09:00:00.000";"6.37";"86.83";"2.73";"1.00";"1.5"
"2023-11-26 10:00:00.000";"6.82";"86.00";"0.77";"1.00";"0.3"
"2023-11-26 11:00:00.000";"9.25";"73.83";"4.52";"0.67";"0.0"
"2023-11-26 12:00:00.000";"10.75";"63.00";"6.37";"0.00";"0.0"
"2023-11-26 13:00:00.000";"11.32";"46.67";"6.32";"0.00";"0.0"
"2023-11-26 14:00:00.000";"10.03";"53.17";"9.55";"0.00";"0.3"
"2023-11-26 15:00:00.000";"9.37";"60.50";"5.10";"0.00";"0.0"
"2023-11-26 16:00:00.000";"9.17";"60.17";"5.35";"0.17";"0.3"
"2023-11-26 17:00:00.000";"7.98";"64.83";"2.93";"0.83";"0.6"
"2023-11-26 18:00:00.000";"6.48";"69.83";"2.52";"0.17";"0.0"
"2023-11-26 19:00:00.000";"4.92";"75.33";"0.00";"0.00";"0.0"
"2023-11-26 20:00:00.000";"6.77";"62.67";"1.43";"0.00";"0.0"
"2023-11-26 21:00:00.000";"7.65";"52.17";"0.93";"0.00";"0.0"
"2023-11-26 22:00:00.000";"6.50";"56.67";"0.25";"0.00";"0.0"
"2023-11-26 23:00:00.000";"7.97";"51.17";"0.83";"0.00";"0.0"
"2023-11-27 00:00:00.000";"6.08";"63.50";"0.00";"0.00";"0.0"
"2023-11-27 01:00:00.000";"7.12";"66.17";"2.17";"0.67";"0.3"
"2023-11-27 02:00:00.000";"4.18";"78.17";"0.00";"1.00";"0.0"
"2023-11-27 03:00:00.000";"3.48";"82.33";"0.00";"0.83";"0.0"
"2023-11-27 04:00:00.000";"4.12";"78.33";"1.25";"0.00";"0.0"
"2023-11-27 05:00:00.000";"4.40";"72.83";"0.13";"0.00";"0.0"
"2023-11-27 06:00:00.000";"1.85";"81.50";"0.00";"0.00";"0.0"
"2023-11-27 07:00:00.000";"1.65";"83.50";"0.00";"0.00";"0.0"
"2023-11-27 08:00:00.000";"1.92";"84.83";"0.00";"0.00";"0.0"
"2023-11-27 09:00:00.000";"5.72";"78.83";"0.00";"0.00";"0.0"
"2023-11-27 10:00:00.000";"9.40";"67.67";"0.00";"0.00";"0.0"
"2023-11-27 11:00:00.000";"11.13";"59.33";"0.03";"0.00";"0.0"
"2023-11-27 12:00:00.000";"12.87";"52.00";"0.17";"0.00";"0.0"
"2023-11-27 13:00:00.000";"13.43";"51.83";"0.50";"0.00";"0.0"
"2023-11-27 14:00:00.000";"12.98";"53.50";"0.67";"0.00";"0.0"
"2023-11-27 15:00:00.000";"14.12";"47.67";"0.82";"0.00";"0.0"
"2023-11-27 16:00:00.000";"14.88";"48.67";"0.05";"0.00";"0.0"
"2023-11-27 17:00:00.000";"14.73";"49.33";"0.00";"0.00";"0.0"
"2023-11-27 18:00:00.000";"9.93";"66.50";"0.00";"0.00";"0.0"
"2023-11-27 19:00:00.000";"8.63";"72.50";"0.00";"0.00";"0.0"
"2023-11-27 20:00:00.000";"9.50";"70.83";"0.00";"0.00";"0.0"
"2023-11-27 21:00:00.000";"10.13";"71.33";"0.00";"0.17";"0.3"
"2023-11-27 22:00:00.000";"10.05";"73.83";"0.00";"0.17";"0.0"
"2023-11-27 23:00:00.000";"9.98";"78.00";"0.03";"0.17";"0.0"
"2023-11-28 00:00:00.000";"10.18";"79.00";"0.00";"0.67";"0.3"
"2023-11-28 01:00:00.000";"9.67";"80.00";"0.03";"0.00";"0.0"
"2023-11-28 02:00:00.000";"9.85";"80.00";"0.00";"0.00";"0.0"
"2023-11-28 03:00:00.000";"10.42";"83.83";"0.00";"0.67";"0.9"
"2023-11-28 04:00:00.000";"11.02";"92.83";"0.42";"1.00";"8.7"
"2023-11-28 05:00:00.000";"11.13";"94.00";"0.00";"1.00";"0.6"
"2023-11-28 06:00:00.000";"11.55";"94.00";"0.00";"1.00";"0.3"
"2023-11-28 07:00:00.000";"11.85";"94.33";"0.00";"1.00";"0.0"
"2023-11-28 08:00:00.000";"12.30";"95.00";"0.18";"1.00";"0.3"
"2023-11-28 09:00:00.000";"12.58";"95.00";"0.10";"1.00";"0.9"
"2023-11-28 10:00:00.000";"13.95";"93.50";"2.13";"1.00";"0.0"
"2023-11-28 11:00:00.000";"15.02";"90.83";"0.18";"1.00";"0.0"
"2023-11-28 12:00:00.000";"17.08";"84.50";"6.20";"0.00";"0.0"
"2023-11-28 13:00:00.000";"17.13";"82.67";"9.62";"0.00";"0.0"
"2023-11-28 14:00:00.000";"17.65";"82.00";"10.28";"0.00";"0.0"
"2023-11-28 15:00:00.000";"17.40";"83.83";"10.60";"0.00";"0.0"
"2023-11-28 16:00:00.000";"16.82";"88.83";"12.30";"0.67";"0.6"
"2023-11-28 17:00:00.000";"17.43";"87.00";"13.43";"0.00";"0.0"
"2023-11-28 18:00:00.000";"17.45";"86.17";"15.00";"0.00";"0.0"
"2023-11-28 19:00:00.000";"17.50";"86.67";"11.70";"0.00";"0.0"
"2023-11-28 20:00:00.000";"17.43";"88.00";"12.87";"0.33";"0.0"
"2023-11-28 21:00:00.000";"17.45";"89.00";"10.08";"0.17";"0.3"
"2023-11-28 22:00:00.000";"15.82";"92.50";"7.72";"1.00";"0.3"
"2023-11-28 23:00:00.000";"16.12";"92.83";"3.02";"1.00";"0.0"
"2023-11-29 00:00:00.000";"16.32";"91.83";"2.78";"0.83";"0.0"
"2023-11-29 01:00:00.000";"16.70";"89.00";"4.02";"0.00";"0.0"
"2023-11-29 02:00:00.000";"16.68";"87.17";"3.57";"0.00";"0.0"
"2023-11-29 03:00:00.000";"16.85";"87.00";"5.93";"0.00";"0.0"
"2023-11-29 04:00:00.000";"16.62";"89.33";"5.27";"0.00";"0.0"
"2023-11-29 05:00:00.000";"16.52";"88.67";"5.08";"0.00";"0.0"
"2023-11-29 06:00:00.000";"16.37";"88.50";"3.78";"0.00";"0.0"
"2023-11-29 07:00:00.000";"16.20";"89.50";"1.50";"0.00";"0.0"
"2023-11-29 08:00:00.000";"16.17";"88.33";"2.35";"0.00";"0.0"
"2023-11-29 09:00:00.000";"16.22";"88.67";"0.33";"0.00";"0.0"
"2023-11-29 10:00:00.000";"17.00";"88.00";"0.33";"0.00";"0.0"
"2023-11-29 11:00:00.000";"17.52";"87.67";"2.62";"0.00";"0.0"
"2023-11-29 12:00:00.000";"18.03";"86.67";"6.22";"0.00";"0.0"
"2023-11-29 13:00:00.000";"17.25";"88.17";"3.05";"0.00";"0.0"
"2023-11-29 14:00:00.000";"17.30";"87.67";"2.63";"0.00";"0.0"
"2023-11-29 15:00:00.000";"17.48";"88.17";"4.68";"0.00";"0.0"
"2023-11-29 16:00:00.000";"17.92";"84.67";"5.62";"0.00";"0.0"
"2023-11-29 17:00:00.000";"18.12";"81.33";"2.60";"0.00";"0.0"
"2023-11-29 18:00:00.000";"15.95";"89.67";"0.93";"0.83";"2.1"
"2023-11-29 19:00:00.000";"14.45";"93.00";"0.03";"1.00";"0.0"
"2023-11-29 20:00:00.000";"14.25";"94.00";"0.00";"1.00";"0.3"
"2023-11-29 21:00:00.000";"13.05";"94.00";"0.00";"1.00";"0.0"
"2023-11-29 22:00:00.000";"11.68";"94.00";"0.00";"1.00";"0.0"
"2023-11-29 23:00:00.000";"11.97";"94.50";"0.00";"1.00";"0.0"
"2023-11-30 00:00:00.000";"12.08";"94.83";"0.00";"1.00";"0.0"
"2023-11-30 01:00:00.000";"11.97";"95.00";"0.00";"1.00";"0.0"
"2023-11-30 02:00:00.000";"11.40";"95.00";"0.00";"1.00";"0.0"
"2023-11-30 03:00:00.000";"9.53";"94.83";"0.00";"1.00";"0.0"
"2023-11-30 04:00:00.000";"9.37";"94.67";"0.00";"1.00";"0.0"
"2023-11-30 05:00:00.000";"8.82";"94.17";"0.00";"1.00";"0.0"
"2023-11-30 06:00:00.000";"8.27";"94.00";"0.00";"1.00";"0.3"
"2023-11-30 07:00:00.000";"7.80";"94.00";"0.00";"1.00";"0.0"
"2023-11-30 08:00:00.000";"7.25";"94.00";"0.00";"1.00";"0.0"
"2023-11-30 09:00:00.000";"9.13";"94.00";"0.00";"1.00";"0.0"
"2023-11-30 10:00:00.000";"14.82";"81.67";"0.00";"0.67";"0.0"
"2023-11-30 11:00:00.000";"17.57";"72.67";"0.00";"0.00";"0.0"
"2023-11-30 12:00:00.000";"18.15";"64.17";"0.00";"0.00";"0.0"
"2023-11-30 13:00:00.000";"18.15";"67.67";"0.53";"0.00";"0.0"
"2023-11-30 14:00:00.000";"18.88";"65.00";"0.88";"0.00";"0.0"
"2023-11-30 15:00:00.000";"19.33";"64.00";"1.03";"0.00";"0.0"
"2023-11-30 16:00:00.000";"18.85";"66.50";"1.00";"0.00";"0.0"
"2023-11-30 17:00:00.000";"17.78";"70.83";"0.23";"0.00";"0.0"
"2023-11-30 18:00:00.000";"14.02";"80.00";"0.00";"0.00";"0.0"
"2023-11-30 19:00:00.000";"10.90";"85.83";"0.00";"0.00";"0.0"
"2023-11-30 20:00:00.000";"9.85";"88.17";"0.00";"0.00";"0.0"
"2023-11-30 21:00:00.000";"9.22";"88.83";"0.00";"0.00";"0.0"
"2023-11-30 22:00:00.000";"9.03";"90.33";"0.00";"0.00";"0.0"
"2023-11-30 23:00:00.000";"8.95";"92.33";"0.00";"0.00";"0.0"
"2023-12-01 00:00:00.000";"8.88";"93.17";"0.00";"0.83";"0.0"
"2023-12-01 01:00:00.000";"8.57";"94.00";"0.00";"1.00";"0.0"
"2023-12-01 02:00:00.000";"9.32";"94.00";"0.00";"1.00";"0.0"
"2023-12-01 03:00:00.000";"9.58";"94.00";"0.00";"1.00";"0.0"
"2023-12-01 04:00:00.000";"9.42";"94.00";"0.00";"1.00";"0.0"
"2023-12-01 05:00:00.000";"9.93";"94.67";"0.00";"1.00";"0.0"
"2023-12-01 06:00:00.000";"10.32";"95.00";"0.00";"1.00";"0.0"
"2023-12-01 07:00:00.000";"10.08";"95.00";"0.00";"1.00";"0.0"
"2023-12-01 08:00:00.000";"10.03";"95.00";"0.00";"1.00";"0.0"
"2023-12-01 09:00:00.000";"11.75";"95.00";"0.00";"1.00";"0.3"
"2023-12-01 10:00:00.000";"16.68";"84.83";"0.00";"0.00";"0.0"
"2023-12-01 11:00:00.000";"19.28";"79.83";"0.00";"0.00";"0.0"
"2023-12-01 12:00:00.000";"19.87";"78.67";"0.30";"0.00";"0.0"
"2023-12-01 13:00:00.000";"19.75";"75.83";"0.85";"0.00";"0.0"
"2023-12-01 14:00:00.000";"20.33";"75.17";"0.60";"0.00";"0.0"
"2023-12-01 15:00:00.000";"20.68";"72.17";"0.13";"0.00";"0.0"
"2023-12-01 16:00:00.000";"20.85";"71.33";"0.30";"0.00";"0.0"
"2023-12-01 17:00:00.000";"20.05";"74.00";"0.02";"0.00";"0.0"
"2023-12-01 18:00:00.000";"15.30";"84.33";"0.00";"0.00";"0.0"
"2023-12-01 19:00:00.000";"12.95";"88.00";"0.00";"0.00";"0.0"
"2023-12-01 20:00:00.000";"12.60";"88.50";"0.00";"0.00";"0.0"
"2023-12-01 21:00:00.000";"12.78";"90.33";"0.00";"0.00";"0.0"
"2023-12-01 22:00:00.000";"13.10";"93.33";"0.00";"0.00";"0.0"
"2023-12-01 23:00:00.000";"14.40";"94.00";"0.00";"0.00";"0.0"
"2023-12-02 00:00:00.000";"14.15";"93.17";"0.00";"0.00";"0.0"
"2023-12-02 01:00:00.000";"14.05";"94.00";"0.00";"0.00";"0.0"
"2023-12-02 02:00:00.000";"14.40";"93.67";"0.00";"0.00";"0.0"
"2023-12-02 03:00:00.000";"14.77";"92.67";"0.00";"0.00";"0.0"
"2023-12-02 04:00:00.000";"14.73";"92.00";"0.00";"0.00";"0.0"
"2023-12-02 05:00:00.000";"14.50";"93.00";"0.00";"0.00";"0.0"
"2023-12-02 06:00:00.000";"14.40";"92.33";"0.00";"0.00";"0.0"
"2023-12-02 07:00:00.000";"14.87";"91.00";"0.00";"0.00";"0.0"
"2023-12-02 08:00:00.000";"15.07";"91.00";"0.00";"0.00";"0.0"
"2023-12-02 09:00:00.000";"16.20";"89.17";"0.03";"0.00";"0.0"
"2023-12-02 10:00:00.000";"18.48";"84.67";"0.23";"0.00";"0.0"
"2023-12-02 11:00:00.000";"18.93";"84.17";"0.55";"0.00";"0.0"
"2023-12-02 12:00:00.000";"19.47";"83.17";"0.87";"0.00";"0.0"
"2023-12-02 13:00:00.000";"20.55";"78.67";"2.13";"0.00";"0.0"
"2023-12-02 14:00:00.000";"20.33";"80.00";"1.10";"0.00";"0.0"
"2023-12-02 15:00:00.000";"20.03";"80.00";"0.72";"0.00";"0.0"
"2023-12-02 16:00:00.000";"19.88";"78.17";"0.72";"0.00";"0.0"
"2023-12-02 17:00:00.000";"18.30";"83.00";"0.42";"0.00";"0.0"
"2023-12-02 18:00:00.000";"16.95";"86.50";"0.07";"0.00";"0.0"
"2023-12-02 19:00:00.000";"16.93";"87.00";"0.05";"0.00";"0.0"
"2023-12-02 20:00:00.000";"17.02";"87.33";"0.17";"0.00";"0.0"
"2023-12-02 21:00:00.000";"16.75";"88.67";"0.08";"0.00";"0.0"
"2023-12-02 22:00:00.000";"16.95";"88.83";"0.10";"0.00";"0.0"
"2023-12-02 23:00:00.000";"17.12";"88.50";"0.03";"0.00";"0.0"
"2023-12-03 00:00:00.000";"16.98";"88.83";"0.07";"0.00";"0.0"
"2023-12-03 01:00:00.000";"17.03";"88.17";"0.27";"0.00";"0.0"
"2023-12-03 02:00:00.000";"16.90";"88.83";"0.12";"0.00";"0.0"
"2023-12-03 03:00:00.000";"16.87";"88.00";"0.03";"0.00";"0.0"
"2023-12-03 04:00:00.000";"16.60";"89.00";"0.00";"0.00";"0.0"
"2023-12-03 05:00:00.000";"15.67";"89.50";"0.00";"0.00";"0.0"
"2023-12-03 06:00:00.000";"15.25";"91.00";"0.00";"0.00";"0.0"
"2023-12-03 07:00:00.000";"14.33";"92.50";"0.00";"0.00";"0.0"
"2023-12-03 08:00:00.000";"14.12";"93.67";"0.00";"0.00";"0.0"
"2023-12-03 09:00:00.000";"15.47";"93.83";"0.00";"0.00";"0.0"
"2023-12-03 10:00:00.000";"18.18";"87.50";"0.37";"0.00";"0.0"
"2023-12-03 11:00:00.000";"19.02";"85.67";"1.50";"0.00";"0.0"
"2023-12-03 12:00:00.000";"18.98";"85.67";"1.08";"0.00";"0.0"
"2023-12-03 13:00:00.000";"19.68";"82.83";"1.82";"0.00";"0.0"
"2023-12-03 14:00:00.000";"20.47";"79.50";"3.27";"0.00";"0.0"
"2023-12-03 15:00:00.000";"19.70";"82.17";"1.98";"0.00";"0.0"
"2023-12-03 16:00:00.000";"18.83";"85.67";"0.47";"0.00";"0.0"
"2023-12-03 17:00:00.000";"18.47";"87.50";"0.13";"0.00";"0.0"
"2023-12-03 18:00:00.000";"17.38";"89.33";"0.00";"0.00";"0.0"
"2023-12-03 19:00:00.000";"16.20";"91.17";"0.00";"0.00";"0.0"
"2023-12-03 20:00:00.000";"15.15";"92.50";"0.00";"0.00";"0.0"
"2023-12-03 21:00:00.000";"15.12";"93.50";"0.00";"0.00";"0.0"
"2023-12-03 22:00:00.000";"15.67";"94.00";"0.00";"0.00";"0.0"
"2023-12-03 23:00:00.000";"15.32";"94.00";"0.00";"0.00";"0.0"
"2023-12-04 00:00:00.000";"14.25";"94.00";"0.00";"0.00";"0.0"
"2023-12-04 01:00:00.000";"13.42";"94.00";"0.00";"0.00";"0.0"
"2023-12-04 02:00:00.000";"13.42";"94.17";"0.00";"0.00";"0.0"
"2023-12-04 03:00:00.000";"14.40";"94.83";"0.00";"0.33";"0.6"
"2023-12-04 04:00:00.000";"14.28";"95.00";"0.02";"1.00";"27.6"
"2023-12-04 05:00:00.000";"12.82";"95.00";"0.00";"1.00";"1.2"
"2023-12-04 06:00:00.000";"12.57";"95.00";"0.03";"1.00";"0.3"
"2023-12-04 07:00:00.000";"12.53";"94.00";"0.05";"1.00";"0.0"
"2023-12-04 08:00:00.000";"12.48";"94.00";"0.00";"1.00";"0.0"
"2023-12-04 09:00:00.000";"12.40";"94.33";"0.00";"1.00";"0.3"
"2023-12-04 10:00:00.000";"13.92";"91.67";"0.00";"1.00";"0.0"
"2023-12-04 11:00:00.000";"16.05";"86.83";"0.00";"0.00";"0.0"
"2023-12-04 12:00:00.000";"17.00";"83.17";"0.05";"0.00";"0.0"
"2023-12-04 13:00:00.000";"17.23";"81.67";"0.28";"0.00";"0.0"
"2023-12-04 14:00:00.000";"17.02";"84.00";"0.22";"0.00";"0.0"
"2023-12-04 15:00:00.000";"17.82";"79.83";"0.20";"0.00";"0.0"
"2023-12-04 16:00:00.000";"16.73";"82.17";"0.03";"0.00";"0.0"
"2023-12-04 17:00:00.000";"16.20";"82.67";"0.00";"0.00";"0.0"
"2023-12-04 18:00:00.000";"13.28";"89.17";"0.00";"0.00";"0.0"
"2023-12-04 19:00:00.000";"11.62";"92.00";"0.00";"0.00";"0.0"
"2023-12-04 20:00:00.000";"10.70";"93.00";"0.00";"0.00";"0.0"
"2023-12-04 21:00:00.000";"10.10";"93.83";"0.00";"0.00";"0.0"
"2023-12-04 22:00:00.000";"9.92";"94.00";"0.00";"0.00";"0.0"
"2023-12-04 23:00:00.000";"10.33";"94.17";"0.00";"0.50";"0.0"
"2023-12-05 00:00:00.000";"11.65";"95.00";"0.00";"1.00";"0.0"
"2023-12-05 01:00:00.000";"11.23";"95.00";"0.00";"1.00";"0.0"
"2023-12-05 02:00:00.000";"11.27";"95.00";"0.00";"1.00";"0.0"
"2023-12-05 03:00:00.000";"11.82";"95.00";"0.00";"1.00";"0.0"
"2023-12-05 04:00:00.000";"11.57";"95.00";"0.00";"1.00";"0.0"
"2023-12-05 05:00:00.000";"10.85";"95.00";"0.00";"1.00";"0.0"
"2023-12-05 06:00:00.000";"10.70";"95.00";"0.00";"1.00";"0.0"
"2023-12-05 07:00:00.000";"11.52";"95.00";"0.00";"1.00";"0.0"
"2023-12-05 08:00:00.000";"10.80";"95.00";"0.00";"1.00";"0.0"
"2023-12-05 09:00:00.000";"12.00";"95.00";"0.00";"1.00";"0.0"
"2023-12-05 10:00:00.000";"13.60";"95.00";"0.00";"0.00";"0.0"
"2023-12-05 11:00:00.000";"14.38";"92.33";"0.00";"0.00";"0.0"
"2023-12-05 12:00:00.000";"15.25";"86.83";"0.00";"0.00";"0.0"
"2023-12-05 13:00:00.000";"14.65";"88.83";"0.00";"0.00";"0.0"
"2023-12-05 14:00:00.000";"14.78";"89.00";"0.00";"0.00";"0.0"
"2023-12-05 15:00:00.000";"15.32";"87.00";"0.00";"0.00";"0.0"
"2023-12-05 16:00:00.000";"14.82";"87.67";"0.00";"0.00";"0.0"
"2023-12-05 17:00:00.000";"13.87";"89.83";"0.00";"0.00";"0.0"
"2023-12-05 18:00:00.000";"13.35";"91.83";"0.00";"0.00";"0.0"
"2023-12-05 19:00:00.000";"13.10";"91.33";"0.00";"0.00";"0.0"
"2023-12-05 20:00:00.000";"12.85";"88.33";"0.00";"0.67";"0.3"
"2023-12-05 21:00:00.000";"12.37";"89.67";"0.88";"0.00";"0.0"
"2023-12-05 22:00:00.000";"11.88";"91.17";"0.00";"0.00";"0.0"
"2023-12-05 23:00:00.000";"11.67";"92.33";"0.00";"0.83";"2.1"
"2023-12-06 00:00:00.000";"11.28";"93.83";"0.00";"1.00";"2.1"
"2023-12-06 01:00:00.000";"11.38";"94.00";"0.00";"1.00";"2.7"
"2023-12-06 02:00:00.000";"11.53";"94.00";"0.00";"1.00";"0.3"
"2023-12-06 03:00:00.000";"10.88";"94.00";"0.00";"1.00";"0.0"
"2023-12-06 04:00:00.000";"9.95";"94.00";"0.00";"1.00";"0.0"
"2023-12-06 05:00:00.000";"10.50";"95.00";"0.00";"1.00";"0.9"
"2023-12-06 06:00:00.000";"10.47";"95.00";"0.00";"1.00";"0.0"
"2023-12-06 07:00:00.000";"11.45";"95.00";"0.07";"1.00";"0.0"
"2023-12-06 08:00:00.000";"11.30";"94.00";"0.03";"1.00";"0.0"
"2023-12-06 09:00:00.000";"12.28";"92.83";"0.20";"1.00";"0.0"
"2023-12-06 10:00:00.000";"14.17";"85.17";"0.60";"0.00";"0.0"
"2023-12-06 11:00:00.000";"14.77";"84.33";"0.95";"0.00";"0.0"
"2023-12-06 12:00:00.000";"15.87";"78.33";"2.03";"0.00";"0.0"
"2023-12-06 13:00:00.000";"16.00";"76.17";"1.52";"0.00";"0.3"
"2023-12-06 14:00:00.000";"15.20";"80.67";"0.57";"0.00";"0.0"
"2023-12-06 15:00:00.000";"15.43";"78.33";"0.30";"0.00";"0.0"
"2023-12-06 16:00:00.000";"14.97";"80.83";"0.23";"0.00";"0.0"
"2023-12-06 17:00:00.000";"13.80";"83.17";"0.08";"0.00";"0.0"
"2023-12-06 18:00:00.000";"12.17";"88.17";"0.00";"0.00";"0.0"
"2023-12-06 19:00:00.000";"11.07";"91.83";"0.00";"0.00";"0.0"
"2023-12-06 20:00:00.000";"10.75";"93.00";"0.00";"0.00";"0.0"
"2023-12-06 21:00:00.000";"10.48";"93.17";"0.00";"0.00";"0.0"
"2023-12-06 22:00:00.000";"10.72";"93.00";"0.00";"0.00";"0.0"
"2023-12-06 23:00:00.000";"10.67";"93.00";"0.00";"0.00";"0.0"
"2023-12-07 00:00:00.000";"10.77";"92.17";"0.00";"0.00";"0.0"
"2023-12-07 01:00:00.000";"11.23";"92.67";"0.00";"0.67";"1.2"
"2023-12-07 02:00:00.000";"11.35";"94.00";"0.00";"1.00";"0.3"
"2023-12-07 03:00:00.000";"11.33";"94.50";"0.00";"1.00";"1.5"
"2023-12-07 04:00:00.000";"10.23";"94.17";"0.00";"1.00";"0.0"
"2023-12-07 05:00:00.000";"9.08";"94.00";"0.00";"1.00";"0.0"
"2023-12-07 06:00:00.000";"8.47";"94.00";"0.00";"1.00";"0.0"
"2023-12-07 07:00:00.000";"9.25";"94.83";"0.00";"1.00";"0.0"
"2023-12-07 08:00:00.000";"9.77";"95.00";"0.00";"1.00";"1.8"
"2023-12-07 09:00:00.000";"10.08";"95.00";"0.93";"1.00";"1.8"
"2023-12-07 10:00:00.000";"11.28";"95.00";"0.00";"1.00";"0.0"
"2023-12-07 11:00:00.000";"12.65";"92.83";"0.00";"1.00";"0.0"
"2023-12-07 12:00:00.000";"13.97";"85.33";"0.03";"0.00";"0.3"
"2023-12-07 13:00:00.000";"13.35";"91.00";"0.00";"0.50";"0.3"
"2023-12-07 14:00:00.000";"13.87";"88.50";"0.00";"1.00";"0.3"
"2023-12-07 15:00:00.000";"14.90";"83.50";"0.00";"0.00";"0.0"
"2023-12-07 16:00:00.000";"15.38";"80.33";"0.02";"0.00";"0.0"
"2023-12-07 17:00:00.000";"15.33";"83.50";"0.00";"0.00";"0.0"
"2023-12-07 18:00:00.000";"12.10";"87.83";"0.00";"0.00";"0.0"
"2023-12-07 19:00:00.000";"9.55";"92.50";"0.00";"0.00";"0.0"
"2023-12-07 20:00:00.000";"8.87";"93.33";"0.00";"0.00";"0.0"
"2023-12-07 21:00:00.000";"8.37";"94.00";"0.00";"0.00";"0.0"
"2023-12-07 22:00:00.000";"8.73";"94.00";"0.00";"1.00";"0.0"
"2023-12-07 23:00:00.000";"8.83";"94.00";"0.02";"1.00";"0.0"
"2023-12-08 00:00:00.000";"9.37";"93.17";"0.03";"0.33";"0.0"
"2023-12-08 01:00:00.000";"8.15";"93.17";"0.00";"0.00";"0.0"
"2023-12-08 02:00:00.000";"8.20";"93.17";"0.00";"0.00";"0.3"
"2023-12-08 03:00:00.000";"8.32";"93.67";"0.50";"0.17";"0.0"
"2023-12-08 04:00:00.000";"8.72";"90.50";"2.05";"0.17";"0.0"
"2023-12-08 05:00:00.000";"7.22";"89.67";"0.00";"0.00";"0.0"
"2023-12-08 06:00:00.000";"5.90";"91.17";"0.00";"0.00";"0.0"
"2023-12-08 07:00:00.000";"6.60";"91.17";"0.03";"0.00";"0.0"
"2023-12-08 08:00:00.000";"8.07";"85.33";"0.73";"0.00";"0.0"
"2023-12-08 09:00:00.000";"8.73";"80.83";"0.33";"0.00";"0.0"
"2023-12-08 10:00:00.000";"11.42";"72.83";"0.45";"0.00";"0.0"
"2023-12-08 11:00:00.000";"12.30";"73.17";"1.27";"0.00";"0.0"
"2023-12-08 12:00:00.000";"12.50";"69.33";"3.52";"0.00";"0.0"
"2023-12-08 13:00:00.000";"13.08";"67.17";"2.93";"0.00";"0.0"
"2023-12-08 14:00:00.000";"13.00";"65.67";"3.65";"0.00";"0.0"
"2023-12-08 15:00:00.000";"13.00";"64.50";"4.12";"0.00";"0.0"
"2023-12-08 16:00:00.000";"12.80";"64.00";"4.08";"0.00";"0.0"
"2023-12-08 17:00:00.000";"12.00";"67.00";"0.85";"0.00";"0.0"
"2023-12-08 18:00:00.000";"8.75";"76.33";"0.02";"0.00";"0.0"
"2023-12-08 19:00:00.000";"5.97";"83.50";"0.00";"0.00";"0.0"
"2023-12-08 20:00:00.000";"5.00";"86.00";"0.00";"0.00";"0.0"
"2023-12-08 21:00:00.000";"4.57";"88.17";"0.00";"0.00";"0.0"
"2023-12-08 22:00:00.000";"4.78";"89.50";"0.00";"0.00";"0.0"
"2023-12-08 23:00:00.000";"4.95";"90.00";"0.00";"0.00";"0.0"
"2023-12-09 00:00:00.000";"3.93";"90.67";"0.00";"0.00";"0.0"
"2023-12-09 01:00:00.000";"3.77";"91.83";"0.00";"0.00";"0.0"
"2023-12-09 02:00:00.000";"3.27";"92.33";"0.00";"0.00";"0.0"
"2023-12-09 03:00:00.000";"2.70";"93.00";"0.00";"0.00";"0.0"
"2023-12-09 04:00:00.000";"3.13";"93.00";"0.00";"0.00";"0.0"
"2023-12-09 05:00:00.000";"3.97";"91.50";"0.00";"0.00";"0.0"
"2023-12-09 06:00:00.000";"3.77";"90.33";"0.00";"0.00";"0.0"
"2023-12-09 07:00:00.000";"5.25";"85.17";"0.00";"0.00";"0.0"
"2023-12-09 08:00:00.000";"4.88";"83.83";"0.00";"0.00";"0.0"
"2023-12-09 09:00:00.000";"6.52";"76.17";"0.00";"0.00";"0.0"
"2023-12-09 10:00:00.000";"7.13";"79.33";"0.00";"0.00";"0.0"
"2023-12-09 11:00:00.000";"9.67";"76.67";"0.00";"0.00";"0.0"
"2023-12-09 12:00:00.000";"10.68";"68.67";"0.00";"0.00";"0.0"
"2023-12-09 13:00:00.000";"11.37";"67.33";"0.00";"0.00";"0.0"
"2023-12-09 14:00:00.000";"11.50";"67.83";"0.00";"0.00";"0.0"
"2023-12-09 15:00:00.000";"11.42";"68.67";"0.03";"0.00";"0.0"
"2023-12-09 16:00:00.000";"10.93";"69.67";"0.00";"0.00";"0.0"
"2023-12-09 17:00:00.000";"9.72";"77.17";"0.00";"0.00";"0.0"
"2023-12-09 18:00:00.000";"8.30";"81.33";"0.00";"0.00";"0.0"
"2023-12-09 19:00:00.000";"6.82";"84.00";"0.00";"0.00";"0.0"
"2023-12-09 20:00:00.000";"6.00";"84.50";"0.00";"0.00";"0.0"
"2023-12-09 21:00:00.000";"5.53";"83.33";"0.00";"0.00";"0.0"
"2023-12-09 22:00:00.000";"5.47";"82.00";"0.00";"0.00";"0.0"
"2023-12-09 23:00:00.000";"4.70";"82.50";"0.00";"0.00";"0.0"
"2023-12-10 00:00:00.000";"3.80";"84.83";"0.00";"0.00";"0.0"
"2023-12-10 01:00:00.000";"3.55";"85.83";"0.00";"0.00";"0.0"
"2023-12-10 02:00:00.000";"3.38";"87.00";"0.00";"0.00";"0.0"
"2023-12-10 03:00:00.000";"4.52";"83.17";"0.00";"0.00";"0.0"
"2023-12-10 04:00:00.000";"4.40";"82.83";"0.00";"0.00";"0.0"
"2023-12-10 05:00:00.000";"4.22";"83.17";"0.00";"0.00";"0.0"
"2023-12-10 06:00:00.000";"4.08";"83.00";"0.00";"0.00";"0.0"
"2023-12-10 07:00:00.000";"5.07";"81.33";"0.00";"0.00";"0.0"
"2023-12-10 08:00:00.000";"5.05";"81.00";"0.00";"0.00";"0.0"
"2023-12-10 09:00:00.000";"6.72";"80.67";"0.00";"0.00";"0.0"
"2023-12-10 10:00:00.000";"10.70";"80.33";"0.00";"0.00";"0.0"
"2023-12-10 11:00:00.000";"13.65";"66.50";"0.00";"0.00";"0.0"
"2023-12-10 12:00:00.000";"15.17";"47.67";"0.07";"0.00";"0.0"
"2023-12-10 13:00:00.000";"14.87";"49.33";"0.12";"0.00";"0.0"
"2023-12-10 14:00:00.000";"15.45";"50.17";"0.08";"0.00";"0.0"
"2023-12-10 15:00:00.000";"14.23";"56.67";"0.00";"0.00";"0.0"
"2023-12-10 16:00:00.000";"13.02";"61.67";"0.00";"0.00";"0.0"
"2023-12-10 17:00:00.000";"11.58";"67.50";"0.00";"0.00";"0.3"
"2023-12-10 18:00:00.000";"10.02";"77.33";"0.00";"0.50";"0.3"
"2023-12-10 19:00:00.000";"9.57";"78.83";"0.00";"0.33";"0.3"
"2023-12-10 20:00:00.000";"9.77";"76.67";"0.03";"0.17";"0.3"
"2023-12-10 21:00:00.000";"9.27";"80.67";"0.22";"1.00";"0.6"
"2023-12-10 22:00:00.000";"9.55";"82.00";"0.95";"1.00";"0.3"
"2023-12-10 23:00:00.000";"10.23";"80.50";"1.12";"0.17";"0.3"
"2023-12-11 00:00:00.000";"10.03";"87.83";"2.02";"1.00";"5.1"
"2023-12-11 01:00:00.000";"9.90";"89.17";"4.15";"1.00";"0.9"
"2023-12-11 02:00:00.000";"9.45";"89.17";"2.00";"1.00";"0.3"
"2023-12-11 03:00:00.000";"9.60";"80.17";"1.00";"0.67";"0.0"
"2023-12-11 04:00:00.000";"10.40";"75.33";"0.18";"0.00";"0.0"
"2023-12-11 05:00:00.000";"10.67";"74.50";"0.02";"0.00";"0.0"
"2023-12-11 06:00:00.000";"10.67";"75.33";"0.00";"0.00";"0.0"
"2023-12-11 07:00:00.000";"9.88";"81.67";"0.00";"0.33";"0.3"
"2023-12-11 08:00:00.000";"9.25";"91.33";"0.00";"1.00";"0.0"
"2023-12-11 09:00:00.000";"8.72";"90.67";"0.05";"0.00";"0.0"
"2023-12-11 10:00:00.000";"13.93";"68.33";"0.00";"0.00";"0.0"
"2023-12-11 11:00:00.000";"16.43";"63.83";"0.03";"0.00";"0.0"
"2023-12-11 12:00:00.000";"16.32";"62.33";"0.53";"0.00";"0.0"
"2023-12-11 13:00:00.000";"16.58";"59.17";"0.62";"0.00";"0.0"
"2023-12-11 14:00:00.000";"16.77";"56.17";"0.43";"0.00";"0.0"
"2023-12-11 15:00:00.000";"17.43";"52.33";"0.43";"0.00";"0.0"
"2023-12-11 16:00:00.000";"16.05";"60.83";"0.37";"0.00";"0.0"
"2023-12-11 17:00:00.000";"15.30";"62.83";"0.05";"0.00";"0.0"
"2023-12-11 18:00:00.000";"12.48";"71.50";"0.00";"0.00";"0.0"
"2023-12-11 19:00:00.000";"8.73";"82.33";"0.00";"0.00";"0.0"
"2023-12-11 20:00:00.000";"9.50";"87.00";"0.00";"0.00";"0.0"
"2023-12-11 21:00:00.000";"7.90";"86.17";"0.00";"0.00";"0.0"
"2023-12-11 22:00:00.000";"7.05";"89.83";"0.00";"0.00";"0.0"
"2023-12-11 23:00:00.000";"7.55";"91.00";"0.00";"0.00";"0.0"
"2023-12-12 00:00:00.000";"6.88";"91.00";"0.00";"0.00";"0.0"
"2023-12-12 01:00:00.000";"6.37";"91.17";"0.00";"0.00";"0.0"
"2023-12-12 02:00:00.000";"7.52";"92.00";"0.00";"0.00";"0.0"
"2023-12-12 03:00:00.000";"8.65";"91.83";"0.00";"0.00";"0.0"
"2023-12-12 04:00:00.000";"9.17";"91.17";"0.00";"0.00";"0.0"
"2023-12-12 05:00:00.000";"8.93";"92.50";"0.00";"0.00";"0.0"
"2023-12-12 06:00:00.000";"8.90";"93.00";"0.00";"0.00";"0.0"
"2023-12-12 07:00:00.000";"8.73";"93.00";"0.00";"0.00";"0.0"
"2023-12-12 08:00:00.000";"7.53";"93.17";"0.00";"0.17";"0.0"
"2023-12-12 09:00:00.000";"8.80";"94.00";"0.00";"1.00";"0.0"
"2023-12-12 10:00:00.000";"10.58";"92.50";"0.00";"0.00";"0.3"
"2023-12-12 11:00:00.000";"12.35";"90.67";"0.00";"0.00";"0.0"
"2023-12-12 12:00:00.000";"15.00";"83.17";"0.00";"0.00";"0.0"
"2023-12-12 13:00:00.000";"16.67";"76.83";"0.88";"0.00";"0.0"
"2023-12-12 14:00:00.000";"17.12";"75.00";"0.85";"0.00";"0.0"
"2023-12-12 15:00:00.000";"17.83";"71.67";"0.60";"0.00";"0.0"
"2023-12-12 16:00:00.000";"18.00";"71.33";"0.47";"0.00";"0.0"
"2023-12-12 17:00:00.000";"16.83";"74.67";"0.00";"0.00";"0.0"
"2023-12-12 18:00:00.000";"12.33";"83.50";"0.00";"0.00";"0.0"
"2023-12-12 19:00:00.000";"9.87";"88.33";"0.00";"0.00";"0.0"
"2023-12-12 20:00:00.000";"9.22";"90.00";"0.00";"0.00";"0.0"
"2023-12-12 21:00:00.000";"9.57";"89.83";"0.00";"0.00";"0.0"
"2023-12-12 22:00:00.000";"9.45";"88.33";"0.00";"0.00";"0.0"
"2023-12-12 23:00:00.000";"9.10";"88.00";"0.00";"0.00";"0.0"
"2023-12-13 00:00:00.000";"8.78";"86.33";"0.00";"0.00";"0.0"
"2023-12-13 01:00:00.000";"7.78";"89.17";"0.00";"0.00";"0.0"
"2023-12-13 02:00:00.000";"7.97";"90.00";"0.00";"0.00";"0.0"
"2023-12-13 03:00:00.000";"7.33";"89.83";"0.00";"0.00";"0.0"
"2023-12-13 04:00:00.000";"7.03";"91.17";"0.00";"0.00";"0.0"
"2023-12-13 05:00:00.000";"7.00";"93.00";"0.00";"0.00";"0.0"
"2023-12-13 06:00:00.000";"6.53";"93.33";"0.00";"0.00";"0.0"
"2023-12-13 07:00:00.000";"7.10";"94.00";"0.00";"0.00";"0.0"
"2023-12-13 08:00:00.000";"6.53";"94.00";"0.00";"0.00";"0.0"
"2023-12-13 09:00:00.000";"7.95";"94.00";"0.00";"0.00";"0.0"
"2023-12-13 10:00:00.000";"14.43";"74.67";"0.00";"0.00";"0.0"
"2023-12-13 11:00:00.000";"17.27";"78.17";"0.00";"0.00";"0.0"
"2023-12-13 12:00:00.000";"18.20";"75.50";"0.07";"0.00";"0.0"
"2023-12-13 13:00:00.000";"18.15";"75.00";"0.10";"0.00";"0.0"
"2023-12-13 14:00:00.000";"17.72";"77.83";"0.03";"0.00";"0.0"
"2023-12-13 15:00:00.000";"17.78";"75.67";"0.07";"0.00";"0.0"
"2023-12-13 16:00:00.000";"17.80";"77.83";"0.00";"0.00";"0.0"
"2023-12-13 17:00:00.000";"17.20";"81.00";"0.02";"0.00";"0.0"
"2023-12-13 18:00:00.000";"15.83";"85.33";"0.00";"0.00";"0.0"
"2023-12-13 19:00:00.000";"14.27";"88.33";"0.00";"0.00";"0.0"
"2023-12-13 20:00:00.000";"13.40";"89.00";"0.00";"0.00";"0.0"
"2023-12-13 21:00:00.000";"12.55";"91.50";"0.00";"0.00";"0.0"
"2023-12-13 22:00:00.000";"12.47";"92.17";"0.00";"0.00";"0.0"
"2023-12-13 23:00:00.000";"12.00";"93.33";"0.00";"0.00";"0.0"
"2023-12-14 00:00:00.000";"12.67";"93.83";"0.00";"0.00";"0.0"
"2023-12-14 01:00:00.000";"12.72";"93.50";"0.00";"0.00";"0.0"
"2023-12-14 02:00:00.000";"13.18";"92.83";"0.00";"0.00";"0.0"
"2023-12-14 03:00:00.000";"13.12";"93.33";"0.00";"0.00";"0.0"
"2023-12-14 04:00:00.000";"12.25";"94.00";"0.00";"0.00";"0.3"
"2023-12-14 05:00:00.000";"12.22";"94.00";"0.00";"0.00";"0.0"
"2023-12-14 06:00:00.000";"11.75";"94.17";"0.00";"0.50";"0.0"
"2023-12-14 07:00:00.000";"11.30";"94.50";"0.00";"1.00";"0.0"
"2023-12-14 08:00:00.000";"12.53";"95.00";"0.00";"1.00";"0.0"
"2023-12-14 09:00:00.000";"13.77";"95.00";"0.00";"0.67";"0.0"
"2023-12-14 10:00:00.000";"17.17";"87.33";"0.18";"0.00";"0.0"
"2023-12-14 11:00:00.000";"19.35";"82.33";"0.98";"0.00";"0.0"
"2023-12-14 12:00:00.000";"20.05";"79.67";"1.32";"0.00";"0.0"
"2023-12-14 13:00:00.000";"19.78";"78.50";"1.12";"0.00";"0.0"
"2023-12-14 14:00:00.000";"20.05";"77.17";"1.33";"0.00";"0.0"
"2023-12-14 15:00:00.000";"19.70";"79.67";"0.97";"0.00";"0.0"
"2023-12-14 16:00:00.000";"19.05";"81.83";"0.27";"0.00";"0.0"
"2023-12-14 17:00:00.000";"19.05";"82.17";"0.12";"0.00";"0.0"
"2023-12-14 18:00:00.000";"16.87";"87.33";"0.05";"0.00";"0.0"
"2023-12-14 19:00:00.000";"16.15";"87.83";"0.02";"0.00";"0.0"
"2023-12-14 20:00:00.000";"15.02";"89.17";"0.00";"0.00";"0.0"
"2023-12-14 21:00:00.000";"15.27";"91.50";"0.00";"0.00";"0.0"
"2023-12-14 22:00:00.000";"16.17";"93.83";"0.03";"0.00";"0.0"
"2023-12-14 23:00:00.000";"16.25";"94.00";"0.05";"0.00";"0.0"
"2023-12-15 00:00:00.000";"15.72";"94.67";"0.00";"0.67";"0.0"
"2023-12-15 01:00:00.000";"15.35";"95.00";"0.00";"1.00";"0.0"
"2023-12-15 02:00:00.000";"14.65";"95.00";"0.00";"1.00";"0.0"
"2023-12-15 03:00:00.000";"13.85";"95.00";"0.00";"1.00";"0.0"
"2023-12-15 04:00:00.000";"13.63";"95.00";"0.00";"1.00";"0.0"
"2023-12-15 05:00:00.000";"13.63";"95.00";"0.00";"1.00";"0.0"
"2023-12-15 06:00:00.000";"13.27";"95.00";"0.00";"1.00";"0.3"
"2023-12-15 07:00:00.000";"13.92";"95.00";"0.00";"1.00";"0.0"
"2023-12-15 08:00:00.000";"13.33";"95.00";"0.00";"1.00";"0.0"
"2023-12-15 09:00:00.000";"13.53";"95.00";"0.00";"0.67";"0.0"
"2023-12-15 10:00:00.000";"15.75";"90.17";"0.00";"0.00";"0.0"
"2023-12-15 11:00:00.000";"18.28";"85.00";"0.60";"0.00";"0.0"
"2023-12-15 12:00:00.000";"18.67";"81.00";"0.90";"0.00";"0.0"
"2023-12-15 13:00:00.000";"19.17";"78.17";"0.98";"0.00";"0.0"
"2023-12-15 14:00:00.000";"18.35";"79.83";"1.13";"0.00";"0.0"
"2023-12-15 15:00:00.000";"17.60";"82.83";"0.93";"0.00";"0.0"
"2023-12-15 16:00:00.000";"17.77";"83.33";"0.00";"0.00";"0.0"
"2023-12-15 17:00:00.000";"17.40";"84.17";"0.00";"0.00";"0.0"
"2023-12-15 18:00:00.000";"16.02";"87.83";"0.00";"0.00";"0.0"
"2023-12-15 19:00:00.000";"15.50";"91.33";"0.00";"0.00";"0.0"
"2023-12-15 20:00:00.000";"15.32";"92.50";"0.00";"0.00";"0.0"
"2023-12-15 21:00:00.000";"15.12";"93.17";"0.08";"0.00";"0.0"
"2023-12-15 22:00:00.000";"14.72";"93.00";"0.00";"0.00";"0.0"
"2023-12-15 23:00:00.000";"14.18";"93.67";"0.02";"0.00";"0.0"
"2023-12-16 00:00:00.000";"13.35";"94.00";"0.00";"0.00";"0.0"
"2023-12-16 01:00:00.000";"12.03";"94.00";"0.00";"0.00";"0.0"
"2023-12-16 02:00:00.000";"11.27";"94.00";"0.00";"0.00";"0.0"
"2023-12-16 03:00:00.000";"9.75";"94.00";"0.00";"0.00";"0.3"
"2023-12-16 04:00:00.000";"9.08";"94.00";"0.00";"0.00";"0.0"
"2023-12-16 05:00:00.000";"8.05";"94.00";"0.00";"0.00";"0.0"
"2023-12-16 06:00:00.000";"7.90";"94.00";"0.00";"0.00";"0.0"
"2023-12-16 07:00:00.000";"8.30";"94.00";"0.00";"0.00";"0.0"
"2023-12-16 08:00:00.000";"8.72";"94.00";"0.00";"0.00";"0.0"
"2023-12-16 09:00:00.000";"10.60";"94.00";"0.00";"0.00";"0.0"
"2023-12-16 10:00:00.000";"14.28";"76.17";"0.37";"0.00";"0.0"
"2023-12-16 11:00:00.000";"15.50";"75.17";"0.30";"0.00";"0.0"
"2023-12-16 12:00:00.000";"15.23";"73.67";"0.42";"0.00";"0.0"
"2023-12-16 13:00:00.000";"17.15";"67.50";"1.03";"0.00";"0.0"
"2023-12-16 14:00:00.000";"15.70";"76.00";"0.27";"0.00";"0.0"
"2023-12-16 15:00:00.000";"15.85";"74.83";"1.07";"0.00";"0.0"
"2023-12-16 16:00:00.000";"16.52";"70.67";"1.33";"0.00";"0.0"
"2023-12-16 17:00:00.000";"16.40";"75.00";"0.97";"0.00";"0.0"
"2023-12-16 18:00:00.000";"14.30";"80.83";"0.07";"0.00";"0.0"
"2023-12-16 19:00:00.000";"13.23";"88.67";"0.05";"0.50";"1.5"
"2023-12-16 20:00:00.000";"11.28";"89.83";"0.65";"0.67";"0.0"
"2023-12-16 21:00:00.000";"11.13";"87.00";"0.75";"0.33";"0.3"
"2023-12-16 22:00:00.000";"10.62";"87.83";"0.87";"0.67";"0.3"
"2023-12-16 23:00:00.000";"11.17";"79.00";"1.37";"0.00";"0.0"
"2023-12-17 00:00:00.000";"11.62";"74.50";"0.65";"0.00";"0.0"
"2023-12-17 01:00:00.000";"11.52";"73.00";"1.08";"0.00";"0.0"
"2023-12-17 02:00:00.000";"11.35";"71.17";"2.85";"0.00";"0.0"
"2023-12-17 03:00:00.000";"11.10";"71.00";"3.32";"0.00";"0.0"
"2023-12-17 04:00:00.000";"10.70";"71.00";"2.30";"0.00";"0.0"
"2023-12-17 05:00:00.000";"10.63";"69.00";"1.73";"0.00";"0.0"
"2023-12-17 06:00:00.000";"10.63";"68.50";"4.35";"0.00";"0.0"
"2023-12-17 07:00:00.000";"10.58";"66.50";"5.22";"0.00";"0.0"
"2023-12-17 08:00:00.000";"10.18";"67.17";"6.20";"0.00";"0.0"
"2023-12-17 09:00:00.000";"10.53";"63.83";"5.37";"0.00";"0.0"
"2023-12-17 10:00:00.000";"11.97";"48.83";"5.27";"0.00";"0.0"
"2023-12-17 11:00:00.000";"12.92";"49.50";"5.98";"0.00";"0.0"
"2023-12-17 12:00:00.000";"13.83";"47.67";"6.18";"0.00";"0.0"
"2023-12-17 13:00:00.000";"14.60";"44.83";"4.95";"0.00";"0.0"
"2023-12-17 14:00:00.000";"15.22";"42.33";"3.78";"0.00";"0.0"
"2023-12-17 15:00:00.000";"15.52";"40.50";"1.95";"0.00";"0.0"
"2023-12-17 16:00:00.000";"14.80";"44.17";"2.72";"0.00";"0.0"
"2023-12-17 17:00:00.000";"13.58";"48.83";"0.83";"0.00";"0.0"
"2023-12-17 18:00:00.000";"10.98";"56.83";"0.13";"0.00";"0.0"
"2023-12-17 19:00:00.000";"7.97";"65.17";"0.00";"0.00";"0.0"
"2023-12-17 20:00:00.000";"7.58";"67.33";"0.00";"0.00";"0.0"
"2023-12-17 21:00:00.000";"7.45";"66.83";"0.00";"0.00";"0.0"
"2023-12-17 22:00:00.000";"7.07";"67.83";"0.00";"0.00";"0.0"
"2023-12-17 23:00:00.000";"8.07";"66.50";"0.00";"0.00";"0.0"
"2023-12-18 00:00:00.000";"8.50";"64.17";"0.00";"0.00";"0.0"
"2023-12-18 01:00:00.000";"7.65";"66.00";"0.00";"0.00";"0.0"
"2023-12-18 02:00:00.000";"6.03";"71.83";"0.00";"0.00";"0.0"
"2023-12-18 03:00:00.000";"5.18";"78.00";"0.00";"0.00";"0.0"
"2023-12-18 04:00:00.000";"5.57";"78.00";"0.00";"0.00";"0.0"
"2023-12-18 05:00:00.000";"4.77";"86.00";"0.00";"0.00";"0.0"
"2023-12-18 06:00:00.000";"4.22";"92.00";"0.00";"0.00";"0.0"
"2023-12-18 07:00:00.000";"3.80";"93.00";"0.00";"0.00";"0.0"
"2023-12-18 08:00:00.000";"3.92";"93.00";"0.00";"0.00";"0.0"
"2023-12-18 09:00:00.000";"5.92";"86.00";"0.00";"0.00";"0.0"
"2023-12-18 10:00:00.000";"12.83";"52.67";"0.00";"0.00";"0.0"
"2023-12-18 11:00:00.000";"15.28";"50.00";"0.00";"0.00";"0.0"
"2023-12-18 12:00:00.000";"15.20";"51.67";"0.23";"0.00";"0.0"
"2023-12-18 13:00:00.000";"15.05";"51.67";"0.87";"0.00";"0.0"
"2023-12-18 14:00:00.000";"15.12";"51.50";"1.10";"0.00";"0.0"
"2023-12-18 15:00:00.000";"15.13";"51.17";"1.68";"0.00";"0.0"
"2023-12-18 16:00:00.000";"15.33";"53.67";"0.62";"0.00";"0.0"
"2023-12-18 17:00:00.000";"15.28";"56.83";"0.02";"0.00";"0.0"
"2023-12-18 18:00:00.000";"10.45";"68.33";"0.00";"0.00";"0.0"
"2023-12-18 19:00:00.000";"6.63";"82.00";"0.00";"0.00";"0.0"
"2023-12-18 20:00:00.000";"5.30";"87.83";"0.00";"0.00";"0.0"
"2023-12-18 21:00:00.000";"4.92";"91.50";"0.00";"0.00";"0.0"
"2023-12-18 22:00:00.000";"4.65";"92.00";"0.00";"0.00";"0.0"
"2023-12-18 23:00:00.000";"4.40";"92.00";"0.00";"0.00";"0.0"
"2023-12-19 00:00:00.000";"3.78";"92.00";"0.00";"0.00";"0.0"
"2023-12-19 01:00:00.000";"3.92";"92.67";"0.00";"0.00";"0.0"
"2023-12-19 02:00:00.000";"4.47";"93.00";"0.00";"0.00";"0.0"
"2023-12-19 03:00:00.000";"3.50";"93.00";"0.00";"1.00";"0.0"
"2023-12-19 04:00:00.000";"4.15";"93.50";"0.00";"1.00";"0.0"
"2023-12-19 05:00:00.000";"4.15";"94.00";"0.00";"1.00";"0.0"
"2023-12-19 06:00:00.000";"3.60";"94.00";"0.00";"1.00";"0.0"
"2023-12-19 07:00:00.000";"3.23";"94.00";"0.00";"1.00";"0.0"
"2023-12-19 08:00:00.000";"3.33";"94.00";"0.00";"1.00";"0.0"
"2023-12-19 09:00:00.000";"4.85";"92.50";"0.00";"0.83";"0.3"
"2023-12-19 10:00:00.000";"11.98";"63.83";"0.00";"0.00";"0.0"
"2023-12-19 11:00:00.000";"15.42";"60.50";"0.00";"0.00";"0.0"
"2023-12-19 12:00:00.000";"15.70";"56.67";"0.07";"0.00";"0.0"
"2023-12-19 13:00:00.000";"15.33";"57.00";"0.83";"0.00";"0.0"
"2023-12-19 14:00:00.000";"15.68";"54.00";"1.20";"0.00";"0.0"
"2023-12-19 15:00:00.000";"16.08";"47.17";"0.97";"0.00";"0.0"
"2023-12-19 16:00:00.000";"16.15";"52.00";"0.57";"0.00";"0.0"
"2023-12-19 17:00:00.000";"15.48";"58.00";"0.10";"0.00";"0.0"
"2023-12-19 18:00:00.000";"11.23";"68.83";"0.00";"0.00";"0.0"
"2023-12-19 19:00:00.000";"8.42";"78.17";"0.00";"0.00";"0.0"
"2023-12-19 20:00:00.000";"6.82";"84.50";"0.00";"0.00";"0.0"
"2023-12-19 21:00:00.000";"6.78";"90.50";"0.00";"0.00";"0.0"
"2023-12-19 22:00:00.000";"6.83";"91.83";"0.00";"0.00";"0.0"
"2023-12-19 23:00:00.000";"5.78";"92.33";"0.00";"0.00";"0.0"
"2023-12-20 00:00:00.000";"6.18";"93.00";"0.00";"0.00";"0.0"
"2023-12-20 01:00:00.000";"6.27";"93.00";"0.00";"0.00";"0.0"
"2023-12-20 02:00:00.000";"6.25";"92.33";"0.00";"0.00";"0.0"
"2023-12-20 03:00:00.000";"6.10";"92.50";"0.00";"0.00";"0.0"
"2023-12-20 04:00:00.000";"6.25";"93.00";"0.00";"0.00";"0.0"
"2023-12-20 05:00:00.000";"6.98";"93.00";"0.00";"0.00";"0.0"
"2023-12-20 06:00:00.000";"7.40";"92.83";"0.00";"0.00";"0.0"
"2023-12-20 07:00:00.000";"8.13";"89.17";"0.03";"0.00";"0.0"
"2023-12-20 08:00:00.000";"8.23";"87.17";"0.03";"0.00";"0.0"
"2023-12-20 09:00:00.000";"10.30";"78.00";"0.08";"0.00";"0.0"
"2023-12-20 10:00:00.000";"14.58";"64.17";"0.15";"0.00";"0.0"
"2023-12-20 11:00:00.000";"15.65";"67.33";"2.05";"0.00";"0.0"
"2023-12-20 12:00:00.000";"14.50";"71.83";"1.90";"0.00";"0.0"
"2023-12-20 13:00:00.000";"16.32";"69.00";"3.27";"0.00";"0.0"
"2023-12-20 14:00:00.000";"15.80";"68.67";"0.45";"0.00";"0.0"
"2023-12-20 15:00:00.000";"14.42";"73.67";"0.20";"0.00";"0.0"
"2023-12-20 16:00:00.000";"13.85";"76.67";"0.47";"0.00";"0.0"
"2023-12-20 17:00:00.000";"13.53";"78.17";"0.22";"0.00";"0.0"
"2023-12-20 18:00:00.000";"12.52";"82.33";"0.55";"0.00";"0.0"
"2023-12-20 19:00:00.000";"12.47";"84.00";"0.78";"0.00";"0.0"
"2023-12-20 20:00:00.000";"12.35";"84.33";"0.65";"0.33";"0.6"
"2023-12-20 21:00:00.000";"11.50";"91.00";"0.00";"1.00";"1.5"
"2023-12-20 22:00:00.000";"11.30";"91.83";"0.00";"1.00";"0.3"
"2023-12-20 23:00:00.000";"11.33";"93.00";"0.00";"1.00";"3.0"
"2023-12-21 00:00:00.000";"11.03";"93.67";"0.00";"1.00";"0.6"
"2023-12-21 01:00:00.000";"11.18";"93.67";"0.02";"1.00";"0.6"
"2023-12-21 02:00:00.000";"10.93";"93.00";"0.30";"1.00";"0.0"
"2023-12-21 03:00:00.000";"10.98";"93.00";"0.02";"1.00";"0.0"
"2023-12-21 04:00:00.000";"10.92";"92.17";"0.00";"1.00";"0.0"
"2023-12-21 05:00:00.000";"10.88";"91.67";"0.02";"0.00";"0.0"
"2023-12-21 06:00:00.000";"9.47";"92.67";"0.00";"1.00";"0.0"
"2023-12-21 07:00:00.000";"9.17";"93.67";"0.00";"1.00";"0.0"
"2023-12-21 08:00:00.000";"9.17";"94.00";"0.00";"1.00";"0.0"
"2023-12-21 09:00:00.000";"8.70";"93.50";"0.00";"1.00";"0.0"
"2023-12-21 10:00:00.000";"12.15";"76.17";"0.00";"0.00";"0.0"
"2023-12-21 11:00:00.000";"13.97";"77.67";"0.00";"0.00";"0.0"
"2023-12-21 12:00:00.000";"15.08";"75.00";"0.00";"0.00";"0.0"
"2023-12-21 13:00:00.000";"16.13";"69.67";"0.92";"0.00";"0.0"
"2023-12-21 14:00:00.000";"16.30";"65.33";"1.52";"0.00";"0.0"
"2023-12-21 15:00:00.000";"16.57";"62.17";"1.42";"0.00";"0.0"
"2023-12-21 16:00:00.000";"15.87";"65.83";"2.23";"0.00";"0.0"
"2023-12-21 17:00:00.000";"14.93";"70.83";"1.58";"0.00";"0.0"
"2023-12-21 18:00:00.000";"12.77";"75.33";"0.25";"0.00";"0.0"
"2023-12-21 19:00:00.000";"11.20";"80.17";"0.22";"0.00";"0.0"
"2023-12-21 20:00:00.000";"9.57";"84.83";"0.00";"0.00";"0.0"
"2023-12-21 21:00:00.000";"9.23";"85.67";"0.00";"0.00";"0.0"
"2023-12-21 22:00:00.000";"9.08";"90.33";"0.00";"0.00";"0.0"
"2023-12-21 23:00:00.000";"9.35";"92.50";"0.00";"0.17";"0.0"
"2023-12-22 00:00:00.000";"9.00";"93.00";"0.00";"1.00";"0.0"
"2023-12-22 01:00:00.000";"9.25";"93.33";"0.00";"1.00";"0.0"
"2023-12-22 02:00:00.000";"9.88";"94.00";"0.00";"1.00";"0.3"
"2023-12-22 03:00:00.000";"9.30";"94.00";"0.00";"1.00";"0.0"
"2023-12-22 04:00:00.000";"9.47";"93.17";"0.00";"1.00";"0.0"
"2023-12-22 05:00:00.000";"8.98";"92.50";"0.00";"0.00";"0.0"
"2023-12-22 06:00:00.000";"8.57";"93.00";"0.00";"1.00";"0.0"
"2023-12-22 07:00:00.000";"8.27";"93.00";"0.00";"1.00";"0.0"
"2023-12-22 08:00:00.000";"9.48";"93.00";"0.00";"0.00";"0.0"
"2023-12-22 09:00:00.000";"9.70";"93.00";"0.00";"0.33";"0.0"
"2023-12-22 10:00:00.000";"11.37";"90.00";"0.00";"0.67";"0.3"
"2023-12-22 11:00:00.000";"13.77";"81.00";"0.65";"0.00";"0.0"
"2023-12-22 12:00:00.000";"13.82";"78.83";"1.30";"0.00";"0.0"
"2023-12-22 13:00:00.000";"13.58";"80.67";"1.22";"0.00";"0.0"
"2023-12-22 14:00:00.000";"15.38";"68.83";"5.97";"0.00";"0.0"
"2023-12-22 15:00:00.000";"16.12";"62.50";"4.43";"0.00";"0.0"
"2023-12-22 16:00:00.000";"16.13";"64.83";"3.97";"0.00";"0.0"
"2023-12-22 17:00:00.000";"14.97";"69.17";"1.98";"0.00";"0.0"
"2023-12-22 18:00:00.000";"13.45";"74.67";"0.65";"0.00";"0.0"
"2023-12-22 19:00:00.000";"13.17";"76.00";"0.35";"0.00";"0.0"
"2023-12-22 20:00:00.000";"13.43";"77.67";"0.48";"0.00";"0.0"
"2023-12-22 21:00:00.000";"13.33";"78.83";"0.35";"0.00";"0.0"
"2023-12-22 22:00:00.000";"12.52";"81.50";"0.20";"0.00";"0.0"
"2023-12-22 23:00:00.000";"11.17";"84.00";"0.00";"0.00";"0.0"
"2023-12-23 00:00:00.000";"10.90";"86.17";"0.00";"0.00";"0.0"
"2023-12-23 01:00:00.000";"8.93";"91.17";"0.00";"0.00";"0.0"
"2023-12-23 02:00:00.000";"8.05";"92.83";"0.00";"0.67";"0.0"
"2023-12-23 03:00:00.000";"8.00";"92.83";"0.00";"1.00";"0.0"
"2023-12-23 04:00:00.000";"8.25";"91.67";"0.00";"0.00";"0.0"
"2023-12-23 05:00:00.000";"8.80";"92.50";"0.00";"0.00";"0.0"
"2023-12-23 06:00:00.000";"8.33";"93.00";"0.00";"0.33";"0.0"
"2023-12-23 07:00:00.000";"7.88";"94.00";"0.00";"1.00";"0.0"
"2023-12-23 08:00:00.000";"8.38";"94.00";"0.00";"1.00";"0.0"
"2023-12-23 09:00:00.000";"9.70";"95.00";"0.00";"1.00";"0.0"
"2023-12-23 10:00:00.000";"12.88";"88.50";"0.00";"0.33";"0.0"
"2023-12-23 11:00:00.000";"16.25";"82.50";"0.17";"0.00";"0.0"
"2023-12-23 12:00:00.000";"16.63";"77.83";"1.08";"0.00";"0.0"
"2023-12-23 13:00:00.000";"17.53";"67.17";"1.42";"0.00";"0.0"
"2023-12-23 14:00:00.000";"17.72";"55.00";"1.40";"0.00";"0.0"
"2023-12-23 15:00:00.000";"17.55";"46.83";"1.98";"0.00";"0.0"
"2023-12-23 16:00:00.000";"17.80";"49.33";"0.57";"0.00";"0.0"
"2023-12-23 17:00:00.000";"16.65";"53.17";"0.15";"0.00";"0.0"
"2023-12-23 18:00:00.000";"12.68";"64.00";"0.00";"0.00";"0.0"
"2023-12-23 19:00:00.000";"9.55";"76.33";"0.00";"0.00";"0.0"
"2023-12-23 20:00:00.000";"9.20";"83.83";"0.00";"0.00";"0.0"
"2023-12-23 21:00:00.000";"8.33";"85.00";"0.00";"0.00";"0.0"
"2023-12-23 22:00:00.000";"8.12";"87.83";"0.00";"0.00";"0.0"
"2023-12-23 23:00:00.000";"9.23";"91.50";"0.00";"0.00";"0.0"
"2023-12-24 00:00:00.000";"9.70";"91.67";"0.00";"0.00";"0.0"
"2023-12-24 01:00:00.000";"8.98";"92.33";"0.00";"0.00";"0.0"
"2023-12-24 02:00:00.000";"10.27";"94.00";"0.00";"1.00";"0.0"
"2023-12-24 03:00:00.000";"10.80";"94.00";"0.00";"1.00";"0.0"
"2023-12-24 04:00:00.000";"9.85";"93.67";"0.00";"1.00";"0.0"
"2023-12-24 05:00:00.000";"9.13";"94.00";"0.00";"1.00";"0.0"
"2023-12-24 06:00:00.000";"9.07";"94.00";"0.00";"1.00";"0.0"
"2023-12-24 07:00:00.000";"9.35";"94.50";"0.00";"1.00";"0.3"
"2023-12-24 08:00:00.000";"8.87";"94.67";"0.00";"1.00";"0.0"
"2023-12-24 09:00:00.000";"10.30";"95.00";"0.00";"1.00";"0.0"
"2023-12-24 10:00:00.000";"13.95";"82.00";"0.00";"0.33";"0.0"
"2023-12-24 11:00:00.000";"15.67";"78.00";"0.27";"0.00";"0.0"
"2023-12-24 12:00:00.000";"16.73";"73.33";"1.15";"0.00";"0.0"
"2023-12-24 13:00:00.000";"16.42";"74.50";"1.72";"0.00";"0.0"
"2023-12-24 14:00:00.000";"16.65";"71.50";"0.63";"0.00";"0.0"
"2023-12-24 15:00:00.000";"17.20";"69.67";"2.90";"0.00";"0.0"
"2023-12-24 16:00:00.000";"17.50";"70.67";"2.10";"0.00";"0.0"
"2023-12-24 17:00:00.000";"16.77";"74.67";"0.53";"0.00";"0.0"
"2023-12-24 18:00:00.000";"13.58";"83.17";"0.00";"0.00";"0.0"
"2023-12-24 19:00:00.000";"10.87";"90.50";"0.00";"0.00";"0.0"
"2023-12-24 20:00:00.000";"10.30";"92.00";"0.00";"0.00";"0.0"
"2023-12-24 21:00:00.000";"9.50";"93.00";"0.00";"0.17";"0.0"
"2023-12-24 22:00:00.000";"9.37";"93.33";"0.00";"1.00";"0.0"
"2023-12-24 23:00:00.000";"9.25";"94.00";"0.00";"1.00";"0.0"
"2023-12-25 00:00:00.000";"9.62";"94.00";"0.00";"1.00";"0.0"
"2023-12-25 01:00:00.000";"10.60";"94.00";"0.00";"1.00";"0.0"
"2023-12-25 02:00:00.000";"11.33";"93.83";"0.00";"0.00";"0.0"
"2023-12-25 03:00:00.000";"11.88";"91.33";"0.00";"0.00";"0.0"
"2023-12-25 04:00:00.000";"12.02";"89.33";"0.00";"0.00";"0.0"
"2023-12-25 05:00:00.000";"11.83";"89.17";"0.00";"0.00";"0.0"
"2023-12-25 06:00:00.000";"11.92";"89.67";"0.00";"0.00";"0.0"
"2023-12-25 07:00:00.000";"11.97";"90.33";"0.00";"0.00";"0.0"
"2023-12-25 08:00:00.000";"11.75";"89.67";"0.00";"0.00";"0.0"
"2023-12-25 09:00:00.000";"12.57";"87.83";"0.00";"0.00";"0.0"
"2023-12-25 10:00:00.000";"13.93";"84.17";"0.00";"0.00";"0.0"
"2023-12-25 11:00:00.000";"15.38";"76.83";"0.00";"0.00";"0.0"
"2023-12-25 12:00:00.000";"16.38";"70.33";"0.00";"0.00";"0.0"
"2023-12-25 13:00:00.000";"17.03";"69.00";"0.00";"0.00";"0.0"
"2023-12-25 14:00:00.000";"17.05";"67.83";"0.07";"0.00";"0.0"
"2023-12-25 15:00:00.000";"17.30";"63.00";"0.13";"0.00";"0.0"
"2023-12-25 16:00:00.000";"16.67";"58.00";"0.07";"0.00";"0.0"
"2023-12-25 17:00:00.000";"15.72";"61.33";"0.00";"0.00";"0.0"
"2023-12-25 18:00:00.000";"13.00";"68.50";"0.00";"0.00";"0.0"
"2023-12-25 19:00:00.000";"10.30";"78.50";"0.00";"0.00";"0.0"
"2023-12-25 20:00:00.000";"8.58";"84.50";"0.00";"0.00";"0.0"
"2023-12-25 21:00:00.000";"8.55";"89.67";"0.00";"0.00";"0.0"
"2023-12-25 22:00:00.000";"9.70";"90.17";"0.00";"0.00";"0.0"
"2023-12-25 23:00:00.000";"12.03";"79.17";"0.00";"0.00";"0.0"
"2023-12-26 00:00:00.000";"12.12";"77.17";"0.00";"0.00";"0.0"
"2023-12-26 01:00:00.000";"12.07";"77.00";"0.00";"0.00";"0.0"
"2023-12-26 02:00:00.000";"11.77";"77.83";"0.00";"0.00";"0.0"
"2023-12-26 03:00:00.000";"11.28";"78.83";"0.00";"0.00";"0.0"
"2023-12-26 04:00:00.000";"11.20";"77.67";"0.00";"0.00";"0.0"
"2023-12-26 05:00:00.000";"10.77";"75.83";"0.00";"0.00";"0.0"
"2023-12-26 06:00:00.000";"9.75";"76.83";"0.00";"0.00";"0.0"
"2023-12-26 07:00:00.000";"7.95";"83.50";"0.00";"0.00";"0.0"
"2023-12-26 08:00:00.000";"7.63";"88.00";"0.00";"0.00";"0.0"
"2023-12-26 09:00:00.000";"8.77";"83.50";"0.00";"0.00";"0.0"
"2023-12-26 10:00:00.000";"13.87";"68.67";"0.00";"0.00";"0.0"
"2023-12-26 11:00:00.000";"16.35";"61.50";"0.00";"0.00";"0.0"
"2023-12-26 12:00:00.000";"17.38";"55.67";"0.00";"0.00";"0.0"
"2023-12-26 13:00:00.000";"17.47";"53.00";"0.00";"0.00";"0.0"
"2023-12-26 14:00:00.000";"17.13";"56.33";"0.43";"0.00";"0.0"
"2023-12-26 15:00:00.000";"16.62";"57.67";"0.15";"0.00";"0.0"
"2023-12-26 16:00:00.000";"16.03";"62.17";"0.00";"0.00";"0.0"
"2023-12-26 17:00:00.000";"15.33";"65.17";"0.00";"0.00";"0.0"
"2023-12-26 18:00:00.000";"14.05";"69.50";"0.00";"0.00";"0.0"
"2023-12-26 19:00:00.000";"13.10";"70.17";"0.00";"0.00";"0.0"
"2023-12-26 20:00:00.000";"12.28";"71.00";"0.00";"0.00";"0.0"
"2023-12-26 21:00:00.000";"10.72";"72.50";"0.00";"0.00";"0.0"
"2023-12-26 22:00:00.000";"9.65";"73.33";"0.00";"0.00";"0.0"
"2023-12-26 23:00:00.000";"10.03";"70.83";"0.00";"0.00";"0.0"
"2023-12-27 00:00:00.000";"7.78";"77.83";"0.00";"0.00";"0.0"
"2023-12-27 01:00:00.000";"8.45";"81.33";"0.00";"0.00";"0.0"
"2023-12-27 02:00:00.000";"10.02";"84.33";"0.03";"0.00";"0.0"
"2023-12-27 03:00:00.000";"10.45";"80.50";"0.00";"0.00";"0.0"
"2023-12-27 04:00:00.000";"10.68";"74.17";"0.45";"0.00";"0.0"
"2023-12-27 05:00:00.000";"8.43";"77.67";"0.03";"0.00";"0.0"
"2023-12-27 06:00:00.000";"7.70";"81.00";"0.00";"0.00";"0.0"
"2023-12-27 07:00:00.000";"8.97";"82.17";"0.00";"0.00";"0.0"
"2023-12-27 08:00:00.000";"6.73";"86.50";"0.00";"0.00";"0.0"
"2023-12-27 09:00:00.000";"7.90";"78.67";"0.00";"0.00";"0.0"
"2023-12-27 10:00:00.000";"13.33";"57.33";"0.05";"0.00";"0.0"
"2023-12-27 11:00:00.000";"15.18";"56.50";"2.55";"0.00";"0.0"
"2023-12-27 12:00:00.000";"15.82";"53.33";"5.53";"0.00";"0.0"
"2023-12-27 13:00:00.000";"16.37";"52.00";"4.15";"0.00";"0.0"
"2023-12-27 14:00:00.000";"16.63";"50.17";"4.20";"0.00";"0.0"
"2023-12-27 15:00:00.000";"16.65";"47.50";"3.22";"0.00";"0.0"
"2023-12-27 16:00:00.000";"16.50";"52.17";"1.95";"0.00";"0.0"
"2023-12-27 17:00:00.000";"15.35";"57.17";"2.10";"0.00";"0.0"
"2023-12-27 18:00:00.000";"13.08";"64.50";"0.58";"0.00";"0.0"
"2023-12-27 19:00:00.000";"11.18";"70.67";"0.27";"0.00";"0.0"
"2023-12-27 20:00:00.000";"8.25";"79.83";"0.00";"0.00";"0.0"
"2023-12-27 21:00:00.000";"7.15";"85.50";"0.00";"0.00";"0.0"
"2023-12-27 22:00:00.000";"7.77";"89.50";"0.00";"0.00";"0.0"
"2023-12-27 23:00:00.000";"8.32";"89.00";"0.00";"0.00";"0.0"
"2023-12-28 00:00:00.000";"8.08";"90.00";"0.00";"0.00";"0.0"
"2023-12-28 01:00:00.000";"7.48";"90.00";"0.00";"0.00";"0.0"
"2023-12-28 02:00:00.000";"6.88";"91.17";"0.00";"0.00";"0.0"
"2023-12-28 03:00:00.000";"6.72";"92.67";"0.00";"0.17";"0.0"
"2023-12-28 04:00:00.000";"6.37";"93.00";"0.00";"1.00";"0.0"
"2023-12-28 05:00:00.000";"6.10";"93.50";"0.00";"1.00";"0.0"
"2023-12-28 06:00:00.000";"6.12";"94.00";"0.00";"1.00";"0.0"
"2023-12-28 07:00:00.000";"6.10";"94.00";"0.00";"1.00";"0.0"
"2023-12-28 08:00:00.000";"5.28";"94.00";"0.00";"1.00";"0.0"
"2023-12-28 09:00:00.000";"7.37";"93.83";"0.00";"1.00";"0.0"
"2023-12-28 10:00:00.000";"13.25";"70.50";"0.00";"0.00";"0.0"
"2023-12-28 11:00:00.000";"16.93";"64.17";"0.00";"0.00";"0.0"
"2023-12-28 12:00:00.000";"16.97";"61.67";"0.00";"0.00";"0.0"
"2023-12-28 13:00:00.000";"16.90";"56.33";"0.33";"0.00";"0.0"
"2023-12-28 14:00:00.000";"17.47";"48.00";"0.63";"0.00";"0.0"
"2023-12-28 15:00:00.000";"17.68";"45.50";"1.13";"0.00";"0.0"
"2023-12-28 16:00:00.000";"17.62";"48.33";"0.93";"0.00";"0.0"
"2023-12-28 17:00:00.000";"16.93";"54.67";"0.27";"0.00";"0.0"
"2023-12-28 18:00:00.000";"12.65";"64.83";"0.00";"0.00";"0.0"
"2023-12-28 19:00:00.000";"8.93";"76.50";"0.00";"0.00";"0.0"
"2023-12-28 20:00:00.000";"7.97";"82.00";"0.00";"0.00";"0.0"
"2023-12-28 21:00:00.000";"6.80";"85.17";"0.00";"0.00";"0.0"
"2023-12-28 22:00:00.000";"6.13";"90.33";"0.00";"0.00";"0.0"
"2023-12-28 23:00:00.000";"6.52";"91.17";"0.00";"0.00";"0.0"
"2023-12-29 00:00:00.000";"7.08";"92.67";"0.00";"0.67";"0.0"
"2023-12-29 01:00:00.000";"7.85";"93.50";"0.00";"1.00";"0.0"
"2023-12-29 02:00:00.000";"8.07";"93.83";"0.00";"1.00";"0.3"
"2023-12-29 03:00:00.000";"7.20";"93.33";"0.00";"1.00";"0.0"
"2023-12-29 04:00:00.000";"6.43";"93.00";"0.00";"1.00";"0.0"
"2023-12-29 05:00:00.000";"6.48";"93.00";"0.00";"1.00";"0.0"
"2023-12-29 06:00:00.000";"6.62";"93.00";"0.00";"1.00";"0.0"
"2023-12-29 07:00:00.000";"8.18";"92.33";"0.00";"0.00";"0.0"
"2023-12-29 08:00:00.000";"9.53";"88.17";"0.80";"0.00";"0.0"
"2023-12-29 09:00:00.000";"10.37";"83.17";"0.40";"0.00";"0.0"
"2023-12-29 10:00:00.000";"13.68";"57.50";"0.08";"0.00";"0.0"
"2023-12-29 11:00:00.000";"15.03";"56.83";"0.72";"0.00";"0.0"
"2023-12-29 12:00:00.000";"15.83";"55.00";"1.25";"0.00";"0.0"
"2023-12-29 13:00:00.000";"16.25";"53.17";"2.10";"0.00";"0.0"
"2023-12-29 14:00:00.000";"15.77";"54.17";"2.05";"0.00";"0.0"
"2023-12-29 15:00:00.000";"15.03";"56.50";"2.48";"0.00";"0.0"
"2023-12-29 16:00:00.000";"14.32";"59.33";"1.28";"0.00";"0.0"
"2023-12-29 17:00:00.000";"13.35";"67.67";"0.50";"0.00";"0.0"
"2023-12-29 18:00:00.000";"11.20";"77.17";"0.00";"0.00";"0.0"
"2023-12-29 19:00:00.000";"10.75";"82.00";"0.00";"0.00";"0.0"
"2023-12-29 20:00:00.000";"11.17";"83.00";"0.00";"0.00";"0.0"
"2023-12-29 21:00:00.000";"11.45";"81.67";"0.00";"0.00";"0.0"
"2023-12-29 22:00:00.000";"11.50";"81.17";"0.00";"0.00";"0.0"
"2023-12-29 23:00:00.000";"12.28";"77.50";"0.00";"0.00";"0.0"
"2023-12-30 00:00:00.000";"12.00";"75.83";"0.13";"0.00";"0.0"
"2023-12-30 01:00:00.000";"11.72";"76.17";"0.00";"0.00";"0.0"
"2023-12-30 02:00:00.000";"12.25";"76.33";"0.02";"0.00";"0.0"
"2023-12-30 03:00:00.000";"12.02";"76.00";"0.00";"0.00";"0.0"
"2023-12-30 04:00:00.000";"11.53";"77.50";"0.00";"0.00";"0.0"
"2023-12-30 05:00:00.000";"11.42";"77.00";"0.00";"0.00";"0.0"
"2023-12-30 06:00:00.000";"11.22";"78.50";"0.00";"0.00";"0.0"
"2023-12-30 07:00:00.000";"11.10";"78.83";"0.00";"0.00";"0.0"
"2023-12-30 08:00:00.000";"10.98";"78.67";"0.00";"0.00";"0.0"
"2023-12-30 09:00:00.000";"11.30";"79.67";"0.00";"0.00";"0.0"
"2023-12-30 10:00:00.000";"12.75";"75.33";"0.00";"0.00";"0.0"
"2023-12-30 11:00:00.000";"13.73";"71.83";"0.00";"0.00";"0.0"
"2023-12-30 12:00:00.000";"14.50";"66.67";"0.03";"0.00";"0.0"
"2023-12-30 13:00:00.000";"14.77";"64.50";"0.05";"0.00";"0.0"
"2023-12-30 14:00:00.000";"15.17";"63.50";"0.00";"0.00";"0.0"
"2023-12-30 15:00:00.000";"15.62";"61.33";"0.35";"0.00";"0.0"
"2023-12-30 16:00:00.000";"15.40";"62.50";"0.87";"0.00";"0.0"
"2023-12-30 17:00:00.000";"14.63";"65.83";"0.23";"0.00";"0.0"
"2023-12-30 18:00:00.000";"12.28";"73.33";"0.00";"0.00";"0.0"
"2023-12-30 19:00:00.000";"10.00";"81.67";"0.00";"0.00";"0.0"
"2023-12-30 20:00:00.000";"9.00";"87.00";"0.00";"0.00";"0.0"
"2023-12-30 21:00:00.000";"9.57";"91.33";"0.00";"0.00";"0.0"
"2023-12-30 22:00:00.000";"9.93";"88.83";"0.00";"0.00";"0.0"
"2023-12-30 23:00:00.000";"10.27";"87.00";"0.00";"0.00";"0.0"
"2023-12-31 00:00:00.000";"10.75";"83.50";"0.00";"0.00";"0.0"
"2023-12-31 01:00:00.000";"10.97";"76.67";"0.00";"0.00";"0.0"
"2023-12-31 02:00:00.000";"10.82";"76.50";"0.00";"0.00";"0.0"
"2023-12-31 03:00:00.000";"10.80";"76.17";"0.00";"0.00";"0.0"
"2023-12-31 04:00:00.000";"10.95";"74.50";"0.00";"0.00";"0.0"
"2023-12-31 05:00:00.000";"11.07";"72.67";"0.00";"0.00";"0.0"
"2023-12-31 06:00:00.000";"10.70";"74.67";"0.00";"0.00";"0.0"
"2023-12-31 07:00:00.000";"10.77";"75.83";"0.00";"0.00";"0.0"
"2023-12-31 08:00:00.000";"10.97";"74.67";"0.00";"0.00";"0.0"
"2023-12-31 09:00:00.000";"11.12";"75.67";"0.00";"0.00";"0.0"
"2023-12-31 10:00:00.000";"13.13";"71.33";"0.00";"0.00";"0.0"
"2023-12-31 11:00:00.000";"14.45";"66.83";"0.00";"0.00";"0.0"
"2023-12-31 12:00:00.000";"15.30";"63.67";"0.00";"0.00";"0.0"
"2023-12-31 13:00:00.000";"15.42";"62.83";"0.50";"0.00";"0.0"
"2023-12-31 14:00:00.000";"15.43";"63.17";"0.75";"0.00";"0.0"
"2023-12-31 15:00:00.000";"15.33";"63.17";"0.65";"0.00";"0.0"
"2023-12-31 16:00:00.000";"14.70";"67.00";"1.38";"0.00";"0.0"
"2023-12-31 17:00:00.000";"13.75";"70.83";"0.08";"0.00";"0.0"
"2023-12-31 18:00:00.000";"11.87";"77.67";"0.00";"0.00";"0.0"
"2023-12-31 19:00:00.000";"10.97";"79.33";"0.00";"0.00";"0.0"
"2023-12-31 20:00:00.000";"9.68";"81.17";"0.00";"0.00";"0.0"
"2023-12-31 21:00:00.000";"8.43";"86.00";"0.00";"0.00";"0.0"
"2023-12-31 22:00:00.000";"8.75";"89.00";"0.00";"0.00";"0.0"
"2023-12-31 23:00:00.000";"8.72";"89.00";"0.00";"0.00";"0.0"